#
# There is insufficient memory for the Java Runtime Environment to continue.
# Native memory allocation (malloc) failed to allocate 1340016 bytes. Error detail: Chunk::new
# Possible reasons:
#   The system is out of physical RAM or swap space
#   This process is running with CompressedOops enabled, and the Java Heap may be blocking the growth of the native heap
# Possible solutions:
#   Reduce memory load on the system
#   Increase physical memory or swap space
#   Check if swap backing store is full
#   Decrease Java heap size (-Xmx/-Xms)
#   Decrease number of Java threads
#   Decrease Java thread stack sizes (-Xss)
#   Set larger code cache with -XX:ReservedCodeCacheSize=
#   JVM is running with Zero Based Compressed Oops mode in which the Java heap is
#     placed in the first 32GB address space. The Java Heap base address is the
#     maximum limit for the native heap growth. Please use -XX:HeapBaseMinAddress
#     to set the Java Heap base and to place the Java Heap above 32GB virtual address.
# This output file may be truncated or incomplete.
#
#  Out of Memory Error (arena.cpp:191), pid=38152, tid=52052
#
# JRE version: OpenJDK Runtime Environment Temurin-17.0.14+7 (17.0.14+7) (build 17.0.14+7)
# Java VM: OpenJDK 64-Bit Server VM Temurin-17.0.14+7 (17.0.14+7, mixed mode, sharing, tiered, compressed oops, compressed class ptrs, g1 gc, windows-amd64)
# No core dump will be written. Minidumps are not enabled by default on client versions of Windows
#

---------------  S U M M A R Y ------------

Command Line: --add-opens=java.base/java.util=ALL-UNNAMED --add-opens=java.base/java.lang=ALL-UNNAMED --add-opens=java.base/java.lang.invoke=ALL-UNNAMED --add-opens=java.prefs/java.util.prefs=ALL-UNNAMED --add-opens=java.base/java.nio.charset=ALL-UNNAMED --add-opens=java.base/java.net=ALL-UNNAMED --add-opens=java.base/java.util.concurrent.atomic=ALL-UNNAMED -Xmx3G -Dfile.encoding=UTF-8 -Duser.country=DE -Duser.language=de -Duser.variant -javaagent:C:\Users\paulm\.gradle\wrapper\dists\gradle-8.8-bin\dl7vupf4psengwqhwktix4v1\gradle-8.8\lib\agents\gradle-instrumentation-agent-8.8.jar org.gradle.launcher.daemon.bootstrap.GradleDaemon 8.8

Host: AMD Ryzen 9 7950X 16-Core Processor            , 32 cores, 63G,  Windows 11 , 64 bit Build 26100 (10.0.26100.3912)
Time: Wed Jun  4 18:18:04 2025 Mitteleuropäische Sommerzeit elapsed time: 243.328419 seconds (0d 0h 4m 3s)

---------------  T H R E A D  ---------------

Current thread (0x000001b80524ccc0):  JavaThread "C2 CompilerThread0" daemon [_thread_in_native, id=52052, stack(0x000000ab7e400000,0x000000ab7e500000)]


Current CompileTask:
C2: 243328 23216       4       org.gradle.internal.snapshot.AbstractIncompleteFileSystemNode::invalidate (65 bytes)

Stack: [0x000000ab7e400000,0x000000ab7e500000]
Native frames: (J=compiled Java code, j=interpreted, Vv=VM code, C=native code)
V  [jvm.dll+0x682eb9]
V  [jvm.dll+0x8399c8]
V  [jvm.dll+0x83b473]
V  [jvm.dll+0x83bae3]
V  [jvm.dll+0x24715f]
V  [jvm.dll+0xace44]
V  [jvm.dll+0xad4dc]
V  [jvm.dll+0x365b0f]
V  [jvm.dll+0x32fd58]
V  [jvm.dll+0x32f1da]
V  [jvm.dll+0x21814f]
V  [jvm.dll+0x21758f]
V  [jvm.dll+0x1a3150]
V  [jvm.dll+0x22799c]
V  [jvm.dll+0x225afb]
V  [jvm.dll+0x7ef128]
V  [jvm.dll+0x7e948c]
V  [jvm.dll+0x681d97]
C  [ucrtbase.dll+0x37b0]
C  [KERNEL32.DLL+0x2e8d7]
C  [ntdll.dll+0x9c5dc]


---------------  P R O C E S S  ---------------

Threads class SMR info:
_java_thread_list=0x000001b851231bc0, length=295, elements={
0x000001b86229bea0, 0x000001b805221c70, 0x000001b805222830, 0x000001b80523cd50,
0x000001b80523d910, 0x000001b80523f4e0, 0x000001b805241fb0, 0x000001b80524ccc0,
0x000001b805260c80, 0x000001b805261680, 0x000001b80520f0c0, 0x000001b8055b27d0,
0x000001b84b534ab0, 0x000001b84cd67460, 0x000001b84cb95460, 0x000001b84cd726e0,
0x000001b84cd79f20, 0x000001b84cd8b070, 0x000001b84cd8c4b0, 0x000001b84cd8c9c0,
0x000001b84cd89210, 0x000001b84cd8a650, 0x000001b84cd8b580, 0x000001b84cd89720,
0x000001b84cd8ba90, 0x000001b84cd8bfa0, 0x000001b84cd8a140, 0x000001b84d5b8450,
0x000001b84d5b9890, 0x000001b84d5bb1e0, 0x000001b84d5bacd0, 0x000001b84d5b9da0,
0x000001b84d5b7a30, 0x000001b84d5bb6f0, 0x000001b84d5b8e70, 0x000001b84d5be990,
0x000001b84d5beea0, 0x000001b84d5bd040, 0x000001b84d5bd550, 0x000001b84d5bdf70,
0x000001b84d5be480, 0x000001b850207d30, 0x000001b850209170, 0x000001b850207820,
0x000001b850208240, 0x000001b850205ed0, 0x000001b8502063e0, 0x000001b850207310,
0x000001b850209680, 0x000001b850209b90, 0x000001b85020a0a0, 0x000001b850208c60,
0x000001b850208750, 0x000001b8502068f0, 0x000001b85020a5b0, 0x000001b850206e00,
0x000001b85020afd0, 0x000001b85020b4e0, 0x000001b85020bf00, 0x000001b85020aac0,
0x000001b85020b9f0, 0x000001b85020c410, 0x000001b85020d850, 0x000001b85020c920,
0x000001b85020ce30, 0x000001b85020d340, 0x000001b84df2afa0, 0x000001b84df2bed0,
0x000001b84df2c3e0, 0x000001b84df2c8f0, 0x000001b84df2b4b0, 0x000001b84df2b9c0,
0x000001b84df2ce00, 0x000001b84df2a580, 0x000001b84df2a070, 0x000001b84df2d310,
0x000001b84df2dd30, 0x000001b84df2d820, 0x000001b84df2e240, 0x000001b84df2aa90,
0x000001b84df2fb90, 0x000001b84df30ac0, 0x000001b84df2f170, 0x000001b84df2f680,
0x000001b84df319f0, 0x000001b84df300a0, 0x000001b84df305b0, 0x000001b84df30fd0,
0x000001b84df314e0, 0x000001b84df2e750, 0x000001b84df2ec60, 0x000001b850528740,
0x000001b85052a5a0, 0x000001b850529160, 0x000001b850529b80, 0x000001b85052afc0,
0x000001b850528230, 0x000001b850527d20, 0x000001b850527810, 0x000001b85052c400,
0x000001b85052a090, 0x000001b85052bef0, 0x000001b850528c50, 0x000001b850529670,
0x000001b85052d330, 0x000001b85052dd50, 0x000001b85052b4d0, 0x000001b85052b9e0,
0x000001b85052c910, 0x000001b85052e260, 0x000001b85052ce20, 0x000001b85052aab0,
0x000001b85052f190, 0x000001b85052d840, 0x000001b85052e770, 0x000001b85052ec80,
0x000001b850531170, 0x000001b850530c60, 0x000001b850531680, 0x000001b8505325b0,
0x000001b850531b90, 0x000001b850530750, 0x000001b85052f820, 0x000001b8505320a0,
0x000001b850532ac0, 0x000001b850532fd0, 0x000001b8505334e0, 0x000001b85052fd30,
0x000001b8505339f0, 0x000001b850530240, 0x000001b850535340, 0x000001b850535850,
0x000001b850534e30, 0x000001b850533f00, 0x000001b850534410, 0x000001b850535d60,
0x000001b8505371a0, 0x000001b850536270, 0x000001b850536780, 0x000001b850536c90,
0x000001b850534920, 0x000001b850879f70, 0x000001b85087aea0, 0x000001b85087b3b0,
0x000001b85087bdd0, 0x000001b850879550, 0x000001b850879a60, 0x000001b85087a480,
0x000001b85087c7f0, 0x000001b850878620, 0x000001b85087c2e0, 0x000001b85087e650,
0x000001b85087e140, 0x000001b85087d210, 0x000001b85087cd00, 0x000001b85087eb60,
0x000001b85087f580, 0x000001b85087d720, 0x000001b85087dc30, 0x000001b85087f070,
0x000001b85087fa90, 0x000001b8056f5070, 0x000001b8056f5580, 0x000001b8056f5a90,
0x000001b8056f69c0, 0x000001b8056f4650, 0x000001b8056f4b60, 0x000001b8056f3c30,
0x000001b8056f64b0, 0x000001b8056f5fa0, 0x000001b8056f6ed0, 0x000001b8056f78f0,
0x000001b8056f73e0, 0x000001b8056f4140, 0x000001b8056f8d30, 0x000001b8056fb5b0,
0x000001b8056fab90, 0x000001b8056fb0a0, 0x000001b8056f7e00, 0x000001b8056f9240,
0x000001b8056f9750, 0x000001b8056fa680, 0x000001b8056f9c60, 0x000001b8056fa170,
0x000001b8056f8310, 0x000001b853ebb260, 0x000001b853ebd5d0, 0x000001b853ebe500,
0x000001b853ebb770, 0x000001b853ebbc80, 0x000001b853ebad50, 0x000001b853ebc190,
0x000001b853ebcbb0, 0x000001b853ebdff0, 0x000001b853ebc6a0, 0x000001b853ebd0c0,
0x000001b853ebdae0, 0x000001b85175e620, 0x000001b85175f040, 0x000001b85175fa60,
0x000001b851760480, 0x000001b85175eb30, 0x000001b85175ff70, 0x000001b85175dc00,
0x000001b85175f550, 0x000001b85175ccd0, 0x000001b851760990, 0x000001b85175d1e0,
0x000001b851760ea0, 0x000001b85175d6f0, 0x000001b851761dd0, 0x000001b851763210,
0x000001b8517622e0, 0x000001b8517627f0, 0x000001b851764650, 0x000001b851763c30,
0x000001b851763720, 0x000001b851764140, 0x000001b84cd89c30, 0x000001b84d5ba2b0,
0x000001b84dd8bf20, 0x000001b84dd89bb0, 0x000001b84dd8c430, 0x000001b84dd8a5d0,
0x000001b84dd8aae0, 0x000001b84dd8c940, 0x000001b84dd8d360, 0x000001b84dd8ce50,
0x000001b84dd8d870, 0x000001b84dd8a0c0, 0x000001b84dd8b500, 0x000001b84dd8dd80,
0x000001b84dd8ba10, 0x000001b84dd8aff0, 0x000001b84dd8e290, 0x000001b84dd8ecb0,
0x000001b84dd8f1c0, 0x000001b84dd8e7a0, 0x000001b84dd900f0, 0x000001b84dd90600,
0x000001b84dd90b10, 0x000001b84dd92460, 0x000001b84dd91020, 0x000001b84dd95700,
0x000001b84dd993c0, 0x000001b84d5bcb30, 0x000001b850878110, 0x000001b854c5b460,
0x000001b854c5a020, 0x000001b854c5a530, 0x000001b854c5aa40, 0x000001b852289ff0,
0x000001b8524a75c0, 0x000001b8524a6ba0, 0x000001b8524a70b0, 0x000001b8521cbdb0,
0x000001b8521c8600, 0x000001b8521c8b10, 0x000001b8521c9530, 0x000001b8521cae80,
0x000001b8521c9020, 0x000001b8521ca460, 0x000001b8521c9a40, 0x000001b8521c9f50,
0x000001b8521ca970, 0x000001b8521cb8a0, 0x000001b8521cb390, 0x000001b84effa450,
0x000001b84effae70, 0x000001b84eff9a30, 0x000001b84eff9010, 0x000001b84eff9520,
0x000001b84eff80e0, 0x000001b84eff9f40, 0x000001b84eff85f0, 0x000001b84eff8b00,
0x000001b84effa960, 0x000001b84eff76c0, 0x000001b85168c040, 0x000001b85168ca60,
0x000001b84daf06c0, 0x000001b84daf0bd0, 0x000001b854c5c8a0, 0x000001b84d7f7230,
0x000001b84d7f6d20, 0x000001b853bdbb00, 0x000001b853bdc010, 0x000001b853bdc520,
0x000001b853bdca30, 0x000001b853bdb0e0, 0x000001b853bdb5f0, 0x000001b85da37220,
0x000001b85da38150, 0x000001b85da39fb0, 0x000001b85da37730
}

Java Threads: ( => current thread )
  0x000001b86229bea0 JavaThread "main" [_thread_blocked, id=29972, stack(0x000000ab7d700000,0x000000ab7d800000)]
  0x000001b805221c70 JavaThread "Reference Handler" daemon [_thread_blocked, id=58336, stack(0x000000ab7de00000,0x000000ab7df00000)]
  0x000001b805222830 JavaThread "Finalizer" daemon [_thread_blocked, id=30056, stack(0x000000ab7df00000,0x000000ab7e000000)]
  0x000001b80523cd50 JavaThread "Signal Dispatcher" daemon [_thread_blocked, id=66804, stack(0x000000ab7e000000,0x000000ab7e100000)]
  0x000001b80523d910 JavaThread "Attach Listener" daemon [_thread_blocked, id=66144, stack(0x000000ab7e100000,0x000000ab7e200000)]
  0x000001b80523f4e0 JavaThread "Service Thread" daemon [_thread_blocked, id=47420, stack(0x000000ab7e200000,0x000000ab7e300000)]
  0x000001b805241fb0 JavaThread "Monitor Deflation Thread" daemon [_thread_blocked, id=44100, stack(0x000000ab7e300000,0x000000ab7e400000)]
=>0x000001b80524ccc0 JavaThread "C2 CompilerThread0" daemon [_thread_in_native, id=52052, stack(0x000000ab7e400000,0x000000ab7e500000)]
  0x000001b805260c80 JavaThread "C1 CompilerThread0" daemon [_thread_blocked, id=17648, stack(0x000000ab7e500000,0x000000ab7e600000)]
  0x000001b805261680 JavaThread "Sweeper thread" daemon [_thread_blocked, id=28452, stack(0x000000ab7e600000,0x000000ab7e700000)]
  0x000001b80520f0c0 JavaThread "Common-Cleaner" daemon [_thread_blocked, id=27160, stack(0x000000ab7e800000,0x000000ab7e900000)]
  0x000001b8055b27d0 JavaThread "Notification Thread" daemon [_thread_blocked, id=12068, stack(0x000000ab7eb00000,0x000000ab7ec00000)]
  0x000001b84b534ab0 JavaThread "Daemon health stats" [_thread_blocked, id=40012, stack(0x000000ab00700000,0x000000ab00800000)]
  0x000001b84cd67460 JavaThread "Incoming local TCP Connector on port 57985" [_thread_in_native, id=13828, stack(0x000000ab00800000,0x000000ab00900000)]
  0x000001b84cb95460 JavaThread "Daemon periodic checks" [_thread_blocked, id=83892, stack(0x000000ab00900000,0x000000ab00a00000)]
  0x000001b84cd726e0 JavaThread "Daemon" [_thread_blocked, id=13460, stack(0x000000ab00a00000,0x000000ab00b00000)]
  0x000001b84cd79f20 JavaThread "Handler for socket connection from /127.0.0.1:57985 to /127.0.0.1:57986" [_thread_in_native, id=32656, stack(0x000000ab00b00000,0x000000ab00c00000)]
  0x000001b84cd8b070 JavaThread "Cancel handler" [_thread_blocked, id=19000, stack(0x000000ab00c00000,0x000000ab00d00000)]
  0x000001b84cd8c4b0 JavaThread "Daemon worker" [_thread_blocked, id=62436, stack(0x000000ab00d00000,0x000000ab00e00000)]
  0x000001b84cd8c9c0 JavaThread "Asynchronous log dispatcher for DefaultDaemonConnection: socket connection from /127.0.0.1:57985 to /127.0.0.1:57986" [_thread_blocked, id=60576, stack(0x000000ab00e00000,0x000000ab00f00000)]
  0x000001b84cd89210 JavaThread "Stdin handler" [_thread_blocked, id=37900, stack(0x000000ab00f00000,0x000000ab01000000)]
  0x000001b84cd8a650 JavaThread "Daemon client event forwarder" [_thread_blocked, id=39088, stack(0x000000ab01000000,0x000000ab01100000)]
  0x000001b84cd8b580 JavaThread "Cache worker for journal cache (C:\Users\paulm\.gradle\caches\journal-1)" [_thread_blocked, id=83888, stack(0x000000ab01100000,0x000000ab01200000)]
  0x000001b84cd89720 JavaThread "File lock request listener" [_thread_in_native, id=10580, stack(0x000000ab01200000,0x000000ab01300000)]
  0x000001b84cd8ba90 JavaThread "Cache worker for file hash cache (C:\Users\paulm\.gradle\caches\8.8\fileHashes)" [_thread_blocked, id=81676, stack(0x000000ab01300000,0x000000ab01400000)]
  0x000001b84cd8bfa0 JavaThread "Cache worker for file hash cache (C:\Users\paulm\Desktop\MinecolonyTaxAddon - Kopie\.gradle\8.8\fileHashes)" [_thread_blocked, id=36324, stack(0x000000ab01400000,0x000000ab01500000)]
  0x000001b84cd8a140 JavaThread "File watcher server" daemon [_thread_in_native, id=37032, stack(0x000000ab01500000,0x000000ab01600000)]
  0x000001b84d5b8450 JavaThread "File watcher consumer" daemon [_thread_blocked, id=43732, stack(0x000000ab01600000,0x000000ab01700000)]
  0x000001b84d5b9890 JavaThread "Cache worker for checksums cache (C:\Users\paulm\Desktop\MinecolonyTaxAddon - Kopie\.gradle\8.8\checksums)" [_thread_blocked, id=824, stack(0x000000ab01c00000,0x000000ab01d00000)]
  0x000001b84d5bb1e0 JavaThread "Cache worker for file content cache (C:\Users\paulm\.gradle\caches\8.8\fileContent)" [_thread_blocked, id=54916, stack(0x000000ab01d00000,0x000000ab01e00000)]
  0x000001b84d5bacd0 JavaThread "Cache worker for cache directory md-rule (C:\Users\paulm\.gradle\caches\8.8\md-rule)" [_thread_blocked, id=5112, stack(0x000000ab01e00000,0x000000ab01f00000)]
  0x000001b84d5b9da0 JavaThread "Cache worker for cache directory md-supplier (C:\Users\paulm\.gradle\caches\8.8\md-supplier)" [_thread_blocked, id=76268, stack(0x000000ab01f00000,0x000000ab02000000)]
  0x000001b84d5b7a30 JavaThread "jar transforms" [_thread_blocked, id=37028, stack(0x000000ab02000000,0x000000ab02100000)]
  0x000001b84d5bb6f0 JavaThread "jar transforms Thread 2" [_thread_blocked, id=21608, stack(0x000000ab02100000,0x000000ab02200000)]
  0x000001b84d5b8e70 JavaThread "jar transforms Thread 3" [_thread_blocked, id=22336, stack(0x000000ab02500000,0x000000ab02600000)]
  0x000001b84d5be990 JavaThread "Unconstrained build operations" [_thread_blocked, id=62696, stack(0x000000ab02600000,0x000000ab02700000)]
  0x000001b84d5beea0 JavaThread "Unconstrained build operations Thread 2" [_thread_blocked, id=27216, stack(0x000000ab02700000,0x000000ab02800000)]
  0x000001b84d5bd040 JavaThread "jar transforms Thread 4" [_thread_blocked, id=59748, stack(0x000000ab02800000,0x000000ab02900000)]
  0x000001b84d5bd550 JavaThread "jar transforms Thread 5" [_thread_blocked, id=37000, stack(0x000000ab02900000,0x000000ab02a00000)]
  0x000001b84d5bdf70 JavaThread "Unconstrained build operations Thread 3" [_thread_blocked, id=39520, stack(0x000000ab02a00000,0x000000ab02b00000)]
  0x000001b84d5be480 JavaThread "Unconstrained build operations Thread 4" [_thread_blocked, id=13912, stack(0x000000ab02b00000,0x000000ab02c00000)]
  0x000001b850207d30 JavaThread "Unconstrained build operations Thread 5" [_thread_blocked, id=71920, stack(0x000000ab02c00000,0x000000ab02d00000)]
  0x000001b850209170 JavaThread "Unconstrained build operations Thread 6" [_thread_blocked, id=70896, stack(0x000000ab02d00000,0x000000ab02e00000)]
  0x000001b850207820 JavaThread "Unconstrained build operations Thread 7" [_thread_blocked, id=80680, stack(0x000000ab02e00000,0x000000ab02f00000)]
  0x000001b850208240 JavaThread "Unconstrained build operations Thread 8" [_thread_blocked, id=35308, stack(0x000000ab02f00000,0x000000ab03000000)]
  0x000001b850205ed0 JavaThread "jar transforms Thread 6" [_thread_blocked, id=19312, stack(0x000000ab03000000,0x000000ab03100000)]
  0x000001b8502063e0 JavaThread "Cache worker for Build Output Cleanup Cache (C:\Users\paulm\Desktop\MinecolonyTaxAddon - Kopie\.gradle\buildOutputCleanup)" [_thread_blocked, id=49204, stack(0x000000ab03100000,0x000000ab03200000)]
  0x000001b850207310 JavaThread "jar transforms Thread 7" [_thread_blocked, id=28104, stack(0x000000ab03200000,0x000000ab03300000)]
  0x000001b850209680 JavaThread "Unconstrained build operations Thread 9" [_thread_blocked, id=58304, stack(0x000000ab03300000,0x000000ab03400000)]
  0x000001b850209b90 JavaThread "Unconstrained build operations Thread 10" [_thread_blocked, id=48840, stack(0x000000ab03400000,0x000000ab03500000)]
  0x000001b85020a0a0 JavaThread "Unconstrained build operations Thread 11" [_thread_blocked, id=58120, stack(0x000000ab03500000,0x000000ab03600000)]
  0x000001b850208c60 JavaThread "Unconstrained build operations Thread 12" [_thread_blocked, id=50240, stack(0x000000ab03600000,0x000000ab03700000)]
  0x000001b850208750 JavaThread "Unconstrained build operations Thread 13" [_thread_blocked, id=29116, stack(0x000000ab03700000,0x000000ab03800000)]
  0x000001b8502068f0 JavaThread "Unconstrained build operations Thread 14" [_thread_blocked, id=73984, stack(0x000000ab03800000,0x000000ab03900000)]
  0x000001b85020a5b0 JavaThread "Unconstrained build operations Thread 15" [_thread_blocked, id=40656, stack(0x000000ab03900000,0x000000ab03a00000)]
  0x000001b850206e00 JavaThread "Unconstrained build operations Thread 16" [_thread_blocked, id=52176, stack(0x000000ab03a00000,0x000000ab03b00000)]
  0x000001b85020afd0 JavaThread "Unconstrained build operations Thread 17" [_thread_blocked, id=51252, stack(0x000000ab03b00000,0x000000ab03c00000)]
  0x000001b85020b4e0 JavaThread "Unconstrained build operations Thread 18" [_thread_blocked, id=67680, stack(0x000000ab03c00000,0x000000ab03d00000)]
  0x000001b85020bf00 JavaThread "Unconstrained build operations Thread 19" [_thread_blocked, id=42156, stack(0x000000ab03d00000,0x000000ab03e00000)]
  0x000001b85020aac0 JavaThread "Unconstrained build operations Thread 20" [_thread_blocked, id=77284, stack(0x000000ab03e00000,0x000000ab03f00000)]
  0x000001b85020b9f0 JavaThread "Unconstrained build operations Thread 21" [_thread_blocked, id=69992, stack(0x000000ab03f00000,0x000000ab04000000)]
  0x000001b85020c410 JavaThread "Unconstrained build operations Thread 22" [_thread_blocked, id=36876, stack(0x000000ab04000000,0x000000ab04100000)]
  0x000001b85020d850 JavaThread "Unconstrained build operations Thread 23" [_thread_blocked, id=82488, stack(0x000000ab04100000,0x000000ab04200000)]
  0x000001b85020c920 JavaThread "Unconstrained build operations Thread 24" [_thread_blocked, id=38404, stack(0x000000ab04200000,0x000000ab04300000)]
  0x000001b85020ce30 JavaThread "Unconstrained build operations Thread 25" [_thread_blocked, id=75384, stack(0x000000ab04300000,0x000000ab04400000)]
  0x000001b85020d340 JavaThread "Unconstrained build operations Thread 26" [_thread_blocked, id=56472, stack(0x000000ab04400000,0x000000ab04500000)]
  0x000001b84df2afa0 JavaThread "Unconstrained build operations Thread 27" [_thread_blocked, id=21984, stack(0x000000ab04500000,0x000000ab04600000)]
  0x000001b84df2bed0 JavaThread "Unconstrained build operations Thread 28" [_thread_blocked, id=63028, stack(0x000000ab04600000,0x000000ab04700000)]
  0x000001b84df2c3e0 JavaThread "Unconstrained build operations Thread 29" [_thread_blocked, id=25224, stack(0x000000ab04700000,0x000000ab04800000)]
  0x000001b84df2c8f0 JavaThread "Unconstrained build operations Thread 30" [_thread_blocked, id=52268, stack(0x000000ab04800000,0x000000ab04900000)]
  0x000001b84df2b4b0 JavaThread "Unconstrained build operations Thread 31" [_thread_blocked, id=52064, stack(0x000000ab04900000,0x000000ab04a00000)]
  0x000001b84df2b9c0 JavaThread "Unconstrained build operations Thread 32" [_thread_blocked, id=69876, stack(0x000000ab04a00000,0x000000ab04b00000)]
  0x000001b84df2ce00 JavaThread "Unconstrained build operations Thread 33" [_thread_blocked, id=27364, stack(0x000000ab04b00000,0x000000ab04c00000)]
  0x000001b84df2a580 JavaThread "Unconstrained build operations Thread 34" [_thread_blocked, id=42768, stack(0x000000ab04c00000,0x000000ab04d00000)]
  0x000001b84df2a070 JavaThread "Unconstrained build operations Thread 35" [_thread_blocked, id=82956, stack(0x000000ab04d00000,0x000000ab04e00000)]
  0x000001b84df2d310 JavaThread "Unconstrained build operations Thread 36" [_thread_blocked, id=56668, stack(0x000000ab04e00000,0x000000ab04f00000)]
  0x000001b84df2dd30 JavaThread "Unconstrained build operations Thread 37" [_thread_blocked, id=45916, stack(0x000000ab04f00000,0x000000ab05000000)]
  0x000001b84df2d820 JavaThread "Unconstrained build operations Thread 38" [_thread_blocked, id=72668, stack(0x000000ab05000000,0x000000ab05100000)]
  0x000001b84df2e240 JavaThread "Unconstrained build operations Thread 39" [_thread_blocked, id=16224, stack(0x000000ab05100000,0x000000ab05200000)]
  0x000001b84df2aa90 JavaThread "Unconstrained build operations Thread 40" [_thread_blocked, id=20968, stack(0x000000ab05200000,0x000000ab05300000)]
  0x000001b84df2fb90 JavaThread "Unconstrained build operations Thread 41" [_thread_blocked, id=61308, stack(0x000000ab05300000,0x000000ab05400000)]
  0x000001b84df30ac0 JavaThread "Unconstrained build operations Thread 42" [_thread_blocked, id=66428, stack(0x000000ab05400000,0x000000ab05500000)]
  0x000001b84df2f170 JavaThread "Unconstrained build operations Thread 43" [_thread_blocked, id=57348, stack(0x000000ab05500000,0x000000ab05600000)]
  0x000001b84df2f680 JavaThread "Unconstrained build operations Thread 44" [_thread_blocked, id=84676, stack(0x000000ab05600000,0x000000ab05700000)]
  0x000001b84df319f0 JavaThread "Unconstrained build operations Thread 45" [_thread_blocked, id=49024, stack(0x000000ab05700000,0x000000ab05800000)]
  0x000001b84df300a0 JavaThread "Unconstrained build operations Thread 46" [_thread_blocked, id=82516, stack(0x000000ab05800000,0x000000ab05900000)]
  0x000001b84df305b0 JavaThread "Unconstrained build operations Thread 47" [_thread_blocked, id=80404, stack(0x000000ab05900000,0x000000ab05a00000)]
  0x000001b84df30fd0 JavaThread "Unconstrained build operations Thread 48" [_thread_blocked, id=82400, stack(0x000000ab05a00000,0x000000ab05b00000)]
  0x000001b84df314e0 JavaThread "Unconstrained build operations Thread 49" [_thread_blocked, id=68328, stack(0x000000ab05b00000,0x000000ab05c00000)]
  0x000001b84df2e750 JavaThread "Unconstrained build operations Thread 50" [_thread_blocked, id=60808, stack(0x000000ab05c00000,0x000000ab05d00000)]
  0x000001b84df2ec60 JavaThread "Unconstrained build operations Thread 51" [_thread_blocked, id=3500, stack(0x000000ab05d00000,0x000000ab05e00000)]
  0x000001b850528740 JavaThread "Unconstrained build operations Thread 52" [_thread_blocked, id=16140, stack(0x000000ab05e00000,0x000000ab05f00000)]
  0x000001b85052a5a0 JavaThread "Unconstrained build operations Thread 53" [_thread_blocked, id=67156, stack(0x000000ab05f00000,0x000000ab06000000)]
  0x000001b850529160 JavaThread "Unconstrained build operations Thread 54" [_thread_blocked, id=28076, stack(0x000000ab06000000,0x000000ab06100000)]
  0x000001b850529b80 JavaThread "Unconstrained build operations Thread 55" [_thread_blocked, id=72560, stack(0x000000ab06100000,0x000000ab06200000)]
  0x000001b85052afc0 JavaThread "Unconstrained build operations Thread 56" [_thread_blocked, id=6532, stack(0x000000ab06200000,0x000000ab06300000)]
  0x000001b850528230 JavaThread "Unconstrained build operations Thread 57" [_thread_blocked, id=29452, stack(0x000000ab06300000,0x000000ab06400000)]
  0x000001b850527d20 JavaThread "Unconstrained build operations Thread 58" [_thread_blocked, id=22220, stack(0x000000ab06400000,0x000000ab06500000)]
  0x000001b850527810 JavaThread "Unconstrained build operations Thread 59" [_thread_blocked, id=12052, stack(0x000000ab06500000,0x000000ab06600000)]
  0x000001b85052c400 JavaThread "Unconstrained build operations Thread 60" [_thread_blocked, id=21836, stack(0x000000ab06600000,0x000000ab06700000)]
  0x000001b85052a090 JavaThread "Unconstrained build operations Thread 61" [_thread_blocked, id=14860, stack(0x000000ab06700000,0x000000ab06800000)]
  0x000001b85052bef0 JavaThread "Unconstrained build operations Thread 62" [_thread_blocked, id=28064, stack(0x000000ab06800000,0x000000ab06900000)]
  0x000001b850528c50 JavaThread "Unconstrained build operations Thread 63" [_thread_blocked, id=83096, stack(0x000000ab06900000,0x000000ab06a00000)]
  0x000001b850529670 JavaThread "Unconstrained build operations Thread 64" [_thread_blocked, id=52048, stack(0x000000ab06a00000,0x000000ab06b00000)]
  0x000001b85052d330 JavaThread "Unconstrained build operations Thread 65" [_thread_blocked, id=47788, stack(0x000000ab06b00000,0x000000ab06c00000)]
  0x000001b85052dd50 JavaThread "Unconstrained build operations Thread 66" [_thread_blocked, id=73800, stack(0x000000ab06c00000,0x000000ab06d00000)]
  0x000001b85052b4d0 JavaThread "Unconstrained build operations Thread 67" [_thread_blocked, id=39340, stack(0x000000ab06d00000,0x000000ab06e00000)]
  0x000001b85052b9e0 JavaThread "Unconstrained build operations Thread 68" [_thread_blocked, id=25108, stack(0x000000ab06e00000,0x000000ab06f00000)]
  0x000001b85052c910 JavaThread "Unconstrained build operations Thread 69" [_thread_blocked, id=39112, stack(0x000000ab06f00000,0x000000ab07000000)]
  0x000001b85052e260 JavaThread "Unconstrained build operations Thread 70" [_thread_blocked, id=80808, stack(0x000000ab07000000,0x000000ab07100000)]
  0x000001b85052ce20 JavaThread "Unconstrained build operations Thread 71" [_thread_blocked, id=38520, stack(0x000000ab07100000,0x000000ab07200000)]
  0x000001b85052aab0 JavaThread "Unconstrained build operations Thread 72" [_thread_blocked, id=50048, stack(0x000000ab07200000,0x000000ab07300000)]
  0x000001b85052f190 JavaThread "Unconstrained build operations Thread 73" [_thread_blocked, id=46744, stack(0x000000ab07300000,0x000000ab07400000)]
  0x000001b85052d840 JavaThread "Unconstrained build operations Thread 74" [_thread_blocked, id=77404, stack(0x000000ab07400000,0x000000ab07500000)]
  0x000001b85052e770 JavaThread "Unconstrained build operations Thread 75" [_thread_blocked, id=51592, stack(0x000000ab07500000,0x000000ab07600000)]
  0x000001b85052ec80 JavaThread "Unconstrained build operations Thread 76" [_thread_blocked, id=18064, stack(0x000000ab07600000,0x000000ab07700000)]
  0x000001b850531170 JavaThread "Unconstrained build operations Thread 77" [_thread_blocked, id=84300, stack(0x000000ab07700000,0x000000ab07800000)]
  0x000001b850530c60 JavaThread "Unconstrained build operations Thread 78" [_thread_blocked, id=16676, stack(0x000000ab07800000,0x000000ab07900000)]
  0x000001b850531680 JavaThread "Unconstrained build operations Thread 79" [_thread_blocked, id=51844, stack(0x000000ab07900000,0x000000ab07a00000)]
  0x000001b8505325b0 JavaThread "Unconstrained build operations Thread 80" [_thread_blocked, id=47800, stack(0x000000ab07a00000,0x000000ab07b00000)]
  0x000001b850531b90 JavaThread "Unconstrained build operations Thread 81" [_thread_blocked, id=38792, stack(0x000000ab07b00000,0x000000ab07c00000)]
  0x000001b850530750 JavaThread "Unconstrained build operations Thread 82" [_thread_blocked, id=37132, stack(0x000000ab07c00000,0x000000ab07d00000)]
  0x000001b85052f820 JavaThread "Unconstrained build operations Thread 83" [_thread_blocked, id=76848, stack(0x000000ab07d00000,0x000000ab07e00000)]
  0x000001b8505320a0 JavaThread "Unconstrained build operations Thread 84" [_thread_blocked, id=69984, stack(0x000000ab07e00000,0x000000ab07f00000)]
  0x000001b850532ac0 JavaThread "Unconstrained build operations Thread 85" [_thread_blocked, id=28128, stack(0x000000ab07f00000,0x000000ab08000000)]
  0x000001b850532fd0 JavaThread "Unconstrained build operations Thread 86" [_thread_blocked, id=64800, stack(0x000000ab08000000,0x000000ab08100000)]
  0x000001b8505334e0 JavaThread "Unconstrained build operations Thread 87" [_thread_blocked, id=41748, stack(0x000000ab08100000,0x000000ab08200000)]
  0x000001b85052fd30 JavaThread "Unconstrained build operations Thread 88" [_thread_blocked, id=69148, stack(0x000000ab08200000,0x000000ab08300000)]
  0x000001b8505339f0 JavaThread "Unconstrained build operations Thread 89" [_thread_blocked, id=59048, stack(0x000000ab08300000,0x000000ab08400000)]
  0x000001b850530240 JavaThread "Unconstrained build operations Thread 90" [_thread_blocked, id=17816, stack(0x000000ab08400000,0x000000ab08500000)]
  0x000001b850535340 JavaThread "Unconstrained build operations Thread 91" [_thread_blocked, id=64108, stack(0x000000ab08500000,0x000000ab08600000)]
  0x000001b850535850 JavaThread "Unconstrained build operations Thread 92" [_thread_blocked, id=22688, stack(0x000000ab08600000,0x000000ab08700000)]
  0x000001b850534e30 JavaThread "Unconstrained build operations Thread 93" [_thread_blocked, id=56432, stack(0x000000ab08700000,0x000000ab08800000)]
  0x000001b850533f00 JavaThread "Unconstrained build operations Thread 94" [_thread_blocked, id=28072, stack(0x000000ab08800000,0x000000ab08900000)]
  0x000001b850534410 JavaThread "Unconstrained build operations Thread 95" [_thread_blocked, id=78156, stack(0x000000ab08900000,0x000000ab08a00000)]
  0x000001b850535d60 JavaThread "Unconstrained build operations Thread 96" [_thread_blocked, id=81536, stack(0x000000ab08a00000,0x000000ab08b00000)]
  0x000001b8505371a0 JavaThread "Unconstrained build operations Thread 97" [_thread_blocked, id=82140, stack(0x000000ab08b00000,0x000000ab08c00000)]
  0x000001b850536270 JavaThread "Unconstrained build operations Thread 98" [_thread_blocked, id=13864, stack(0x000000ab08c00000,0x000000ab08d00000)]
  0x000001b850536780 JavaThread "Unconstrained build operations Thread 99" [_thread_blocked, id=64456, stack(0x000000ab08d00000,0x000000ab08e00000)]
  0x000001b850536c90 JavaThread "Unconstrained build operations Thread 100" [_thread_blocked, id=37528, stack(0x000000ab08e00000,0x000000ab08f00000)]
  0x000001b850534920 JavaThread "Unconstrained build operations Thread 101" [_thread_blocked, id=15232, stack(0x000000ab08f00000,0x000000ab09000000)]
  0x000001b850879f70 JavaThread "Memory manager" [_thread_blocked, id=65060, stack(0x000000ab02400000,0x000000ab02500000)]
  0x000001b85087aea0 JavaThread "jar transforms Thread 8" [_thread_blocked, id=14056, stack(0x000000ab09200000,0x000000ab09300000)]
  0x000001b85087b3b0 JavaThread "Unconstrained build operations Thread 102" [_thread_blocked, id=21892, stack(0x000000ab09600000,0x000000ab09700000)]
  0x000001b85087bdd0 JavaThread "Unconstrained build operations Thread 103" [_thread_blocked, id=71964, stack(0x000000ab09700000,0x000000ab09800000)]
  0x000001b850879550 JavaThread "Unconstrained build operations Thread 104" [_thread_blocked, id=81636, stack(0x000000ab09800000,0x000000ab09900000)]
  0x000001b850879a60 JavaThread "Unconstrained build operations Thread 105" [_thread_blocked, id=54688, stack(0x000000ab09900000,0x000000ab09a00000)]
  0x000001b85087a480 JavaThread "Unconstrained build operations Thread 106" [_thread_blocked, id=67464, stack(0x000000ab09a00000,0x000000ab09b00000)]
  0x000001b85087c7f0 JavaThread "Unconstrained build operations Thread 107" [_thread_blocked, id=65444, stack(0x000000ab09b00000,0x000000ab09c00000)]
  0x000001b850878620 JavaThread "Unconstrained build operations Thread 108" [_thread_blocked, id=27652, stack(0x000000ab09c00000,0x000000ab09d00000)]
  0x000001b85087c2e0 JavaThread "Unconstrained build operations Thread 109" [_thread_blocked, id=58028, stack(0x000000ab09d00000,0x000000ab09e00000)]
  0x000001b85087e650 JavaThread "Unconstrained build operations Thread 110" [_thread_blocked, id=71564, stack(0x000000ab09e00000,0x000000ab09f00000)]
  0x000001b85087e140 JavaThread "Unconstrained build operations Thread 111" [_thread_blocked, id=49984, stack(0x000000ab09f00000,0x000000ab0a000000)]
  0x000001b85087d210 JavaThread "Unconstrained build operations Thread 112" [_thread_blocked, id=77432, stack(0x000000ab0a000000,0x000000ab0a100000)]
  0x000001b85087cd00 JavaThread "Unconstrained build operations Thread 113" [_thread_blocked, id=67040, stack(0x000000ab0a100000,0x000000ab0a200000)]
  0x000001b85087eb60 JavaThread "Unconstrained build operations Thread 114" [_thread_blocked, id=28024, stack(0x000000ab0a200000,0x000000ab0a300000)]
  0x000001b85087f580 JavaThread "Unconstrained build operations Thread 115" [_thread_blocked, id=6176, stack(0x000000ab0a300000,0x000000ab0a400000)]
  0x000001b85087d720 JavaThread "Unconstrained build operations Thread 116" [_thread_blocked, id=5688, stack(0x000000ab0a400000,0x000000ab0a500000)]
  0x000001b85087dc30 JavaThread "Unconstrained build operations Thread 117" [_thread_blocked, id=53700, stack(0x000000ab0a500000,0x000000ab0a600000)]
  0x000001b85087f070 JavaThread "Unconstrained build operations Thread 118" [_thread_blocked, id=3688, stack(0x000000ab0a600000,0x000000ab0a700000)]
  0x000001b85087fa90 JavaThread "Unconstrained build operations Thread 119" [_thread_blocked, id=57408, stack(0x000000ab0a700000,0x000000ab0a800000)]
  0x000001b8056f5070 JavaThread "Unconstrained build operations Thread 120" [_thread_blocked, id=59692, stack(0x000000ab0a800000,0x000000ab0a900000)]
  0x000001b8056f5580 JavaThread "Unconstrained build operations Thread 121" [_thread_blocked, id=80476, stack(0x000000ab0a900000,0x000000ab0aa00000)]
  0x000001b8056f5a90 JavaThread "Unconstrained build operations Thread 122" [_thread_blocked, id=58168, stack(0x000000ab0aa00000,0x000000ab0ab00000)]
  0x000001b8056f69c0 JavaThread "Unconstrained build operations Thread 123" [_thread_blocked, id=52480, stack(0x000000ab0ab00000,0x000000ab0ac00000)]
  0x000001b8056f4650 JavaThread "Unconstrained build operations Thread 124" [_thread_blocked, id=71300, stack(0x000000ab0ac00000,0x000000ab0ad00000)]
  0x000001b8056f4b60 JavaThread "Unconstrained build operations Thread 125" [_thread_blocked, id=37396, stack(0x000000ab0ad00000,0x000000ab0ae00000)]
  0x000001b8056f3c30 JavaThread "Unconstrained build operations Thread 126" [_thread_blocked, id=27692, stack(0x000000ab0ae00000,0x000000ab0af00000)]
  0x000001b8056f64b0 JavaThread "Unconstrained build operations Thread 127" [_thread_blocked, id=37932, stack(0x000000ab0af00000,0x000000ab0b000000)]
  0x000001b8056f5fa0 JavaThread "Unconstrained build operations Thread 128" [_thread_blocked, id=18968, stack(0x000000ab0b000000,0x000000ab0b100000)]
  0x000001b8056f6ed0 JavaThread "Unconstrained build operations Thread 129" [_thread_blocked, id=31280, stack(0x000000ab0b100000,0x000000ab0b200000)]
  0x000001b8056f78f0 JavaThread "Unconstrained build operations Thread 130" [_thread_blocked, id=70416, stack(0x000000ab0b200000,0x000000ab0b300000)]
  0x000001b8056f73e0 JavaThread "Unconstrained build operations Thread 131" [_thread_blocked, id=13756, stack(0x000000ab0b300000,0x000000ab0b400000)]
  0x000001b8056f4140 JavaThread "Unconstrained build operations Thread 132" [_thread_blocked, id=64680, stack(0x000000ab0b400000,0x000000ab0b500000)]
  0x000001b8056f8d30 JavaThread "Unconstrained build operations Thread 133" [_thread_blocked, id=38332, stack(0x000000ab0b500000,0x000000ab0b600000)]
  0x000001b8056fb5b0 JavaThread "Unconstrained build operations Thread 134" [_thread_blocked, id=77208, stack(0x000000ab0b600000,0x000000ab0b700000)]
  0x000001b8056fab90 JavaThread "Unconstrained build operations Thread 135" [_thread_blocked, id=71908, stack(0x000000ab0b700000,0x000000ab0b800000)]
  0x000001b8056fb0a0 JavaThread "Unconstrained build operations Thread 136" [_thread_blocked, id=81224, stack(0x000000ab0b800000,0x000000ab0b900000)]
  0x000001b8056f7e00 JavaThread "Unconstrained build operations Thread 137" [_thread_blocked, id=9856, stack(0x000000ab0b900000,0x000000ab0ba00000)]
  0x000001b8056f9240 JavaThread "Unconstrained build operations Thread 138" [_thread_blocked, id=7300, stack(0x000000ab0ba00000,0x000000ab0bb00000)]
  0x000001b8056f9750 JavaThread "Unconstrained build operations Thread 139" [_thread_blocked, id=29940, stack(0x000000ab0bb00000,0x000000ab0bc00000)]
  0x000001b8056fa680 JavaThread "Unconstrained build operations Thread 140" [_thread_blocked, id=72580, stack(0x000000ab0bc00000,0x000000ab0bd00000)]
  0x000001b8056f9c60 JavaThread "Unconstrained build operations Thread 141" [_thread_blocked, id=44508, stack(0x000000ab0bd00000,0x000000ab0be00000)]
  0x000001b8056fa170 JavaThread "ForkJoinPool.commonPool-worker-1" daemon [_thread_blocked, id=55608, stack(0x000000ab0be00000,0x000000ab0bf00000)]
  0x000001b8056f8310 JavaThread "ForkJoinPool.commonPool-worker-2" daemon [_thread_blocked, id=78208, stack(0x000000ab0bf00000,0x000000ab0c000000)]
  0x000001b853ebb260 JavaThread "ForkJoinPool.commonPool-worker-4" daemon [_thread_blocked, id=63444, stack(0x000000ab0c100000,0x000000ab0c200000)]
  0x000001b853ebd5d0 JavaThread "ForkJoinPool.commonPool-worker-5" daemon [_thread_blocked, id=68952, stack(0x000000ab0c200000,0x000000ab0c300000)]
  0x000001b853ebe500 JavaThread "ForkJoinPool.commonPool-worker-6" daemon [_thread_blocked, id=44572, stack(0x000000ab0c300000,0x000000ab0c400000)]
  0x000001b853ebb770 JavaThread "ForkJoinPool.commonPool-worker-7" daemon [_thread_blocked, id=10052, stack(0x000000ab0c400000,0x000000ab0c500000)]
  0x000001b853ebbc80 JavaThread "ForkJoinPool.commonPool-worker-8" daemon [_thread_blocked, id=75772, stack(0x000000ab0c500000,0x000000ab0c600000)]
  0x000001b853ebad50 JavaThread "ForkJoinPool.commonPool-worker-9" daemon [_thread_blocked, id=50264, stack(0x000000ab0c600000,0x000000ab0c700000)]
  0x000001b853ebc190 JavaThread "ForkJoinPool.commonPool-worker-10" daemon [_thread_blocked, id=30156, stack(0x000000ab0c700000,0x000000ab0c800000)]
  0x000001b853ebcbb0 JavaThread "ForkJoinPool.commonPool-worker-11" daemon [_thread_blocked, id=69840, stack(0x000000ab0c800000,0x000000ab0c900000)]
  0x000001b853ebdff0 JavaThread "Exec process" daemon [_thread_in_native, id=62928, stack(0x000000ab0c900000,0x000000ab0ca00000)]
  0x000001b853ebc6a0 JavaThread "ForkJoinPool.commonPool-worker-12" daemon [_thread_blocked, id=15324, stack(0x000000ab0ca00000,0x000000ab0cb00000)]
  0x000001b853ebd0c0 JavaThread "Exec process Thread 2" daemon [_thread_in_native, id=32596, stack(0x000000ab0cb00000,0x000000ab0cc00000)]
  0x000001b853ebdae0 JavaThread "ForkJoinPool.commonPool-worker-13" daemon [_thread_blocked, id=69492, stack(0x000000ab0cc00000,0x000000ab0cd00000)]
  0x000001b85175e620 JavaThread "Exec process Thread 3" daemon [_thread_in_native, id=24864, stack(0x000000ab0cd00000,0x000000ab0ce00000)]
  0x000001b85175f040 JavaThread "ForkJoinPool.commonPool-worker-14" daemon [_thread_blocked, id=30088, stack(0x000000ab09400000,0x000000ab09500000)]
  0x000001b85175fa60 JavaThread "ForkJoinPool.commonPool-worker-15" daemon [_thread_blocked, id=42376, stack(0x000000ab09500000,0x000000ab09600000)]
  0x000001b851760480 JavaThread "ForkJoinPool.commonPool-worker-16" daemon [_thread_blocked, id=73480, stack(0x000000ab09300000,0x000000ab09400000)]
  0x000001b85175eb30 JavaThread "ForkJoinPool.commonPool-worker-17" daemon [_thread_blocked, id=53324, stack(0x000000ab0ce00000,0x000000ab0cf00000)]
  0x000001b85175ff70 JavaThread "ForkJoinPool.commonPool-worker-18" daemon [_thread_blocked, id=30152, stack(0x000000ab0cf00000,0x000000ab0d000000)]
  0x000001b85175dc00 JavaThread "ForkJoinPool.commonPool-worker-19" daemon [_thread_blocked, id=45340, stack(0x000000ab0d000000,0x000000ab0d100000)]
  0x000001b85175f550 JavaThread "ForkJoinPool.commonPool-worker-20" daemon [_thread_blocked, id=22612, stack(0x000000ab0d100000,0x000000ab0d200000)]
  0x000001b85175ccd0 JavaThread "ForkJoinPool.commonPool-worker-21" daemon [_thread_blocked, id=67400, stack(0x000000ab09100000,0x000000ab09200000)]
  0x000001b851760990 JavaThread "ForkJoinPool.commonPool-worker-22" daemon [_thread_blocked, id=3912, stack(0x000000ab09000000,0x000000ab09100000)]
  0x000001b85175d1e0 JavaThread "ForkJoinPool.commonPool-worker-23" daemon [_thread_blocked, id=36120, stack(0x000000ab0d200000,0x000000ab0d300000)]
  0x000001b851760ea0 JavaThread "ForkJoinPool.commonPool-worker-24" daemon [_thread_blocked, id=42912, stack(0x000000ab0d300000,0x000000ab0d400000)]
  0x000001b85175d6f0 JavaThread "ForkJoinPool.commonPool-worker-25" daemon [_thread_blocked, id=65884, stack(0x000000ab0d400000,0x000000ab0d500000)]
  0x000001b851761dd0 JavaThread "included builds" [_thread_blocked, id=80192, stack(0x000000ab0de00000,0x000000ab0df00000)]
  0x000001b851763210 JavaThread "Execution worker" [_thread_blocked, id=60788, stack(0x000000ab0df00000,0x000000ab0e000000)]
  0x000001b8517622e0 JavaThread "Execution worker Thread 2" [_thread_blocked, id=54340, stack(0x000000ab0e000000,0x000000ab0e100000)]
  0x000001b8517627f0 JavaThread "Execution worker Thread 3" [_thread_blocked, id=64832, stack(0x000000ab0e100000,0x000000ab0e200000)]
  0x000001b851764650 JavaThread "Execution worker Thread 4" [_thread_blocked, id=77868, stack(0x000000ab0e200000,0x000000ab0e300000)]
  0x000001b851763c30 JavaThread "Execution worker Thread 5" [_thread_blocked, id=3216, stack(0x000000ab0e300000,0x000000ab0e400000)]
  0x000001b851763720 JavaThread "Execution worker Thread 6" [_thread_blocked, id=76552, stack(0x000000ab0e400000,0x000000ab0e500000)]
  0x000001b851764140 JavaThread "Execution worker Thread 7" [_thread_blocked, id=30856, stack(0x000000ab0e500000,0x000000ab0e600000)]
  0x000001b84cd89c30 JavaThread "Execution worker Thread 8" [_thread_blocked, id=31036, stack(0x000000ab0e600000,0x000000ab0e700000)]
  0x000001b84d5ba2b0 JavaThread "Execution worker Thread 9" [_thread_blocked, id=43068, stack(0x000000ab0e700000,0x000000ab0e800000)]
  0x000001b84dd8bf20 JavaThread "Execution worker Thread 10" [_thread_blocked, id=74956, stack(0x000000ab0e800000,0x000000ab0e900000)]
  0x000001b84dd89bb0 JavaThread "Execution worker Thread 11" [_thread_blocked, id=40372, stack(0x000000ab0e900000,0x000000ab0ea00000)]
  0x000001b84dd8c430 JavaThread "Execution worker Thread 12" [_thread_blocked, id=84308, stack(0x000000ab0ea00000,0x000000ab0eb00000)]
  0x000001b84dd8a5d0 JavaThread "Execution worker Thread 13" [_thread_blocked, id=72924, stack(0x000000ab0eb00000,0x000000ab0ec00000)]
  0x000001b84dd8aae0 JavaThread "Execution worker Thread 14" [_thread_blocked, id=71480, stack(0x000000ab0ec00000,0x000000ab0ed00000)]
  0x000001b84dd8c940 JavaThread "Execution worker Thread 15" [_thread_blocked, id=40344, stack(0x000000ab0ed00000,0x000000ab0ee00000)]
  0x000001b84dd8d360 JavaThread "Execution worker Thread 16" [_thread_blocked, id=38376, stack(0x000000ab0ee00000,0x000000ab0ef00000)]
  0x000001b84dd8ce50 JavaThread "Execution worker Thread 17" [_thread_blocked, id=64772, stack(0x000000ab0ef00000,0x000000ab0f000000)]
  0x000001b84dd8d870 JavaThread "Execution worker Thread 18" [_thread_blocked, id=20484, stack(0x000000ab0f000000,0x000000ab0f100000)]
  0x000001b84dd8a0c0 JavaThread "Execution worker Thread 19" [_thread_blocked, id=62308, stack(0x000000ab0f100000,0x000000ab0f200000)]
  0x000001b84dd8b500 JavaThread "Execution worker Thread 20" [_thread_blocked, id=75704, stack(0x000000ab0f200000,0x000000ab0f300000)]
  0x000001b84dd8dd80 JavaThread "Execution worker Thread 21" [_thread_blocked, id=50440, stack(0x000000ab0f300000,0x000000ab0f400000)]
  0x000001b84dd8ba10 JavaThread "Execution worker Thread 22" [_thread_blocked, id=11996, stack(0x000000ab0f400000,0x000000ab0f500000)]
  0x000001b84dd8aff0 JavaThread "Execution worker Thread 23" [_thread_blocked, id=48484, stack(0x000000ab0f500000,0x000000ab0f600000)]
  0x000001b84dd8e290 JavaThread "Execution worker Thread 24" [_thread_blocked, id=68744, stack(0x000000ab0f600000,0x000000ab0f700000)]
  0x000001b84dd8ecb0 JavaThread "Execution worker Thread 25" [_thread_blocked, id=71536, stack(0x000000ab0f700000,0x000000ab0f800000)]
  0x000001b84dd8f1c0 JavaThread "Execution worker Thread 26" [_thread_blocked, id=12992, stack(0x000000ab0f800000,0x000000ab0f900000)]
  0x000001b84dd8e7a0 JavaThread "Execution worker Thread 27" [_thread_blocked, id=19296, stack(0x000000ab0f900000,0x000000ab0fa00000)]
  0x000001b84dd900f0 JavaThread "Execution worker Thread 28" [_thread_blocked, id=43016, stack(0x000000ab0fa00000,0x000000ab0fb00000)]
  0x000001b84dd90600 JavaThread "Execution worker Thread 29" [_thread_blocked, id=41528, stack(0x000000ab0fb00000,0x000000ab0fc00000)]
  0x000001b84dd90b10 JavaThread "Execution worker Thread 30" [_thread_blocked, id=69112, stack(0x000000ab0fc00000,0x000000ab0fd00000)]
  0x000001b84dd92460 JavaThread "Execution worker Thread 31" [_thread_blocked, id=73112, stack(0x000000ab0fd00000,0x000000ab0fe00000)]
  0x000001b84dd91020 JavaThread "Cache worker for execution history cache (C:\Users\paulm\Desktop\MinecolonyTaxAddon - Kopie\.gradle\8.8\executionHistory)" [_thread_blocked, id=36340, stack(0x000000ab0fe00000,0x000000ab0ff00000)]
  0x000001b84dd95700 JavaThread "Unconstrained build operations Thread 142" [_thread_blocked, id=73012, stack(0x000000ab0dd00000,0x000000ab0de00000)]
  0x000001b84dd993c0 JavaThread "Unconstrained build operations Thread 143" [_thread_blocked, id=45156, stack(0x000000ab11500000,0x000000ab11600000)]
  0x000001b84d5bcb30 JavaThread "Unconstrained build operations Thread 144" [_thread_blocked, id=65336, stack(0x000000ab11600000,0x000000ab11700000)]
  0x000001b850878110 JavaThread "Unconstrained build operations Thread 145" [_thread_blocked, id=25712, stack(0x000000ab11700000,0x000000ab11800000)]
  0x000001b854c5b460 JavaThread "Unconstrained build operations Thread 146" [_thread_blocked, id=45000, stack(0x000000ab11800000,0x000000ab11900000)]
  0x000001b854c5a020 JavaThread "Unconstrained build operations Thread 147" [_thread_blocked, id=71624, stack(0x000000ab11900000,0x000000ab11a00000)]
  0x000001b854c5a530 JavaThread "Unconstrained build operations Thread 148" [_thread_blocked, id=42116, stack(0x000000ab11a00000,0x000000ab11b00000)]
  0x000001b854c5aa40 JavaThread "Unconstrained build operations Thread 149" [_thread_blocked, id=62240, stack(0x000000ab11b00000,0x000000ab11c00000)]
  0x000001b852289ff0 JavaThread "Cache worker for Java compile cache (C:\Users\paulm\.gradle\caches\8.8\javaCompile)" [_thread_blocked, id=40444, stack(0x000000ab11d00000,0x000000ab11e00000)]
  0x000001b8524a75c0 JavaThread "Build operations" [_thread_blocked, id=2360, stack(0x000000ab12400000,0x000000ab12500000)]
  0x000001b8524a6ba0 JavaThread "Build operations Thread 2" [_thread_blocked, id=58600, stack(0x000000ab12500000,0x000000ab12600000)]
  0x000001b8524a70b0 JavaThread "Build operations Thread 3" [_thread_blocked, id=68544, stack(0x000000ab12600000,0x000000ab12700000)]
  0x000001b8521cbdb0 JavaThread "Build operations Thread 4" [_thread_blocked, id=44564, stack(0x000000ab12700000,0x000000ab12800000)]
  0x000001b8521c8600 JavaThread "Build operations Thread 5" [_thread_blocked, id=28508, stack(0x000000ab12800000,0x000000ab12900000)]
  0x000001b8521c8b10 JavaThread "Build operations Thread 6" [_thread_blocked, id=76184, stack(0x000000ab12900000,0x000000ab12a00000)]
  0x000001b8521c9530 JavaThread "Build operations Thread 7" [_thread_blocked, id=60996, stack(0x000000ab12a00000,0x000000ab12b00000)]
  0x000001b8521cae80 JavaThread "Build operations Thread 8" [_thread_blocked, id=53424, stack(0x000000ab12b00000,0x000000ab12c00000)]
  0x000001b8521c9020 JavaThread "Build operations Thread 9" [_thread_blocked, id=69744, stack(0x000000ab12c00000,0x000000ab12d00000)]
  0x000001b8521ca460 JavaThread "Build operations Thread 10" [_thread_blocked, id=7368, stack(0x000000ab12d00000,0x000000ab12e00000)]
  0x000001b8521c9a40 JavaThread "Build operations Thread 11" [_thread_blocked, id=77772, stack(0x000000ab12e00000,0x000000ab12f00000)]
  0x000001b8521c9f50 JavaThread "Build operations Thread 12" [_thread_blocked, id=43920, stack(0x000000ab12f00000,0x000000ab13000000)]
  0x000001b8521ca970 JavaThread "Build operations Thread 13" [_thread_blocked, id=20988, stack(0x000000ab13000000,0x000000ab13100000)]
  0x000001b8521cb8a0 JavaThread "Build operations Thread 14" [_thread_blocked, id=46516, stack(0x000000ab13100000,0x000000ab13200000)]
  0x000001b8521cb390 JavaThread "Build operations Thread 15" [_thread_blocked, id=82556, stack(0x000000ab13200000,0x000000ab13300000)]
  0x000001b84effa450 JavaThread "Build operations Thread 16" [_thread_blocked, id=81072, stack(0x000000ab13300000,0x000000ab13400000)]
  0x000001b84effae70 JavaThread "Build operations Thread 17" [_thread_blocked, id=63216, stack(0x000000ab13400000,0x000000ab13500000)]
  0x000001b84eff9a30 JavaThread "Build operations Thread 18" [_thread_blocked, id=77776, stack(0x000000ab13500000,0x000000ab13600000)]
  0x000001b84eff9010 JavaThread "Build operations Thread 19" [_thread_blocked, id=82920, stack(0x000000ab13600000,0x000000ab13700000)]
  0x000001b84eff9520 JavaThread "Build operations Thread 20" [_thread_blocked, id=76440, stack(0x000000ab13700000,0x000000ab13800000)]
  0x000001b84eff80e0 JavaThread "Build operations Thread 21" [_thread_blocked, id=77228, stack(0x000000ab13800000,0x000000ab13900000)]
  0x000001b84eff9f40 JavaThread "Build operations Thread 22" [_thread_blocked, id=24960, stack(0x000000ab13900000,0x000000ab13a00000)]
  0x000001b84eff85f0 JavaThread "Build operations Thread 23" [_thread_blocked, id=30564, stack(0x000000ab13a00000,0x000000ab13b00000)]
  0x000001b84eff8b00 JavaThread "Build operations Thread 24" [_thread_blocked, id=40908, stack(0x000000ab13b00000,0x000000ab13c00000)]
  0x000001b84effa960 JavaThread "Build operations Thread 25" [_thread_blocked, id=16108, stack(0x000000ab13c00000,0x000000ab13d00000)]
  0x000001b84eff76c0 JavaThread "Build operations Thread 26" [_thread_blocked, id=46816, stack(0x000000ab13d00000,0x000000ab13e00000)]
  0x000001b85168c040 JavaThread "Build operations Thread 27" [_thread_blocked, id=25884, stack(0x000000ab13e00000,0x000000ab13f00000)]
  0x000001b85168ca60 JavaThread "Build operations Thread 28" [_thread_blocked, id=3524, stack(0x000000ab13f00000,0x000000ab14000000)]
  0x000001b84daf06c0 JavaThread "Build operations Thread 29" [_thread_blocked, id=21752, stack(0x000000ab14000000,0x000000ab14100000)]
  0x000001b84daf0bd0 JavaThread "Build operations Thread 30" [_thread_blocked, id=59108, stack(0x000000ab14100000,0x000000ab14200000)]
  0x000001b854c5c8a0 JavaThread "Build operations Thread 31" [_thread_blocked, id=62852, stack(0x000000ab14200000,0x000000ab14300000)]
  0x000001b84d7f7230 JavaThread "Unconstrained build operations Thread 150" [_thread_blocked, id=16232, stack(0x000000ab12200000,0x000000ab12300000)]
  0x000001b84d7f6d20 JavaThread "Unconstrained build operations Thread 151" [_thread_blocked, id=79976, stack(0x000000ab12300000,0x000000ab12400000)]
  0x000001b853bdbb00 JavaThread "Unconstrained build operations Thread 152" [_thread_blocked, id=78936, stack(0x000000ab14300000,0x000000ab14400000)]
  0x000001b853bdc010 JavaThread "Unconstrained build operations Thread 153" [_thread_blocked, id=33328, stack(0x000000ab14400000,0x000000ab14500000)]
  0x000001b853bdc520 JavaThread "Unconstrained build operations Thread 154" [_thread_blocked, id=71784, stack(0x000000ab14500000,0x000000ab14600000)]
  0x000001b853bdca30 JavaThread "Unconstrained build operations Thread 155" [_thread_blocked, id=21228, stack(0x000000ab14600000,0x000000ab14700000)]
  0x000001b853bdb0e0 JavaThread "Unconstrained build operations Thread 156" [_thread_blocked, id=37048, stack(0x000000ab14700000,0x000000ab14800000)]
  0x000001b853bdb5f0 JavaThread "Unconstrained build operations Thread 157" [_thread_blocked, id=41188, stack(0x000000ab14800000,0x000000ab14900000)]
  0x000001b85da37220 JavaThread "Unconstrained build operations Thread 158" [_thread_blocked, id=3220, stack(0x000000ab14900000,0x000000ab14a00000)]
  0x000001b85da38150 JavaThread "Unconstrained build operations Thread 159" [_thread_blocked, id=51832, stack(0x000000ab14a00000,0x000000ab14b00000)]
  0x000001b85da39fb0 JavaThread "Unconstrained build operations Thread 160" [_thread_blocked, id=83124, stack(0x000000ab14b00000,0x000000ab14c00000)]
  0x000001b85da37730 JavaThread "Unconstrained build operations Thread 161" [_thread_blocked, id=66880, stack(0x000000ab14c00000,0x000000ab14d00000)]

Other Threads:
  0x000001b80521eb90 VMThread "VM Thread" [stack: 0x000000ab7dd00000,0x000000ab7de00000] [id=17932]
  0x000001b86229cd20 WatcherThread [stack: 0x000000ab7ec00000,0x000000ab7ed00000] [id=28144]
  0x000001b85f1ae2c0 GCTaskThread "GC Thread#0" [stack: 0x000000ab7d800000,0x000000ab7d900000] [id=80212]
  0x000001b84c12c830 GCTaskThread "GC Thread#1" [stack: 0x000000ab7f100000,0x000000ab7f200000] [id=48152]
  0x000001b84beb2cb0 GCTaskThread "GC Thread#2" [stack: 0x000000ab7f200000,0x000000ab7f300000] [id=49332]
  0x000001b84beb2f70 GCTaskThread "GC Thread#3" [stack: 0x000000ab7f300000,0x000000ab7f400000] [id=55464]
  0x000001b84beb3230 GCTaskThread "GC Thread#4" [stack: 0x000000ab7f400000,0x000000ab7f500000] [id=37388]
  0x000001b84beb3d10 GCTaskThread "GC Thread#5" [stack: 0x000000ab7f500000,0x000000ab7f600000] [id=50672]
  0x000001b84beb43a0 GCTaskThread "GC Thread#6" [stack: 0x000000ab7f600000,0x000000ab7f700000] [id=2584]
  0x000001b84beb5040 GCTaskThread "GC Thread#7" [stack: 0x000000ab7f700000,0x000000ab7f800000] [id=47544]
  0x000001b84c486c00 GCTaskThread "GC Thread#8" [stack: 0x000000ab7f800000,0x000000ab7f900000] [id=46200]
  0x000001b8056e58e0 GCTaskThread "GC Thread#9" [stack: 0x000000ab7f900000,0x000000ab7fa00000] [id=30196]
  0x000001b8056e5360 GCTaskThread "GC Thread#10" [stack: 0x000000ab7fa00000,0x000000ab7fb00000] [id=54652]
  0x000001b8056e5620 GCTaskThread "GC Thread#11" [stack: 0x000000ab7fb00000,0x000000ab7fc00000] [id=14032]
  0x000001b8056e6120 GCTaskThread "GC Thread#12" [stack: 0x000000ab7fc00000,0x000000ab7fd00000] [id=40472]
  0x000001b8056e5ba0 GCTaskThread "GC Thread#13" [stack: 0x000000ab7fd00000,0x000000ab7fe00000] [id=38668]
  0x000001b8056e5e60 GCTaskThread "GC Thread#14" [stack: 0x000000ab7fe00000,0x000000ab7ff00000] [id=21356]
  0x000001b8056e63e0 GCTaskThread "GC Thread#15" [stack: 0x000000ab7ff00000,0x000000ab80000000] [id=21080]
  0x000001b8056e4860 GCTaskThread "GC Thread#16" [stack: 0x000000ab00000000,0x000000ab00100000] [id=7624]
  0x000001b8056e4b20 GCTaskThread "GC Thread#17" [stack: 0x000000ab00100000,0x000000ab00200000] [id=31164]
  0x000001b8056e4de0 GCTaskThread "GC Thread#18" [stack: 0x000000ab00200000,0x000000ab00300000] [id=38296]
  0x000001b8056e50a0 GCTaskThread "GC Thread#19" [stack: 0x000000ab00300000,0x000000ab00400000] [id=22540]
  0x000001b8058b1470 GCTaskThread "GC Thread#20" [stack: 0x000000ab00400000,0x000000ab00500000] [id=60676]
  0x000001b8058af370 GCTaskThread "GC Thread#21" [stack: 0x000000ab00500000,0x000000ab00600000] [id=65412]
  0x000001b8058b1730 GCTaskThread "GC Thread#22" [stack: 0x000000ab00600000,0x000000ab00700000] [id=13760]
  0x000001b862303e70 ConcurrentGCThread "G1 Main Marker" [stack: 0x000000ab7d900000,0x000000ab7da00000] [id=66256]
  0x000001b862306410 ConcurrentGCThread "G1 Conc#0" [stack: 0x000000ab7da00000,0x000000ab7db00000] [id=18028]
  0x000001b8058b19f0 ConcurrentGCThread "G1 Conc#1" [stack: 0x000000ab01700000,0x000000ab01800000] [id=83176]
  0x000001b8058ae870 ConcurrentGCThread "G1 Conc#2" [stack: 0x000000ab01800000,0x000000ab01900000] [id=81372]
  0x000001b8058b1cb0 ConcurrentGCThread "G1 Conc#3" [stack: 0x000000ab01900000,0x000000ab01a00000] [id=59340]
  0x000001b8058b0c30 ConcurrentGCThread "G1 Conc#4" [stack: 0x000000ab01a00000,0x000000ab01b00000] [id=45084]
  0x000001b8058aeb30 ConcurrentGCThread "G1 Conc#5" [stack: 0x000000ab01b00000,0x000000ab01c00000] [id=37420]
  0x000001b87f07b050 ConcurrentGCThread "G1 Refine#0" [stack: 0x000000ab7db00000,0x000000ab7dc00000] [id=26988]
  0x000001b854358d70 ConcurrentGCThread "G1 Refine#1" [stack: 0x000000ab0ff00000,0x000000ab10000000] [id=14672]
  0x000001b85435a200 ConcurrentGCThread "G1 Refine#2" [stack: 0x000000ab10000000,0x000000ab10100000] [id=55324]
  0x000001b85435b0b0 ConcurrentGCThread "G1 Refine#3" [stack: 0x000000ab10100000,0x000000ab10200000] [id=58416]
  0x000001b8543575f0 ConcurrentGCThread "G1 Refine#4" [stack: 0x000000ab10200000,0x000000ab10300000] [id=9292]
  0x000001b854359640 ConcurrentGCThread "G1 Refine#5" [stack: 0x000000ab10300000,0x000000ab10400000] [id=16580]
  0x000001b85435a7e0 ConcurrentGCThread "G1 Refine#6" [stack: 0x000000ab10400000,0x000000ab10500000] [id=67116]
  0x000001b854358a80 ConcurrentGCThread "G1 Refine#7" [stack: 0x000000ab10500000,0x000000ab10600000] [id=49136]
  0x000001b8543578e0 ConcurrentGCThread "G1 Refine#8" [stack: 0x000000ab10600000,0x000000ab10700000] [id=11000]
  0x000001b8543581b0 ConcurrentGCThread "G1 Refine#9" [stack: 0x000000ab10700000,0x000000ab10800000] [id=57360]
  0x000001b85435aad0 ConcurrentGCThread "G1 Refine#10" [stack: 0x000000ab10800000,0x000000ab10900000] [id=58744]
  0x000001b85435adc0 ConcurrentGCThread "G1 Refine#11" [stack: 0x000000ab10900000,0x000000ab10a00000] [id=22000]
  0x000001b854357bd0 ConcurrentGCThread "G1 Refine#12" [stack: 0x000000ab10a00000,0x000000ab10b00000] [id=45620]
  0x000001b8543584a0 ConcurrentGCThread "G1 Refine#13" [stack: 0x000000ab10b00000,0x000000ab10c00000] [id=72440]
  0x000001b854357ec0 ConcurrentGCThread "G1 Refine#14" [stack: 0x000000ab10c00000,0x000000ab10d00000] [id=16856]
  0x000001b854359350 ConcurrentGCThread "G1 Refine#15" [stack: 0x000000ab10d00000,0x000000ab10e00000] [id=28120]
  0x000001b854359930 ConcurrentGCThread "G1 Refine#16" [stack: 0x000000ab10e00000,0x000000ab10f00000] [id=37872]
  0x000001b854359c20 ConcurrentGCThread "G1 Refine#17" [stack: 0x000000ab10f00000,0x000000ab11000000] [id=27300]
  0x000001b854359f10 ConcurrentGCThread "G1 Refine#18" [stack: 0x000000ab11000000,0x000000ab11100000] [id=58240]
  0x000001b850470f70 ConcurrentGCThread "G1 Refine#19" [stack: 0x000000ab11100000,0x000000ab11200000] [id=74976]
  0x000001b8504703b0 ConcurrentGCThread "G1 Refine#20" [stack: 0x000000ab11200000,0x000000ab11300000] [id=68740]
  0x000001b805a64480 ConcurrentGCThread "G1 Refine#21" [stack: 0x000000ab11300000,0x000000ab11400000] [id=28160]
  0x000001b805a63ea0 ConcurrentGCThread "G1 Refine#22" [stack: 0x000000ab11400000,0x000000ab11500000] [id=54116]
  0x000001b87f07cd30 ConcurrentGCThread "G1 Service" [stack: 0x000000ab7dc00000,0x000000ab7dd00000] [id=69052]

Threads with active compile tasks:
C2 CompilerThread0   243383 23216       4       org.gradle.internal.snapshot.AbstractIncompleteFileSystemNode::invalidate (65 bytes)

VM state: not at safepoint (normal execution)

VM Mutex/Monitor currently owned by a thread: None

Heap address: 0x0000000740000000, size: 3072 MB, Compressed Oops mode: Zero based, Oop shift amount: 3

CDS archive(s) mapped at: [0x000001b806000000-0x000001b806bb0000-0x000001b806bb0000), size 12255232, SharedBaseAddress: 0x000001b806000000, ArchiveRelocationMode: 1.
Compressed class space mapped at: 0x000001b807000000-0x000001b847000000, reserved size: 1073741824
Narrow klass base: 0x000001b806000000, Narrow klass shift: 0, Narrow klass range: 0x100000000

GC Precious Log:
 CPUs: 32 total, 32 available
 Memory: 64650M
 Large Page Support: Disabled
 NUMA Support: Disabled
 Compressed Oops: Enabled (Zero based)
 Heap Region Size: 2M
 Heap Min Capacity: 8M
 Heap Initial Capacity: 1012M
 Heap Max Capacity: 3G
 Pre-touch: Disabled
 Parallel Workers: 23
 Concurrent Workers: 6
 Concurrent Refinement Workers: 23
 Periodic GC: Disabled

Heap:
 garbage-first heap   total 1789952K, used 603703K [0x0000000740000000, 0x0000000800000000)
  region size 2048K, 45 young (92160K), 18 survivors (36864K)
 Metaspace       used 87890K, committed 88576K, reserved 1179648K
  class space    used 11735K, committed 12032K, reserved 1048576K

Heap Regions: E=young(eden), S=young(survivor), O=old, HS=humongous(starts), HC=humongous(continues), CS=collection set, F=free, OA=open archive, CA=closed archive, TAMS=top-at-mark-start (previous, next)
|   0|0x0000000740000000, 0x0000000740200000, 0x0000000740200000|100%|HS|  |TAMS 0x0000000740200000, 0x0000000740000000| Complete 
|   1|0x0000000740200000, 0x0000000740400000, 0x0000000740400000|100%|HC|  |TAMS 0x0000000740400000, 0x0000000740200000| Complete 
|   2|0x0000000740400000, 0x0000000740600000, 0x0000000740600000|100%| O|  |TAMS 0x0000000740600000, 0x0000000740400000| Untracked 
|   3|0x0000000740600000, 0x0000000740800000, 0x0000000740800000|100%| O|  |TAMS 0x0000000740800000, 0x0000000740600000| Untracked 
|   4|0x0000000740800000, 0x0000000740a00000, 0x0000000740a00000|100%| O|  |TAMS 0x0000000740a00000, 0x0000000740800000| Untracked 
|   5|0x0000000740a00000, 0x0000000740c00000, 0x0000000740c00000|100%| O|  |TAMS 0x0000000740c00000, 0x0000000740a00000| Untracked 
|   6|0x0000000740c00000, 0x0000000740e00000, 0x0000000740e00000|100%| O|  |TAMS 0x0000000740e00000, 0x0000000740c00000| Untracked 
|   7|0x0000000740e00000, 0x0000000741000000, 0x0000000741000000|100%| O|  |TAMS 0x0000000741000000, 0x0000000740e00000| Untracked 
|   8|0x0000000741000000, 0x0000000741200000, 0x0000000741200000|100%| O|  |TAMS 0x0000000741200000, 0x0000000741000000| Untracked 
|   9|0x0000000741200000, 0x0000000741400000, 0x0000000741400000|100%| O|  |TAMS 0x0000000741400000, 0x0000000741200000| Untracked 
|  10|0x0000000741400000, 0x0000000741600000, 0x0000000741600000|100%| O|  |TAMS 0x0000000741600000, 0x0000000741400000| Untracked 
|  11|0x0000000741600000, 0x0000000741800000, 0x0000000741800000|100%| O|  |TAMS 0x0000000741800000, 0x0000000741600000| Untracked 
|  12|0x0000000741800000, 0x0000000741a00000, 0x0000000741a00000|100%| O|  |TAMS 0x0000000741a00000, 0x0000000741800000| Untracked 
|  13|0x0000000741a00000, 0x0000000741c00000, 0x0000000741c00000|100%| O|  |TAMS 0x0000000741c00000, 0x0000000741a00000| Untracked 
|  14|0x0000000741c00000, 0x0000000741e00000, 0x0000000741e00000|100%| O|  |TAMS 0x0000000741e00000, 0x0000000741c00000| Untracked 
|  15|0x0000000741e00000, 0x0000000742000000, 0x0000000742000000|100%| O|  |TAMS 0x0000000742000000, 0x0000000741e00000| Untracked 
|  16|0x0000000742000000, 0x0000000742200000, 0x0000000742200000|100%| O|  |TAMS 0x0000000742200000, 0x0000000742000000| Untracked 
|  17|0x0000000742200000, 0x0000000742400000, 0x0000000742400000|100%| O|  |TAMS 0x0000000742400000, 0x0000000742200000| Untracked 
|  18|0x0000000742400000, 0x0000000742600000, 0x0000000742600000|100%| O|  |TAMS 0x0000000742600000, 0x0000000742400000| Untracked 
|  19|0x0000000742600000, 0x0000000742800000, 0x0000000742800000|100%|HS|  |TAMS 0x0000000742800000, 0x0000000742600000| Complete 
|  20|0x0000000742800000, 0x0000000742a00000, 0x0000000742a00000|100%| O|  |TAMS 0x0000000742a00000, 0x0000000742800000| Untracked 
|  21|0x0000000742a00000, 0x0000000742c00000, 0x0000000742c00000|100%| O|  |TAMS 0x0000000742c00000, 0x0000000742a00000| Untracked 
|  22|0x0000000742c00000, 0x0000000742e00000, 0x0000000742e00000|100%| O|  |TAMS 0x0000000742e00000, 0x0000000742c00000| Untracked 
|  23|0x0000000742e00000, 0x0000000743000000, 0x0000000743000000|100%| O|  |TAMS 0x0000000743000000, 0x0000000742e00000| Untracked 
|  24|0x0000000743000000, 0x0000000743200000, 0x0000000743200000|100%| O|  |TAMS 0x0000000743200000, 0x0000000743000000| Untracked 
|  25|0x0000000743200000, 0x0000000743400000, 0x0000000743400000|100%| O|  |TAMS 0x0000000743400000, 0x0000000743200000| Untracked 
|  26|0x0000000743400000, 0x0000000743600000, 0x0000000743600000|100%| O|  |TAMS 0x0000000743600000, 0x0000000743400000| Complete 
|  27|0x0000000743600000, 0x0000000743800000, 0x0000000743800000|100%|HS|  |TAMS 0x0000000743600000, 0x0000000743600000| Complete 
|  28|0x0000000743800000, 0x0000000743a00000, 0x0000000743a00000|100%| O|  |TAMS 0x0000000743a00000, 0x0000000743800000| Untracked 
|  29|0x0000000743a00000, 0x0000000743c00000, 0x0000000743c00000|100%| O|  |TAMS 0x0000000743c00000, 0x0000000743a00000| Untracked 
|  30|0x0000000743c00000, 0x0000000743e00000, 0x0000000743e00000|100%| O|  |TAMS 0x0000000743e00000, 0x0000000743c00000| Complete 
|  31|0x0000000743e00000, 0x0000000744000000, 0x0000000744000000|100%|HS|  |TAMS 0x0000000743e00000, 0x0000000743e00000| Complete 
|  32|0x0000000744000000, 0x0000000744200000, 0x0000000744200000|100%|HS|  |TAMS 0x0000000744000000, 0x0000000744000000| Complete 
|  33|0x0000000744200000, 0x0000000744400000, 0x0000000744400000|100%| O|  |TAMS 0x0000000744400000, 0x0000000744200000| Untracked 
|  34|0x0000000744400000, 0x0000000744600000, 0x0000000744600000|100%| O|  |TAMS 0x0000000744600000, 0x0000000744400000| Untracked 
|  35|0x0000000744600000, 0x0000000744800000, 0x0000000744800000|100%| O|  |TAMS 0x0000000744800000, 0x0000000744600000| Untracked 
|  36|0x0000000744800000, 0x0000000744a00000, 0x0000000744a00000|100%|HS|  |TAMS 0x0000000744800000, 0x0000000744800000| Complete 
|  37|0x0000000744a00000, 0x0000000744c00000, 0x0000000744c00000|100%|HS|  |TAMS 0x0000000744a00000, 0x0000000744a00000| Complete 
|  38|0x0000000744c00000, 0x0000000744e00000, 0x0000000744e00000|100%|HS|  |TAMS 0x0000000744c00000, 0x0000000744c00000| Complete 
|  39|0x0000000744e00000, 0x0000000745000000, 0x0000000745000000|100%|HS|  |TAMS 0x0000000744e00000, 0x0000000744e00000| Complete 
|  40|0x0000000745000000, 0x0000000745200000, 0x0000000745200000|100%|HS|  |TAMS 0x0000000745000000, 0x0000000745000000| Complete 
|  41|0x0000000745200000, 0x0000000745400000, 0x0000000745400000|100%|HS|  |TAMS 0x0000000745400000, 0x0000000745200000| Complete 
|  42|0x0000000745400000, 0x0000000745600000, 0x0000000745600000|100%|HS|  |TAMS 0x0000000745400000, 0x0000000745400000| Complete 
|  43|0x0000000745600000, 0x0000000745800000, 0x0000000745800000|100%|HS|  |TAMS 0x0000000745600000, 0x0000000745600000| Complete 
|  44|0x0000000745800000, 0x0000000745a00000, 0x0000000745a00000|100%|HS|  |TAMS 0x0000000745800000, 0x0000000745800000| Complete 
|  45|0x0000000745a00000, 0x0000000745c00000, 0x0000000745c00000|100%|HS|  |TAMS 0x0000000745a00000, 0x0000000745a00000| Complete 
|  46|0x0000000745c00000, 0x0000000745e00000, 0x0000000745e00000|100%|HS|  |TAMS 0x0000000745c00000, 0x0000000745c00000| Complete 
|  47|0x0000000745e00000, 0x0000000746000000, 0x0000000746000000|100%|HS|  |TAMS 0x0000000745e00000, 0x0000000745e00000| Complete 
|  48|0x0000000746000000, 0x0000000746000000, 0x0000000746200000|  0%| F|  |TAMS 0x0000000746000000, 0x0000000746000000| Untracked 
|  49|0x0000000746200000, 0x0000000746200000, 0x0000000746400000|  0%| F|  |TAMS 0x0000000746200000, 0x0000000746200000| Untracked 
|  50|0x0000000746400000, 0x0000000746400000, 0x0000000746600000|  0%| F|  |TAMS 0x0000000746400000, 0x0000000746400000| Untracked 
|  51|0x0000000746600000, 0x0000000746600000, 0x0000000746800000|  0%| F|  |TAMS 0x0000000746600000, 0x0000000746600000| Untracked 
|  52|0x0000000746800000, 0x0000000746800000, 0x0000000746a00000|  0%| F|  |TAMS 0x0000000746800000, 0x0000000746800000| Untracked 
|  53|0x0000000746a00000, 0x0000000746a00000, 0x0000000746c00000|  0%| F|  |TAMS 0x0000000746a00000, 0x0000000746a00000| Untracked 
|  54|0x0000000746c00000, 0x0000000746c00000, 0x0000000746e00000|  0%| F|  |TAMS 0x0000000746c00000, 0x0000000746c00000| Untracked 
|  55|0x0000000746e00000, 0x0000000747000000, 0x0000000747000000|100%| O|  |TAMS 0x0000000747000000, 0x0000000746e00000| Untracked 
|  56|0x0000000747000000, 0x0000000747200000, 0x0000000747200000|100%| O|  |TAMS 0x0000000747200000, 0x0000000747000000| Untracked 
|  57|0x0000000747200000, 0x0000000747400000, 0x0000000747400000|100%| O|  |TAMS 0x0000000747400000, 0x0000000747200000| Complete 
|  58|0x0000000747400000, 0x0000000747600000, 0x0000000747600000|100%| O|  |TAMS 0x0000000747600000, 0x0000000747400000| Complete 
|  59|0x0000000747600000, 0x0000000747600000, 0x0000000747800000|  0%| F|  |TAMS 0x0000000747600000, 0x0000000747600000| Untracked 
|  60|0x0000000747800000, 0x0000000747800000, 0x0000000747a00000|  0%| F|  |TAMS 0x0000000747800000, 0x0000000747800000| Untracked 
|  61|0x0000000747a00000, 0x0000000747c00000, 0x0000000747c00000|100%| O|  |TAMS 0x0000000747c00000, 0x0000000747a00000| Complete 
|  62|0x0000000747c00000, 0x0000000747c00000, 0x0000000747e00000|  0%| F|  |TAMS 0x0000000747c00000, 0x0000000747c00000| Untracked 
|  63|0x0000000747e00000, 0x0000000747e00000, 0x0000000748000000|  0%| F|  |TAMS 0x0000000747e00000, 0x0000000747e00000| Untracked 
|  64|0x0000000748000000, 0x0000000748000000, 0x0000000748200000|  0%| F|  |TAMS 0x0000000748000000, 0x0000000748000000| Untracked 
|  65|0x0000000748200000, 0x0000000748200000, 0x0000000748400000|  0%| F|  |TAMS 0x0000000748200000, 0x0000000748200000| Untracked 
|  66|0x0000000748400000, 0x0000000748400000, 0x0000000748600000|  0%| F|  |TAMS 0x0000000748400000, 0x0000000748400000| Untracked 
|  67|0x0000000748600000, 0x0000000748600000, 0x0000000748800000|  0%| F|  |TAMS 0x0000000748600000, 0x0000000748600000| Untracked 
|  68|0x0000000748800000, 0x0000000748800000, 0x0000000748a00000|  0%| F|  |TAMS 0x0000000748800000, 0x0000000748800000| Untracked 
|  69|0x0000000748a00000, 0x0000000748c00000, 0x0000000748c00000|100%| O|  |TAMS 0x0000000748c00000, 0x0000000748a00000| Untracked 
|  70|0x0000000748c00000, 0x0000000748c00000, 0x0000000748e00000|  0%| F|  |TAMS 0x0000000748c00000, 0x0000000748c00000| Untracked 
|  71|0x0000000748e00000, 0x0000000748e00000, 0x0000000749000000|  0%| F|  |TAMS 0x0000000748e00000, 0x0000000748e00000| Untracked 
|  72|0x0000000749000000, 0x0000000749200000, 0x0000000749200000|100%| O|  |TAMS 0x0000000749200000, 0x0000000749000000| Untracked 
|  73|0x0000000749200000, 0x0000000749200000, 0x0000000749400000|  0%| F|  |TAMS 0x0000000749200000, 0x0000000749200000| Untracked 
|  74|0x0000000749400000, 0x0000000749600000, 0x0000000749600000|100%| O|  |TAMS 0x0000000749600000, 0x0000000749400000| Untracked 
|  75|0x0000000749600000, 0x0000000749800000, 0x0000000749800000|100%| O|  |TAMS 0x0000000749800000, 0x0000000749600000| Complete 
|  76|0x0000000749800000, 0x0000000749800000, 0x0000000749a00000|  0%| F|  |TAMS 0x0000000749800000, 0x0000000749800000| Untracked 
|  77|0x0000000749a00000, 0x0000000749c00000, 0x0000000749c00000|100%| O|  |TAMS 0x0000000749c00000, 0x0000000749a00000| Untracked 
|  78|0x0000000749c00000, 0x0000000749e00000, 0x0000000749e00000|100%| O|  |TAMS 0x0000000749e00000, 0x0000000749c00000| Untracked 
|  79|0x0000000749e00000, 0x0000000749e00000, 0x000000074a000000|  0%| F|  |TAMS 0x0000000749e00000, 0x0000000749e00000| Untracked 
|  80|0x000000074a000000, 0x000000074a200000, 0x000000074a200000|100%|HS|  |TAMS 0x000000074a000000, 0x000000074a000000| Complete 
|  81|0x000000074a200000, 0x000000074a200000, 0x000000074a400000|  0%| F|  |TAMS 0x000000074a200000, 0x000000074a200000| Untracked 
|  82|0x000000074a400000, 0x000000074a400000, 0x000000074a600000|  0%| F|  |TAMS 0x000000074a400000, 0x000000074a400000| Untracked 
|  83|0x000000074a600000, 0x000000074a600000, 0x000000074a800000|  0%| F|  |TAMS 0x000000074a600000, 0x000000074a600000| Untracked 
|  84|0x000000074a800000, 0x000000074a800000, 0x000000074aa00000|  0%| F|  |TAMS 0x000000074a800000, 0x000000074a800000| Untracked 
|  85|0x000000074aa00000, 0x000000074aa00000, 0x000000074ac00000|  0%| F|  |TAMS 0x000000074aa00000, 0x000000074aa00000| Untracked 
|  86|0x000000074ac00000, 0x000000074ae00000, 0x000000074ae00000|100%|HS|  |TAMS 0x000000074ac00000, 0x000000074ac00000| Complete 
|  87|0x000000074ae00000, 0x000000074ae00000, 0x000000074b000000|  0%| F|  |TAMS 0x000000074ae00000, 0x000000074ae00000| Untracked 
|  88|0x000000074b000000, 0x000000074b200000, 0x000000074b200000|100%|HS|  |TAMS 0x000000074b000000, 0x000000074b000000| Complete 
|  89|0x000000074b200000, 0x000000074b400000, 0x000000074b400000|100%|HS|  |TAMS 0x000000074b200000, 0x000000074b200000| Complete 
|  90|0x000000074b400000, 0x000000074b600000, 0x000000074b600000|100%|HS|  |TAMS 0x000000074b400000, 0x000000074b400000| Complete 
|  91|0x000000074b600000, 0x000000074b600000, 0x000000074b800000|  0%| F|  |TAMS 0x000000074b600000, 0x000000074b600000| Untracked 
|  92|0x000000074b800000, 0x000000074b800000, 0x000000074ba00000|  0%| F|  |TAMS 0x000000074b800000, 0x000000074b800000| Untracked 
|  93|0x000000074ba00000, 0x000000074ba00000, 0x000000074bc00000|  0%| F|  |TAMS 0x000000074ba00000, 0x000000074ba00000| Untracked 
|  94|0x000000074bc00000, 0x000000074bc00000, 0x000000074be00000|  0%| F|  |TAMS 0x000000074bc00000, 0x000000074bc00000| Untracked 
|  95|0x000000074be00000, 0x000000074be00000, 0x000000074c000000|  0%| F|  |TAMS 0x000000074be00000, 0x000000074be00000| Untracked 
|  96|0x000000074c000000, 0x000000074c000000, 0x000000074c200000|  0%| F|  |TAMS 0x000000074c000000, 0x000000074c000000| Untracked 
|  97|0x000000074c200000, 0x000000074c200000, 0x000000074c400000|  0%| F|  |TAMS 0x000000074c200000, 0x000000074c200000| Untracked 
|  98|0x000000074c400000, 0x000000074c400000, 0x000000074c600000|  0%| F|  |TAMS 0x000000074c400000, 0x000000074c400000| Untracked 
|  99|0x000000074c600000, 0x000000074c600000, 0x000000074c800000|  0%| F|  |TAMS 0x000000074c600000, 0x000000074c600000| Untracked 
| 100|0x000000074c800000, 0x000000074c800000, 0x000000074ca00000|  0%| F|  |TAMS 0x000000074c800000, 0x000000074c800000| Untracked 
| 101|0x000000074ca00000, 0x000000074ca00000, 0x000000074cc00000|  0%| F|  |TAMS 0x000000074ca00000, 0x000000074ca00000| Untracked 
| 102|0x000000074cc00000, 0x000000074cc00000, 0x000000074ce00000|  0%| F|  |TAMS 0x000000074cc00000, 0x000000074cc00000| Untracked 
| 103|0x000000074ce00000, 0x000000074ce00000, 0x000000074d000000|  0%| F|  |TAMS 0x000000074ce00000, 0x000000074ce00000| Untracked 
| 104|0x000000074d000000, 0x000000074d000000, 0x000000074d200000|  0%| F|  |TAMS 0x000000074d000000, 0x000000074d000000| Untracked 
| 105|0x000000074d200000, 0x000000074d200000, 0x000000074d400000|  0%| F|  |TAMS 0x000000074d200000, 0x000000074d200000| Untracked 
| 106|0x000000074d400000, 0x000000074d400000, 0x000000074d600000|  0%| F|  |TAMS 0x000000074d400000, 0x000000074d400000| Untracked 
| 107|0x000000074d600000, 0x000000074d600000, 0x000000074d800000|  0%| F|  |TAMS 0x000000074d600000, 0x000000074d600000| Untracked 
| 108|0x000000074d800000, 0x000000074da00000, 0x000000074da00000|100%| O|  |TAMS 0x000000074da00000, 0x000000074d800000| Untracked 
| 109|0x000000074da00000, 0x000000074dc00000, 0x000000074dc00000|100%| O|  |TAMS 0x000000074dc00000, 0x000000074da00000| Complete 
| 110|0x000000074dc00000, 0x000000074de00000, 0x000000074de00000|100%| O|  |TAMS 0x000000074de00000, 0x000000074dc00000| Untracked 
| 111|0x000000074de00000, 0x000000074e000000, 0x000000074e000000|100%| O|  |TAMS 0x000000074e000000, 0x000000074de00000| Untracked 
| 112|0x000000074e000000, 0x000000074e000000, 0x000000074e200000|  0%| F|  |TAMS 0x000000074e000000, 0x000000074e000000| Untracked 
| 113|0x000000074e200000, 0x000000074e200000, 0x000000074e400000|  0%| F|  |TAMS 0x000000074e200000, 0x000000074e200000| Untracked 
| 114|0x000000074e400000, 0x000000074e400000, 0x000000074e600000|  0%| F|  |TAMS 0x000000074e400000, 0x000000074e400000| Untracked 
| 115|0x000000074e600000, 0x000000074e600000, 0x000000074e800000|  0%| F|  |TAMS 0x000000074e600000, 0x000000074e600000| Untracked 
| 116|0x000000074e800000, 0x000000074ea00000, 0x000000074ea00000|100%| O|  |TAMS 0x000000074ea00000, 0x000000074e800000| Complete 
| 117|0x000000074ea00000, 0x000000074ec00000, 0x000000074ec00000|100%| O|  |TAMS 0x000000074ec00000, 0x000000074ea00000| Untracked 
| 118|0x000000074ec00000, 0x000000074ec00000, 0x000000074ee00000|  0%| F|  |TAMS 0x000000074ec00000, 0x000000074ec00000| Untracked 
| 119|0x000000074ee00000, 0x000000074f000000, 0x000000074f000000|100%| O|  |TAMS 0x000000074f000000, 0x000000074ee00000| Complete 
| 120|0x000000074f000000, 0x000000074f200000, 0x000000074f200000|100%| O|  |TAMS 0x000000074f200000, 0x000000074f000000| Complete 
| 121|0x000000074f200000, 0x000000074f400000, 0x000000074f400000|100%| O|  |TAMS 0x000000074f400000, 0x000000074f200000| Complete 
| 122|0x000000074f400000, 0x000000074f600000, 0x000000074f600000|100%| O|  |TAMS 0x000000074f600000, 0x000000074f400000| Complete 
| 123|0x000000074f600000, 0x000000074f800000, 0x000000074f800000|100%| O|  |TAMS 0x000000074f800000, 0x000000074f600000| Complete 
| 124|0x000000074f800000, 0x000000074fa00000, 0x000000074fa00000|100%| O|  |TAMS 0x000000074fa00000, 0x000000074f800000| Complete 
| 125|0x000000074fa00000, 0x000000074fc00000, 0x000000074fc00000|100%| O|  |TAMS 0x000000074fc00000, 0x000000074fa00000| Complete 
| 126|0x000000074fc00000, 0x000000074fe00000, 0x000000074fe00000|100%| O|  |TAMS 0x000000074fe00000, 0x000000074fc00000| Untracked 
| 127|0x000000074fe00000, 0x000000074fe00000, 0x0000000750000000|  0%| F|  |TAMS 0x000000074fe00000, 0x000000074fe00000| Untracked 
| 128|0x0000000750000000, 0x0000000750200000, 0x0000000750200000|100%| O|  |TAMS 0x0000000750200000, 0x0000000750000000| Untracked 
| 129|0x0000000750200000, 0x0000000750400000, 0x0000000750400000|100%| O|  |TAMS 0x0000000750400000, 0x0000000750200000| Untracked 
| 130|0x0000000750400000, 0x0000000750600000, 0x0000000750600000|100%| O|  |TAMS 0x0000000750600000, 0x0000000750400000| Untracked 
| 131|0x0000000750600000, 0x0000000750800000, 0x0000000750800000|100%| O|  |TAMS 0x0000000750800000, 0x0000000750600000| Untracked 
| 132|0x0000000750800000, 0x0000000750a00000, 0x0000000750a00000|100%| O|  |TAMS 0x0000000750a00000, 0x0000000750800000| Untracked 
| 133|0x0000000750a00000, 0x0000000750c00000, 0x0000000750c00000|100%| O|  |TAMS 0x0000000750c00000, 0x0000000750a00000| Complete 
| 134|0x0000000750c00000, 0x0000000750e00000, 0x0000000750e00000|100%| O|  |TAMS 0x0000000750e00000, 0x0000000750c00000| Untracked 
| 135|0x0000000750e00000, 0x0000000750e00000, 0x0000000751000000|  0%| F|  |TAMS 0x0000000750e00000, 0x0000000750e00000| Untracked 
| 136|0x0000000751000000, 0x0000000751000000, 0x0000000751200000|  0%| F|  |TAMS 0x0000000751000000, 0x0000000751000000| Untracked 
| 137|0x0000000751200000, 0x0000000751200000, 0x0000000751400000|  0%| F|  |TAMS 0x0000000751200000, 0x0000000751200000| Untracked 
| 138|0x0000000751400000, 0x0000000751400000, 0x0000000751600000|  0%| F|  |TAMS 0x0000000751400000, 0x0000000751400000| Untracked 
| 139|0x0000000751600000, 0x0000000751800000, 0x0000000751800000|100%| O|  |TAMS 0x0000000751800000, 0x0000000751600000| Complete 
| 140|0x0000000751800000, 0x0000000751800000, 0x0000000751a00000|  0%| F|  |TAMS 0x0000000751800000, 0x0000000751800000| Untracked 
| 141|0x0000000751a00000, 0x0000000751c00000, 0x0000000751c00000|100%| O|  |TAMS 0x0000000751c00000, 0x0000000751a00000| Complete 
| 142|0x0000000751c00000, 0x0000000751c00000, 0x0000000751e00000|  0%| F|  |TAMS 0x0000000751c00000, 0x0000000751c00000| Untracked 
| 143|0x0000000751e00000, 0x0000000751e00000, 0x0000000752000000|  0%| F|  |TAMS 0x0000000751e00000, 0x0000000751e00000| Untracked 
| 144|0x0000000752000000, 0x0000000752000000, 0x0000000752200000|  0%| F|  |TAMS 0x0000000752000000, 0x0000000752000000| Untracked 
| 145|0x0000000752200000, 0x0000000752400000, 0x0000000752400000|100%| O|  |TAMS 0x0000000752400000, 0x0000000752200000| Complete 
| 146|0x0000000752400000, 0x0000000752400000, 0x0000000752600000|  0%| F|  |TAMS 0x0000000752400000, 0x0000000752400000| Untracked 
| 147|0x0000000752600000, 0x0000000752800000, 0x0000000752800000|100%| O|  |TAMS 0x0000000752800000, 0x0000000752600000| Complete 
| 148|0x0000000752800000, 0x0000000752a00000, 0x0000000752a00000|100%| O|  |TAMS 0x0000000752a00000, 0x0000000752800000| Complete 
| 149|0x0000000752a00000, 0x0000000752c00000, 0x0000000752c00000|100%| O|  |TAMS 0x0000000752c00000, 0x0000000752a00000| Complete 
| 150|0x0000000752c00000, 0x0000000752c00000, 0x0000000752e00000|  0%| F|  |TAMS 0x0000000752c00000, 0x0000000752c00000| Untracked 
| 151|0x0000000752e00000, 0x0000000753000000, 0x0000000753000000|100%| O|  |TAMS 0x0000000753000000, 0x0000000752e00000| Complete 
| 152|0x0000000753000000, 0x0000000753200000, 0x0000000753200000|100%| O|  |TAMS 0x0000000753200000, 0x0000000753000000| Untracked 
| 153|0x0000000753200000, 0x0000000753200000, 0x0000000753400000|  0%| F|  |TAMS 0x0000000753200000, 0x0000000753200000| Untracked 
| 154|0x0000000753400000, 0x0000000753400000, 0x0000000753600000|  0%| F|  |TAMS 0x0000000753400000, 0x0000000753400000| Untracked 
| 155|0x0000000753600000, 0x0000000753800000, 0x0000000753800000|100%| O|  |TAMS 0x0000000753800000, 0x0000000753600000| Complete 
| 156|0x0000000753800000, 0x0000000753a00000, 0x0000000753a00000|100%|HS|  |TAMS 0x0000000753800000, 0x0000000753800000| Complete 
| 157|0x0000000753a00000, 0x0000000753c00000, 0x0000000753c00000|100%|HS|  |TAMS 0x0000000753a00000, 0x0000000753a00000| Complete 
| 158|0x0000000753c00000, 0x0000000753e00000, 0x0000000753e00000|100%| O|  |TAMS 0x0000000753e00000, 0x0000000753c00000| Untracked 
| 159|0x0000000753e00000, 0x0000000754000000, 0x0000000754000000|100%| O|  |TAMS 0x0000000754000000, 0x0000000753e00000| Untracked 
| 160|0x0000000754000000, 0x0000000754200000, 0x0000000754200000|100%| O|  |TAMS 0x0000000754200000, 0x0000000754000000| Complete 
| 161|0x0000000754200000, 0x0000000754400000, 0x0000000754400000|100%| O|  |TAMS 0x0000000754400000, 0x0000000754200000| Untracked 
| 162|0x0000000754400000, 0x0000000754600000, 0x0000000754600000|100%| O|  |TAMS 0x0000000754600000, 0x0000000754400000| Complete 
| 163|0x0000000754600000, 0x0000000754600000, 0x0000000754800000|  0%| F|  |TAMS 0x0000000754600000, 0x0000000754600000| Untracked 
| 164|0x0000000754800000, 0x0000000754a00000, 0x0000000754a00000|100%| O|  |TAMS 0x0000000754a00000, 0x0000000754800000| Complete 
| 165|0x0000000754a00000, 0x0000000754c00000, 0x0000000754c00000|100%| O|  |TAMS 0x0000000754c00000, 0x0000000754a00000| Complete 
| 166|0x0000000754c00000, 0x0000000754c00000, 0x0000000754e00000|  0%| F|  |TAMS 0x0000000754c00000, 0x0000000754c00000| Untracked 
| 167|0x0000000754e00000, 0x0000000754e00000, 0x0000000755000000|  0%| F|  |TAMS 0x0000000754e00000, 0x0000000754e00000| Untracked 
| 168|0x0000000755000000, 0x0000000755200000, 0x0000000755200000|100%| O|  |TAMS 0x0000000755200000, 0x0000000755000000| Complete 
| 169|0x0000000755200000, 0x0000000755400000, 0x0000000755400000|100%| O|  |TAMS 0x0000000755400000, 0x0000000755200000| Complete 
| 170|0x0000000755400000, 0x0000000755400000, 0x0000000755600000|  0%| F|  |TAMS 0x0000000755400000, 0x0000000755400000| Untracked 
| 171|0x0000000755600000, 0x0000000755800000, 0x0000000755800000|100%| O|  |TAMS 0x0000000755800000, 0x0000000755600000| Complete 
| 172|0x0000000755800000, 0x0000000755800000, 0x0000000755a00000|  0%| F|  |TAMS 0x0000000755800000, 0x0000000755800000| Untracked 
| 173|0x0000000755a00000, 0x0000000755c00000, 0x0000000755c00000|100%|HS|  |TAMS 0x0000000755a00000, 0x0000000755a00000| Complete 
| 174|0x0000000755c00000, 0x0000000755e00000, 0x0000000755e00000|100%|HS|  |TAMS 0x0000000755c00000, 0x0000000755c00000| Complete 
| 175|0x0000000755e00000, 0x0000000756000000, 0x0000000756000000|100%|HS|  |TAMS 0x0000000755e00000, 0x0000000755e00000| Complete 
| 176|0x0000000756000000, 0x0000000756200000, 0x0000000756200000|100%|HS|  |TAMS 0x0000000756000000, 0x0000000756000000| Complete 
| 177|0x0000000756200000, 0x0000000756400000, 0x0000000756400000|100%|HS|  |TAMS 0x0000000756200000, 0x0000000756200000| Complete 
| 178|0x0000000756400000, 0x0000000756400000, 0x0000000756600000|  0%| F|  |TAMS 0x0000000756400000, 0x0000000756400000| Untracked 
| 179|0x0000000756600000, 0x0000000756600000, 0x0000000756800000|  0%| F|  |TAMS 0x0000000756600000, 0x0000000756600000| Untracked 
| 180|0x0000000756800000, 0x0000000756800000, 0x0000000756a00000|  0%| F|  |TAMS 0x0000000756800000, 0x0000000756800000| Untracked 
| 181|0x0000000756a00000, 0x0000000756c00000, 0x0000000756c00000|100%| O|  |TAMS 0x0000000756c00000, 0x0000000756a00000| Complete 
| 182|0x0000000756c00000, 0x0000000756e00000, 0x0000000756e00000|100%| O|  |TAMS 0x0000000756e00000, 0x0000000756c00000| Untracked 
| 183|0x0000000756e00000, 0x0000000757000000, 0x0000000757000000|100%| O|  |TAMS 0x0000000757000000, 0x0000000756e00000| Complete 
| 184|0x0000000757000000, 0x0000000757200000, 0x0000000757200000|100%| O|  |TAMS 0x0000000757200000, 0x0000000757000000| Untracked 
| 185|0x0000000757200000, 0x0000000757400000, 0x0000000757400000|100%| O|  |TAMS 0x0000000757400000, 0x0000000757200000| Complete 
| 186|0x0000000757400000, 0x0000000757600000, 0x0000000757600000|100%| O|  |TAMS 0x0000000757600000, 0x0000000757400000| Complete 
| 187|0x0000000757600000, 0x0000000757800000, 0x0000000757800000|100%| O|  |TAMS 0x0000000757800000, 0x0000000757600000| Complete 
| 188|0x0000000757800000, 0x0000000757800000, 0x0000000757a00000|  0%| F|  |TAMS 0x0000000757800000, 0x0000000757800000| Untracked 
| 189|0x0000000757a00000, 0x0000000757c00000, 0x0000000757c00000|100%| O|  |TAMS 0x0000000757c00000, 0x0000000757a00000| Complete 
| 190|0x0000000757c00000, 0x0000000757e00000, 0x0000000757e00000|100%| O|  |TAMS 0x0000000757e00000, 0x0000000757c00000| Complete 
| 191|0x0000000757e00000, 0x0000000758000000, 0x0000000758000000|100%| O|  |TAMS 0x0000000758000000, 0x0000000757e00000| Complete 
| 192|0x0000000758000000, 0x0000000758000000, 0x0000000758200000|  0%| F|  |TAMS 0x0000000758000000, 0x0000000758000000| Untracked 
| 193|0x0000000758200000, 0x0000000758200000, 0x0000000758400000|  0%| F|  |TAMS 0x0000000758200000, 0x0000000758200000| Untracked 
| 194|0x0000000758400000, 0x0000000758600000, 0x0000000758600000|100%| O|  |TAMS 0x0000000758600000, 0x0000000758400000| Complete 
| 195|0x0000000758600000, 0x0000000758800000, 0x0000000758800000|100%| O|  |TAMS 0x0000000758800000, 0x0000000758600000| Untracked 
| 196|0x0000000758800000, 0x0000000758a00000, 0x0000000758a00000|100%| O|  |TAMS 0x0000000758a00000, 0x0000000758800000| Complete 
| 197|0x0000000758a00000, 0x0000000758a00000, 0x0000000758c00000|  0%| F|  |TAMS 0x0000000758a00000, 0x0000000758a00000| Untracked 
| 198|0x0000000758c00000, 0x0000000758c00000, 0x0000000758e00000|  0%| F|  |TAMS 0x0000000758c00000, 0x0000000758c00000| Untracked 
| 199|0x0000000758e00000, 0x0000000759000000, 0x0000000759000000|100%| O|  |TAMS 0x0000000759000000, 0x0000000758e00000| Complete 
| 200|0x0000000759000000, 0x0000000759200000, 0x0000000759200000|100%| O|  |TAMS 0x0000000759200000, 0x0000000759000000| Complete 
| 201|0x0000000759200000, 0x0000000759400000, 0x0000000759400000|100%| O|  |TAMS 0x0000000759400000, 0x0000000759200000| Complete 
| 202|0x0000000759400000, 0x0000000759600000, 0x0000000759600000|100%| O|  |TAMS 0x0000000759600000, 0x0000000759400000| Complete 
| 203|0x0000000759600000, 0x0000000759800000, 0x0000000759800000|100%| O|  |TAMS 0x0000000759800000, 0x0000000759600000| Complete 
| 204|0x0000000759800000, 0x0000000759a00000, 0x0000000759a00000|100%| O|  |TAMS 0x0000000759a00000, 0x0000000759800000| Untracked 
| 205|0x0000000759a00000, 0x0000000759c00000, 0x0000000759c00000|100%| O|  |TAMS 0x0000000759c00000, 0x0000000759a00000| Complete 
| 206|0x0000000759c00000, 0x0000000759e00000, 0x0000000759e00000|100%| O|  |TAMS 0x0000000759e00000, 0x0000000759c00000| Complete 
| 207|0x0000000759e00000, 0x000000075a000000, 0x000000075a000000|100%| O|  |TAMS 0x000000075a000000, 0x0000000759e00000| Complete 
| 208|0x000000075a000000, 0x000000075a200000, 0x000000075a200000|100%| O|  |TAMS 0x000000075a200000, 0x000000075a000000| Complete 
| 209|0x000000075a200000, 0x000000075a400000, 0x000000075a400000|100%| O|  |TAMS 0x000000075a400000, 0x000000075a200000| Complete 
| 210|0x000000075a400000, 0x000000075a600000, 0x000000075a600000|100%| O|  |TAMS 0x000000075a600000, 0x000000075a400000| Complete 
| 211|0x000000075a600000, 0x000000075a800000, 0x000000075a800000|100%|HS|  |TAMS 0x000000075a600000, 0x000000075a600000| Complete 
| 212|0x000000075a800000, 0x000000075aa00000, 0x000000075aa00000|100%| O|  |TAMS 0x000000075aa00000, 0x000000075a800000| Untracked 
| 213|0x000000075aa00000, 0x000000075ac00000, 0x000000075ac00000|100%| O|  |TAMS 0x000000075ac00000, 0x000000075aa00000| Complete 
| 214|0x000000075ac00000, 0x000000075ae00000, 0x000000075ae00000|100%| O|  |TAMS 0x000000075ae00000, 0x000000075ac00000| Complete 
| 215|0x000000075ae00000, 0x000000075b000000, 0x000000075b000000|100%| O|  |TAMS 0x000000075b000000, 0x000000075ae00000| Complete 
| 216|0x000000075b000000, 0x000000075b200000, 0x000000075b200000|100%| O|  |TAMS 0x000000075b200000, 0x000000075b000000| Complete 
| 217|0x000000075b200000, 0x000000075b200000, 0x000000075b400000|  0%| F|  |TAMS 0x000000075b200000, 0x000000075b200000| Untracked 
| 218|0x000000075b400000, 0x000000075b400000, 0x000000075b600000|  0%| F|  |TAMS 0x000000075b400000, 0x000000075b400000| Untracked 
| 219|0x000000075b600000, 0x000000075b800000, 0x000000075b800000|100%| O|  |TAMS 0x000000075b800000, 0x000000075b600000| Complete 
| 220|0x000000075b800000, 0x000000075ba00000, 0x000000075ba00000|100%| O|  |TAMS 0x000000075ba00000, 0x000000075b800000| Complete 
| 221|0x000000075ba00000, 0x000000075bc00000, 0x000000075bc00000|100%| O|  |TAMS 0x000000075bc00000, 0x000000075ba00000| Untracked 
| 222|0x000000075bc00000, 0x000000075be00000, 0x000000075be00000|100%| O|  |TAMS 0x000000075be00000, 0x000000075bc00000| Complete 
| 223|0x000000075be00000, 0x000000075c000000, 0x000000075c000000|100%| O|  |TAMS 0x000000075c000000, 0x000000075be00000| Complete 
| 224|0x000000075c000000, 0x000000075c200000, 0x000000075c200000|100%| O|  |TAMS 0x000000075c200000, 0x000000075c000000| Complete 
| 225|0x000000075c200000, 0x000000075c400000, 0x000000075c400000|100%| O|  |TAMS 0x000000075c400000, 0x000000075c200000| Complete 
| 226|0x000000075c400000, 0x000000075c600000, 0x000000075c600000|100%| O|  |TAMS 0x000000075c600000, 0x000000075c400000| Complete 
| 227|0x000000075c600000, 0x000000075c600000, 0x000000075c800000|  0%| F|  |TAMS 0x000000075c600000, 0x000000075c600000| Untracked 
| 228|0x000000075c800000, 0x000000075c800000, 0x000000075ca00000|  0%| F|  |TAMS 0x000000075c800000, 0x000000075c800000| Untracked 
| 229|0x000000075ca00000, 0x000000075cc00000, 0x000000075cc00000|100%| O|  |TAMS 0x000000075cc00000, 0x000000075ca00000| Complete 
| 230|0x000000075cc00000, 0x000000075ce00000, 0x000000075ce00000|100%| O|  |TAMS 0x000000075ce00000, 0x000000075cc00000| Complete 
| 231|0x000000075ce00000, 0x000000075d000000, 0x000000075d000000|100%| O|  |TAMS 0x000000075d000000, 0x000000075ce00000| Untracked 
| 232|0x000000075d000000, 0x000000075d200000, 0x000000075d200000|100%| O|  |TAMS 0x000000075d200000, 0x000000075d000000| Untracked 
| 233|0x000000075d200000, 0x000000075d400000, 0x000000075d400000|100%| O|  |TAMS 0x000000075d400000, 0x000000075d200000| Untracked 
| 234|0x000000075d400000, 0x000000075d600000, 0x000000075d600000|100%| O|  |TAMS 0x000000075d600000, 0x000000075d400000| Complete 
| 235|0x000000075d600000, 0x000000075d800000, 0x000000075d800000|100%| O|  |TAMS 0x000000075d800000, 0x000000075d600000| Complete 
| 236|0x000000075d800000, 0x000000075d800000, 0x000000075da00000|  0%| F|  |TAMS 0x000000075d800000, 0x000000075d800000| Untracked 
| 237|0x000000075da00000, 0x000000075dc00000, 0x000000075dc00000|100%| O|  |TAMS 0x000000075dc00000, 0x000000075da00000| Complete 
| 238|0x000000075dc00000, 0x000000075de00000, 0x000000075de00000|100%| O|  |TAMS 0x000000075de00000, 0x000000075dc00000| Complete 
| 239|0x000000075de00000, 0x000000075de00000, 0x000000075e000000|  0%| F|  |TAMS 0x000000075de00000, 0x000000075de00000| Untracked 
| 240|0x000000075e000000, 0x000000075e000000, 0x000000075e200000|  0%| F|  |TAMS 0x000000075e000000, 0x000000075e000000| Untracked 
| 241|0x000000075e200000, 0x000000075e400000, 0x000000075e400000|100%| O|  |TAMS 0x000000075e400000, 0x000000075e200000| Complete 
| 242|0x000000075e400000, 0x000000075e600000, 0x000000075e600000|100%| O|  |TAMS 0x000000075e600000, 0x000000075e400000| Complete 
| 243|0x000000075e600000, 0x000000075e600000, 0x000000075e800000|  0%| F|  |TAMS 0x000000075e600000, 0x000000075e600000| Untracked 
| 244|0x000000075e800000, 0x000000075ea00000, 0x000000075ea00000|100%| O|  |TAMS 0x000000075ea00000, 0x000000075e800000| Complete 
| 245|0x000000075ea00000, 0x000000075ec00000, 0x000000075ec00000|100%| O|  |TAMS 0x000000075ec00000, 0x000000075ea00000| Complete 
| 246|0x000000075ec00000, 0x000000075ee00000, 0x000000075ee00000|100%| O|  |TAMS 0x000000075ee00000, 0x000000075ec00000| Untracked 
| 247|0x000000075ee00000, 0x000000075f000000, 0x000000075f000000|100%| O|  |TAMS 0x000000075f000000, 0x000000075ee00000| Complete 
| 248|0x000000075f000000, 0x000000075f000000, 0x000000075f200000|  0%| F|  |TAMS 0x000000075f000000, 0x000000075f000000| Untracked 
| 249|0x000000075f200000, 0x000000075f200000, 0x000000075f400000|  0%| F|  |TAMS 0x000000075f200000, 0x000000075f200000| Untracked 
| 250|0x000000075f400000, 0x000000075f600000, 0x000000075f600000|100%| O|  |TAMS 0x000000075f600000, 0x000000075f400000| Complete 
| 251|0x000000075f600000, 0x000000075f800000, 0x000000075f800000|100%| O|  |TAMS 0x000000075f800000, 0x000000075f600000| Complete 
| 252|0x000000075f800000, 0x000000075fa00000, 0x000000075fa00000|100%| O|  |TAMS 0x000000075fa00000, 0x000000075f800000| Complete 
| 253|0x000000075fa00000, 0x000000075fc00000, 0x000000075fc00000|100%| O|  |TAMS 0x000000075fc00000, 0x000000075fa00000| Complete 
| 254|0x000000075fc00000, 0x000000075fe00000, 0x000000075fe00000|100%| O|  |TAMS 0x000000075fe00000, 0x000000075fc00000| Complete 
| 255|0x000000075fe00000, 0x0000000760000000, 0x0000000760000000|100%| O|  |TAMS 0x0000000760000000, 0x000000075fe00000| Complete 
| 256|0x0000000760000000, 0x0000000760200000, 0x0000000760200000|100%| O|  |TAMS 0x0000000760200000, 0x0000000760000000| Complete 
| 257|0x0000000760200000, 0x0000000760200000, 0x0000000760400000|  0%| F|  |TAMS 0x0000000760200000, 0x0000000760200000| Untracked 
| 258|0x0000000760400000, 0x0000000760400000, 0x0000000760600000|  0%| F|  |TAMS 0x0000000760400000, 0x0000000760400000| Untracked 
| 259|0x0000000760600000, 0x0000000760600000, 0x0000000760800000|  0%| F|  |TAMS 0x0000000760600000, 0x0000000760600000| Untracked 
| 260|0x0000000760800000, 0x0000000760a00000, 0x0000000760a00000|100%| O|  |TAMS 0x0000000760a00000, 0x0000000760800000| Complete 
| 261|0x0000000760a00000, 0x0000000760a00000, 0x0000000760c00000|  0%| F|  |TAMS 0x0000000760a00000, 0x0000000760a00000| Untracked 
| 262|0x0000000760c00000, 0x0000000760c00000, 0x0000000760e00000|  0%| F|  |TAMS 0x0000000760c00000, 0x0000000760c00000| Untracked 
| 263|0x0000000760e00000, 0x0000000760e00000, 0x0000000761000000|  0%| F|  |TAMS 0x0000000760e00000, 0x0000000760e00000| Untracked 
| 264|0x0000000761000000, 0x0000000761000000, 0x0000000761200000|  0%| F|  |TAMS 0x0000000761000000, 0x0000000761000000| Untracked 
| 265|0x0000000761200000, 0x0000000761400000, 0x0000000761400000|100%| O|  |TAMS 0x0000000761400000, 0x0000000761200000| Complete 
| 266|0x0000000761400000, 0x0000000761400000, 0x0000000761600000|  0%| F|  |TAMS 0x0000000761400000, 0x0000000761400000| Untracked 
| 267|0x0000000761600000, 0x0000000761800000, 0x0000000761800000|100%| O|  |TAMS 0x0000000761800000, 0x0000000761600000| Complete 
| 268|0x0000000761800000, 0x0000000761a00000, 0x0000000761a00000|100%| O|  |TAMS 0x0000000761a00000, 0x0000000761800000| Complete 
| 269|0x0000000761a00000, 0x0000000761c00000, 0x0000000761c00000|100%| O|  |TAMS 0x0000000761c00000, 0x0000000761a00000| Complete 
| 270|0x0000000761c00000, 0x0000000761e00000, 0x0000000761e00000|100%| O|  |TAMS 0x0000000761e00000, 0x0000000761c00000| Complete 
| 271|0x0000000761e00000, 0x0000000761e00000, 0x0000000762000000|  0%| F|  |TAMS 0x0000000761e00000, 0x0000000761e00000| Untracked 
| 272|0x0000000762000000, 0x0000000762200000, 0x0000000762200000|100%| O|  |TAMS 0x0000000762200000, 0x0000000762000000| Complete 
| 273|0x0000000762200000, 0x0000000762200000, 0x0000000762400000|  0%| F|  |TAMS 0x0000000762200000, 0x0000000762200000| Untracked 
| 274|0x0000000762400000, 0x0000000762600000, 0x0000000762600000|100%| O|  |TAMS 0x0000000762600000, 0x0000000762400000| Complete 
| 275|0x0000000762600000, 0x0000000762800000, 0x0000000762800000|100%| O|  |TAMS 0x0000000762800000, 0x0000000762600000| Complete 
| 276|0x0000000762800000, 0x0000000762a00000, 0x0000000762a00000|100%| O|  |TAMS 0x0000000762a00000, 0x0000000762800000| Complete 
| 277|0x0000000762a00000, 0x0000000762c00000, 0x0000000762c00000|100%| O|  |TAMS 0x0000000762c00000, 0x0000000762a00000| Complete 
| 278|0x0000000762c00000, 0x0000000762e00000, 0x0000000762e00000|100%| O|  |TAMS 0x0000000762e00000, 0x0000000762c00000| Untracked 
| 279|0x0000000762e00000, 0x0000000762e00000, 0x0000000763000000|  0%| F|  |TAMS 0x0000000762e00000, 0x0000000762e00000| Untracked 
| 280|0x0000000763000000, 0x0000000763000000, 0x0000000763200000|  0%| F|  |TAMS 0x0000000763000000, 0x0000000763000000| Untracked 
| 281|0x0000000763200000, 0x0000000763200000, 0x0000000763400000|  0%| F|  |TAMS 0x0000000763200000, 0x0000000763200000| Untracked 
| 282|0x0000000763400000, 0x0000000763400000, 0x0000000763600000|  0%| F|  |TAMS 0x0000000763400000, 0x0000000763400000| Untracked 
| 283|0x0000000763600000, 0x0000000763600000, 0x0000000763800000|  0%| F|  |TAMS 0x0000000763600000, 0x0000000763600000| Untracked 
| 284|0x0000000763800000, 0x0000000763a00000, 0x0000000763a00000|100%| O|  |TAMS 0x0000000763a00000, 0x0000000763800000| Complete 
| 285|0x0000000763a00000, 0x0000000763c00000, 0x0000000763c00000|100%| O|  |TAMS 0x0000000763c00000, 0x0000000763a00000| Untracked 
| 286|0x0000000763c00000, 0x0000000763e00000, 0x0000000763e00000|100%| O|  |TAMS 0x0000000763e00000, 0x0000000763c00000| Complete 
| 287|0x0000000763e00000, 0x0000000763e00000, 0x0000000764000000|  0%| F|  |TAMS 0x0000000763e00000, 0x0000000763e00000| Untracked 
| 288|0x0000000764000000, 0x0000000764000000, 0x0000000764200000|  0%| F|  |TAMS 0x0000000764000000, 0x0000000764000000| Untracked 
| 289|0x0000000764200000, 0x0000000764400000, 0x0000000764400000|100%| O|  |TAMS 0x0000000764400000, 0x0000000764200000| Untracked 
| 290|0x0000000764400000, 0x0000000764600000, 0x0000000764600000|100%| O|  |TAMS 0x0000000764600000, 0x0000000764400000| Untracked 
| 291|0x0000000764600000, 0x0000000764800000, 0x0000000764800000|100%| O|  |TAMS 0x0000000764800000, 0x0000000764600000| Untracked 
| 292|0x0000000764800000, 0x0000000764a00000, 0x0000000764a00000|100%| O|  |TAMS 0x0000000764a00000, 0x0000000764800000| Untracked 
| 293|0x0000000764a00000, 0x0000000764c00000, 0x0000000764c00000|100%| O|  |TAMS 0x0000000764c00000, 0x0000000764a00000| Untracked 
| 294|0x0000000764c00000, 0x0000000764e00000, 0x0000000764e00000|100%| O|  |TAMS 0x0000000764e00000, 0x0000000764c00000| Untracked 
| 295|0x0000000764e00000, 0x0000000764e00000, 0x0000000765000000|  0%| F|  |TAMS 0x0000000764e00000, 0x0000000764e00000| Untracked 
| 296|0x0000000765000000, 0x0000000765000000, 0x0000000765200000|  0%| F|  |TAMS 0x0000000765000000, 0x0000000765000000| Untracked 
| 297|0x0000000765200000, 0x0000000765400000, 0x0000000765400000|100%| O|  |TAMS 0x0000000765400000, 0x0000000765200000| Untracked 
| 298|0x0000000765400000, 0x0000000765600000, 0x0000000765600000|100%| O|  |TAMS 0x0000000765600000, 0x0000000765400000| Untracked 
| 299|0x0000000765600000, 0x0000000765800000, 0x0000000765800000|100%| O|  |TAMS 0x0000000765800000, 0x0000000765600000| Untracked 
| 300|0x0000000765800000, 0x0000000765a00000, 0x0000000765a00000|100%| O|  |TAMS 0x0000000765a00000, 0x0000000765800000| Untracked 
| 301|0x0000000765a00000, 0x0000000765c00000, 0x0000000765c00000|100%| O|  |TAMS 0x0000000765c00000, 0x0000000765a00000| Untracked 
| 302|0x0000000765c00000, 0x0000000765e00000, 0x0000000765e00000|100%| O|  |TAMS 0x0000000765e00000, 0x0000000765c00000| Untracked 
| 303|0x0000000765e00000, 0x0000000766000000, 0x0000000766000000|100%| O|  |TAMS 0x0000000766000000, 0x0000000765e00000| Untracked 
| 304|0x0000000766000000, 0x0000000766200000, 0x0000000766200000|100%| O|  |TAMS 0x0000000766200000, 0x0000000766000000| Untracked 
| 305|0x0000000766200000, 0x0000000766400000, 0x0000000766400000|100%| O|  |TAMS 0x0000000766400000, 0x0000000766200000| Untracked 
| 306|0x0000000766400000, 0x0000000766600000, 0x0000000766600000|100%| O|  |TAMS 0x0000000766600000, 0x0000000766400000| Untracked 
| 307|0x0000000766600000, 0x0000000766800000, 0x0000000766800000|100%| O|  |TAMS 0x0000000766800000, 0x0000000766600000| Untracked 
| 308|0x0000000766800000, 0x0000000766a00000, 0x0000000766a00000|100%| O|  |TAMS 0x0000000766a00000, 0x0000000766800000| Untracked 
| 309|0x0000000766a00000, 0x0000000766c00000, 0x0000000766c00000|100%| O|  |TAMS 0x0000000766c00000, 0x0000000766a00000| Untracked 
| 310|0x0000000766c00000, 0x0000000766e00000, 0x0000000766e00000|100%| O|  |TAMS 0x0000000766e00000, 0x0000000766c00000| Untracked 
| 311|0x0000000766e00000, 0x0000000767000000, 0x0000000767000000|100%| O|  |TAMS 0x0000000767000000, 0x0000000766e00000| Untracked 
| 312|0x0000000767000000, 0x0000000767200000, 0x0000000767200000|100%| O|  |TAMS 0x0000000767200000, 0x0000000767000000| Untracked 
| 313|0x0000000767200000, 0x0000000767400000, 0x0000000767400000|100%| O|  |TAMS 0x0000000767400000, 0x0000000767200000| Untracked 
| 314|0x0000000767400000, 0x0000000767600000, 0x0000000767600000|100%| O|  |TAMS 0x0000000767600000, 0x0000000767400000| Untracked 
| 315|0x0000000767600000, 0x0000000767800000, 0x0000000767800000|100%| O|  |TAMS 0x0000000767800000, 0x0000000767600000| Untracked 
| 316|0x0000000767800000, 0x0000000767a00000, 0x0000000767a00000|100%| O|  |TAMS 0x0000000767a00000, 0x0000000767800000| Complete 
| 317|0x0000000767a00000, 0x0000000767c00000, 0x0000000767c00000|100%| O|  |TAMS 0x0000000767c00000, 0x0000000767a00000| Untracked 
| 318|0x0000000767c00000, 0x0000000767e00000, 0x0000000767e00000|100%| O|  |TAMS 0x0000000767e00000, 0x0000000767c00000| Untracked 
| 319|0x0000000767e00000, 0x0000000768000000, 0x0000000768000000|100%| O|  |TAMS 0x0000000768000000, 0x0000000767e00000| Complete 
| 320|0x0000000768000000, 0x0000000768200000, 0x0000000768200000|100%| O|  |TAMS 0x0000000768200000, 0x0000000768000000| Untracked 
| 321|0x0000000768200000, 0x0000000768400000, 0x0000000768400000|100%| O|  |TAMS 0x0000000768400000, 0x0000000768200000| Untracked 
| 322|0x0000000768400000, 0x0000000768600000, 0x0000000768600000|100%| O|  |TAMS 0x0000000768600000, 0x0000000768400000| Untracked 
| 323|0x0000000768600000, 0x0000000768800000, 0x0000000768800000|100%| O|  |TAMS 0x0000000768800000, 0x0000000768600000| Untracked 
| 324|0x0000000768800000, 0x0000000768a00000, 0x0000000768a00000|100%| O|  |TAMS 0x0000000768a00000, 0x0000000768800000| Untracked 
| 325|0x0000000768a00000, 0x0000000768c00000, 0x0000000768c00000|100%| O|  |TAMS 0x0000000768c00000, 0x0000000768a00000| Untracked 
| 326|0x0000000768c00000, 0x0000000768e00000, 0x0000000768e00000|100%| O|  |TAMS 0x0000000768e00000, 0x0000000768c00000| Untracked 
| 327|0x0000000768e00000, 0x0000000769000000, 0x0000000769000000|100%| O|  |TAMS 0x0000000769000000, 0x0000000768e00000| Complete 
| 328|0x0000000769000000, 0x0000000769200000, 0x0000000769200000|100%| O|  |TAMS 0x0000000769200000, 0x0000000769000000| Untracked 
| 329|0x0000000769200000, 0x0000000769400000, 0x0000000769400000|100%| O|  |TAMS 0x0000000769400000, 0x0000000769200000| Untracked 
| 330|0x0000000769400000, 0x0000000769600000, 0x0000000769600000|100%| O|  |TAMS 0x0000000769600000, 0x0000000769400000| Untracked 
| 331|0x0000000769600000, 0x0000000769800000, 0x0000000769800000|100%| O|  |TAMS 0x0000000769800000, 0x0000000769600000| Untracked 
| 332|0x0000000769800000, 0x0000000769a00000, 0x0000000769a00000|100%| O|  |TAMS 0x0000000769a00000, 0x0000000769800000| Untracked 
| 333|0x0000000769a00000, 0x0000000769a00000, 0x0000000769c00000|  0%| F|  |TAMS 0x0000000769a00000, 0x0000000769a00000| Untracked 
| 334|0x0000000769c00000, 0x0000000769c00000, 0x0000000769e00000|  0%| F|  |TAMS 0x0000000769c00000, 0x0000000769c00000| Untracked 
| 335|0x0000000769e00000, 0x000000076a000000, 0x000000076a000000|100%| O|  |TAMS 0x000000076a000000, 0x0000000769e00000| Untracked 
| 336|0x000000076a000000, 0x000000076a200000, 0x000000076a200000|100%| O|  |TAMS 0x000000076a200000, 0x000000076a000000| Untracked 
| 337|0x000000076a200000, 0x000000076a400000, 0x000000076a400000|100%| O|  |TAMS 0x000000076a400000, 0x000000076a200000| Untracked 
| 338|0x000000076a400000, 0x000000076a600000, 0x000000076a600000|100%| O|  |TAMS 0x000000076a600000, 0x000000076a400000| Untracked 
| 339|0x000000076a600000, 0x000000076a800000, 0x000000076a800000|100%| O|  |TAMS 0x000000076a800000, 0x000000076a600000| Untracked 
| 340|0x000000076a800000, 0x000000076aa00000, 0x000000076aa00000|100%| O|  |TAMS 0x000000076aa00000, 0x000000076a800000| Untracked 
| 341|0x000000076aa00000, 0x000000076ac00000, 0x000000076ac00000|100%| O|  |TAMS 0x000000076ac00000, 0x000000076aa00000| Untracked 
| 342|0x000000076ac00000, 0x000000076ae00000, 0x000000076ae00000|100%| O|  |TAMS 0x000000076ae00000, 0x000000076ac00000| Untracked 
| 343|0x000000076ae00000, 0x000000076b000000, 0x000000076b000000|100%| O|  |TAMS 0x000000076b000000, 0x000000076ae00000| Complete 
| 344|0x000000076b000000, 0x000000076b000000, 0x000000076b200000|  0%| F|  |TAMS 0x000000076b000000, 0x000000076b000000| Untracked 
| 345|0x000000076b200000, 0x000000076b200000, 0x000000076b400000|  0%| F|  |TAMS 0x000000076b200000, 0x000000076b200000| Untracked 
| 346|0x000000076b400000, 0x000000076b600000, 0x000000076b600000|100%| O|  |TAMS 0x000000076b600000, 0x000000076b400000| Untracked 
| 347|0x000000076b600000, 0x000000076b800000, 0x000000076b800000|100%| O|  |TAMS 0x000000076b800000, 0x000000076b600000| Untracked 
| 348|0x000000076b800000, 0x000000076ba00000, 0x000000076ba00000|100%| O|  |TAMS 0x000000076ba00000, 0x000000076b800000| Untracked 
| 349|0x000000076ba00000, 0x000000076bc00000, 0x000000076bc00000|100%| O|  |TAMS 0x000000076bc00000, 0x000000076ba00000| Untracked 
| 350|0x000000076bc00000, 0x000000076be00000, 0x000000076be00000|100%| O|  |TAMS 0x000000076be00000, 0x000000076bc00000| Untracked 
| 351|0x000000076be00000, 0x000000076c000000, 0x000000076c000000|100%| O|  |TAMS 0x000000076c000000, 0x000000076be00000| Untracked 
| 352|0x000000076c000000, 0x000000076c200000, 0x000000076c200000|100%| O|  |TAMS 0x000000076c200000, 0x000000076c000000| Untracked 
| 353|0x000000076c200000, 0x000000076c400000, 0x000000076c400000|100%| O|  |TAMS 0x000000076c400000, 0x000000076c200000| Untracked 
| 354|0x000000076c400000, 0x000000076c600000, 0x000000076c600000|100%| O|  |TAMS 0x000000076c600000, 0x000000076c400000| Untracked 
| 355|0x000000076c600000, 0x000000076c800000, 0x000000076c800000|100%| O|  |TAMS 0x000000076c800000, 0x000000076c600000| Untracked 
| 356|0x000000076c800000, 0x000000076ca00000, 0x000000076ca00000|100%| O|  |TAMS 0x000000076ca00000, 0x000000076c800000| Untracked 
| 357|0x000000076ca00000, 0x000000076cc00000, 0x000000076cc00000|100%| O|  |TAMS 0x000000076cc00000, 0x000000076ca00000| Untracked 
| 358|0x000000076cc00000, 0x000000076ce00000, 0x000000076ce00000|100%| O|  |TAMS 0x000000076ce00000, 0x000000076cc00000| Untracked 
| 359|0x000000076ce00000, 0x000000076cf58600, 0x000000076d000000| 67%| O|  |TAMS 0x000000076cf58600, 0x000000076ce00000| Untracked 
| 360|0x000000076d000000, 0x000000076d000000, 0x000000076d200000|  0%| F|  |TAMS 0x000000076d000000, 0x000000076d000000| Untracked 
| 361|0x000000076d200000, 0x000000076d200000, 0x000000076d400000|  0%| F|  |TAMS 0x000000076d200000, 0x000000076d200000| Untracked 
| 362|0x000000076d400000, 0x000000076d400000, 0x000000076d600000|  0%| F|  |TAMS 0x000000076d400000, 0x000000076d400000| Untracked 
| 363|0x000000076d600000, 0x000000076d600000, 0x000000076d800000|  0%| F|  |TAMS 0x000000076d600000, 0x000000076d600000| Untracked 
| 364|0x000000076d800000, 0x000000076d800000, 0x000000076da00000|  0%| F|  |TAMS 0x000000076d800000, 0x000000076d800000| Untracked 
| 365|0x000000076da00000, 0x000000076da00000, 0x000000076dc00000|  0%| F|  |TAMS 0x000000076da00000, 0x000000076da00000| Untracked 
| 366|0x000000076dc00000, 0x000000076dc00000, 0x000000076de00000|  0%| F|  |TAMS 0x000000076dc00000, 0x000000076dc00000| Untracked 
| 367|0x000000076de00000, 0x000000076de00000, 0x000000076e000000|  0%| F|  |TAMS 0x000000076de00000, 0x000000076de00000| Untracked 
| 368|0x000000076e000000, 0x000000076e000000, 0x000000076e200000|  0%| F|  |TAMS 0x000000076e000000, 0x000000076e000000| Untracked 
| 369|0x000000076e200000, 0x000000076e200000, 0x000000076e400000|  0%| F|  |TAMS 0x000000076e200000, 0x000000076e200000| Untracked 
| 370|0x000000076e400000, 0x000000076e400000, 0x000000076e600000|  0%| F|  |TAMS 0x000000076e400000, 0x000000076e400000| Untracked 
| 371|0x000000076e600000, 0x000000076e600000, 0x000000076e800000|  0%| F|  |TAMS 0x000000076e600000, 0x000000076e600000| Untracked 
| 372|0x000000076e800000, 0x000000076e800000, 0x000000076ea00000|  0%| F|  |TAMS 0x000000076e800000, 0x000000076e800000| Untracked 
| 373|0x000000076ea00000, 0x000000076ea00000, 0x000000076ec00000|  0%| F|  |TAMS 0x000000076ea00000, 0x000000076ea00000| Untracked 
| 374|0x000000076ec00000, 0x000000076ec00000, 0x000000076ee00000|  0%| F|  |TAMS 0x000000076ec00000, 0x000000076ec00000| Untracked 
| 375|0x000000076ee00000, 0x000000076ee00000, 0x000000076f000000|  0%| F|  |TAMS 0x000000076ee00000, 0x000000076ee00000| Untracked 
| 376|0x000000076f000000, 0x000000076f000000, 0x000000076f200000|  0%| F|  |TAMS 0x000000076f000000, 0x000000076f000000| Untracked 
| 377|0x000000076f200000, 0x000000076f200000, 0x000000076f400000|  0%| F|  |TAMS 0x000000076f200000, 0x000000076f200000| Untracked 
| 378|0x000000076f400000, 0x000000076f400000, 0x000000076f600000|  0%| F|  |TAMS 0x000000076f400000, 0x000000076f400000| Untracked 
| 379|0x000000076f600000, 0x000000076f600000, 0x000000076f800000|  0%| F|  |TAMS 0x000000076f600000, 0x000000076f600000| Untracked 
| 380|0x000000076f800000, 0x000000076f800000, 0x000000076fa00000|  0%| F|  |TAMS 0x000000076f800000, 0x000000076f800000| Untracked 
| 381|0x000000076fa00000, 0x000000076fa00000, 0x000000076fc00000|  0%| F|  |TAMS 0x000000076fa00000, 0x000000076fa00000| Untracked 
| 382|0x000000076fc00000, 0x000000076fc00000, 0x000000076fe00000|  0%| F|  |TAMS 0x000000076fc00000, 0x000000076fc00000| Untracked 
| 383|0x000000076fe00000, 0x000000076fe00000, 0x0000000770000000|  0%| F|  |TAMS 0x000000076fe00000, 0x000000076fe00000| Untracked 
| 384|0x0000000770000000, 0x0000000770200000, 0x0000000770200000|100%| O|  |TAMS 0x0000000770200000, 0x0000000770000000| Untracked 
| 385|0x0000000770200000, 0x0000000770200000, 0x0000000770400000|  0%| F|  |TAMS 0x0000000770200000, 0x0000000770200000| Untracked 
| 386|0x0000000770400000, 0x0000000770400000, 0x0000000770600000|  0%| F|  |TAMS 0x0000000770400000, 0x0000000770400000| Untracked 
| 387|0x0000000770600000, 0x0000000770600000, 0x0000000770800000|  0%| F|  |TAMS 0x0000000770600000, 0x0000000770600000| Untracked 
| 388|0x0000000770800000, 0x0000000770800000, 0x0000000770a00000|  0%| F|  |TAMS 0x0000000770800000, 0x0000000770800000| Untracked 
| 389|0x0000000770a00000, 0x0000000770a00000, 0x0000000770c00000|  0%| F|  |TAMS 0x0000000770a00000, 0x0000000770a00000| Untracked 
| 390|0x0000000770c00000, 0x0000000770c00000, 0x0000000770e00000|  0%| F|  |TAMS 0x0000000770c00000, 0x0000000770c00000| Untracked 
| 391|0x0000000770e00000, 0x0000000770e00000, 0x0000000771000000|  0%| F|  |TAMS 0x0000000770e00000, 0x0000000770e00000| Untracked 
| 392|0x0000000771000000, 0x0000000771000000, 0x0000000771200000|  0%| F|  |TAMS 0x0000000771000000, 0x0000000771000000| Untracked 
| 393|0x0000000771200000, 0x0000000771200000, 0x0000000771400000|  0%| F|  |TAMS 0x0000000771200000, 0x0000000771200000| Untracked 
| 394|0x0000000771400000, 0x0000000771400000, 0x0000000771600000|  0%| F|  |TAMS 0x0000000771400000, 0x0000000771400000| Untracked 
| 395|0x0000000771600000, 0x0000000771600000, 0x0000000771800000|  0%| F|  |TAMS 0x0000000771600000, 0x0000000771600000| Untracked 
| 396|0x0000000771800000, 0x0000000771800000, 0x0000000771a00000|  0%| F|  |TAMS 0x0000000771800000, 0x0000000771800000| Untracked 
| 397|0x0000000771a00000, 0x0000000771a00000, 0x0000000771c00000|  0%| F|  |TAMS 0x0000000771a00000, 0x0000000771a00000| Untracked 
| 398|0x0000000771c00000, 0x0000000771c00000, 0x0000000771e00000|  0%| F|  |TAMS 0x0000000771c00000, 0x0000000771c00000| Untracked 
| 399|0x0000000771e00000, 0x0000000771e00000, 0x0000000772000000|  0%| F|  |TAMS 0x0000000771e00000, 0x0000000771e00000| Untracked 
| 400|0x0000000772000000, 0x0000000772000000, 0x0000000772200000|  0%| F|  |TAMS 0x0000000772000000, 0x0000000772000000| Untracked 
| 401|0x0000000772200000, 0x0000000772200000, 0x0000000772400000|  0%| F|  |TAMS 0x0000000772200000, 0x0000000772200000| Untracked 
| 402|0x0000000772400000, 0x0000000772400000, 0x0000000772600000|  0%| F|  |TAMS 0x0000000772400000, 0x0000000772400000| Untracked 
| 403|0x0000000772600000, 0x0000000772600000, 0x0000000772800000|  0%| F|  |TAMS 0x0000000772600000, 0x0000000772600000| Untracked 
| 404|0x0000000772800000, 0x0000000772800000, 0x0000000772a00000|  0%| F|  |TAMS 0x0000000772800000, 0x0000000772800000| Untracked 
| 405|0x0000000772a00000, 0x0000000772a00000, 0x0000000772c00000|  0%| F|  |TAMS 0x0000000772a00000, 0x0000000772a00000| Untracked 
| 406|0x0000000772c00000, 0x0000000772c00000, 0x0000000772e00000|  0%| F|  |TAMS 0x0000000772c00000, 0x0000000772c00000| Untracked 
| 407|0x0000000772e00000, 0x0000000772e00000, 0x0000000773000000|  0%| F|  |TAMS 0x0000000772e00000, 0x0000000772e00000| Untracked 
| 408|0x0000000773000000, 0x0000000773000000, 0x0000000773200000|  0%| F|  |TAMS 0x0000000773000000, 0x0000000773000000| Untracked 
| 409|0x0000000773200000, 0x0000000773200000, 0x0000000773400000|  0%| F|  |TAMS 0x0000000773200000, 0x0000000773200000| Untracked 
| 410|0x0000000773400000, 0x0000000773400000, 0x0000000773600000|  0%| F|  |TAMS 0x0000000773400000, 0x0000000773400000| Untracked 
| 411|0x0000000773600000, 0x0000000773600000, 0x0000000773800000|  0%| F|  |TAMS 0x0000000773600000, 0x0000000773600000| Untracked 
| 412|0x0000000773800000, 0x0000000773800000, 0x0000000773a00000|  0%| F|  |TAMS 0x0000000773800000, 0x0000000773800000| Untracked 
| 413|0x0000000773a00000, 0x0000000773a00000, 0x0000000773c00000|  0%| F|  |TAMS 0x0000000773a00000, 0x0000000773a00000| Untracked 
| 414|0x0000000773c00000, 0x0000000773c00000, 0x0000000773e00000|  0%| F|  |TAMS 0x0000000773c00000, 0x0000000773c00000| Untracked 
| 415|0x0000000773e00000, 0x0000000773e00000, 0x0000000774000000|  0%| F|  |TAMS 0x0000000773e00000, 0x0000000773e00000| Untracked 
| 416|0x0000000774000000, 0x0000000774000000, 0x0000000774200000|  0%| F|  |TAMS 0x0000000774000000, 0x0000000774000000| Untracked 
| 417|0x0000000774200000, 0x0000000774200000, 0x0000000774400000|  0%| F|  |TAMS 0x0000000774200000, 0x0000000774200000| Untracked 
| 418|0x0000000774400000, 0x0000000774400000, 0x0000000774600000|  0%| F|  |TAMS 0x0000000774400000, 0x0000000774400000| Untracked 
| 419|0x0000000774600000, 0x0000000774600000, 0x0000000774800000|  0%| F|  |TAMS 0x0000000774600000, 0x0000000774600000| Untracked 
| 420|0x0000000774800000, 0x0000000774800000, 0x0000000774a00000|  0%| F|  |TAMS 0x0000000774800000, 0x0000000774800000| Untracked 
| 421|0x0000000774a00000, 0x0000000774a00000, 0x0000000774c00000|  0%| F|  |TAMS 0x0000000774a00000, 0x0000000774a00000| Untracked 
| 422|0x0000000774c00000, 0x0000000774c00000, 0x0000000774e00000|  0%| F|  |TAMS 0x0000000774c00000, 0x0000000774c00000| Untracked 
| 423|0x0000000774e00000, 0x0000000774e00000, 0x0000000775000000|  0%| F|  |TAMS 0x0000000774e00000, 0x0000000774e00000| Untracked 
| 424|0x0000000775000000, 0x0000000775000000, 0x0000000775200000|  0%| F|  |TAMS 0x0000000775000000, 0x0000000775000000| Untracked 
| 425|0x0000000775200000, 0x0000000775200000, 0x0000000775400000|  0%| F|  |TAMS 0x0000000775200000, 0x0000000775200000| Untracked 
| 426|0x0000000775400000, 0x0000000775400000, 0x0000000775600000|  0%| F|  |TAMS 0x0000000775400000, 0x0000000775400000| Untracked 
| 427|0x0000000775600000, 0x0000000775600000, 0x0000000775800000|  0%| F|  |TAMS 0x0000000775600000, 0x0000000775600000| Untracked 
| 428|0x0000000775800000, 0x0000000775800000, 0x0000000775a00000|  0%| F|  |TAMS 0x0000000775800000, 0x0000000775800000| Untracked 
| 429|0x0000000775a00000, 0x0000000775a00000, 0x0000000775c00000|  0%| F|  |TAMS 0x0000000775a00000, 0x0000000775a00000| Untracked 
| 430|0x0000000775c00000, 0x0000000775c00000, 0x0000000775e00000|  0%| F|  |TAMS 0x0000000775c00000, 0x0000000775c00000| Untracked 
| 431|0x0000000775e00000, 0x0000000775e00000, 0x0000000776000000|  0%| F|  |TAMS 0x0000000775e00000, 0x0000000775e00000| Untracked 
| 432|0x0000000776000000, 0x0000000776000000, 0x0000000776200000|  0%| F|  |TAMS 0x0000000776000000, 0x0000000776000000| Untracked 
| 433|0x0000000776200000, 0x0000000776200000, 0x0000000776400000|  0%| F|  |TAMS 0x0000000776200000, 0x0000000776200000| Untracked 
| 434|0x0000000776400000, 0x0000000776400000, 0x0000000776600000|  0%| F|  |TAMS 0x0000000776400000, 0x0000000776400000| Untracked 
| 435|0x0000000776600000, 0x0000000776600000, 0x0000000776800000|  0%| F|  |TAMS 0x0000000776600000, 0x0000000776600000| Untracked 
| 436|0x0000000776800000, 0x0000000776800000, 0x0000000776a00000|  0%| F|  |TAMS 0x0000000776800000, 0x0000000776800000| Untracked 
| 437|0x0000000776a00000, 0x0000000776a00000, 0x0000000776c00000|  0%| F|  |TAMS 0x0000000776a00000, 0x0000000776a00000| Untracked 
| 438|0x0000000776c00000, 0x0000000776c00000, 0x0000000776e00000|  0%| F|  |TAMS 0x0000000776c00000, 0x0000000776c00000| Untracked 
| 439|0x0000000776e00000, 0x0000000776e00000, 0x0000000777000000|  0%| F|  |TAMS 0x0000000776e00000, 0x0000000776e00000| Untracked 
| 440|0x0000000777000000, 0x0000000777000000, 0x0000000777200000|  0%| F|  |TAMS 0x0000000777000000, 0x0000000777000000| Untracked 
| 441|0x0000000777200000, 0x0000000777200000, 0x0000000777400000|  0%| F|  |TAMS 0x0000000777200000, 0x0000000777200000| Untracked 
| 442|0x0000000777400000, 0x0000000777400000, 0x0000000777600000|  0%| F|  |TAMS 0x0000000777400000, 0x0000000777400000| Untracked 
| 443|0x0000000777600000, 0x0000000777600000, 0x0000000777800000|  0%| F|  |TAMS 0x0000000777600000, 0x0000000777600000| Untracked 
| 444|0x0000000777800000, 0x0000000777800000, 0x0000000777a00000|  0%| F|  |TAMS 0x0000000777800000, 0x0000000777800000| Untracked 
| 445|0x0000000777a00000, 0x0000000777a00000, 0x0000000777c00000|  0%| F|  |TAMS 0x0000000777a00000, 0x0000000777a00000| Untracked 
| 446|0x0000000777c00000, 0x0000000777c00000, 0x0000000777e00000|  0%| F|  |TAMS 0x0000000777c00000, 0x0000000777c00000| Untracked 
| 447|0x0000000777e00000, 0x0000000777e00000, 0x0000000778000000|  0%| F|  |TAMS 0x0000000777e00000, 0x0000000777e00000| Untracked 
| 448|0x0000000778000000, 0x0000000778000000, 0x0000000778200000|  0%| F|  |TAMS 0x0000000778000000, 0x0000000778000000| Untracked 
| 449|0x0000000778200000, 0x0000000778200000, 0x0000000778400000|  0%| F|  |TAMS 0x0000000778200000, 0x0000000778200000| Untracked 
| 450|0x0000000778400000, 0x0000000778400000, 0x0000000778600000|  0%| F|  |TAMS 0x0000000778400000, 0x0000000778400000| Untracked 
| 451|0x0000000778600000, 0x0000000778600000, 0x0000000778800000|  0%| F|  |TAMS 0x0000000778600000, 0x0000000778600000| Untracked 
| 452|0x0000000778800000, 0x0000000778800000, 0x0000000778a00000|  0%| F|  |TAMS 0x0000000778800000, 0x0000000778800000| Untracked 
| 453|0x0000000778a00000, 0x0000000778a00000, 0x0000000778c00000|  0%| F|  |TAMS 0x0000000778a00000, 0x0000000778a00000| Untracked 
| 454|0x0000000778c00000, 0x0000000778c00000, 0x0000000778e00000|  0%| F|  |TAMS 0x0000000778c00000, 0x0000000778c00000| Untracked 
| 455|0x0000000778e00000, 0x0000000778e00000, 0x0000000779000000|  0%| F|  |TAMS 0x0000000778e00000, 0x0000000778e00000| Untracked 
| 456|0x0000000779000000, 0x0000000779000000, 0x0000000779200000|  0%| F|  |TAMS 0x0000000779000000, 0x0000000779000000| Untracked 
| 457|0x0000000779200000, 0x0000000779200000, 0x0000000779400000|  0%| F|  |TAMS 0x0000000779200000, 0x0000000779200000| Untracked 
| 458|0x0000000779400000, 0x0000000779400000, 0x0000000779600000|  0%| F|  |TAMS 0x0000000779400000, 0x0000000779400000| Untracked 
| 459|0x0000000779600000, 0x0000000779600000, 0x0000000779800000|  0%| F|  |TAMS 0x0000000779600000, 0x0000000779600000| Untracked 
| 460|0x0000000779800000, 0x0000000779800000, 0x0000000779a00000|  0%| F|  |TAMS 0x0000000779800000, 0x0000000779800000| Untracked 
| 461|0x0000000779a00000, 0x0000000779a00000, 0x0000000779c00000|  0%| F|  |TAMS 0x0000000779a00000, 0x0000000779a00000| Untracked 
| 462|0x0000000779c00000, 0x0000000779c00000, 0x0000000779e00000|  0%| F|  |TAMS 0x0000000779c00000, 0x0000000779c00000| Untracked 
| 463|0x0000000779e00000, 0x0000000779e00000, 0x000000077a000000|  0%| F|  |TAMS 0x0000000779e00000, 0x0000000779e00000| Untracked 
| 464|0x000000077a000000, 0x000000077a000000, 0x000000077a200000|  0%| F|  |TAMS 0x000000077a000000, 0x000000077a000000| Untracked 
| 465|0x000000077a200000, 0x000000077a200000, 0x000000077a400000|  0%| F|  |TAMS 0x000000077a200000, 0x000000077a200000| Untracked 
| 466|0x000000077a400000, 0x000000077a400000, 0x000000077a600000|  0%| F|  |TAMS 0x000000077a400000, 0x000000077a400000| Untracked 
| 467|0x000000077a600000, 0x000000077a600000, 0x000000077a800000|  0%| F|  |TAMS 0x000000077a600000, 0x000000077a600000| Untracked 
| 468|0x000000077a800000, 0x000000077a800000, 0x000000077aa00000|  0%| F|  |TAMS 0x000000077a800000, 0x000000077a800000| Untracked 
| 469|0x000000077aa00000, 0x000000077aa00000, 0x000000077ac00000|  0%| F|  |TAMS 0x000000077aa00000, 0x000000077aa00000| Untracked 
| 470|0x000000077ac00000, 0x000000077ac00000, 0x000000077ae00000|  0%| F|  |TAMS 0x000000077ac00000, 0x000000077ac00000| Untracked 
| 471|0x000000077ae00000, 0x000000077ae00000, 0x000000077b000000|  0%| F|  |TAMS 0x000000077ae00000, 0x000000077ae00000| Untracked 
| 472|0x000000077b000000, 0x000000077b000000, 0x000000077b200000|  0%| F|  |TAMS 0x000000077b000000, 0x000000077b000000| Untracked 
| 473|0x000000077b200000, 0x000000077b200000, 0x000000077b400000|  0%| F|  |TAMS 0x000000077b200000, 0x000000077b200000| Untracked 
| 474|0x000000077b400000, 0x000000077b400000, 0x000000077b600000|  0%| F|  |TAMS 0x000000077b400000, 0x000000077b400000| Untracked 
| 475|0x000000077b600000, 0x000000077b600000, 0x000000077b800000|  0%| F|  |TAMS 0x000000077b600000, 0x000000077b600000| Untracked 
| 476|0x000000077b800000, 0x000000077b800000, 0x000000077ba00000|  0%| F|  |TAMS 0x000000077b800000, 0x000000077b800000| Untracked 
| 477|0x000000077ba00000, 0x000000077ba00000, 0x000000077bc00000|  0%| F|  |TAMS 0x000000077ba00000, 0x000000077ba00000| Untracked 
| 478|0x000000077bc00000, 0x000000077bc00000, 0x000000077be00000|  0%| F|  |TAMS 0x000000077bc00000, 0x000000077bc00000| Untracked 
| 479|0x000000077be00000, 0x000000077be00000, 0x000000077c000000|  0%| F|  |TAMS 0x000000077be00000, 0x000000077be00000| Untracked 
| 480|0x000000077c000000, 0x000000077c000000, 0x000000077c200000|  0%| F|  |TAMS 0x000000077c000000, 0x000000077c000000| Untracked 
| 481|0x000000077c200000, 0x000000077c200000, 0x000000077c400000|  0%| F|  |TAMS 0x000000077c200000, 0x000000077c200000| Untracked 
| 482|0x000000077c400000, 0x000000077c400000, 0x000000077c600000|  0%| F|  |TAMS 0x000000077c400000, 0x000000077c400000| Untracked 
| 483|0x000000077c600000, 0x000000077c600000, 0x000000077c800000|  0%| F|  |TAMS 0x000000077c600000, 0x000000077c600000| Untracked 
| 484|0x000000077c800000, 0x000000077c800000, 0x000000077ca00000|  0%| F|  |TAMS 0x000000077c800000, 0x000000077c800000| Untracked 
| 485|0x000000077ca00000, 0x000000077ca00000, 0x000000077cc00000|  0%| F|  |TAMS 0x000000077ca00000, 0x000000077ca00000| Untracked 
| 486|0x000000077cc00000, 0x000000077cc00000, 0x000000077ce00000|  0%| F|  |TAMS 0x000000077cc00000, 0x000000077cc00000| Untracked 
| 487|0x000000077ce00000, 0x000000077ce00000, 0x000000077d000000|  0%| F|  |TAMS 0x000000077ce00000, 0x000000077ce00000| Untracked 
| 488|0x000000077d000000, 0x000000077d000000, 0x000000077d200000|  0%| F|  |TAMS 0x000000077d000000, 0x000000077d000000| Untracked 
| 489|0x000000077d200000, 0x000000077d200000, 0x000000077d400000|  0%| F|  |TAMS 0x000000077d200000, 0x000000077d200000| Untracked 
| 490|0x000000077d400000, 0x000000077d400000, 0x000000077d600000|  0%| F|  |TAMS 0x000000077d400000, 0x000000077d400000| Untracked 
| 491|0x000000077d600000, 0x000000077d600000, 0x000000077d800000|  0%| F|  |TAMS 0x000000077d600000, 0x000000077d600000| Untracked 
| 492|0x000000077d800000, 0x000000077d800000, 0x000000077da00000|  0%| F|  |TAMS 0x000000077d800000, 0x000000077d800000| Untracked 
| 493|0x000000077da00000, 0x000000077da00000, 0x000000077dc00000|  0%| F|  |TAMS 0x000000077da00000, 0x000000077da00000| Untracked 
| 494|0x000000077dc00000, 0x000000077dc00000, 0x000000077de00000|  0%| F|  |TAMS 0x000000077dc00000, 0x000000077dc00000| Untracked 
| 495|0x000000077de00000, 0x000000077de00000, 0x000000077e000000|  0%| F|  |TAMS 0x000000077de00000, 0x000000077de00000| Untracked 
| 496|0x000000077e000000, 0x000000077e000000, 0x000000077e200000|  0%| F|  |TAMS 0x000000077e000000, 0x000000077e000000| Untracked 
| 497|0x000000077e200000, 0x000000077e200000, 0x000000077e400000|  0%| F|  |TAMS 0x000000077e200000, 0x000000077e200000| Untracked 
| 498|0x000000077e400000, 0x000000077e400000, 0x000000077e600000|  0%| F|  |TAMS 0x000000077e400000, 0x000000077e400000| Untracked 
| 499|0x000000077e600000, 0x000000077e600000, 0x000000077e800000|  0%| F|  |TAMS 0x000000077e600000, 0x000000077e600000| Untracked 
| 500|0x000000077e800000, 0x000000077e800000, 0x000000077ea00000|  0%| F|  |TAMS 0x000000077e800000, 0x000000077e800000| Untracked 
| 501|0x000000077ea00000, 0x000000077ea00000, 0x000000077ec00000|  0%| F|  |TAMS 0x000000077ea00000, 0x000000077ea00000| Untracked 
| 502|0x000000077ec00000, 0x000000077ec00000, 0x000000077ee00000|  0%| F|  |TAMS 0x000000077ec00000, 0x000000077ec00000| Untracked 
| 503|0x000000077ee00000, 0x000000077ee00000, 0x000000077f000000|  0%| F|  |TAMS 0x000000077ee00000, 0x000000077ee00000| Untracked 
| 504|0x000000077f000000, 0x000000077f000000, 0x000000077f200000|  0%| F|  |TAMS 0x000000077f000000, 0x000000077f000000| Untracked 
| 505|0x000000077f200000, 0x000000077f200000, 0x000000077f400000|  0%| F|  |TAMS 0x000000077f200000, 0x000000077f200000| Untracked 
| 506|0x000000077f400000, 0x000000077f400000, 0x000000077f600000|  0%| F|  |TAMS 0x000000077f400000, 0x000000077f400000| Untracked 
| 507|0x000000077f600000, 0x000000077f600000, 0x000000077f800000|  0%| F|  |TAMS 0x000000077f600000, 0x000000077f600000| Untracked 
| 508|0x000000077f800000, 0x000000077f800000, 0x000000077fa00000|  0%| F|  |TAMS 0x000000077f800000, 0x000000077f800000| Untracked 
| 509|0x000000077fa00000, 0x000000077fa00000, 0x000000077fc00000|  0%| F|  |TAMS 0x000000077fa00000, 0x000000077fa00000| Untracked 
| 510|0x000000077fc00000, 0x000000077fc00000, 0x000000077fe00000|  0%| F|  |TAMS 0x000000077fc00000, 0x000000077fc00000| Untracked 
| 511|0x000000077fe00000, 0x000000077fe00000, 0x0000000780000000|  0%| F|  |TAMS 0x000000077fe00000, 0x000000077fe00000| Untracked 
| 512|0x0000000780000000, 0x0000000780000000, 0x0000000780200000|  0%| F|  |TAMS 0x0000000780000000, 0x0000000780000000| Untracked 
| 513|0x0000000780200000, 0x0000000780200000, 0x0000000780400000|  0%| F|  |TAMS 0x0000000780200000, 0x0000000780200000| Untracked 
| 514|0x0000000780400000, 0x0000000780400000, 0x0000000780600000|  0%| F|  |TAMS 0x0000000780400000, 0x0000000780400000| Untracked 
| 515|0x0000000780600000, 0x0000000780600000, 0x0000000780800000|  0%| F|  |TAMS 0x0000000780600000, 0x0000000780600000| Untracked 
| 516|0x0000000780800000, 0x0000000780800000, 0x0000000780a00000|  0%| F|  |TAMS 0x0000000780800000, 0x0000000780800000| Untracked 
| 517|0x0000000780a00000, 0x0000000780a00000, 0x0000000780c00000|  0%| F|  |TAMS 0x0000000780a00000, 0x0000000780a00000| Untracked 
| 518|0x0000000780c00000, 0x0000000780c00000, 0x0000000780e00000|  0%| F|  |TAMS 0x0000000780c00000, 0x0000000780c00000| Untracked 
| 519|0x0000000780e00000, 0x0000000780e00000, 0x0000000781000000|  0%| F|  |TAMS 0x0000000780e00000, 0x0000000780e00000| Untracked 
| 520|0x0000000781000000, 0x0000000781000000, 0x0000000781200000|  0%| F|  |TAMS 0x0000000781000000, 0x0000000781000000| Untracked 
| 521|0x0000000781200000, 0x0000000781200000, 0x0000000781400000|  0%| F|  |TAMS 0x0000000781200000, 0x0000000781200000| Untracked 
| 522|0x0000000781400000, 0x0000000781400000, 0x0000000781600000|  0%| F|  |TAMS 0x0000000781400000, 0x0000000781400000| Untracked 
| 523|0x0000000781600000, 0x0000000781600000, 0x0000000781800000|  0%| F|  |TAMS 0x0000000781600000, 0x0000000781600000| Untracked 
| 524|0x0000000781800000, 0x0000000781800000, 0x0000000781a00000|  0%| F|  |TAMS 0x0000000781800000, 0x0000000781800000| Untracked 
| 525|0x0000000781a00000, 0x0000000781a00000, 0x0000000781c00000|  0%| F|  |TAMS 0x0000000781a00000, 0x0000000781a00000| Untracked 
| 526|0x0000000781c00000, 0x0000000781c00000, 0x0000000781e00000|  0%| F|  |TAMS 0x0000000781c00000, 0x0000000781c00000| Untracked 
| 527|0x0000000781e00000, 0x0000000781e00000, 0x0000000782000000|  0%| F|  |TAMS 0x0000000781e00000, 0x0000000781e00000| Untracked 
| 528|0x0000000782000000, 0x0000000782000000, 0x0000000782200000|  0%| F|  |TAMS 0x0000000782000000, 0x0000000782000000| Untracked 
| 529|0x0000000782200000, 0x0000000782200000, 0x0000000782400000|  0%| F|  |TAMS 0x0000000782200000, 0x0000000782200000| Untracked 
| 530|0x0000000782400000, 0x0000000782400000, 0x0000000782600000|  0%| F|  |TAMS 0x0000000782400000, 0x0000000782400000| Untracked 
| 531|0x0000000782600000, 0x0000000782600000, 0x0000000782800000|  0%| F|  |TAMS 0x0000000782600000, 0x0000000782600000| Untracked 
| 532|0x0000000782800000, 0x0000000782800000, 0x0000000782a00000|  0%| F|  |TAMS 0x0000000782800000, 0x0000000782800000| Untracked 
| 533|0x0000000782a00000, 0x0000000782a00000, 0x0000000782c00000|  0%| F|  |TAMS 0x0000000782a00000, 0x0000000782a00000| Untracked 
| 534|0x0000000782c00000, 0x0000000782c00000, 0x0000000782e00000|  0%| F|  |TAMS 0x0000000782c00000, 0x0000000782c00000| Untracked 
| 535|0x0000000782e00000, 0x0000000782e00000, 0x0000000783000000|  0%| F|  |TAMS 0x0000000782e00000, 0x0000000782e00000| Untracked 
| 536|0x0000000783000000, 0x0000000783000000, 0x0000000783200000|  0%| F|  |TAMS 0x0000000783000000, 0x0000000783000000| Untracked 
| 537|0x0000000783200000, 0x0000000783200000, 0x0000000783400000|  0%| F|  |TAMS 0x0000000783200000, 0x0000000783200000| Untracked 
| 538|0x0000000783400000, 0x0000000783400000, 0x0000000783600000|  0%| F|  |TAMS 0x0000000783400000, 0x0000000783400000| Untracked 
| 539|0x0000000783600000, 0x0000000783600000, 0x0000000783800000|  0%| F|  |TAMS 0x0000000783600000, 0x0000000783600000| Untracked 
| 540|0x0000000783800000, 0x0000000783800000, 0x0000000783a00000|  0%| F|  |TAMS 0x0000000783800000, 0x0000000783800000| Untracked 
| 541|0x0000000783a00000, 0x0000000783a00000, 0x0000000783c00000|  0%| F|  |TAMS 0x0000000783a00000, 0x0000000783a00000| Untracked 
| 542|0x0000000783c00000, 0x0000000783c00000, 0x0000000783e00000|  0%| F|  |TAMS 0x0000000783c00000, 0x0000000783c00000| Untracked 
| 543|0x0000000783e00000, 0x0000000783e00000, 0x0000000784000000|  0%| F|  |TAMS 0x0000000783e00000, 0x0000000783e00000| Untracked 
| 544|0x0000000784000000, 0x0000000784000000, 0x0000000784200000|  0%| F|  |TAMS 0x0000000784000000, 0x0000000784000000| Untracked 
| 545|0x0000000784200000, 0x0000000784200000, 0x0000000784400000|  0%| F|  |TAMS 0x0000000784200000, 0x0000000784200000| Untracked 
| 546|0x0000000784400000, 0x0000000784400000, 0x0000000784600000|  0%| F|  |TAMS 0x0000000784400000, 0x0000000784400000| Untracked 
| 547|0x0000000784600000, 0x0000000784600000, 0x0000000784800000|  0%| F|  |TAMS 0x0000000784600000, 0x0000000784600000| Untracked 
| 548|0x0000000784800000, 0x0000000784800000, 0x0000000784a00000|  0%| F|  |TAMS 0x0000000784800000, 0x0000000784800000| Untracked 
| 549|0x0000000784a00000, 0x0000000784a00000, 0x0000000784c00000|  0%| F|  |TAMS 0x0000000784a00000, 0x0000000784a00000| Untracked 
| 550|0x0000000784c00000, 0x0000000784c00000, 0x0000000784e00000|  0%| F|  |TAMS 0x0000000784c00000, 0x0000000784c00000| Untracked 
| 551|0x0000000784e00000, 0x0000000784e00000, 0x0000000785000000|  0%| F|  |TAMS 0x0000000784e00000, 0x0000000784e00000| Untracked 
| 552|0x0000000785000000, 0x0000000785000000, 0x0000000785200000|  0%| F|  |TAMS 0x0000000785000000, 0x0000000785000000| Untracked 
| 553|0x0000000785200000, 0x0000000785200000, 0x0000000785400000|  0%| F|  |TAMS 0x0000000785200000, 0x0000000785200000| Untracked 
| 554|0x0000000785400000, 0x0000000785400000, 0x0000000785600000|  0%| F|  |TAMS 0x0000000785400000, 0x0000000785400000| Untracked 
| 555|0x0000000785600000, 0x0000000785600000, 0x0000000785800000|  0%| F|  |TAMS 0x0000000785600000, 0x0000000785600000| Untracked 
| 556|0x0000000785800000, 0x0000000785800000, 0x0000000785a00000|  0%| F|  |TAMS 0x0000000785800000, 0x0000000785800000| Untracked 
| 557|0x0000000785a00000, 0x0000000785a00000, 0x0000000785c00000|  0%| F|  |TAMS 0x0000000785a00000, 0x0000000785a00000| Untracked 
| 558|0x0000000785c00000, 0x0000000785c00000, 0x0000000785e00000|  0%| F|  |TAMS 0x0000000785c00000, 0x0000000785c00000| Untracked 
| 559|0x0000000785e00000, 0x0000000785e00000, 0x0000000786000000|  0%| F|  |TAMS 0x0000000785e00000, 0x0000000785e00000| Untracked 
| 560|0x0000000786000000, 0x0000000786000000, 0x0000000786200000|  0%| F|  |TAMS 0x0000000786000000, 0x0000000786000000| Untracked 
| 561|0x0000000786200000, 0x0000000786200000, 0x0000000786400000|  0%| F|  |TAMS 0x0000000786200000, 0x0000000786200000| Untracked 
| 562|0x0000000786400000, 0x0000000786400000, 0x0000000786600000|  0%| F|  |TAMS 0x0000000786400000, 0x0000000786400000| Untracked 
| 563|0x0000000786600000, 0x0000000786600000, 0x0000000786800000|  0%| F|  |TAMS 0x0000000786600000, 0x0000000786600000| Untracked 
| 564|0x0000000786800000, 0x0000000786800000, 0x0000000786a00000|  0%| F|  |TAMS 0x0000000786800000, 0x0000000786800000| Untracked 
| 565|0x0000000786a00000, 0x0000000786a00000, 0x0000000786c00000|  0%| F|  |TAMS 0x0000000786a00000, 0x0000000786a00000| Untracked 
| 566|0x0000000786c00000, 0x0000000786c00000, 0x0000000786e00000|  0%| F|  |TAMS 0x0000000786c00000, 0x0000000786c00000| Untracked 
| 567|0x0000000786e00000, 0x0000000786e00000, 0x0000000787000000|  0%| F|  |TAMS 0x0000000786e00000, 0x0000000786e00000| Untracked 
| 568|0x0000000787000000, 0x0000000787000000, 0x0000000787200000|  0%| F|  |TAMS 0x0000000787000000, 0x0000000787000000| Untracked 
| 569|0x0000000787200000, 0x0000000787200000, 0x0000000787400000|  0%| F|  |TAMS 0x0000000787200000, 0x0000000787200000| Untracked 
| 570|0x0000000787400000, 0x0000000787400000, 0x0000000787600000|  0%| F|  |TAMS 0x0000000787400000, 0x0000000787400000| Untracked 
| 571|0x0000000787600000, 0x0000000787600000, 0x0000000787800000|  0%| F|  |TAMS 0x0000000787600000, 0x0000000787600000| Untracked 
| 572|0x0000000787800000, 0x0000000787800000, 0x0000000787a00000|  0%| F|  |TAMS 0x0000000787800000, 0x0000000787800000| Untracked 
| 573|0x0000000787a00000, 0x0000000787a00000, 0x0000000787c00000|  0%| F|  |TAMS 0x0000000787a00000, 0x0000000787a00000| Untracked 
| 574|0x0000000787c00000, 0x0000000787c00000, 0x0000000787e00000|  0%| F|  |TAMS 0x0000000787c00000, 0x0000000787c00000| Untracked 
| 575|0x0000000787e00000, 0x0000000787e00000, 0x0000000788000000|  0%| F|  |TAMS 0x0000000787e00000, 0x0000000787e00000| Untracked 
| 576|0x0000000788000000, 0x0000000788000000, 0x0000000788200000|  0%| F|  |TAMS 0x0000000788000000, 0x0000000788000000| Untracked 
| 577|0x0000000788200000, 0x0000000788200000, 0x0000000788400000|  0%| F|  |TAMS 0x0000000788200000, 0x0000000788200000| Untracked 
| 578|0x0000000788400000, 0x0000000788400000, 0x0000000788600000|  0%| F|  |TAMS 0x0000000788400000, 0x0000000788400000| Untracked 
| 579|0x0000000788600000, 0x0000000788600000, 0x0000000788800000|  0%| F|  |TAMS 0x0000000788600000, 0x0000000788600000| Untracked 
| 580|0x0000000788800000, 0x0000000788800000, 0x0000000788a00000|  0%| F|  |TAMS 0x0000000788800000, 0x0000000788800000| Untracked 
| 581|0x0000000788a00000, 0x0000000788a00000, 0x0000000788c00000|  0%| F|  |TAMS 0x0000000788a00000, 0x0000000788a00000| Untracked 
| 582|0x0000000788c00000, 0x0000000788c00000, 0x0000000788e00000|  0%| F|  |TAMS 0x0000000788c00000, 0x0000000788c00000| Untracked 
| 583|0x0000000788e00000, 0x0000000788e00000, 0x0000000789000000|  0%| F|  |TAMS 0x0000000788e00000, 0x0000000788e00000| Untracked 
| 584|0x0000000789000000, 0x0000000789000000, 0x0000000789200000|  0%| F|  |TAMS 0x0000000789000000, 0x0000000789000000| Untracked 
| 585|0x0000000789200000, 0x0000000789200000, 0x0000000789400000|  0%| F|  |TAMS 0x0000000789200000, 0x0000000789200000| Untracked 
| 586|0x0000000789400000, 0x0000000789400000, 0x0000000789600000|  0%| F|  |TAMS 0x0000000789400000, 0x0000000789400000| Untracked 
| 587|0x0000000789600000, 0x0000000789600000, 0x0000000789800000|  0%| F|  |TAMS 0x0000000789600000, 0x0000000789600000| Untracked 
| 588|0x0000000789800000, 0x0000000789800000, 0x0000000789a00000|  0%| F|  |TAMS 0x0000000789800000, 0x0000000789800000| Untracked 
| 589|0x0000000789a00000, 0x0000000789a00000, 0x0000000789c00000|  0%| F|  |TAMS 0x0000000789a00000, 0x0000000789a00000| Untracked 
| 590|0x0000000789c00000, 0x0000000789c00000, 0x0000000789e00000|  0%| F|  |TAMS 0x0000000789c00000, 0x0000000789c00000| Untracked 
| 591|0x0000000789e00000, 0x0000000789e00000, 0x000000078a000000|  0%| F|  |TAMS 0x0000000789e00000, 0x0000000789e00000| Untracked 
| 592|0x000000078a000000, 0x000000078a000000, 0x000000078a200000|  0%| F|  |TAMS 0x000000078a000000, 0x000000078a000000| Untracked 
| 593|0x000000078a200000, 0x000000078a200000, 0x000000078a400000|  0%| F|  |TAMS 0x000000078a200000, 0x000000078a200000| Untracked 
| 594|0x000000078a400000, 0x000000078a400000, 0x000000078a600000|  0%| F|  |TAMS 0x000000078a400000, 0x000000078a400000| Untracked 
| 595|0x000000078a600000, 0x000000078a600000, 0x000000078a800000|  0%| F|  |TAMS 0x000000078a600000, 0x000000078a600000| Untracked 
| 596|0x000000078a800000, 0x000000078a800000, 0x000000078aa00000|  0%| F|  |TAMS 0x000000078a800000, 0x000000078a800000| Untracked 
| 597|0x000000078aa00000, 0x000000078aa00000, 0x000000078ac00000|  0%| F|  |TAMS 0x000000078aa00000, 0x000000078aa00000| Untracked 
| 598|0x000000078ac00000, 0x000000078ac00000, 0x000000078ae00000|  0%| F|  |TAMS 0x000000078ac00000, 0x000000078ac00000| Untracked 
| 599|0x000000078ae00000, 0x000000078ae00000, 0x000000078b000000|  0%| F|  |TAMS 0x000000078ae00000, 0x000000078ae00000| Untracked 
| 600|0x000000078b000000, 0x000000078b000000, 0x000000078b200000|  0%| F|  |TAMS 0x000000078b000000, 0x000000078b000000| Untracked 
| 601|0x000000078b200000, 0x000000078b200000, 0x000000078b400000|  0%| F|  |TAMS 0x000000078b200000, 0x000000078b200000| Untracked 
| 602|0x000000078b400000, 0x000000078b400000, 0x000000078b600000|  0%| F|  |TAMS 0x000000078b400000, 0x000000078b400000| Untracked 
| 603|0x000000078b600000, 0x000000078b600000, 0x000000078b800000|  0%| F|  |TAMS 0x000000078b600000, 0x000000078b600000| Untracked 
| 604|0x000000078b800000, 0x000000078b800000, 0x000000078ba00000|  0%| F|  |TAMS 0x000000078b800000, 0x000000078b800000| Untracked 
| 605|0x000000078ba00000, 0x000000078ba00000, 0x000000078bc00000|  0%| F|  |TAMS 0x000000078ba00000, 0x000000078ba00000| Untracked 
| 606|0x000000078bc00000, 0x000000078bc00000, 0x000000078be00000|  0%| F|  |TAMS 0x000000078bc00000, 0x000000078bc00000| Untracked 
| 607|0x000000078be00000, 0x000000078be00000, 0x000000078c000000|  0%| F|  |TAMS 0x000000078be00000, 0x000000078be00000| Untracked 
| 608|0x000000078c000000, 0x000000078c000000, 0x000000078c200000|  0%| F|  |TAMS 0x000000078c000000, 0x000000078c000000| Untracked 
| 609|0x000000078c200000, 0x000000078c200000, 0x000000078c400000|  0%| F|  |TAMS 0x000000078c200000, 0x000000078c200000| Untracked 
| 610|0x000000078c400000, 0x000000078c400000, 0x000000078c600000|  0%| F|  |TAMS 0x000000078c400000, 0x000000078c400000| Untracked 
| 611|0x000000078c600000, 0x000000078c600000, 0x000000078c800000|  0%| F|  |TAMS 0x000000078c600000, 0x000000078c600000| Untracked 
| 612|0x000000078c800000, 0x000000078c800000, 0x000000078ca00000|  0%| F|  |TAMS 0x000000078c800000, 0x000000078c800000| Untracked 
| 613|0x000000078ca00000, 0x000000078ca00000, 0x000000078cc00000|  0%| F|  |TAMS 0x000000078ca00000, 0x000000078ca00000| Untracked 
| 614|0x000000078cc00000, 0x000000078cc00000, 0x000000078ce00000|  0%| F|  |TAMS 0x000000078cc00000, 0x000000078cc00000| Untracked 
| 615|0x000000078ce00000, 0x000000078ce00000, 0x000000078d000000|  0%| F|  |TAMS 0x000000078ce00000, 0x000000078ce00000| Untracked 
| 616|0x000000078d000000, 0x000000078d000000, 0x000000078d200000|  0%| F|  |TAMS 0x000000078d000000, 0x000000078d000000| Untracked 
| 617|0x000000078d200000, 0x000000078d200000, 0x000000078d400000|  0%| F|  |TAMS 0x000000078d200000, 0x000000078d200000| Untracked 
| 618|0x000000078d400000, 0x000000078d400000, 0x000000078d600000|  0%| F|  |TAMS 0x000000078d400000, 0x000000078d400000| Untracked 
| 619|0x000000078d600000, 0x000000078d600000, 0x000000078d800000|  0%| F|  |TAMS 0x000000078d600000, 0x000000078d600000| Untracked 
| 620|0x000000078d800000, 0x000000078d800000, 0x000000078da00000|  0%| F|  |TAMS 0x000000078d800000, 0x000000078d800000| Untracked 
| 621|0x000000078da00000, 0x000000078da00000, 0x000000078dc00000|  0%| F|  |TAMS 0x000000078da00000, 0x000000078da00000| Untracked 
| 622|0x000000078dc00000, 0x000000078dc00000, 0x000000078de00000|  0%| F|  |TAMS 0x000000078dc00000, 0x000000078dc00000| Untracked 
| 623|0x000000078de00000, 0x000000078de00000, 0x000000078e000000|  0%| F|  |TAMS 0x000000078de00000, 0x000000078de00000| Untracked 
| 624|0x000000078e000000, 0x000000078e000000, 0x000000078e200000|  0%| F|  |TAMS 0x000000078e000000, 0x000000078e000000| Untracked 
| 625|0x000000078e200000, 0x000000078e200000, 0x000000078e400000|  0%| F|  |TAMS 0x000000078e200000, 0x000000078e200000| Untracked 
| 626|0x000000078e400000, 0x000000078e400000, 0x000000078e600000|  0%| F|  |TAMS 0x000000078e400000, 0x000000078e400000| Untracked 
| 627|0x000000078e600000, 0x000000078e600000, 0x000000078e800000|  0%| F|  |TAMS 0x000000078e600000, 0x000000078e600000| Untracked 
| 628|0x000000078e800000, 0x000000078e800000, 0x000000078ea00000|  0%| F|  |TAMS 0x000000078e800000, 0x000000078e800000| Untracked 
| 629|0x000000078ea00000, 0x000000078ea00000, 0x000000078ec00000|  0%| F|  |TAMS 0x000000078ea00000, 0x000000078ea00000| Untracked 
| 630|0x000000078ec00000, 0x000000078ec00000, 0x000000078ee00000|  0%| F|  |TAMS 0x000000078ec00000, 0x000000078ec00000| Untracked 
| 631|0x000000078ee00000, 0x000000078ee00000, 0x000000078f000000|  0%| F|  |TAMS 0x000000078ee00000, 0x000000078ee00000| Untracked 
| 632|0x000000078f000000, 0x000000078f000000, 0x000000078f200000|  0%| F|  |TAMS 0x000000078f000000, 0x000000078f000000| Untracked 
| 633|0x000000078f200000, 0x000000078f200000, 0x000000078f400000|  0%| F|  |TAMS 0x000000078f200000, 0x000000078f200000| Untracked 
| 634|0x000000078f400000, 0x000000078f400000, 0x000000078f600000|  0%| F|  |TAMS 0x000000078f400000, 0x000000078f400000| Untracked 
| 635|0x000000078f600000, 0x000000078f600000, 0x000000078f800000|  0%| F|  |TAMS 0x000000078f600000, 0x000000078f600000| Untracked 
| 636|0x000000078f800000, 0x000000078f800000, 0x000000078fa00000|  0%| F|  |TAMS 0x000000078f800000, 0x000000078f800000| Untracked 
| 637|0x000000078fa00000, 0x000000078fa00000, 0x000000078fc00000|  0%| F|  |TAMS 0x000000078fa00000, 0x000000078fa00000| Untracked 
| 638|0x000000078fc00000, 0x000000078fc00000, 0x000000078fe00000|  0%| F|  |TAMS 0x000000078fc00000, 0x000000078fc00000| Untracked 
| 639|0x000000078fe00000, 0x000000078fe00000, 0x0000000790000000|  0%| F|  |TAMS 0x000000078fe00000, 0x000000078fe00000| Untracked 
| 640|0x0000000790000000, 0x0000000790000000, 0x0000000790200000|  0%| F|  |TAMS 0x0000000790000000, 0x0000000790000000| Untracked 
| 641|0x0000000790200000, 0x0000000790200000, 0x0000000790400000|  0%| F|  |TAMS 0x0000000790200000, 0x0000000790200000| Untracked 
| 642|0x0000000790400000, 0x0000000790400000, 0x0000000790600000|  0%| F|  |TAMS 0x0000000790400000, 0x0000000790400000| Untracked 
| 643|0x0000000790600000, 0x0000000790600000, 0x0000000790800000|  0%| F|  |TAMS 0x0000000790600000, 0x0000000790600000| Untracked 
| 644|0x0000000790800000, 0x0000000790800000, 0x0000000790a00000|  0%| F|  |TAMS 0x0000000790800000, 0x0000000790800000| Untracked 
| 645|0x0000000790a00000, 0x0000000790a00000, 0x0000000790c00000|  0%| F|  |TAMS 0x0000000790a00000, 0x0000000790a00000| Untracked 
| 646|0x0000000790c00000, 0x0000000790c00000, 0x0000000790e00000|  0%| F|  |TAMS 0x0000000790c00000, 0x0000000790c00000| Untracked 
| 647|0x0000000790e00000, 0x0000000790e00000, 0x0000000791000000|  0%| F|  |TAMS 0x0000000790e00000, 0x0000000790e00000| Untracked 
| 648|0x0000000791000000, 0x0000000791000000, 0x0000000791200000|  0%| F|  |TAMS 0x0000000791000000, 0x0000000791000000| Untracked 
| 649|0x0000000791200000, 0x0000000791200000, 0x0000000791400000|  0%| F|  |TAMS 0x0000000791200000, 0x0000000791200000| Untracked 
| 650|0x0000000791400000, 0x0000000791400000, 0x0000000791600000|  0%| F|  |TAMS 0x0000000791400000, 0x0000000791400000| Untracked 
| 651|0x0000000791600000, 0x0000000791600000, 0x0000000791800000|  0%| F|  |TAMS 0x0000000791600000, 0x0000000791600000| Untracked 
| 652|0x0000000791800000, 0x0000000791800000, 0x0000000791a00000|  0%| F|  |TAMS 0x0000000791800000, 0x0000000791800000| Untracked 
| 653|0x0000000791a00000, 0x0000000791a00000, 0x0000000791c00000|  0%| F|  |TAMS 0x0000000791a00000, 0x0000000791a00000| Untracked 
| 654|0x0000000791c00000, 0x0000000791c00000, 0x0000000791e00000|  0%| F|  |TAMS 0x0000000791c00000, 0x0000000791c00000| Untracked 
| 655|0x0000000791e00000, 0x0000000791e00000, 0x0000000792000000|  0%| F|  |TAMS 0x0000000791e00000, 0x0000000791e00000| Untracked 
| 656|0x0000000792000000, 0x0000000792000000, 0x0000000792200000|  0%| F|  |TAMS 0x0000000792000000, 0x0000000792000000| Untracked 
| 657|0x0000000792200000, 0x0000000792200000, 0x0000000792400000|  0%| F|  |TAMS 0x0000000792200000, 0x0000000792200000| Untracked 
| 658|0x0000000792400000, 0x0000000792400000, 0x0000000792600000|  0%| F|  |TAMS 0x0000000792400000, 0x0000000792400000| Untracked 
| 659|0x0000000792600000, 0x0000000792600000, 0x0000000792800000|  0%| F|  |TAMS 0x0000000792600000, 0x0000000792600000| Untracked 
| 660|0x0000000792800000, 0x0000000792800000, 0x0000000792a00000|  0%| F|  |TAMS 0x0000000792800000, 0x0000000792800000| Untracked 
| 661|0x0000000792a00000, 0x0000000792a00000, 0x0000000792c00000|  0%| F|  |TAMS 0x0000000792a00000, 0x0000000792a00000| Untracked 
| 662|0x0000000792c00000, 0x0000000792c00000, 0x0000000792e00000|  0%| F|  |TAMS 0x0000000792c00000, 0x0000000792c00000| Untracked 
| 663|0x0000000792e00000, 0x0000000792e00000, 0x0000000793000000|  0%| F|  |TAMS 0x0000000792e00000, 0x0000000792e00000| Untracked 
| 664|0x0000000793000000, 0x0000000793000000, 0x0000000793200000|  0%| F|  |TAMS 0x0000000793000000, 0x0000000793000000| Untracked 
| 665|0x0000000793200000, 0x0000000793200000, 0x0000000793400000|  0%| F|  |TAMS 0x0000000793200000, 0x0000000793200000| Untracked 
| 666|0x0000000793400000, 0x0000000793400000, 0x0000000793600000|  0%| F|  |TAMS 0x0000000793400000, 0x0000000793400000| Untracked 
| 667|0x0000000793600000, 0x0000000793600000, 0x0000000793800000|  0%| F|  |TAMS 0x0000000793600000, 0x0000000793600000| Untracked 
| 668|0x0000000793800000, 0x0000000793800000, 0x0000000793a00000|  0%| F|  |TAMS 0x0000000793800000, 0x0000000793800000| Untracked 
| 669|0x0000000793a00000, 0x0000000793a00000, 0x0000000793c00000|  0%| F|  |TAMS 0x0000000793a00000, 0x0000000793a00000| Untracked 
| 670|0x0000000793c00000, 0x0000000793c00000, 0x0000000793e00000|  0%| F|  |TAMS 0x0000000793c00000, 0x0000000793c00000| Untracked 
| 671|0x0000000793e00000, 0x0000000793e00000, 0x0000000794000000|  0%| F|  |TAMS 0x0000000793e00000, 0x0000000793e00000| Untracked 
| 672|0x0000000794000000, 0x0000000794000000, 0x0000000794200000|  0%| F|  |TAMS 0x0000000794000000, 0x0000000794000000| Untracked 
| 673|0x0000000794200000, 0x0000000794200000, 0x0000000794400000|  0%| F|  |TAMS 0x0000000794200000, 0x0000000794200000| Untracked 
| 674|0x0000000794400000, 0x0000000794400000, 0x0000000794600000|  0%| F|  |TAMS 0x0000000794400000, 0x0000000794400000| Untracked 
| 675|0x0000000794600000, 0x0000000794600000, 0x0000000794800000|  0%| F|  |TAMS 0x0000000794600000, 0x0000000794600000| Untracked 
| 676|0x0000000794800000, 0x0000000794800000, 0x0000000794a00000|  0%| F|  |TAMS 0x0000000794800000, 0x0000000794800000| Untracked 
| 677|0x0000000794a00000, 0x0000000794a00000, 0x0000000794c00000|  0%| F|  |TAMS 0x0000000794a00000, 0x0000000794a00000| Untracked 
| 678|0x0000000794c00000, 0x0000000794c00000, 0x0000000794e00000|  0%| F|  |TAMS 0x0000000794c00000, 0x0000000794c00000| Untracked 
| 679|0x0000000794e00000, 0x0000000794e00000, 0x0000000795000000|  0%| F|  |TAMS 0x0000000794e00000, 0x0000000794e00000| Untracked 
| 680|0x0000000795000000, 0x0000000795000000, 0x0000000795200000|  0%| F|  |TAMS 0x0000000795000000, 0x0000000795000000| Untracked 
| 681|0x0000000795200000, 0x0000000795200000, 0x0000000795400000|  0%| F|  |TAMS 0x0000000795200000, 0x0000000795200000| Untracked 
| 682|0x0000000795400000, 0x0000000795400000, 0x0000000795600000|  0%| F|  |TAMS 0x0000000795400000, 0x0000000795400000| Untracked 
| 683|0x0000000795600000, 0x0000000795600000, 0x0000000795800000|  0%| F|  |TAMS 0x0000000795600000, 0x0000000795600000| Untracked 
| 684|0x0000000795800000, 0x0000000795800000, 0x0000000795a00000|  0%| F|  |TAMS 0x0000000795800000, 0x0000000795800000| Untracked 
| 685|0x0000000795a00000, 0x0000000795a00000, 0x0000000795c00000|  0%| F|  |TAMS 0x0000000795a00000, 0x0000000795a00000| Untracked 
| 686|0x0000000795c00000, 0x0000000795c00000, 0x0000000795e00000|  0%| F|  |TAMS 0x0000000795c00000, 0x0000000795c00000| Untracked 
| 687|0x0000000795e00000, 0x0000000795e00000, 0x0000000796000000|  0%| F|  |TAMS 0x0000000795e00000, 0x0000000795e00000| Untracked 
| 688|0x0000000796000000, 0x0000000796000000, 0x0000000796200000|  0%| F|  |TAMS 0x0000000796000000, 0x0000000796000000| Untracked 
| 689|0x0000000796200000, 0x0000000796200000, 0x0000000796400000|  0%| F|  |TAMS 0x0000000796200000, 0x0000000796200000| Untracked 
| 690|0x0000000796400000, 0x0000000796400000, 0x0000000796600000|  0%| F|  |TAMS 0x0000000796400000, 0x0000000796400000| Untracked 
| 691|0x0000000796600000, 0x0000000796600000, 0x0000000796800000|  0%| F|  |TAMS 0x0000000796600000, 0x0000000796600000| Untracked 
| 692|0x0000000796800000, 0x0000000796800000, 0x0000000796a00000|  0%| F|  |TAMS 0x0000000796800000, 0x0000000796800000| Untracked 
| 693|0x0000000796a00000, 0x0000000796a00000, 0x0000000796c00000|  0%| F|  |TAMS 0x0000000796a00000, 0x0000000796a00000| Untracked 
| 694|0x0000000796c00000, 0x0000000796c00000, 0x0000000796e00000|  0%| F|  |TAMS 0x0000000796c00000, 0x0000000796c00000| Untracked 
| 695|0x0000000796e00000, 0x0000000796e00000, 0x0000000797000000|  0%| F|  |TAMS 0x0000000796e00000, 0x0000000796e00000| Untracked 
| 696|0x0000000797000000, 0x0000000797000000, 0x0000000797200000|  0%| F|  |TAMS 0x0000000797000000, 0x0000000797000000| Untracked 
| 697|0x0000000797200000, 0x0000000797200000, 0x0000000797400000|  0%| F|  |TAMS 0x0000000797200000, 0x0000000797200000| Untracked 
| 698|0x0000000797400000, 0x0000000797400000, 0x0000000797600000|  0%| F|  |TAMS 0x0000000797400000, 0x0000000797400000| Untracked 
| 699|0x0000000797600000, 0x0000000797600000, 0x0000000797800000|  0%| F|  |TAMS 0x0000000797600000, 0x0000000797600000| Untracked 
| 700|0x0000000797800000, 0x0000000797800000, 0x0000000797a00000|  0%| F|  |TAMS 0x0000000797800000, 0x0000000797800000| Untracked 
| 701|0x0000000797a00000, 0x0000000797a00000, 0x0000000797c00000|  0%| F|  |TAMS 0x0000000797a00000, 0x0000000797a00000| Untracked 
| 702|0x0000000797c00000, 0x0000000797c00000, 0x0000000797e00000|  0%| F|  |TAMS 0x0000000797c00000, 0x0000000797c00000| Untracked 
| 703|0x0000000797e00000, 0x0000000797e00000, 0x0000000798000000|  0%| F|  |TAMS 0x0000000797e00000, 0x0000000797e00000| Untracked 
| 704|0x0000000798000000, 0x0000000798000000, 0x0000000798200000|  0%| F|  |TAMS 0x0000000798000000, 0x0000000798000000| Untracked 
| 705|0x0000000798200000, 0x0000000798200000, 0x0000000798400000|  0%| F|  |TAMS 0x0000000798200000, 0x0000000798200000| Untracked 
| 706|0x0000000798400000, 0x0000000798400000, 0x0000000798600000|  0%| F|  |TAMS 0x0000000798400000, 0x0000000798400000| Untracked 
| 707|0x0000000798600000, 0x0000000798600000, 0x0000000798800000|  0%| F|  |TAMS 0x0000000798600000, 0x0000000798600000| Untracked 
| 708|0x0000000798800000, 0x0000000798800000, 0x0000000798a00000|  0%| F|  |TAMS 0x0000000798800000, 0x0000000798800000| Untracked 
| 709|0x0000000798a00000, 0x0000000798a00000, 0x0000000798c00000|  0%| F|  |TAMS 0x0000000798a00000, 0x0000000798a00000| Untracked 
| 710|0x0000000798c00000, 0x0000000798c00000, 0x0000000798e00000|  0%| F|  |TAMS 0x0000000798c00000, 0x0000000798c00000| Untracked 
| 711|0x0000000798e00000, 0x0000000798e00000, 0x0000000799000000|  0%| F|  |TAMS 0x0000000798e00000, 0x0000000798e00000| Untracked 
| 712|0x0000000799000000, 0x0000000799000000, 0x0000000799200000|  0%| F|  |TAMS 0x0000000799000000, 0x0000000799000000| Untracked 
| 713|0x0000000799200000, 0x0000000799200000, 0x0000000799400000|  0%| F|  |TAMS 0x0000000799200000, 0x0000000799200000| Untracked 
| 714|0x0000000799400000, 0x0000000799400000, 0x0000000799600000|  0%| F|  |TAMS 0x0000000799400000, 0x0000000799400000| Untracked 
| 715|0x0000000799600000, 0x0000000799600000, 0x0000000799800000|  0%| F|  |TAMS 0x0000000799600000, 0x0000000799600000| Untracked 
| 716|0x0000000799800000, 0x0000000799800000, 0x0000000799a00000|  0%| F|  |TAMS 0x0000000799800000, 0x0000000799800000| Untracked 
| 717|0x0000000799a00000, 0x0000000799a00000, 0x0000000799c00000|  0%| F|  |TAMS 0x0000000799a00000, 0x0000000799a00000| Untracked 
| 718|0x0000000799c00000, 0x0000000799c00000, 0x0000000799e00000|  0%| F|  |TAMS 0x0000000799c00000, 0x0000000799c00000| Untracked 
| 719|0x0000000799e00000, 0x0000000799e00000, 0x000000079a000000|  0%| F|  |TAMS 0x0000000799e00000, 0x0000000799e00000| Untracked 
| 720|0x000000079a000000, 0x000000079a000000, 0x000000079a200000|  0%| F|  |TAMS 0x000000079a000000, 0x000000079a000000| Untracked 
| 721|0x000000079a200000, 0x000000079a200000, 0x000000079a400000|  0%| F|  |TAMS 0x000000079a200000, 0x000000079a200000| Untracked 
| 722|0x000000079a400000, 0x000000079a400000, 0x000000079a600000|  0%| F|  |TAMS 0x000000079a400000, 0x000000079a400000| Untracked 
| 723|0x000000079a600000, 0x000000079a600000, 0x000000079a800000|  0%| F|  |TAMS 0x000000079a600000, 0x000000079a600000| Untracked 
| 724|0x000000079a800000, 0x000000079a800000, 0x000000079aa00000|  0%| F|  |TAMS 0x000000079a800000, 0x000000079a800000| Untracked 
| 725|0x000000079aa00000, 0x000000079aa00000, 0x000000079ac00000|  0%| F|  |TAMS 0x000000079aa00000, 0x000000079aa00000| Untracked 
| 726|0x000000079ac00000, 0x000000079ac00000, 0x000000079ae00000|  0%| F|  |TAMS 0x000000079ac00000, 0x000000079ac00000| Untracked 
| 727|0x000000079ae00000, 0x000000079ae00000, 0x000000079b000000|  0%| F|  |TAMS 0x000000079ae00000, 0x000000079ae00000| Untracked 
| 728|0x000000079b000000, 0x000000079b000000, 0x000000079b200000|  0%| F|  |TAMS 0x000000079b000000, 0x000000079b000000| Untracked 
| 729|0x000000079b200000, 0x000000079b200000, 0x000000079b400000|  0%| F|  |TAMS 0x000000079b200000, 0x000000079b200000| Untracked 
| 730|0x000000079b400000, 0x000000079b400000, 0x000000079b600000|  0%| F|  |TAMS 0x000000079b400000, 0x000000079b400000| Untracked 
| 731|0x000000079b600000, 0x000000079b600000, 0x000000079b800000|  0%| F|  |TAMS 0x000000079b600000, 0x000000079b600000| Untracked 
| 732|0x000000079b800000, 0x000000079b800000, 0x000000079ba00000|  0%| F|  |TAMS 0x000000079b800000, 0x000000079b800000| Untracked 
| 733|0x000000079ba00000, 0x000000079ba00000, 0x000000079bc00000|  0%| F|  |TAMS 0x000000079ba00000, 0x000000079ba00000| Untracked 
| 734|0x000000079bc00000, 0x000000079bc00000, 0x000000079be00000|  0%| F|  |TAMS 0x000000079bc00000, 0x000000079bc00000| Untracked 
| 735|0x000000079be00000, 0x000000079be00000, 0x000000079c000000|  0%| F|  |TAMS 0x000000079be00000, 0x000000079be00000| Untracked 
| 736|0x000000079c000000, 0x000000079c000000, 0x000000079c200000|  0%| F|  |TAMS 0x000000079c000000, 0x000000079c000000| Untracked 
| 737|0x000000079c200000, 0x000000079c200000, 0x000000079c400000|  0%| F|  |TAMS 0x000000079c200000, 0x000000079c200000| Untracked 
| 738|0x000000079c400000, 0x000000079c400000, 0x000000079c600000|  0%| F|  |TAMS 0x000000079c400000, 0x000000079c400000| Untracked 
| 739|0x000000079c600000, 0x000000079c600000, 0x000000079c800000|  0%| F|  |TAMS 0x000000079c600000, 0x000000079c600000| Untracked 
| 740|0x000000079c800000, 0x000000079c800000, 0x000000079ca00000|  0%| F|  |TAMS 0x000000079c800000, 0x000000079c800000| Untracked 
| 741|0x000000079ca00000, 0x000000079ca00000, 0x000000079cc00000|  0%| F|  |TAMS 0x000000079ca00000, 0x000000079ca00000| Untracked 
| 742|0x000000079cc00000, 0x000000079cc00000, 0x000000079ce00000|  0%| F|  |TAMS 0x000000079cc00000, 0x000000079cc00000| Untracked 
| 743|0x000000079ce00000, 0x000000079ce00000, 0x000000079d000000|  0%| F|  |TAMS 0x000000079ce00000, 0x000000079ce00000| Untracked 
| 744|0x000000079d000000, 0x000000079d000000, 0x000000079d200000|  0%| F|  |TAMS 0x000000079d000000, 0x000000079d000000| Untracked 
| 745|0x000000079d200000, 0x000000079d200000, 0x000000079d400000|  0%| F|  |TAMS 0x000000079d200000, 0x000000079d200000| Untracked 
| 746|0x000000079d400000, 0x000000079d400000, 0x000000079d600000|  0%| F|  |TAMS 0x000000079d400000, 0x000000079d400000| Untracked 
| 747|0x000000079d600000, 0x000000079d600000, 0x000000079d800000|  0%| F|  |TAMS 0x000000079d600000, 0x000000079d600000| Untracked 
| 748|0x000000079d800000, 0x000000079d800000, 0x000000079da00000|  0%| F|  |TAMS 0x000000079d800000, 0x000000079d800000| Untracked 
| 749|0x000000079da00000, 0x000000079da00000, 0x000000079dc00000|  0%| F|  |TAMS 0x000000079da00000, 0x000000079da00000| Untracked 
| 750|0x000000079dc00000, 0x000000079dc00000, 0x000000079de00000|  0%| F|  |TAMS 0x000000079dc00000, 0x000000079dc00000| Untracked 
| 751|0x000000079de00000, 0x000000079de00000, 0x000000079e000000|  0%| F|  |TAMS 0x000000079de00000, 0x000000079de00000| Untracked 
| 752|0x000000079e000000, 0x000000079e000000, 0x000000079e200000|  0%| F|  |TAMS 0x000000079e000000, 0x000000079e000000| Untracked 
| 753|0x000000079e200000, 0x000000079e200000, 0x000000079e400000|  0%| F|  |TAMS 0x000000079e200000, 0x000000079e200000| Untracked 
| 754|0x000000079e400000, 0x000000079e400000, 0x000000079e600000|  0%| F|  |TAMS 0x000000079e400000, 0x000000079e400000| Untracked 
| 755|0x000000079e600000, 0x000000079e600000, 0x000000079e800000|  0%| F|  |TAMS 0x000000079e600000, 0x000000079e600000| Untracked 
| 756|0x000000079e800000, 0x000000079e800000, 0x000000079ea00000|  0%| F|  |TAMS 0x000000079e800000, 0x000000079e800000| Untracked 
| 757|0x000000079ea00000, 0x000000079ea00000, 0x000000079ec00000|  0%| F|  |TAMS 0x000000079ea00000, 0x000000079ea00000| Untracked 
| 758|0x000000079ec00000, 0x000000079ec00000, 0x000000079ee00000|  0%| F|  |TAMS 0x000000079ec00000, 0x000000079ec00000| Untracked 
| 759|0x000000079ee00000, 0x000000079ee00000, 0x000000079f000000|  0%| F|  |TAMS 0x000000079ee00000, 0x000000079ee00000| Untracked 
| 760|0x000000079f000000, 0x000000079f000000, 0x000000079f200000|  0%| F|  |TAMS 0x000000079f000000, 0x000000079f000000| Untracked 
| 761|0x000000079f200000, 0x000000079f200000, 0x000000079f400000|  0%| F|  |TAMS 0x000000079f200000, 0x000000079f200000| Untracked 
| 762|0x000000079f400000, 0x000000079f400000, 0x000000079f600000|  0%| F|  |TAMS 0x000000079f400000, 0x000000079f400000| Untracked 
| 763|0x000000079f600000, 0x000000079f600000, 0x000000079f800000|  0%| F|  |TAMS 0x000000079f600000, 0x000000079f600000| Untracked 
| 764|0x000000079f800000, 0x000000079f800000, 0x000000079fa00000|  0%| F|  |TAMS 0x000000079f800000, 0x000000079f800000| Untracked 
| 765|0x000000079fa00000, 0x000000079fa00000, 0x000000079fc00000|  0%| F|  |TAMS 0x000000079fa00000, 0x000000079fa00000| Untracked 
| 766|0x000000079fc00000, 0x000000079fc00000, 0x000000079fe00000|  0%| F|  |TAMS 0x000000079fc00000, 0x000000079fc00000| Untracked 
| 767|0x000000079fe00000, 0x000000079fe00000, 0x00000007a0000000|  0%| F|  |TAMS 0x000000079fe00000, 0x000000079fe00000| Untracked 
| 768|0x00000007a0000000, 0x00000007a0000000, 0x00000007a0200000|  0%| F|  |TAMS 0x00000007a0000000, 0x00000007a0000000| Untracked 
| 769|0x00000007a0200000, 0x00000007a0200000, 0x00000007a0400000|  0%| F|  |TAMS 0x00000007a0200000, 0x00000007a0200000| Untracked 
| 770|0x00000007a0400000, 0x00000007a0400000, 0x00000007a0600000|  0%| F|  |TAMS 0x00000007a0400000, 0x00000007a0400000| Untracked 
| 771|0x00000007a0600000, 0x00000007a0600000, 0x00000007a0800000|  0%| F|  |TAMS 0x00000007a0600000, 0x00000007a0600000| Untracked 
| 772|0x00000007a0800000, 0x00000007a0800000, 0x00000007a0a00000|  0%| F|  |TAMS 0x00000007a0800000, 0x00000007a0800000| Untracked 
| 773|0x00000007a0a00000, 0x00000007a0a00000, 0x00000007a0c00000|  0%| F|  |TAMS 0x00000007a0a00000, 0x00000007a0a00000| Untracked 
| 774|0x00000007a0c00000, 0x00000007a0c00000, 0x00000007a0e00000|  0%| F|  |TAMS 0x00000007a0c00000, 0x00000007a0c00000| Untracked 
| 775|0x00000007a0e00000, 0x00000007a0e00000, 0x00000007a1000000|  0%| F|  |TAMS 0x00000007a0e00000, 0x00000007a0e00000| Untracked 
| 776|0x00000007a1000000, 0x00000007a1000000, 0x00000007a1200000|  0%| F|  |TAMS 0x00000007a1000000, 0x00000007a1000000| Untracked 
| 777|0x00000007a1200000, 0x00000007a1200000, 0x00000007a1400000|  0%| F|  |TAMS 0x00000007a1200000, 0x00000007a1200000| Untracked 
| 778|0x00000007a1400000, 0x00000007a1400000, 0x00000007a1600000|  0%| F|  |TAMS 0x00000007a1400000, 0x00000007a1400000| Untracked 
| 779|0x00000007a1600000, 0x00000007a1600000, 0x00000007a1800000|  0%| F|  |TAMS 0x00000007a1600000, 0x00000007a1600000| Untracked 
| 780|0x00000007a1800000, 0x00000007a1800000, 0x00000007a1a00000|  0%| F|  |TAMS 0x00000007a1800000, 0x00000007a1800000| Untracked 
| 781|0x00000007a1a00000, 0x00000007a1a00000, 0x00000007a1c00000|  0%| F|  |TAMS 0x00000007a1a00000, 0x00000007a1a00000| Untracked 
| 782|0x00000007a1c00000, 0x00000007a1c00000, 0x00000007a1e00000|  0%| F|  |TAMS 0x00000007a1c00000, 0x00000007a1c00000| Untracked 
| 783|0x00000007a1e00000, 0x00000007a1e00000, 0x00000007a2000000|  0%| F|  |TAMS 0x00000007a1e00000, 0x00000007a1e00000| Untracked 
| 784|0x00000007a2000000, 0x00000007a2000000, 0x00000007a2200000|  0%| F|  |TAMS 0x00000007a2000000, 0x00000007a2000000| Untracked 
| 785|0x00000007a2200000, 0x00000007a2200000, 0x00000007a2400000|  0%| F|  |TAMS 0x00000007a2200000, 0x00000007a2200000| Untracked 
| 786|0x00000007a2400000, 0x00000007a2400000, 0x00000007a2600000|  0%| F|  |TAMS 0x00000007a2400000, 0x00000007a2400000| Untracked 
| 787|0x00000007a2600000, 0x00000007a2600000, 0x00000007a2800000|  0%| F|  |TAMS 0x00000007a2600000, 0x00000007a2600000| Untracked 
| 788|0x00000007a2800000, 0x00000007a2800000, 0x00000007a2a00000|  0%| F|  |TAMS 0x00000007a2800000, 0x00000007a2800000| Untracked 
| 789|0x00000007a2a00000, 0x00000007a2a00000, 0x00000007a2c00000|  0%| F|  |TAMS 0x00000007a2a00000, 0x00000007a2a00000| Untracked 
| 790|0x00000007a2c00000, 0x00000007a2c00000, 0x00000007a2e00000|  0%| F|  |TAMS 0x00000007a2c00000, 0x00000007a2c00000| Untracked 
| 791|0x00000007a2e00000, 0x00000007a2e00000, 0x00000007a3000000|  0%| F|  |TAMS 0x00000007a2e00000, 0x00000007a2e00000| Untracked 
| 792|0x00000007a3000000, 0x00000007a3000000, 0x00000007a3200000|  0%| F|  |TAMS 0x00000007a3000000, 0x00000007a3000000| Untracked 
| 793|0x00000007a3200000, 0x00000007a3200000, 0x00000007a3400000|  0%| F|  |TAMS 0x00000007a3200000, 0x00000007a3200000| Untracked 
| 794|0x00000007a3400000, 0x00000007a3400000, 0x00000007a3600000|  0%| F|  |TAMS 0x00000007a3400000, 0x00000007a3400000| Untracked 
| 795|0x00000007a3600000, 0x00000007a3600000, 0x00000007a3800000|  0%| F|  |TAMS 0x00000007a3600000, 0x00000007a3600000| Untracked 
| 796|0x00000007a3800000, 0x00000007a3800000, 0x00000007a3a00000|  0%| F|  |TAMS 0x00000007a3800000, 0x00000007a3800000| Untracked 
| 797|0x00000007a3a00000, 0x00000007a3a00000, 0x00000007a3c00000|  0%| F|  |TAMS 0x00000007a3a00000, 0x00000007a3a00000| Untracked 
| 798|0x00000007a3c00000, 0x00000007a3c00000, 0x00000007a3e00000|  0%| F|  |TAMS 0x00000007a3c00000, 0x00000007a3c00000| Untracked 
| 799|0x00000007a3e00000, 0x00000007a3e00000, 0x00000007a4000000|  0%| F|  |TAMS 0x00000007a3e00000, 0x00000007a3e00000| Untracked 
| 800|0x00000007a4000000, 0x00000007a4000000, 0x00000007a4200000|  0%| F|  |TAMS 0x00000007a4000000, 0x00000007a4000000| Untracked 
| 801|0x00000007a4200000, 0x00000007a4200000, 0x00000007a4400000|  0%| F|  |TAMS 0x00000007a4200000, 0x00000007a4200000| Untracked 
| 802|0x00000007a4400000, 0x00000007a4400000, 0x00000007a4600000|  0%| F|  |TAMS 0x00000007a4400000, 0x00000007a4400000| Untracked 
| 803|0x00000007a4600000, 0x00000007a4600000, 0x00000007a4800000|  0%| F|  |TAMS 0x00000007a4600000, 0x00000007a4600000| Untracked 
| 804|0x00000007a4800000, 0x00000007a4800000, 0x00000007a4a00000|  0%| F|  |TAMS 0x00000007a4800000, 0x00000007a4800000| Untracked 
| 805|0x00000007a4a00000, 0x00000007a4a00000, 0x00000007a4c00000|  0%| F|  |TAMS 0x00000007a4a00000, 0x00000007a4a00000| Untracked 
| 806|0x00000007a4c00000, 0x00000007a4c00000, 0x00000007a4e00000|  0%| F|  |TAMS 0x00000007a4c00000, 0x00000007a4c00000| Untracked 
| 807|0x00000007a4e00000, 0x00000007a4e00000, 0x00000007a5000000|  0%| F|  |TAMS 0x00000007a4e00000, 0x00000007a4e00000| Untracked 
| 808|0x00000007a5000000, 0x00000007a5000000, 0x00000007a5200000|  0%| F|  |TAMS 0x00000007a5000000, 0x00000007a5000000| Untracked 
| 809|0x00000007a5200000, 0x00000007a5200000, 0x00000007a5400000|  0%| F|  |TAMS 0x00000007a5200000, 0x00000007a5200000| Untracked 
| 810|0x00000007a5400000, 0x00000007a5400000, 0x00000007a5600000|  0%| F|  |TAMS 0x00000007a5400000, 0x00000007a5400000| Untracked 
| 811|0x00000007a5600000, 0x00000007a5600000, 0x00000007a5800000|  0%| F|  |TAMS 0x00000007a5600000, 0x00000007a5600000| Untracked 
| 812|0x00000007a5800000, 0x00000007a5800000, 0x00000007a5a00000|  0%| F|  |TAMS 0x00000007a5800000, 0x00000007a5800000| Untracked 
| 813|0x00000007a5a00000, 0x00000007a5a00000, 0x00000007a5c00000|  0%| F|  |TAMS 0x00000007a5a00000, 0x00000007a5a00000| Untracked 
| 814|0x00000007a5c00000, 0x00000007a5c00000, 0x00000007a5e00000|  0%| F|  |TAMS 0x00000007a5c00000, 0x00000007a5c00000| Untracked 
| 815|0x00000007a5e00000, 0x00000007a5e00000, 0x00000007a6000000|  0%| F|  |TAMS 0x00000007a5e00000, 0x00000007a5e00000| Untracked 
| 816|0x00000007a6000000, 0x00000007a6000000, 0x00000007a6200000|  0%| F|  |TAMS 0x00000007a6000000, 0x00000007a6000000| Untracked 
| 817|0x00000007a6200000, 0x00000007a6200000, 0x00000007a6400000|  0%| F|  |TAMS 0x00000007a6200000, 0x00000007a6200000| Untracked 
| 818|0x00000007a6400000, 0x00000007a6400000, 0x00000007a6600000|  0%| F|  |TAMS 0x00000007a6400000, 0x00000007a6400000| Untracked 
| 819|0x00000007a6600000, 0x00000007a6600000, 0x00000007a6800000|  0%| F|  |TAMS 0x00000007a6600000, 0x00000007a6600000| Untracked 
| 820|0x00000007a6800000, 0x00000007a6800000, 0x00000007a6a00000|  0%| F|  |TAMS 0x00000007a6800000, 0x00000007a6800000| Untracked 
| 821|0x00000007a6a00000, 0x00000007a6a00000, 0x00000007a6c00000|  0%| F|  |TAMS 0x00000007a6a00000, 0x00000007a6a00000| Untracked 
| 822|0x00000007a6c00000, 0x00000007a6c00000, 0x00000007a6e00000|  0%| F|  |TAMS 0x00000007a6c00000, 0x00000007a6c00000| Untracked 
| 823|0x00000007a6e00000, 0x00000007a6e00000, 0x00000007a7000000|  0%| F|  |TAMS 0x00000007a6e00000, 0x00000007a6e00000| Untracked 
| 824|0x00000007a7000000, 0x00000007a7000000, 0x00000007a7200000|  0%| F|  |TAMS 0x00000007a7000000, 0x00000007a7000000| Untracked 
| 825|0x00000007a7200000, 0x00000007a7200000, 0x00000007a7400000|  0%| F|  |TAMS 0x00000007a7200000, 0x00000007a7200000| Untracked 
| 826|0x00000007a7400000, 0x00000007a7400000, 0x00000007a7600000|  0%| F|  |TAMS 0x00000007a7400000, 0x00000007a7400000| Untracked 
| 827|0x00000007a7600000, 0x00000007a7600000, 0x00000007a7800000|  0%| F|  |TAMS 0x00000007a7600000, 0x00000007a7600000| Untracked 
| 828|0x00000007a7800000, 0x00000007a7800000, 0x00000007a7a00000|  0%| F|  |TAMS 0x00000007a7800000, 0x00000007a7800000| Untracked 
| 829|0x00000007a7a00000, 0x00000007a7a9a498, 0x00000007a7c00000| 30%| E|  |TAMS 0x00000007a7a00000, 0x00000007a7a00000| Complete 
| 830|0x00000007a7c00000, 0x00000007a7e00000, 0x00000007a7e00000|100%| E|CS|TAMS 0x00000007a7c00000, 0x00000007a7c00000| Complete 
| 831|0x00000007a7e00000, 0x00000007a8000000, 0x00000007a8000000|100%| E|CS|TAMS 0x00000007a7e00000, 0x00000007a7e00000| Complete 
| 832|0x00000007a8000000, 0x00000007a8200000, 0x00000007a8200000|100%| E|CS|TAMS 0x00000007a8000000, 0x00000007a8000000| Complete 
| 833|0x00000007a8200000, 0x00000007a8400000, 0x00000007a8400000|100%| E|CS|TAMS 0x00000007a8200000, 0x00000007a8200000| Complete 
| 834|0x00000007a8400000, 0x00000007a8600000, 0x00000007a8600000|100%| E|CS|TAMS 0x00000007a8400000, 0x00000007a8400000| Complete 
| 835|0x00000007a8600000, 0x00000007a8800000, 0x00000007a8800000|100%| E|CS|TAMS 0x00000007a8600000, 0x00000007a8600000| Complete 
| 836|0x00000007a8800000, 0x00000007a8a00000, 0x00000007a8a00000|100%| E|CS|TAMS 0x00000007a8800000, 0x00000007a8800000| Complete 
| 837|0x00000007a8a00000, 0x00000007a8c00000, 0x00000007a8c00000|100%| E|CS|TAMS 0x00000007a8a00000, 0x00000007a8a00000| Complete 
| 838|0x00000007a8c00000, 0x00000007a8e00000, 0x00000007a8e00000|100%| E|CS|TAMS 0x00000007a8c00000, 0x00000007a8c00000| Complete 
| 839|0x00000007a8e00000, 0x00000007a9000000, 0x00000007a9000000|100%| E|CS|TAMS 0x00000007a8e00000, 0x00000007a8e00000| Complete 
| 840|0x00000007a9000000, 0x00000007a9200000, 0x00000007a9200000|100%| E|CS|TAMS 0x00000007a9000000, 0x00000007a9000000| Complete 
| 841|0x00000007a9200000, 0x00000007a9400000, 0x00000007a9400000|100%| E|CS|TAMS 0x00000007a9200000, 0x00000007a9200000| Complete 
| 842|0x00000007a9400000, 0x00000007a9600000, 0x00000007a9600000|100%| E|CS|TAMS 0x00000007a9400000, 0x00000007a9400000| Complete 
| 843|0x00000007a9600000, 0x00000007a9800000, 0x00000007a9800000|100%| E|CS|TAMS 0x00000007a9600000, 0x00000007a9600000| Complete 
| 844|0x00000007a9800000, 0x00000007a9a00000, 0x00000007a9a00000|100%| E|CS|TAMS 0x00000007a9800000, 0x00000007a9800000| Complete 
| 845|0x00000007a9a00000, 0x00000007a9c00000, 0x00000007a9c00000|100%| E|CS|TAMS 0x00000007a9a00000, 0x00000007a9a00000| Complete 
| 846|0x00000007a9c00000, 0x00000007a9e00000, 0x00000007a9e00000|100%| E|CS|TAMS 0x00000007a9c00000, 0x00000007a9c00000| Complete 
| 847|0x00000007a9e00000, 0x00000007aa000000, 0x00000007aa000000|100%| E|CS|TAMS 0x00000007a9e00000, 0x00000007a9e00000| Complete 
| 848|0x00000007aa000000, 0x00000007aa200000, 0x00000007aa200000|100%| E|CS|TAMS 0x00000007aa000000, 0x00000007aa000000| Complete 
| 849|0x00000007aa200000, 0x00000007aa400000, 0x00000007aa400000|100%| E|CS|TAMS 0x00000007aa200000, 0x00000007aa200000| Complete 
| 850|0x00000007aa400000, 0x00000007aa600000, 0x00000007aa600000|100%| E|CS|TAMS 0x00000007aa400000, 0x00000007aa400000| Complete 
|1081|0x00000007c7200000, 0x00000007c7235820, 0x00000007c7400000| 10%| S|CS|TAMS 0x00000007c7200000, 0x00000007c7200000| Complete 
|1082|0x00000007c7400000, 0x00000007c7600000, 0x00000007c7600000|100%| S|CS|TAMS 0x00000007c7400000, 0x00000007c7400000| Complete 
|1083|0x00000007c7600000, 0x00000007c7800000, 0x00000007c7800000|100%| S|CS|TAMS 0x00000007c7600000, 0x00000007c7600000| Complete 
|1084|0x00000007c7800000, 0x00000007c7a00000, 0x00000007c7a00000|100%| S|CS|TAMS 0x00000007c7800000, 0x00000007c7800000| Complete 
|1085|0x00000007c7a00000, 0x00000007c7c00000, 0x00000007c7c00000|100%| S|CS|TAMS 0x00000007c7a00000, 0x00000007c7a00000| Complete 
|1086|0x00000007c7c00000, 0x00000007c7e00000, 0x00000007c7e00000|100%| S|CS|TAMS 0x00000007c7c00000, 0x00000007c7c00000| Complete 
|1087|0x00000007c7e00000, 0x00000007c8000000, 0x00000007c8000000|100%| S|CS|TAMS 0x00000007c7e00000, 0x00000007c7e00000| Complete 
|1088|0x00000007c8000000, 0x00000007c8200000, 0x00000007c8200000|100%| S|CS|TAMS 0x00000007c8000000, 0x00000007c8000000| Complete 
|1089|0x00000007c8200000, 0x00000007c8400000, 0x00000007c8400000|100%| S|CS|TAMS 0x00000007c8200000, 0x00000007c8200000| Complete 
|1090|0x00000007c8400000, 0x00000007c8600000, 0x00000007c8600000|100%| S|CS|TAMS 0x00000007c8400000, 0x00000007c8400000| Complete 
|1091|0x00000007c8600000, 0x00000007c8800000, 0x00000007c8800000|100%| S|CS|TAMS 0x00000007c8600000, 0x00000007c8600000| Complete 
|1092|0x00000007c8800000, 0x00000007c8a00000, 0x00000007c8a00000|100%| S|CS|TAMS 0x00000007c8800000, 0x00000007c8800000| Complete 
|1093|0x00000007c8a00000, 0x00000007c8c00000, 0x00000007c8c00000|100%| S|CS|TAMS 0x00000007c8a00000, 0x00000007c8a00000| Complete 
|1094|0x00000007c8c00000, 0x00000007c8e00000, 0x00000007c8e00000|100%| S|CS|TAMS 0x00000007c8c00000, 0x00000007c8c00000| Complete 
|1095|0x00000007c8e00000, 0x00000007c9000000, 0x00000007c9000000|100%| S|CS|TAMS 0x00000007c8e00000, 0x00000007c8e00000| Complete 
|1096|0x00000007c9000000, 0x00000007c9200000, 0x00000007c9200000|100%| S|CS|TAMS 0x00000007c9000000, 0x00000007c9000000| Complete 
|1097|0x00000007c9200000, 0x00000007c9400000, 0x00000007c9400000|100%| S|CS|TAMS 0x00000007c9200000, 0x00000007c9200000| Complete 
|1098|0x00000007c9400000, 0x00000007c9600000, 0x00000007c9600000|100%| S|CS|TAMS 0x00000007c9400000, 0x00000007c9400000| Complete 
|1531|0x00000007ff600000, 0x00000007ff800000, 0x00000007ff800000|100%| E|CS|TAMS 0x00000007ff600000, 0x00000007ff600000| Complete 
|1532|0x00000007ff800000, 0x00000007ffa00000, 0x00000007ffa00000|100%| E|  |TAMS 0x00000007ff800000, 0x00000007ff800000| Complete 
|1533|0x00000007ffa00000, 0x00000007ffc00000, 0x00000007ffc00000|100%| E|CS|TAMS 0x00000007ffa00000, 0x00000007ffa00000| Complete 
|1534|0x00000007ffc00000, 0x00000007ffe00000, 0x00000007ffe00000|100%| E|CS|TAMS 0x00000007ffc00000, 0x00000007ffc00000| Complete 
|1535|0x00000007ffe00000, 0x0000000800000000, 0x0000000800000000|100%| E|CS|TAMS 0x00000007ffe00000, 0x00000007ffe00000| Complete 

Card table byte_map: [0x000001b87a6e0000,0x000001b87ace0000] _byte_map_base: 0x000001b876ce0000

Marking Bits (Prev, Next): (CMBitMap*) 0x000001b85f1ae920, (CMBitMap*) 0x000001b85f1ae8e0
 Prev Bits: [0x000001b800000000, 0x000001b803000000)
 Next Bits: [0x000001b87b2e0000, 0x000001b87e2e0000)

Polling page: 0x000001b85f570000

Metaspace:

Usage:
  Non-class:     74.37 MB used.
      Class:     11.46 MB used.
       Both:     85.83 MB used.

Virtual space:
  Non-class space:      128.00 MB reserved,      74.75 MB ( 58%) committed,  2 nodes.
      Class space:        1.00 GB reserved,      11.75 MB (  1%) committed,  1 nodes.
             Both:        1.12 GB reserved,      86.50 MB (  8%) committed. 

Chunk freelists:
   Non-Class:  4.88 MB
       Class:  4.19 MB
        Both:  9.06 MB

MaxMetaspaceSize: unlimited
CompressedClassSpaceSize: 1.00 GB
Initial GC threshold: 21.00 MB
Current GC threshold: 143.56 MB
CDS: on
MetaspaceReclaimPolicy: balanced
 - commit_granule_bytes: 65536.
 - commit_granule_words: 8192.
 - virtual_space_node_default_size: 8388608.
 - enlarge_chunks_in_place: 1.
 - new_chunks_are_fully_committed: 0.
 - uncommit_free_chunks: 1.
 - use_allocation_guard: 0.
 - handle_deallocations: 1.


Internal statistics:

num_allocs_failed_limit: 6.
num_arena_births: 852.
num_arena_deaths: 4.
num_vsnodes_births: 3.
num_vsnodes_deaths: 0.
num_space_committed: 1384.
num_space_uncommitted: 0.
num_chunks_returned_to_freelist: 12.
num_chunks_taken_from_freelist: 4276.
num_chunk_merges: 7.
num_chunk_splits: 2800.
num_chunks_enlarged: 1869.
num_inconsistent_stats: 0.

CodeHeap 'non-profiled nmethods': size=118848Kb used=21419Kb max_used=21419Kb free=97429Kb
 bounds [0x000001b8719b0000, 0x000001b872ea0000, 0x000001b878dc0000]
CodeHeap 'profiled nmethods': size=118848Kb used=27058Kb max_used=27058Kb free=91789Kb
 bounds [0x000001b869dc0000, 0x000001b86b840000, 0x000001b8711d0000]
CodeHeap 'non-nmethods': size=8064Kb used=2423Kb max_used=4834Kb free=5640Kb
 bounds [0x000001b8711d0000, 0x000001b871690000, 0x000001b8719b0000]
 total_blobs=16945 nmethods=16011 adapters=843
 compilation: enabled
              stopped_count=0, restarted_count=0
 full_count=0

Compilation events (20 events):
Event: 211.170 Thread 0x000001b80524ccc0 23208       4       java.io.DataInputStream::readUTF (501 bytes)
Event: 211.170 Thread 0x000001b805260c80 nmethod 23206 0x000001b86b833890 code [0x000001b86b833a40, 0x000001b86b833d58]
Event: 211.170 Thread 0x000001b805260c80 23207       3       java.net.InetAddress$InetAddressHolder::<init> (5 bytes)
Event: 211.170 Thread 0x000001b805260c80 nmethod 23207 0x000001b86b833e90 code [0x000001b86b834020, 0x000001b86b834178]
Event: 211.179 Thread 0x000001b80524ccc0 nmethod 23208 0x000001b872e96d90 code [0x000001b872e96f80, 0x000001b872e97d98]
Event: 224.492 Thread 0x000001b805260c80 23209       3       java.util.Collections::sort (8 bytes)
Event: 224.492 Thread 0x000001b805260c80 nmethod 23209 0x000001b86b834210 code [0x000001b86b8343c0, 0x000001b86b834568]
Event: 231.169 Thread 0x000001b805260c80 23210       1       org.gradle.util.internal.DefaultGradleVersion::getVersion (5 bytes)
Event: 231.170 Thread 0x000001b805260c80 nmethod 23210 0x000001b872e98490 code [0x000001b872e98620, 0x000001b872e986f8]
Event: 236.653 Thread 0x000001b80524ccc0 23211 %     4       com.esotericsoftware.kryo.io.Output::writeString @ 65 (125 bytes)
Event: 236.658 Thread 0x000001b80524ccc0 nmethod 23211% 0x000001b872e98790 code [0x000001b872e98940, 0x000001b872e99068]
Event: 236.998 Thread 0x000001b80524ccc0 23212       4       java.lang.StringLatin1::getChars (12 bytes)
Event: 236.999 Thread 0x000001b80524ccc0 nmethod 23212 0x000001b872e99310 code [0x000001b872e99480, 0x000001b872e99678]
Event: 237.253 Thread 0x000001b80524ccc0 23213       4       com.esotericsoftware.kryo.io.Output::writeString (125 bytes)
Event: 237.259 Thread 0x000001b80524ccc0 nmethod 23213 0x000001b872e99710 code [0x000001b872e998c0, 0x000001b872e99ed0]
Event: 242.261 Thread 0x000001b80524ccc0 23214       4       org.gradle.internal.snapshot.VfsRelativePath::normalizeRoot (50 bytes)
Event: 242.262 Thread 0x000001b80524ccc0 nmethod 23214 0x000001b872e9a190 code [0x000001b872e9a320, 0x000001b872e9a578]
Event: 242.262 Thread 0x000001b80524ccc0 23215       4       org.gradle.internal.snapshot.VfsRelativePath::determineOffset (34 bytes)
Event: 242.263 Thread 0x000001b80524ccc0 nmethod 23215 0x000001b872e9a790 code [0x000001b872e9a920, 0x000001b872e9aa38]
Event: 242.277 Thread 0x000001b80524ccc0 23216       4       org.gradle.internal.snapshot.AbstractIncompleteFileSystemNode::invalidate (65 bytes)

GC Heap History (20 events):
Event: 39.609 GC heap before
{Heap before GC invocations=87 (full 0):
 garbage-first heap   total 2048000K, used 1653063K [0x0000000740000000, 0x0000000800000000)
  region size 2048K, 527 young (1079296K), 3 survivors (6144K)
 Metaspace       used 79873K, committed 80640K, reserved 1179648K
  class space    used 10628K, committed 11008K, reserved 1048576K
}
Event: 39.617 GC heap after
{Heap after GC invocations=88 (full 0):
 garbage-first heap   total 2048000K, used 596115K [0x0000000740000000, 0x0000000800000000)
  region size 2048K, 11 young (22528K), 11 survivors (22528K)
 Metaspace       used 79873K, committed 80640K, reserved 1179648K
  class space    used 10628K, committed 11008K, reserved 1048576K
}
Event: 40.280 GC heap before
{Heap before GC invocations=89 (full 0):
 garbage-first heap   total 2048000K, used 1689747K [0x0000000740000000, 0x0000000800000000)
  region size 2048K, 545 young (1116160K), 11 survivors (22528K)
 Metaspace       used 79875K, committed 80640K, reserved 1179648K
  class space    used 10628K, committed 11008K, reserved 1048576K
}
Event: 40.286 GC heap after
{Heap after GC invocations=90 (full 0):
 garbage-first heap   total 2048000K, used 600639K [0x0000000740000000, 0x0000000800000000)
  region size 2048K, 14 young (28672K), 14 survivors (28672K)
 Metaspace       used 79875K, committed 80640K, reserved 1179648K
  class space    used 10628K, committed 11008K, reserved 1048576K
}
Event: 40.322 GC heap before
{Heap before GC invocations=90 (full 0):
 garbage-first heap   total 2048000K, used 674367K [0x0000000740000000, 0x0000000800000000)
  region size 2048K, 50 young (102400K), 14 survivors (28672K)
 Metaspace       used 79875K, committed 80640K, reserved 1179648K
  class space    used 10628K, committed 11008K, reserved 1048576K
}
Event: 40.328 GC heap after
{Heap after GC invocations=91 (full 0):
 garbage-first heap   total 2048000K, used 592834K [0x0000000740000000, 0x0000000800000000)
  region size 2048K, 4 young (8192K), 4 survivors (8192K)
 Metaspace       used 79875K, committed 80640K, reserved 1179648K
  class space    used 10628K, committed 11008K, reserved 1048576K
}
Event: 41.237 GC heap before
{Heap before GC invocations=91 (full 0):
 garbage-first heap   total 2048000K, used 1725378K [0x0000000740000000, 0x0000000800000000)
  region size 2048K, 557 young (1140736K), 4 survivors (8192K)
 Metaspace       used 79884K, committed 80640K, reserved 1179648K
  class space    used 10628K, committed 11008K, reserved 1048576K
}
Event: 41.245 GC heap after
{Heap after GC invocations=92 (full 0):
 garbage-first heap   total 2048000K, used 615935K [0x0000000740000000, 0x0000000800000000)
  region size 2048K, 15 young (30720K), 15 survivors (30720K)
 Metaspace       used 79884K, committed 80640K, reserved 1179648K
  class space    used 10628K, committed 11008K, reserved 1048576K
}
Event: 42.113 GC heap before
{Heap before GC invocations=93 (full 0):
 garbage-first heap   total 2048000K, used 1736191K [0x0000000740000000, 0x0000000800000000)
  region size 2048K, 562 young (1150976K), 15 survivors (30720K)
 Metaspace       used 79886K, committed 80640K, reserved 1179648K
  class space    used 10628K, committed 11008K, reserved 1048576K
}
Event: 42.122 GC heap after
{Heap after GC invocations=94 (full 0):
 garbage-first heap   total 2048000K, used 630398K [0x0000000740000000, 0x0000000800000000)
  region size 2048K, 22 young (45056K), 22 survivors (45056K)
 Metaspace       used 79886K, committed 80640K, reserved 1179648K
  class space    used 10628K, committed 11008K, reserved 1048576K
}
Event: 42.185 GC heap before
{Heap before GC invocations=94 (full 0):
 garbage-first heap   total 2048000K, used 687742K [0x0000000740000000, 0x0000000800000000)
  region size 2048K, 50 young (102400K), 22 survivors (45056K)
 Metaspace       used 79886K, committed 80640K, reserved 1179648K
  class space    used 10628K, committed 11008K, reserved 1048576K
}
Event: 42.192 GC heap after
{Heap after GC invocations=95 (full 0):
 garbage-first heap   total 2048000K, used 625833K [0x0000000740000000, 0x0000000800000000)
  region size 2048K, 4 young (8192K), 4 survivors (8192K)
 Metaspace       used 79886K, committed 80640K, reserved 1179648K
  class space    used 10628K, committed 11008K, reserved 1048576K
}
Event: 43.044 GC heap before
{Heap before GC invocations=95 (full 0):
 garbage-first heap   total 2048000K, used 1152169K [0x0000000740000000, 0x0000000800000000)
  region size 2048K, 262 young (536576K), 4 survivors (8192K)
 Metaspace       used 81136K, committed 81856K, reserved 1179648K
  class space    used 10848K, committed 11200K, reserved 1048576K
}
Event: 43.053 GC heap after
{Heap after GC invocations=96 (full 0):
 garbage-first heap   total 2342912K, used 643027K [0x0000000740000000, 0x0000000800000000)
  region size 2048K, 14 young (28672K), 14 survivors (28672K)
 Metaspace       used 81136K, committed 81856K, reserved 1179648K
  class space    used 10848K, committed 11200K, reserved 1048576K
}
Event: 50.216 GC heap before
{Heap before GC invocations=97 (full 0):
 garbage-first heap   total 2252800K, used 2174931K [0x0000000740000000, 0x0000000800000000)
  region size 2048K, 493 young (1009664K), 14 survivors (28672K)
 Metaspace       used 87443K, committed 88192K, reserved 1179648K
  class space    used 11691K, committed 12032K, reserved 1048576K
}
Event: 50.234 GC heap after
{Heap after GC invocations=98 (full 0):
 garbage-first heap   total 2310144K, used 751414K [0x0000000740000000, 0x0000000800000000)
  region size 2048K, 63 young (129024K), 63 survivors (129024K)
 Metaspace       used 87443K, committed 88192K, reserved 1179648K
  class space    used 11691K, committed 12032K, reserved 1048576K
}
Event: 50.234 GC heap before
{Heap before GC invocations=98 (full 0):
 garbage-first heap   total 2310144K, used 753462K [0x0000000740000000, 0x0000000800000000)
  region size 2048K, 64 young (131072K), 63 survivors (129024K)
 Metaspace       used 87445K, committed 88192K, reserved 1179648K
  class space    used 11691K, committed 12032K, reserved 1048576K
}
Event: 50.246 GC heap after
{Heap after GC invocations=99 (full 0):
 garbage-first heap   total 2310144K, used 727193K [0x0000000740000000, 0x0000000800000000)
  region size 2048K, 7 young (14336K), 7 survivors (14336K)
 Metaspace       used 87445K, committed 88192K, reserved 1179648K
  class space    used 11691K, committed 12032K, reserved 1048576K
}
Event: 50.272 GC heap before
{Heap before GC invocations=99 (full 0):
 garbage-first heap   total 2310144K, used 770201K [0x0000000740000000, 0x0000000800000000)
  region size 2048K, 29 young (59392K), 7 survivors (14336K)
 Metaspace       used 87447K, committed 88192K, reserved 1179648K
  class space    used 11691K, committed 12032K, reserved 1048576K
}
Event: 50.279 GC heap after
{Heap after GC invocations=100 (full 0):
 garbage-first heap   total 2310144K, used 749111K [0x0000000740000000, 0x0000000800000000)
  region size 2048K, 18 young (36864K), 18 survivors (36864K)
 Metaspace       used 87447K, committed 88192K, reserved 1179648K
  class space    used 11691K, committed 12032K, reserved 1048576K
}

Dll operation events (15 events):
Event: 0.008 Loaded shared library C:\Users\paulm\.jdks\temurin-17.0.14\bin\java.dll
Event: 0.018 Loaded shared library C:\Users\paulm\.jdks\temurin-17.0.14\bin\jsvml.dll
Event: 0.045 Loaded shared library C:\Users\paulm\.jdks\temurin-17.0.14\bin\zip.dll
Event: 0.046 Loaded shared library C:\Users\paulm\.jdks\temurin-17.0.14\bin\instrument.dll
Event: 0.055 Loaded shared library C:\Users\paulm\.jdks\temurin-17.0.14\bin\net.dll
Event: 0.056 Loaded shared library C:\Users\paulm\.jdks\temurin-17.0.14\bin\nio.dll
Event: 0.058 Loaded shared library C:\Users\paulm\.jdks\temurin-17.0.14\bin\zip.dll
Event: 0.195 Loaded shared library C:\Users\paulm\.jdks\temurin-17.0.14\bin\jimage.dll
Event: 0.248 Loaded shared library C:\Users\paulm\.jdks\temurin-17.0.14\bin\verify.dll
Event: 0.330 Loaded shared library C:\Users\paulm\.gradle\native\c067742578af261105cb4f569cf0c3c89f3d7b1fecec35dd04571415982c5e48\windows-amd64\native-platform.dll
Event: 0.333 Loaded shared library C:\Users\paulm\.gradle\native\100fb08df4bc3b14c8652ba06237920a3bd2aa13389f12d3474272988ae205f9\windows-amd64\native-platform-file-events.dll
Event: 0.804 Loaded shared library C:\Users\paulm\.jdks\temurin-17.0.14\bin\management.dll
Event: 0.811 Loaded shared library C:\Users\paulm\.jdks\temurin-17.0.14\bin\management_ext.dll
Event: 0.918 Loaded shared library C:\Users\paulm\.jdks\temurin-17.0.14\bin\extnet.dll
Event: 1.186 Loaded shared library C:\Users\paulm\.jdks\temurin-17.0.14\bin\sunmscapi.dll

Deoptimization events (20 events):
Event: 92.338 Thread 0x000001b853ebd0c0 Uncommon trap: trap_request=0xffffff45 fr.pc=0x000001b872a57ac0 relative=0x0000000000001720
Event: 92.338 Thread 0x000001b853ebd0c0 Uncommon trap: reason=unstable_if action=reinterpret pc=0x000001b872a57ac0 method=java.lang.String.getChars(II[CI)V @ 23 c2
Event: 92.338 Thread 0x000001b853ebd0c0 DEOPT PACKING pc=0x000001b872a57ac0 sp=0x000000ab0cbfec60
Event: 92.338 Thread 0x000001b853ebd0c0 DEOPT UNPACKING pc=0x000001b87122a1a3 sp=0x000000ab0cbfea80 mode 2
Event: 92.407 Thread 0x000001b853ebd0c0 Uncommon trap: trap_request=0xffffff45 fr.pc=0x000001b8719ce9ec relative=0x00000000000002cc
Event: 92.407 Thread 0x000001b853ebd0c0 Uncommon trap: reason=unstable_if action=reinterpret pc=0x000001b8719ce9ec method=java.lang.String.getChars(II[CI)V @ 23 c2
Event: 92.407 Thread 0x000001b853ebd0c0 DEOPT PACKING pc=0x000001b8719ce9ec sp=0x000000ab0cbfeb00
Event: 92.407 Thread 0x000001b853ebd0c0 DEOPT UNPACKING pc=0x000001b87122a1a3 sp=0x000000ab0cbfea98 mode 2
Event: 151.174 Thread 0x000001b84cb95460 Uncommon trap: trap_request=0xffffff45 fr.pc=0x000001b871fe0774 relative=0x0000000000000814
Event: 151.174 Thread 0x000001b84cb95460 Uncommon trap: reason=unstable_if action=reinterpret pc=0x000001b871fe0774 method=java.io.DataInputStream.readUTF(Ljava/io/DataInput;)Ljava/lang/String; @ 31 c2
Event: 151.174 Thread 0x000001b84cb95460 DEOPT PACKING pc=0x000001b871fe0774 sp=0x000000ab009fe5d0
Event: 151.174 Thread 0x000001b84cb95460 DEOPT UNPACKING pc=0x000001b87122a1a3 sp=0x000000ab009fe560 mode 2
Event: 161.182 Thread 0x000001b84cb95460 DEOPT PACKING pc=0x000001b86b825566 sp=0x000000ab009fe620
Event: 161.182 Thread 0x000001b84cb95460 DEOPT UNPACKING pc=0x000001b87122ace3 sp=0x000000ab009fdb30 mode 0
Event: 191.174 Thread 0x000001b84cb95460 DEOPT PACKING pc=0x000001b86b825566 sp=0x000000ab009fe470
Event: 191.174 Thread 0x000001b84cb95460 DEOPT UNPACKING pc=0x000001b87122ace3 sp=0x000000ab009fd980 mode 0
Event: 211.170 Thread 0x000001b84cb95460 DEOPT PACKING pc=0x000001b86b825566 sp=0x000000ab009fe410
Event: 211.170 Thread 0x000001b84cb95460 DEOPT UNPACKING pc=0x000001b87122ace3 sp=0x000000ab009fd920 mode 0
Event: 237.253 Thread 0x000001b84cd8c9c0 DEOPT PACKING pc=0x000001b86b814c29 sp=0x000000ab00efee50
Event: 237.253 Thread 0x000001b84cd8c9c0 DEOPT UNPACKING pc=0x000001b87122ace3 sp=0x000000ab00efe2f0 mode 0

Classes loaded (20 events):
Event: 50.349 Loading class java/util/ObjectsBeanInfo
Event: 50.349 Loading class java/util/ObjectsBeanInfo done
Event: 50.349 Loading class java/util/ObjectsBeanInfo
Event: 50.349 Loading class java/util/ObjectsBeanInfo done
Event: 50.349 Loading class java/util/ObjectsCustomizer
Event: 50.349 Loading class java/util/ObjectsCustomizer done
Event: 50.349 Loading class java/util/ObjectsCustomizer
Event: 50.349 Loading class java/util/ObjectsCustomizer done
Event: 50.364 Loading class java/util/CollectionsBeanInfo
Event: 50.364 Loading class java/util/CollectionsBeanInfo done
Event: 50.364 Loading class java/util/CollectionsBeanInfo
Event: 50.364 Loading class java/util/CollectionsBeanInfo done
Event: 50.364 Loading class java/util/CollectionsCustomizer
Event: 50.364 Loading class java/util/CollectionsCustomizer done
Event: 50.364 Loading class java/util/CollectionsCustomizer
Event: 50.364 Loading class java/util/CollectionsCustomizer done
Event: 212.756 Loading class sun/nio/cs/Surrogate$Parser
Event: 212.756 Loading class sun/nio/cs/Surrogate$Parser done
Event: 212.756 Loading class sun/nio/cs/Surrogate
Event: 212.756 Loading class sun/nio/cs/Surrogate done

Classes unloaded (2 events):
Event: 12.733 Thread 0x000001b80521eb90 Unloading class 0x000001b8078a8000 'java/lang/invoke/LambdaForm$DMH+0x000001b8078a8000'
Event: 12.733 Thread 0x000001b80521eb90 Unloading class 0x000001b8078a1c00 'java/lang/invoke/LambdaForm$DMH+0x000001b8078a1c00'

Classes redefined (0 events):
No events

Internal exceptions (20 events):
Event: 44.583 Thread 0x000001b8517622e0 Exception <a 'java/lang/ClassNotFoundException'{0x00000007b43cb228}: org/apache/groovy/parser/antlr4/util/StringUtils$2Customizer> (0x00000007b43cb228) 
thrown [s\src\hotspot\share\classfile\systemDictionary.cpp, line 256]
Event: 44.585 Thread 0x000001b8517622e0 Exception <a 'java/lang/ClassNotFoundException'{0x00000007b4112170}: org/apache/groovy/parser/antlr4/util/StringUtils$1BeanInfo> (0x00000007b4112170) 
thrown [s\src\hotspot\share\classfile\systemDictionary.cpp, line 256]
Event: 44.586 Thread 0x000001b8517622e0 Exception <a 'java/lang/ClassNotFoundException'{0x00000007b3e3c460}: org/apache/groovy/parser/antlr4/util/StringUtils$1Customizer> (0x00000007b3e3c460) 
thrown [s\src\hotspot\share\classfile\systemDictionary.cpp, line 256]
Event: 44.588 Thread 0x000001b8517622e0 Exception <a 'java/lang/ClassNotFoundException'{0x00000007b3f83138}: org/apache/groovy/parser/antlr4/util/StringUtils$3BeanInfo> (0x00000007b3f83138) 
thrown [s\src\hotspot\share\classfile\systemDictionary.cpp, line 256]
Event: 44.589 Thread 0x000001b8517622e0 Exception <a 'java/lang/ClassNotFoundException'{0x00000007b3cad430}: org/apache/groovy/parser/antlr4/util/StringUtils$3Customizer> (0x00000007b3cad430) 
thrown [s\src\hotspot\share\classfile\systemDictionary.cpp, line 256]
Event: 44.603 Thread 0x000001b8517622e0 Exception <a 'java/lang/NoSuchMethodError'{0x00000007b3d324c0}: 'void java.lang.invoke.DirectMethodHandle$Holder.invokeSpecialIFC(java.lang.Object, java.lang.Object, java.lang.Object)'> (0x00000007b3d324c0) 
thrown [s\src\hotspot\share\interpreter\linkResolver.cpp, line 759]
Event: 44.706 Thread 0x000001b8517622e0 Exception <a 'java/lang/ClassNotFoundException'{0x00000007b35c3450}: SimpleTemplateScript1BeanInfo> (0x00000007b35c3450) 
thrown [s\src\hotspot\share\classfile\systemDictionary.cpp, line 256]
Event: 44.706 Thread 0x000001b8517622e0 Exception <a 'java/lang/ClassNotFoundException'{0x00000007b35cf170}: SimpleTemplateScript1Customizer> (0x00000007b35cf170) 
thrown [s\src\hotspot\share\classfile\systemDictionary.cpp, line 256]
Event: 44.707 Thread 0x000001b8517622e0 Exception <a 'java/lang/ClassNotFoundException'{0x00000007b35f87b8}: java/io/PrintWriterBeanInfo> (0x00000007b35f87b8) 
thrown [s\src\hotspot\share\classfile\systemDictionary.cpp, line 256]
Event: 44.707 Thread 0x000001b8517622e0 Exception <a 'java/lang/ClassNotFoundException'{0x00000007b35fe490}: java/io/WriterBeanInfo> (0x00000007b35fe490) 
thrown [s\src\hotspot\share\classfile\systemDictionary.cpp, line 256]
Event: 44.707 Thread 0x000001b8517622e0 Exception <a 'java/lang/ClassNotFoundException'{0x00000007b32043d8}: java/io/WriterCustomizer> (0x00000007b32043d8) 
thrown [s\src\hotspot\share\classfile\systemDictionary.cpp, line 256]
Event: 44.707 Thread 0x000001b8517622e0 Exception <a 'java/lang/ClassNotFoundException'{0x00000007b3212e38}: java/io/PrintWriterCustomizer> (0x00000007b3212e38) 
thrown [s\src\hotspot\share\classfile\systemDictionary.cpp, line 256]
Event: 44.720 Thread 0x000001b8517622e0 Exception <a 'java/lang/ClassNotFoundException'{0x00000007b336cc60}: SimpleTemplateScript2BeanInfo> (0x00000007b336cc60) 
thrown [s\src\hotspot\share\classfile\systemDictionary.cpp, line 256]
Event: 44.721 Thread 0x000001b8517622e0 Exception <a 'java/lang/ClassNotFoundException'{0x00000007b3378980}: SimpleTemplateScript2Customizer> (0x00000007b3378980) 
thrown [s\src\hotspot\share\classfile\systemDictionary.cpp, line 256]
Event: 50.347 Thread 0x000001b8517622e0 Exception <a 'java/lang/ClassNotFoundException'{0x00000007a9c75460}: GradleDebuggerUtilBeanInfo> (0x00000007a9c75460) 
thrown [s\src\hotspot\share\classfile\systemDictionary.cpp, line 256]
Event: 50.348 Thread 0x000001b8517622e0 Exception <a 'java/lang/ClassNotFoundException'{0x00000007a9c7f1e0}: GradleDebuggerUtilCustomizer> (0x00000007a9c7f1e0) 
thrown [s\src\hotspot\share\classfile\systemDictionary.cpp, line 256]
Event: 50.349 Thread 0x000001b8517622e0 Exception <a 'java/lang/ClassNotFoundException'{0x00000007a9ca3be8}: java/util/ObjectsBeanInfo> (0x00000007a9ca3be8) 
thrown [s\src\hotspot\share\classfile\systemDictionary.cpp, line 256]
Event: 50.349 Thread 0x000001b8517622e0 Exception <a 'java/lang/ClassNotFoundException'{0x00000007a9caa858}: java/util/ObjectsCustomizer> (0x00000007a9caa858) 
thrown [s\src\hotspot\share\classfile\systemDictionary.cpp, line 256]
Event: 50.364 Thread 0x000001b8517622e0 Exception <a 'java/lang/ClassNotFoundException'{0x00000007a9bd7f58}: java/util/CollectionsBeanInfo> (0x00000007a9bd7f58) 
thrown [s\src\hotspot\share\classfile\systemDictionary.cpp, line 256]
Event: 50.364 Thread 0x000001b8517622e0 Exception <a 'java/lang/ClassNotFoundException'{0x00000007a9bdda80}: java/util/CollectionsCustomizer> (0x00000007a9bdda80) 
thrown [s\src\hotspot\share\classfile\systemDictionary.cpp, line 256]

VM Operations (20 events):
Event: 85.482 Executing VM operation: Cleanup
Event: 85.482 Executing VM operation: Cleanup done
Event: 87.495 Executing VM operation: Cleanup
Event: 87.495 Executing VM operation: Cleanup done
Event: 92.534 Executing VM operation: Cleanup
Event: 92.534 Executing VM operation: Cleanup done
Event: 93.547 Executing VM operation: Cleanup
Event: 93.547 Executing VM operation: Cleanup done
Event: 120.363 Executing VM operation: HandshakeAllThreads
Event: 120.363 Executing VM operation: HandshakeAllThreads done
Event: 131.448 Executing VM operation: Cleanup
Event: 131.448 Executing VM operation: Cleanup done
Event: 143.561 Executing VM operation: Cleanup
Event: 143.561 Executing VM operation: Cleanup done
Event: 146.591 Executing VM operation: Cleanup
Event: 146.591 Executing VM operation: Cleanup done
Event: 181.861 Executing VM operation: Cleanup
Event: 181.861 Executing VM operation: Cleanup done
Event: 191.922 Executing VM operation: Cleanup
Event: 191.922 Executing VM operation: Cleanup done

Memory protections (0 events):
No events

Nmethod flushes (20 events):
Event: 45.191 Thread 0x000001b805261680 flushing  nmethod 0x000001b86b6bed90
Event: 45.191 Thread 0x000001b805261680 flushing  nmethod 0x000001b86b6bf390
Event: 45.191 Thread 0x000001b805261680 flushing  nmethod 0x000001b86b6bfb10
Event: 45.191 Thread 0x000001b805261680 flushing  nmethod 0x000001b86b6c1990
Event: 45.191 Thread 0x000001b805261680 flushing  nmethod 0x000001b86b6c2290
Event: 45.191 Thread 0x000001b805261680 flushing  nmethod 0x000001b86b6c2790
Event: 45.191 Thread 0x000001b805261680 flushing  nmethod 0x000001b86b6c3010
Event: 45.191 Thread 0x000001b805261680 flushing  nmethod 0x000001b86b6c3990
Event: 45.191 Thread 0x000001b805261680 flushing  nmethod 0x000001b86b6c7f10
Event: 45.191 Thread 0x000001b805261680 flushing  nmethod 0x000001b86b6cbc10
Event: 45.191 Thread 0x000001b805261680 flushing  nmethod 0x000001b86b6ccd10
Event: 45.191 Thread 0x000001b805261680 flushing  nmethod 0x000001b86b6d0390
Event: 45.191 Thread 0x000001b805261680 flushing  nmethod 0x000001b86b6d0f90
Event: 45.191 Thread 0x000001b805261680 flushing  nmethod 0x000001b86b6d2c90
Event: 45.191 Thread 0x000001b805261680 flushing  nmethod 0x000001b86b6d7390
Event: 45.191 Thread 0x000001b805261680 flushing  nmethod 0x000001b86b6d8290
Event: 45.191 Thread 0x000001b805261680 flushing  nmethod 0x000001b86b6d8e10
Event: 45.191 Thread 0x000001b805261680 flushing  nmethod 0x000001b86b6de310
Event: 45.191 Thread 0x000001b805261680 flushing  nmethod 0x000001b86b6e5190
Event: 45.191 Thread 0x000001b805261680 flushing osr nmethod 0x000001b86b73e310

Events (20 events):
Event: 52.419 Thread 0x000001b8814d71f0 Thread exited: 0x000001b8814d71f0
Event: 52.419 Thread 0x000001b8056c0000 Thread exited: 0x000001b8056c0000
Event: 52.648 Thread 0x000001b8814d6750 Thread exited: 0x000001b8814d6750
Event: 63.390 Thread 0x000001b805260c80 Thread added: 0x000001b84efbbf30
Event: 66.800 Thread 0x000001b80524ccc0 Thread added: 0x000001b850113080
Event: 66.860 Thread 0x000001b8056f8820 Thread exited: 0x000001b8056f8820
Event: 67.829 Thread 0x000001b850113080 Thread exited: 0x000001b850113080
Event: 68.867 Thread 0x000001b84efbbf30 Thread exited: 0x000001b84efbbf30
Event: 77.249 Thread 0x000001b84cd89720 Thread added: 0x000001b80583e670
Event: 84.212 Thread 0x000001b80524ccc0 Thread added: 0x000001b850112b30
Event: 84.480 Thread 0x000001b850112b30 Thread exited: 0x000001b850112b30
Event: 84.487 Thread 0x000001b80524ccc0 Thread added: 0x000001b850112b30
Event: 84.487 Thread 0x000001b80524ccc0 Thread added: 0x000001b8501135d0
Event: 86.803 Thread 0x000001b8501135d0 Thread exited: 0x000001b8501135d0
Event: 86.803 Thread 0x000001b850112b30 Thread exited: 0x000001b850112b30
Event: 86.875 Thread 0x000001b805260c80 Thread added: 0x000001b886016d50
Event: 91.179 Thread 0x000001b886016d50 Thread exited: 0x000001b886016d50
Event: 126.868 Thread 0x000001b8517618c0 Thread exited: 0x000001b8517618c0
Event: 143.315 Thread 0x000001b80583e670 Thread exited: 0x000001b80583e670
Event: 186.873 Thread 0x000001b8517613b0 Thread exited: 0x000001b8517613b0


Dynamic libraries:
0x00007ff63fc50000 - 0x00007ff63fc5e000 	C:\Users\paulm\.jdks\temurin-17.0.14\bin\java.exe
0x00007ffe1a080000 - 0x00007ffe1a2e6000 	C:\WINDOWS\SYSTEM32\ntdll.dll
0x00007ffe19410000 - 0x00007ffe194d9000 	C:\WINDOWS\System32\KERNEL32.DLL
0x00007ffe17210000 - 0x00007ffe175dc000 	C:\WINDOWS\System32\KERNELBASE.dll
0x00007ffdbb020000 - 0x00007ffdbb0fb000 	C:\Program Files\Bitdefender\Bitdefender Security\bdhkm\dlls_267844236627677748\bdhkm64.dll
0x00007ffdbae50000 - 0x00007ffdbb014000 	C:\Program Files\Bitdefender\Bitdefender Security\atcuf\dlls_267844236606778053\atcuf64.dll
0x00007ffe176c0000 - 0x00007ffe1780b000 	C:\WINDOWS\System32\ucrtbase.dll
0x00007ffdd3c90000 - 0x00007ffdd3ca7000 	C:\Users\paulm\.jdks\temurin-17.0.14\bin\jli.dll
0x00007ffe194e0000 - 0x00007ffe196aa000 	C:\WINDOWS\System32\USER32.dll
0x00007ffe17690000 - 0x00007ffe176b7000 	C:\WINDOWS\System32\win32u.dll
0x00007ffe19ff0000 - 0x00007ffe1a01b000 	C:\WINDOWS\System32\GDI32.dll
0x00007ffe17d00000 - 0x00007ffe17e32000 	C:\WINDOWS\System32\gdi32full.dll
0x00007ffe175e0000 - 0x00007ffe17683000 	C:\WINDOWS\System32\msvcp_win.dll
0x00007ffdd3b10000 - 0x00007ffdd3b2e000 	C:\Users\paulm\.jdks\temurin-17.0.14\bin\VCRUNTIME140.dll
0x00007ffdf4e40000 - 0x00007ffdf50da000 	C:\WINDOWS\WinSxS\amd64_microsoft.windows.common-controls_6595b64144ccf1df_6.0.26100.3912_none_3e07963ce335137e\COMCTL32.dll
0x00007ffe19700000 - 0x00007ffe197a9000 	C:\WINDOWS\System32\msvcrt.dll
0x00007ffe19310000 - 0x00007ffe19340000 	C:\WINDOWS\System32\IMM32.DLL
0x00007ffde11f0000 - 0x00007ffde11fc000 	C:\Users\paulm\.jdks\temurin-17.0.14\bin\vcruntime140_1.dll
0x00007ffdc6770000 - 0x00007ffdc67fd000 	C:\Users\paulm\.jdks\temurin-17.0.14\bin\msvcp140.dll
0x00007ffd13f90000 - 0x00007ffd14bfb000 	C:\Users\paulm\.jdks\temurin-17.0.14\bin\server\jvm.dll
0x00007ffe19f30000 - 0x00007ffe19fe2000 	C:\WINDOWS\System32\ADVAPI32.dll
0x00007ffe197b0000 - 0x00007ffe19856000 	C:\WINDOWS\System32\sechost.dll
0x00007ffe17f90000 - 0x00007ffe180a6000 	C:\WINDOWS\System32\RPCRT4.dll
0x00007ffe17f00000 - 0x00007ffe17f74000 	C:\WINDOWS\System32\WS2_32.dll
0x00007ffe16060000 - 0x00007ffe160be000 	C:\WINDOWS\SYSTEM32\POWRPROF.dll
0x00007ffe0f7d0000 - 0x00007ffe0f806000 	C:\WINDOWS\SYSTEM32\WINMM.dll
0x00007ffe0f3c0000 - 0x00007ffe0f3cb000 	C:\WINDOWS\SYSTEM32\VERSION.dll
0x00007ffe16040000 - 0x00007ffe16054000 	C:\WINDOWS\SYSTEM32\UMPDC.dll
0x00007ffe160d0000 - 0x00007ffe160ea000 	C:\WINDOWS\SYSTEM32\kernel.appcore.dll
0x00007ffde0280000 - 0x00007ffde028a000 	C:\Users\paulm\.jdks\temurin-17.0.14\bin\jimage.dll
0x00007ffe14590000 - 0x00007ffe147d1000 	C:\WINDOWS\SYSTEM32\DBGHELP.DLL
0x00007ffe19b40000 - 0x00007ffe19ec4000 	C:\WINDOWS\System32\combase.dll
0x00007ffe18b10000 - 0x00007ffe18bf0000 	C:\WINDOWS\System32\OLEAUT32.dll
0x00007ffdf5520000 - 0x00007ffdf5559000 	C:\WINDOWS\SYSTEM32\dbgcore.DLL
0x00007ffe17ae0000 - 0x00007ffe17b79000 	C:\WINDOWS\System32\bcryptPrimitives.dll
0x00007ffddee20000 - 0x00007ffddee2e000 	C:\Users\paulm\.jdks\temurin-17.0.14\bin\instrument.dll
0x00007ffdd0970000 - 0x00007ffdd0995000 	C:\Users\paulm\.jdks\temurin-17.0.14\bin\java.dll
0x00007ffdc0240000 - 0x00007ffdc0317000 	C:\Users\paulm\.jdks\temurin-17.0.14\bin\jsvml.dll
0x00007ffe18260000 - 0x00007ffe1898d000 	C:\WINDOWS\System32\SHELL32.dll
0x00007ffe17b80000 - 0x00007ffe17cf4000 	C:\WINDOWS\System32\wintypes.dll
0x00007ffe14e60000 - 0x00007ffe156b6000 	C:\WINDOWS\SYSTEM32\windows.storage.dll
0x00007ffe19860000 - 0x00007ffe1994f000 	C:\WINDOWS\System32\SHCORE.dll
0x00007ffe18a90000 - 0x00007ffe18af9000 	C:\WINDOWS\System32\shlwapi.dll
0x00007ffe17120000 - 0x00007ffe1714f000 	C:\WINDOWS\SYSTEM32\profapi.dll
0x00007ffdd0d50000 - 0x00007ffdd0d68000 	C:\Users\paulm\.jdks\temurin-17.0.14\bin\zip.dll
0x00007ffdd1d70000 - 0x00007ffdd1d89000 	C:\Users\paulm\.jdks\temurin-17.0.14\bin\net.dll
0x00007ffe10440000 - 0x00007ffe1055e000 	C:\WINDOWS\SYSTEM32\WINHTTP.dll
0x00007ffe16660000 - 0x00007ffe166ca000 	C:\WINDOWS\system32\mswsock.dll
0x00007ffdd0e00000 - 0x00007ffdd0e16000 	C:\Users\paulm\.jdks\temurin-17.0.14\bin\nio.dll
0x00007ffddfe80000 - 0x00007ffddfe90000 	C:\Users\paulm\.jdks\temurin-17.0.14\bin\verify.dll
0x00007ffdc63c0000 - 0x00007ffdc63e7000 	C:\Users\paulm\.gradle\native\c067742578af261105cb4f569cf0c3c89f3d7b1fecec35dd04571415982c5e48\windows-amd64\native-platform.dll
0x00007ffd9e870000 - 0x00007ffd9e9b4000 	C:\Users\paulm\.gradle\native\100fb08df4bc3b14c8652ba06237920a3bd2aa13389f12d3474272988ae205f9\windows-amd64\native-platform-file-events.dll
0x00007ffdde0f0000 - 0x00007ffdde0fa000 	C:\Users\paulm\.jdks\temurin-17.0.14\bin\management.dll
0x00007ffddc500000 - 0x00007ffddc50b000 	C:\Users\paulm\.jdks\temurin-17.0.14\bin\management_ext.dll
0x00007ffe17e40000 - 0x00007ffe17e48000 	C:\WINDOWS\System32\PSAPI.DLL
0x00007ffe16900000 - 0x00007ffe1691c000 	C:\WINDOWS\SYSTEM32\CRYPTSP.dll
0x00007ffe15fa0000 - 0x00007ffe15fda000 	C:\WINDOWS\system32\rsaenh.dll
0x00007ffe16700000 - 0x00007ffe1672b000 	C:\WINDOWS\SYSTEM32\USERENV.dll
0x00007ffe170f0000 - 0x00007ffe17116000 	C:\WINDOWS\SYSTEM32\bcrypt.dll
0x00007ffe16920000 - 0x00007ffe1692c000 	C:\WINDOWS\SYSTEM32\CRYPTBASE.dll
0x00007ffe15a00000 - 0x00007ffe15a33000 	C:\WINDOWS\SYSTEM32\IPHLPAPI.DLL
0x00007ffe17f80000 - 0x00007ffe17f8a000 	C:\WINDOWS\System32\NSI.dll
0x00007ffe10720000 - 0x00007ffe1073f000 	C:\WINDOWS\SYSTEM32\dhcpcsvc6.DLL
0x00007ffe10110000 - 0x00007ffe10135000 	C:\WINDOWS\SYSTEM32\dhcpcsvc.DLL
0x00007ffe15aa0000 - 0x00007ffe15bc7000 	C:\WINDOWS\SYSTEM32\DNSAPI.dll
0x00007ffddf4e0000 - 0x00007ffddf4e9000 	C:\Users\paulm\.jdks\temurin-17.0.14\bin\extnet.dll
0x00007ffddf1f0000 - 0x00007ffddf1fe000 	C:\Users\paulm\.jdks\temurin-17.0.14\bin\sunmscapi.dll
0x00007ffe17810000 - 0x00007ffe17987000 	C:\WINDOWS\System32\CRYPT32.dll
0x00007ffe16b10000 - 0x00007ffe16b40000 	C:\WINDOWS\SYSTEM32\ncrypt.dll
0x00007ffe16ac0000 - 0x00007ffe16aff000 	C:\WINDOWS\SYSTEM32\NTASN1.dll
0x00007ffde1ab0000 - 0x00007ffde1ab8000 	C:\WINDOWS\system32\wshunix.dll
0x00007ffe0ee30000 - 0x00007ffe0ee3b000 	C:\Windows\System32\rasadhlp.dll
0x00007ffe0eff0000 - 0x00007ffe0f076000 	C:\WINDOWS\System32\fwpuclnt.dll

dbghelp: loaded successfully - version: 4.0.5 - missing functions: none
symbol engine: initialized successfully - sym options: 0x614 - pdb path: .;C:\Users\paulm\.jdks\temurin-17.0.14\bin;C:\WINDOWS\SYSTEM32;C:\Program Files\Bitdefender\Bitdefender Security\bdhkm\dlls_267844236627677748;C:\Program Files\Bitdefender\Bitdefender Security\atcuf\dlls_267844236606778053;C:\WINDOWS\WinSxS\amd64_microsoft.windows.common-controls_6595b64144ccf1df_6.0.26100.3912_none_3e07963ce335137e;C:\Users\paulm\.jdks\temurin-17.0.14\bin\server;C:\Users\paulm\.gradle\native\c067742578af261105cb4f569cf0c3c89f3d7b1fecec35dd04571415982c5e48\windows-amd64;C:\Users\paulm\.gradle\native\100fb08df4bc3b14c8652ba06237920a3bd2aa13389f12d3474272988ae205f9\windows-amd64

VM Arguments:
jvm_args: --add-opens=java.base/java.util=ALL-UNNAMED --add-opens=java.base/java.lang=ALL-UNNAMED --add-opens=java.base/java.lang.invoke=ALL-UNNAMED --add-opens=java.prefs/java.util.prefs=ALL-UNNAMED --add-opens=java.base/java.nio.charset=ALL-UNNAMED --add-opens=java.base/java.net=ALL-UNNAMED --add-opens=java.base/java.util.concurrent.atomic=ALL-UNNAMED -Xmx3G -Dfile.encoding=UTF-8 -Duser.country=DE -Duser.language=de -Duser.variant -javaagent:C:\Users\paulm\.gradle\wrapper\dists\gradle-8.8-bin\dl7vupf4psengwqhwktix4v1\gradle-8.8\lib\agents\gradle-instrumentation-agent-8.8.jar 
java_command: org.gradle.launcher.daemon.bootstrap.GradleDaemon 8.8
java_class_path (initial): C:\Users\paulm\.gradle\wrapper\dists\gradle-8.8-bin\dl7vupf4psengwqhwktix4v1\gradle-8.8\lib\gradle-launcher-8.8.jar
Launcher Type: SUN_STANDARD

[Global flags]
     intx CICompilerCount                          = 15                                        {product} {ergonomic}
     uint ConcGCThreads                            = 6                                         {product} {ergonomic}
     uint G1ConcRefinementThreads                  = 23                                        {product} {ergonomic}
   size_t G1HeapRegionSize                         = 2097152                                   {product} {ergonomic}
    uintx GCDrainStackTargetSize                   = 64                                        {product} {ergonomic}
   size_t InitialHeapSize                          = 1061158912                                {product} {ergonomic}
   size_t MarkStackSize                            = 4194304                                   {product} {ergonomic}
   size_t MaxHeapSize                              = 3221225472                                {product} {command line}
   size_t MaxNewSize                               = 1931476992                                {product} {ergonomic}
   size_t MinHeapDeltaBytes                        = 2097152                                   {product} {ergonomic}
   size_t MinHeapSize                              = 8388608                                   {product} {ergonomic}
    uintx NonNMethodCodeHeapSize                   = 8192380                                {pd product} {ergonomic}
    uintx NonProfiledCodeHeapSize                  = 121732930                              {pd product} {ergonomic}
    uintx ProfiledCodeHeapSize                     = 121732930                              {pd product} {ergonomic}
    uintx ReservedCodeCacheSize                    = 251658240                              {pd product} {ergonomic}
     bool SegmentedCodeCache                       = true                                      {product} {ergonomic}
   size_t SoftMaxHeapSize                          = 3221225472                             {manageable} {ergonomic}
     bool UseCompressedClassPointers               = true                           {product lp64_product} {ergonomic}
     bool UseCompressedOops                        = true                           {product lp64_product} {ergonomic}
     bool UseG1GC                                  = true                                      {product} {ergonomic}
     bool UseLargePagesIndividualAllocation        = false                                  {pd product} {ergonomic}

Logging:
Log output configuration:
 #0: stdout all=warning uptime,level,tags
 #1: stderr all=off uptime,level,tags

Environment Variables:
PATH=C:\Program Files (x86)\VMware\VMware Workstation\bin\;C:\Program Files\Common Files\Oracle\Java\javapath;C:\WINDOWS\system32;C:\WINDOWS;C:\WINDOWS\System32\Wbem;C:\WINDOWS\System32\WindowsPowerShell\v1.0\;C:\WINDOWS\System32\OpenSSH\;C:\Program Files\NVIDIA Corporation\NVIDIA app\NvDLISR;C:\Program Files (x86)\NVIDIA Corporation\PhysX\Common;C:\Program Files\dotnet\;C:\Program Files\Git\cmd;C:\Program Files\nodejs\;C:\ProgramData\chocolatey\bin;C:\Program Files\MySQL\MySQL Shell 8.4\bin\;C:\Users\paulm\AppData\Local\Programs\Python\Launcher\;C:\Users\paulm\AppData\Local\Microsoft\WindowsApps;C:\Users\paulm\AppData\Local\Programs\Microsoft VS Code\bin;C:\Users\paulm\.dotnet\tools;C:\Users\paulm\AppData\Local\GitHubDesktop\bin;C:\Users\paulm\AppData\Roaming\npm;C:\Users\paulm\AppData\Local\Programs\Windsurf\bin;C:\Users\paulm\AppData\Local\Programs\cursor\resources\app\bin
USERNAME=paulm
OS=Windows_NT
PROCESSOR_IDENTIFIER=AMD64 Family 25 Model 97 Stepping 2, AuthenticAMD
TMP=C:\Users\paulm\AppData\Local\Temp
TEMP=C:\Users\paulm\AppData\Local\Temp



Periodic native trim disabled


---------------  S Y S T E M  ---------------

OS:
 Windows 11 , 64 bit Build 26100 (10.0.26100.3912)
OS uptime: 7 days 4:23 hours
Hyper-V role detected

CPU: total 32 (initial active 32) (32 cores per cpu, 2 threads per core) family 25 model 97 stepping 2 microcode 0xa601209, cx8, cmov, fxsr, ht, mmx, 3dnowpref, sse, sse2, sse3, ssse3, sse4a, sse4.1, sse4.2, popcnt, lzcnt, tsc, tscinvbit, avx, avx2, aes, erms, clmul, bmi1, bmi2, adx, avx512f, avx512dq, avx512cd, avx512bw, avx512vl, sha, fma, vzeroupper, avx512_vpopcntdq, avx512_vpclmulqdq, avx512_vaes, avx512_vnni, clflush, clflushopt, avx512_vbmi2, avx512_vbmi, hv
Processor Information for all 32 processors :
  Max Mhz: 4501, Current Mhz: 4501, Mhz Limit: 4501

Memory: 4k page, system-wide physical 64650M (9037M free)
TotalPageFile size 89226M (AvailPageFile size 161M)
current process WorkingSet (physical memory assigned to process): 2421M, peak: 2926M
current process commit charge ("private bytes"): 2473M, peak: 3053M

vm_info: OpenJDK 64-Bit Server VM (17.0.14+7) for windows-amd64 JRE (17.0.14+7), built on Jan 21 2025 23:40:15 by "admin" with MS VC++ 17.7 (VS2022)

END.
