#
# There is insufficient memory for the Java Runtime Environment to continue.
# Native memory allocation (mmap) failed to map 8388608 bytes. Error detail: G1 virtual space
# Possible reasons:
#   The system is out of physical RAM or swap space
#   This process is running with CompressedOops enabled, and the Java Heap may be blocking the growth of the native heap
# Possible solutions:
#   Reduce memory load on the system
#   Increase physical memory or swap space
#   Check if swap backing store is full
#   Decrease Java heap size (-Xmx/-Xms)
#   Decrease number of Java threads
#   Decrease Java thread stack sizes (-Xss)
#   Set larger code cache with -XX:ReservedCodeCacheSize=
#   JVM is running with Zero Based Compressed Oops mode in which the Java heap is
#     placed in the first 32GB address space. The Java Heap base address is the
#     maximum limit for the native heap growth. Please use -XX:HeapBaseMinAddress
#     to set the Java Heap base and to place the Java Heap above 32GB virtual address.
# This output file may be truncated or incomplete.
#
#  Out of Memory Error (os_windows.cpp:3618), pid=36324, tid=59108
#
# JRE version: OpenJDK Runtime Environment Temurin-17.0.14+7 (17.0.14+7) (build 17.0.14+7)
# Java VM: OpenJDK 64-Bit Server VM Temurin-17.0.14+7 (17.0.14+7, mixed mode, sharing, tiered, compressed oops, compressed class ptrs, g1 gc, windows-amd64)
# No core dump will be written. Minidumps are not enabled by default on client versions of Windows
#

---------------  S U M M A R Y ------------

Command Line: -Dforge.enableGameTest=true -Dforge.enabledGameTestNamespaces=minecolonytax -Dforge.logging.console.level=debug -Dforge.logging.markers=REGISTRIES -DignoreList=bootstraplauncher,securejarhandler,asm-commons,asm-util,asm-analysis,asm-tree,asm,JarJarFileSystems,client-extra,fmlcore,javafmllanguage,lowcodelanguage,mclanguage,forge- -Djava.net.preferIPv6Addresses=system -DlegacyClassPath.file=C:\Users\paulm\Desktop\MinecolonyTaxAddon - Kopie\build\classpath\runClient_minecraftClasspath.txt -DmergeModules=jna-5.10.0.jar,jna-platform-5.10.0.jar -Dmixin.env.refMapRemappingFile=C:\Users\paulm\Desktop\MinecolonyTaxAddon - Kopie/build/createSrgToMcp/output.srg -Dmixin.env.remapRefMap=true --module-path=C:\Users\paulm\.gradle\caches\modules-2\files-2.1\cpw.mods\bootstraplauncher\1.1.2\c546e00443d8432cda6baa1c860346980742628\bootstraplauncher-1.1.2.jar;C:\Users\paulm\.gradle\caches\modules-2\files-2.1\cpw.mods\securejarhandler\2.1.10\51e6a22c6c716beb11e244bf5b8be480f51dd6b5\securejarhandler-2.1.10.jar;C:\Users\paulm\.gradle\caches\modules-2\files-2.1\org.ow2.asm\asm-commons\9.7\e86dda4696d3c185fcc95d8d311904e7ce38a53f\asm-commons-9.7.jar;C:\Users\paulm\.gradle\caches\modules-2\files-2.1\org.ow2.asm\asm-util\9.7\c0655519f24d92af2202cb681cd7c1569df6ead6\asm-util-9.7.jar;C:\Users\paulm\.gradle\caches\modules-2\files-2.1\org.ow2.asm\asm-analysis\9.7\e4a258b7eb96107106c0599f0061cfc1832fe07a\asm-analysis-9.7.jar;C:\Users\paulm\.gradle\caches\modules-2\files-2.1\org.ow2.asm\asm-tree\9.7\e446a17b175bfb733b87c5c2560ccb4e57d69f1a\asm-tree-9.7.jar;C:\Users\paulm\.gradle\caches\modules-2\files-2.1\org.ow2.asm\asm\9.7\73d7b3086e14beb604ced229c302feff6449723\asm-9.7.jar;C:\Users\paulm\.gradle\caches\modules-2\files-2.1\net.minecraftforge\JarJarFileSystems\0.3.19\2464eb7d6b9ddb9db36a82cf8a95193e5c6fe020\JarJarFileSystems-0.3.19.jar --add-modules=ALL-MODULE-PATH --add-opens=java.base/java.util.jar=cpw.mods.securejarhandler --add-opens=java.base/java.lang.invoke=cpw.mods.securejarhandler --add-exports=java.base/sun.security.util=cpw.mods.securejarhandler --add-exports=jdk.naming.dns/com.sun.jndi.dns=java.naming -XX:HeapDumpPath=MojangTricksIntelDriversForPerformance_javaw.exe_minecraft.exe.heapdump -Dfile.encoding=UTF-8 -Duser.country=DE -Duser.language=de -Duser.variant cpw.mods.bootstraplauncher.BootstrapLauncher --launchTarget forgeclientuserdev --version MOD_DEV --assetIndex 5 --assetsDir C:\Users\paulm\.gradle\caches\forge_gradle\assets --gameDir . --fml.forgeVersion 47.3.10 --fml.mcVersion 1.20.1 --fml.forgeGroup net.minecraftforge --fml.mcpVersion 20230612.114412

Host: AMD Ryzen 9 7950X 16-Core Processor            , 32 cores, 63G,  Windows 11 , 64 bit Build 26100 (10.0.26100.3912)
Time: Wed Jun  4 19:00:57 2025 Mitteleuropäische Sommerzeit elapsed time: 1952.502885 seconds (0d 0h 32m 32s)

---------------  T H R E A D  ---------------

Current thread (0x00000187c618a920):  GCTaskThread "GC Thread#6" [stack: 0x000000211d400000,0x000000211d500000] [id=59108]

Stack: [0x000000211d400000,0x000000211d500000]
Native frames: (J=compiled Java code, j=interpreted, Vv=VM code, C=native code)
V  [jvm.dll+0x682eb9]
V  [jvm.dll+0x8399c8]
V  [jvm.dll+0x83b473]
V  [jvm.dll+0x83bae3]
V  [jvm.dll+0x24715f]
V  [jvm.dll+0x67fc99]
V  [jvm.dll+0x674b8a]
V  [jvm.dll+0x304c06]
V  [jvm.dll+0x30c0c6]
V  [jvm.dll+0x35d90b]
V  [jvm.dll+0x35df64]
V  [jvm.dll+0x35e02d]
V  [jvm.dll+0x2dd968]
V  [jvm.dll+0x2dd6d5]
V  [jvm.dll+0x2cb73b]
V  [jvm.dll+0x2cc539]
V  [jvm.dll+0x2cc8be]
V  [jvm.dll+0x2cc42e]
V  [jvm.dll+0x3064e6]
V  [jvm.dll+0x30681c]
V  [jvm.dll+0x3077d2]
V  [jvm.dll+0x307388]
V  [jvm.dll+0x2db2f9]
V  [jvm.dll+0x2db9aa]
V  [jvm.dll+0x2dba97]
V  [jvm.dll+0x2e102b]
V  [jvm.dll+0x8676db]
V  [jvm.dll+0x867726]
V  [jvm.dll+0x7e948c]
V  [jvm.dll+0x681d97]
C  [ucrtbase.dll+0x37b0]
C  [KERNEL32.DLL+0x2e8d7]
C  [ntdll.dll+0x9c5dc]


---------------  P R O C E S S  ---------------

Threads class SMR info:
_java_thread_list=0x00000187c73b8940, length=71, elements={
0x000001877708db60, 0x0000018738478a30, 0x00000187384795f0, 0x000001873848d570,
0x0000018738490140, 0x0000018738490d00, 0x00000187384937d0, 0x00000187384954d0,
0x000001873849f020, 0x000001873849fa20, 0x00000187386ae140, 0x00000187c522efc0,
0x00000187ca877cb0, 0x00000187c6451f70, 0x00000187c6452990, 0x00000187d66a39d0,
0x00000187d66a5d40, 0x00000187d66a2590, 0x00000187c7dd0df0, 0x00000187c7dd1810,
0x00000187d671bca0, 0x00000187cb905e90, 0x00000187d6818190, 0x00000187d68186a0,
0x00000187386158f0, 0x00000187c969f5c0, 0x00000187c969fb10, 0x00000187c8dcc880,
0x00000187c8dcd320, 0x00000187c8dc9e00, 0x00000187d9473070, 0x00000187cc9030e0,
0x00000187cc904620, 0x00000187c5d42380, 0x00000187c80a1060, 0x00000187d62b4f70,
0x00000187c5be1680, 0x00000187f9940080, 0x00000187c5be0750, 0x00000187c80a1a80,
0x00000187c7e24ff0, 0x00000187c7e25500, 0x00000187cc662a80, 0x00000187c80a1570,
0x00000187d5585470, 0x00000187c5e0b620, 0x00000187d6d5f5d0, 0x00000187c63fceb0,
0x00000187d9c86cc0, 0x00000187c5bdfd30, 0x00000187c7c376f0, 0x00000187c5be0240,
0x00000187c7c36cd0, 0x00000187d586fb90, 0x00000187d5584030, 0x00000187d794c520,
0x00000187c7c371e0, 0x00000187c5dea820, 0x00000187c5b6fff0, 0x00000187c5b6fae0,
0x00000187d9c871d0, 0x00000187c64fe6f0, 0x00000187c74d5a00, 0x00000187c96a0b10,
0x00000187c5e0b110, 0x00000187c8a39f30, 0x00000187d70256d0, 0x00000187d7025c20,
0x00000187c96a1020, 0x00000187c5e0a540, 0x00000187c7dcea80
}

Java Threads: ( => current thread )
  0x000001877708db60 JavaThread "Render thread" [_thread_blocked, id=10356, stack(0x000000211af00000,0x000000211b000000)]
  0x0000018738478a30 JavaThread "Reference Handler" daemon [_thread_blocked, id=46840, stack(0x000000211b600000,0x000000211b700000)]
  0x00000187384795f0 JavaThread "Finalizer" daemon [_thread_blocked, id=69640, stack(0x000000211b700000,0x000000211b800000)]
  0x000001873848d570 JavaThread "Signal Dispatcher" daemon [_thread_blocked, id=51376, stack(0x000000211b800000,0x000000211b900000)]
  0x0000018738490140 JavaThread "Attach Listener" daemon [_thread_blocked, id=41452, stack(0x000000211b900000,0x000000211ba00000)]
  0x0000018738490d00 JavaThread "Service Thread" daemon [_thread_blocked, id=6296, stack(0x000000211ba00000,0x000000211bb00000)]
  0x00000187384937d0 JavaThread "Monitor Deflation Thread" daemon [_thread_blocked, id=61896, stack(0x000000211bb00000,0x000000211bc00000)]
  0x00000187384954d0 JavaThread "C2 CompilerThread0" daemon [_thread_blocked, id=54928, stack(0x000000211bc00000,0x000000211bd00000)]
  0x000001873849f020 JavaThread "C1 CompilerThread0" daemon [_thread_blocked, id=29468, stack(0x000000211bd00000,0x000000211be00000)]
  0x000001873849fa20 JavaThread "Sweeper thread" daemon [_thread_blocked, id=77284, stack(0x000000211be00000,0x000000211bf00000)]
  0x00000187386ae140 JavaThread "Common-Cleaner" daemon [_thread_blocked, id=13648, stack(0x000000211c000000,0x000000211c100000)]
  0x00000187c522efc0 JavaThread "Notification Thread" daemon [_thread_blocked, id=68572, stack(0x000000211c300000,0x000000211c400000)]
  0x00000187ca877cb0 JavaThread "JNA Cleaner" daemon [_thread_blocked, id=7348, stack(0x000000211f400000,0x000000211f500000)]
  0x00000187c6451f70 JavaThread "Timer hack thread" daemon [_thread_blocked, id=66572, stack(0x000000211c800000,0x000000211c900000)]
  0x00000187c6452990 JavaThread "Yggdrasil Key Fetcher" daemon [_thread_blocked, id=61492, stack(0x000000211f600000,0x000000211f700000)]
  0x00000187d66a39d0 JavaThread "Structurize IO Worker #0" daemon [_thread_blocked, id=27788, stack(0x0000002121100000,0x0000002121200000)]
  0x00000187d66a5d40 JavaThread "FileSystemWatchService" daemon [_thread_in_native, id=52572, stack(0x0000002121200000,0x0000002121300000)]
  0x00000187d66a2590 JavaThread "JEI Config File Watcher" daemon [_thread_blocked, id=58752, stack(0x0000002121400000,0x0000002121500000)]
  0x00000187c7dd0df0 JavaThread "Thread-3" daemon [_thread_blocked, id=31556, stack(0x000000211ce00000,0x000000211cf00000)]
  0x00000187c7dd1810 JavaThread "FileSystemWatchService" daemon [_thread_in_native, id=51688, stack(0x0000002121500000,0x0000002121600000)]
  0x00000187d671bca0 JavaThread "IO-Worker-32" [_thread_blocked, id=3120, stack(0x0000002123900000,0x0000002123a00000)]
  0x00000187cb905e90 JavaThread "C1 CompilerThread1" daemon [_thread_blocked, id=1184, stack(0x000000211c100000,0x000000211c200000)]
  0x00000187d6818190 JavaThread "Worker-Main-33" daemon [_thread_blocked, id=44468, stack(0x000000211c500000,0x000000211c600000)]
  0x00000187d68186a0 JavaThread "Worker-Main-34" daemon [_thread_blocked, id=78292, stack(0x000000211c600000,0x000000211c700000)]
  0x00000187386158f0 JavaThread "C1 CompilerThread2" daemon [_thread_blocked, id=47456, stack(0x000000211cb00000,0x000000211cc00000)]
  0x00000187c969f5c0 JavaThread "C1 CompilerThread3" daemon [_thread_blocked, id=22984, stack(0x000000211cc00000,0x000000211cd00000)]
  0x00000187c969fb10 JavaThread "C1 CompilerThread4" daemon [_thread_blocked, id=10040, stack(0x000000211cd00000,0x000000211ce00000)]
  0x00000187c8dcc880 JavaThread "C2 CompilerThread1" daemon [_thread_blocked, id=28728, stack(0x000000211c700000,0x000000211c800000)]
  0x00000187c8dcd320 JavaThread "C2 CompilerThread2" daemon [_thread_blocked, id=57360, stack(0x000000211ca00000,0x000000211cb00000)]
  0x00000187c8dc9e00 JavaThread "C2 CompilerThread3" daemon [_thread_blocked, id=15600, stack(0x000000211e500000,0x000000211e600000)]
  0x00000187d9473070 JavaThread "C2 CompilerThread4" daemon [_thread_blocked, id=41148, stack(0x000000211e600000,0x000000211e700000)]
  0x00000187cc9030e0 JavaThread "C2 CompilerThread5" daemon [_thread_blocked, id=67288, stack(0x000000211e800000,0x000000211e900000)]
  0x00000187cc904620 JavaThread "C2 CompilerThread6" daemon [_thread_blocked, id=68320, stack(0x000000211ea00000,0x000000211eb00000)]
  0x00000187c5d42380 JavaThread "C2 CompilerThread7" daemon [_thread_blocked, id=55748, stack(0x000000211f300000,0x000000211f400000)]
  0x00000187c80a1060 JavaThread "Worker-Main-35" daemon [_thread_blocked, id=35384, stack(0x000000211fe00000,0x000000211ff00000)]
  0x00000187d62b4f70 JavaThread "Worker-Main-36" daemon [_thread_blocked, id=84616, stack(0x000000211ff00000,0x0000002120000000)]
  0x00000187c5be1680 JavaThread "Worker-Main-37" daemon [_thread_blocked, id=57104, stack(0x0000002120000000,0x0000002120100000)]
  0x00000187f9940080 JavaThread "Worker-Main-38" daemon [_thread_blocked, id=21228, stack(0x0000002120100000,0x0000002120200000)]
  0x00000187c5be0750 JavaThread "Worker-Main-39" daemon [_thread_blocked, id=80516, stack(0x0000002120200000,0x0000002120300000)]
  0x00000187c80a1a80 JavaThread "Worker-Main-40" daemon [_thread_blocked, id=53240, stack(0x0000002120300000,0x0000002120400000)]
  0x00000187c7e24ff0 JavaThread "Worker-Main-41" daemon [_thread_blocked, id=74852, stack(0x0000002120400000,0x0000002120500000)]
  0x00000187c7e25500 JavaThread "Worker-Main-42" daemon [_thread_blocked, id=20576, stack(0x0000002120500000,0x0000002120600000)]
  0x00000187cc662a80 JavaThread "Worker-Main-43" daemon [_thread_blocked, id=14492, stack(0x0000002120600000,0x0000002120700000)]
  0x00000187c80a1570 JavaThread "Worker-Main-44" daemon [_thread_blocked, id=73480, stack(0x0000002120700000,0x0000002120800000)]
  0x00000187d5585470 JavaThread "Worker-Main-45" daemon [_thread_blocked, id=62808, stack(0x0000002120800000,0x0000002120900000)]
  0x00000187c5e0b620 JavaThread "Worker-Main-46" daemon [_thread_blocked, id=75712, stack(0x0000002120900000,0x0000002120a00000)]
  0x00000187d6d5f5d0 JavaThread "Worker-Main-47" daemon [_thread_blocked, id=70416, stack(0x0000002120a00000,0x0000002120b00000)]
  0x00000187c63fceb0 JavaThread "Worker-Main-48" daemon [_thread_blocked, id=65684, stack(0x0000002120b00000,0x0000002120c00000)]
  0x00000187d9c86cc0 JavaThread "Worker-Main-49" daemon [_thread_blocked, id=58120, stack(0x0000002120c00000,0x0000002120d00000)]
  0x00000187c5bdfd30 JavaThread "Worker-Main-50" daemon [_thread_blocked, id=71640, stack(0x0000002120d00000,0x0000002120e00000)]
  0x00000187c7c376f0 JavaThread "Worker-Main-51" daemon [_thread_blocked, id=9292, stack(0x0000002120e00000,0x0000002120f00000)]
  0x00000187c5be0240 JavaThread "Worker-Main-52" daemon [_thread_blocked, id=38048, stack(0x0000002120f00000,0x0000002121000000)]
  0x00000187c7c36cd0 JavaThread "Worker-Main-53" daemon [_thread_blocked, id=45336, stack(0x0000002121600000,0x0000002121700000)]
  0x00000187d586fb90 JavaThread "Worker-Main-54" daemon [_thread_blocked, id=73308, stack(0x0000002121700000,0x0000002121800000)]
  0x00000187d5584030 JavaThread "Worker-Main-55" daemon [_thread_blocked, id=74456, stack(0x0000002121800000,0x0000002121900000)]
  0x00000187d794c520 JavaThread "Worker-Main-56" daemon [_thread_blocked, id=71480, stack(0x0000002121900000,0x0000002121a00000)]
  0x00000187c7c371e0 JavaThread "Worker-Main-57" daemon [_thread_blocked, id=16592, stack(0x0000002121a00000,0x0000002121b00000)]
  0x00000187c5dea820 JavaThread "Worker-Main-58" daemon [_thread_blocked, id=58584, stack(0x0000002121b00000,0x0000002121c00000)]
  0x00000187c5b6fff0 JavaThread "Sound engine" daemon [_thread_blocked, id=35356, stack(0x000000211c900000,0x000000211ca00000)]
  0x00000187c5b6fae0 JavaThread "Server thread" [_thread_blocked, id=44768, stack(0x000000211f500000,0x000000211f600000)]
  0x00000187d9c871d0 JavaThread "FileSystemWatchService" daemon [_thread_in_native, id=81340, stack(0x000000211fd00000,0x000000211fe00000)]
  0x00000187c64fe6f0 JavaThread "Worker-Main-59" daemon [_thread_blocked, id=38884, stack(0x0000002121300000,0x0000002121400000)]
  0x00000187c74d5a00 JavaThread "Worker-Main-60" daemon [_thread_blocked, id=40996, stack(0x0000002121c00000,0x0000002121d00000)]
  0x00000187c96a0b10 JavaThread "Worker-Main-61" daemon [_thread_blocked, id=68928, stack(0x0000002121d00000,0x0000002121e00000)]
  0x00000187c5e0b110 JavaThread "Worker-Main-62" daemon [_thread_blocked, id=66536, stack(0x0000002121e00000,0x0000002121f00000)]
  0x00000187c8a39f30 JavaThread "Worker-Main-63" daemon [_thread_blocked, id=17864, stack(0x0000002121f00000,0x0000002122000000)]
  0x00000187d70256d0 JavaThread "C2 CompilerThread8" daemon [_thread_blocked, id=84036, stack(0x0000002122000000,0x0000002122100000)]
  0x00000187d7025c20 JavaThread "C2 CompilerThread9" daemon [_thread_blocked, id=26464, stack(0x0000002122100000,0x0000002122200000)]
  0x00000187c96a1020 JavaThread "IO-Worker-64" [_thread_blocked, id=73756, stack(0x0000002122200000,0x0000002122300000)]
  0x00000187c5e0a540 JavaThread "IO-Worker-65" [_thread_blocked, id=60220, stack(0x0000002122300000,0x0000002122400000)]
  0x00000187c7dcea80 JavaThread "IO-Worker-66" [_thread_blocked, id=24352, stack(0x0000002122400000,0x0000002122500000)]

Other Threads:
  0x0000018738474540 VMThread "VM Thread" [stack: 0x000000211b500000,0x000000211b600000] [id=54652]
  0x000001877708e720 WatcherThread [stack: 0x000000211c400000,0x000000211c500000] [id=51844]
  0x000001870f07fca0 GCTaskThread "GC Thread#0" [stack: 0x000000211b000000,0x000000211b100000] [id=47364]
  0x00000187c5ec4ee0 GCTaskThread "GC Thread#1" [stack: 0x000000211cf00000,0x000000211d000000] [id=17816]
  0x00000187c5ec51a0 GCTaskThread "GC Thread#2" [stack: 0x000000211d000000,0x000000211d100000] [id=73444]
  0x00000187c5ec5460 GCTaskThread "GC Thread#3" [stack: 0x000000211d100000,0x000000211d200000] [id=43068]
  0x00000187c618a3a0 GCTaskThread "GC Thread#4" [stack: 0x000000211d200000,0x000000211d300000] [id=31664]
  0x00000187c618a660 GCTaskThread "GC Thread#5" [stack: 0x000000211d300000,0x000000211d400000] [id=24832]
=>0x00000187c618a920 GCTaskThread "GC Thread#6" [stack: 0x000000211d400000,0x000000211d500000] [id=59108]
  0x00000187c617faa0 GCTaskThread "GC Thread#7" [stack: 0x000000211d500000,0x000000211d600000] [id=6380]
  0x00000187c6701c30 GCTaskThread "GC Thread#8" [stack: 0x000000211d600000,0x000000211d700000] [id=59664]
  0x00000187c6701ef0 GCTaskThread "GC Thread#9" [stack: 0x000000211d700000,0x000000211d800000] [id=44092]
  0x00000187c67021b0 GCTaskThread "GC Thread#10" [stack: 0x000000211d800000,0x000000211d900000] [id=19436]
  0x00000187c6702470 GCTaskThread "GC Thread#11" [stack: 0x000000211d900000,0x000000211da00000] [id=60384]
  0x00000187c63a2110 GCTaskThread "GC Thread#12" [stack: 0x000000211da00000,0x000000211db00000] [id=3800]
  0x00000187c65806a0 GCTaskThread "GC Thread#13" [stack: 0x000000211db00000,0x000000211dc00000] [id=53200]
  0x00000187c62dcc60 GCTaskThread "GC Thread#14" [stack: 0x000000211dc00000,0x000000211dd00000] [id=83336]
  0x00000187c62dc9a0 GCTaskThread "GC Thread#15" [stack: 0x000000211dd00000,0x000000211de00000] [id=55456]
  0x00000187c62dc420 GCTaskThread "GC Thread#16" [stack: 0x000000211de00000,0x000000211df00000] [id=30752]
  0x00000187c62dbbe0 GCTaskThread "GC Thread#17" [stack: 0x000000211df00000,0x000000211e000000] [id=3752]
  0x00000187c62dc160 GCTaskThread "GC Thread#18" [stack: 0x000000211e000000,0x000000211e100000] [id=76176]
  0x00000187c62dc6e0 GCTaskThread "GC Thread#19" [stack: 0x000000211e100000,0x000000211e200000] [id=78744]
  0x00000187c62dd1e0 GCTaskThread "GC Thread#20" [stack: 0x000000211e200000,0x000000211e300000] [id=59816]
  0x00000187c62db660 GCTaskThread "GC Thread#21" [stack: 0x000000211e300000,0x000000211e400000] [id=63912]
  0x00000187c62dbea0 GCTaskThread "GC Thread#22" [stack: 0x000000211e400000,0x000000211e500000] [id=17536]
  0x000001877710df50 ConcurrentGCThread "G1 Main Marker" [stack: 0x000000211b100000,0x000000211b200000] [id=75364]
  0x000001877710e720 ConcurrentGCThread "G1 Conc#0" [stack: 0x000000211b200000,0x000000211b300000] [id=68368]
  0x00000187cb04b920 ConcurrentGCThread "G1 Conc#1" [stack: 0x000000211ed00000,0x000000211ee00000] [id=64836]
  0x00000187cb04bea0 ConcurrentGCThread "G1 Conc#2" [stack: 0x000000211ee00000,0x000000211ef00000] [id=3956]
  0x00000187cb049820 ConcurrentGCThread "G1 Conc#3" [stack: 0x000000211ef00000,0x000000211f000000] [id=69424]
  0x00000187cb04cf20 ConcurrentGCThread "G1 Conc#4" [stack: 0x000000211f000000,0x000000211f100000] [id=84900]
  0x00000187cb04c9a0 ConcurrentGCThread "G1 Conc#5" [stack: 0x000000211f100000,0x000000211f200000] [id=75772]
  0x000001870f1fd460 ConcurrentGCThread "G1 Refine#0" [stack: 0x000000211b300000,0x000000211b400000] [id=12644]
  0x00000187d7629ac0 ConcurrentGCThread "G1 Refine#1" [stack: 0x000000211f700000,0x000000211f800000] [id=78556]
  0x00000187d7629db0 ConcurrentGCThread "G1 Refine#2" [stack: 0x000000211f800000,0x000000211f900000] [id=17600]
  0x00000187d762a0a0 ConcurrentGCThread "G1 Refine#3" [stack: 0x000000211f900000,0x000000211fa00000] [id=8340]
  0x00000187d76297d0 ConcurrentGCThread "G1 Refine#4" [stack: 0x000000211fa00000,0x000000211fb00000] [id=11712]
  0x00000187d762a390 ConcurrentGCThread "G1 Refine#5" [stack: 0x000000211fb00000,0x000000211fc00000] [id=11576]
  0x00000187d762ac60 ConcurrentGCThread "G1 Refine#6" [stack: 0x000000211fc00000,0x000000211fd00000] [id=81544]
  0x00000187ca545470 ConcurrentGCThread "G1 Refine#7" [stack: 0x0000002122800000,0x0000002122900000] [id=57580]
  0x00000187ca543cf0 ConcurrentGCThread "G1 Refine#8" [stack: 0x0000002123d00000,0x0000002123e00000] [id=13700]
  0x00000187ca546900 ConcurrentGCThread "G1 Refine#9" [stack: 0x0000002123e00000,0x0000002123f00000] [id=13584]
  0x00000187ca543130 ConcurrentGCThread "G1 Refine#10" [stack: 0x0000002123f00000,0x0000002124000000] [id=31056]
  0x00000187ca543420 ConcurrentGCThread "G1 Refine#11" [stack: 0x0000002124000000,0x0000002124100000] [id=68248]
  0x00000187ca545760 ConcurrentGCThread "G1 Refine#12" [stack: 0x0000002124100000,0x0000002124200000] [id=63452]
  0x00000187ca543710 ConcurrentGCThread "G1 Refine#13" [stack: 0x0000002124200000,0x0000002124300000] [id=29524]
  0x00000187ca543fe0 ConcurrentGCThread "G1 Refine#14" [stack: 0x0000002124300000,0x0000002124400000] [id=46788]
  0x00000187ca545180 ConcurrentGCThread "G1 Refine#15" [stack: 0x0000002124400000,0x0000002124500000] [id=5204]
  0x00000187ca5442d0 ConcurrentGCThread "G1 Refine#16" [stack: 0x0000002124500000,0x0000002124600000] [id=14072]
  0x00000187ca546610 ConcurrentGCThread "G1 Refine#17" [stack: 0x0000002124600000,0x0000002124700000] [id=48956]
  0x00000187ca544e90 ConcurrentGCThread "G1 Refine#18" [stack: 0x0000002124700000,0x0000002124800000] [id=16292]
  0x00000187ca5445c0 ConcurrentGCThread "G1 Refine#19" [stack: 0x0000002124800000,0x0000002124900000] [id=64688]
  0x000001870f1fdd30 ConcurrentGCThread "G1 Service" [stack: 0x000000211b400000,0x000000211b500000] [id=49228]

Threads with active compile tasks:
C2 CompilerThread0  1952542 23928       4       net.minecraft.world.level.chunk.PalettedContainer::<init> (68 bytes)
C1 CompilerThread3  1952542 24023       3       net.minecraft.world.level.lighting.LevelLightEngine::runLightUpdates (38 bytes)
C2 CompilerThread1  1952542 23876       4       net.minecraft.world.level.chunk.PalettedContainer::<init> (64 bytes)
C2 CompilerThread2  1952543 23877       4       net.minecraft.world.level.chunk.PalettedContainer::createOrReuseData (49 bytes)
C2 CompilerThread3  1952543 23882   !   4       net.minecraft.world.level.chunk.PalettedContainer::unpack (233 bytes)
C2 CompilerThread4  1952543 23998       4       net.minecraft.nbt.CompoundTag::get (14 bytes)
C2 CompilerThread5  1952543 23881       4       net.minecraft.world.level.chunk.PalettedContainer$$Lambda$11190/0x00000187825168d0::apply (20 bytes)
C2 CompilerThread6  1952543 23999       4       java.util.stream.AbstractPipeline::evaluate (44 bytes)
C2 CompilerThread7  1952543 23947 %     4       it.unimi.dsi.fastutil.ints.Int2IntOpenHashMap$MapEntrySet::forEach @ 61 (115 bytes)
C2 CompilerThread8  1952543 24015       4       net.minecraft.world.level.chunk.LinearPalette::<init> (131 bytes)
C2 CompilerThread9  1952543 23944       4       net.minecraft.world.level.lighting.LayerLightSectionStorage::markNewInconsistencies (307 bytes)

VM state: at safepoint (normal execution)

VM Mutex/Monitor currently owned by a thread:  ([mutex/lock_event])
[0x0000018773dcddf0] FreeList_lock - owner thread: 0x00000187c618a920
[0x0000018773dccfe0] Threads_lock - owner thread: 0x0000018738474540
[0x0000018773dce9c0] Heap_lock - owner thread: 0x00000187c5b6fae0

Heap address: 0x000000040d800000, size: 16168 MB, Compressed Oops mode: Zero based, Oop shift amount: 3

CDS archive(s) mapped at: [0x0000018780000000-0x0000018780bb0000-0x0000018780bb0000), size 12255232, SharedBaseAddress: 0x0000018780000000, ArchiveRelocationMode: 1.
Compressed class space mapped at: 0x0000018781000000-0x00000187c1000000, reserved size: 1073741824
Narrow klass base: 0x0000018780000000, Narrow klass shift: 0, Narrow klass range: 0x100000000

GC Precious Log:
 CPUs: 32 total, 32 available
 Memory: 64650M
 Large Page Support: Disabled
 NUMA Support: Disabled
 Compressed Oops: Enabled (Zero based)
 Heap Region Size: 8M
 Heap Min Capacity: 8M
 Heap Initial Capacity: 1016M
 Heap Max Capacity: 16168M
 Pre-touch: Disabled
 Parallel Workers: 23
 Concurrent Workers: 6
 Concurrent Refinement Workers: 23
 Periodic GC: Disabled

Heap:
 garbage-first heap   total 1875968K, used 1519090K [0x000000040d800000, 0x0000000800000000)
  region size 8192K, 123 young (1007616K), 15 survivors (122880K)
 Metaspace       used 133765K, committed 135552K, reserved 1179648K
  class space    used 20785K, committed 21568K, reserved 1048576K

Heap Regions: E=young(eden), S=young(survivor), O=old, HS=humongous(starts), HC=humongous(continues), CS=collection set, F=free, OA=open archive, CA=closed archive, TAMS=top-at-mark-start (previous, next)
|   0|0x000000040d800000, 0x000000040e000000, 0x000000040e000000|100%| O|  |TAMS 0x000000040e000000, 0x000000040d800000| Untracked 
|   1|0x000000040e000000, 0x000000040e752400, 0x000000040e800000| 91%| O|  |TAMS 0x000000040e752400, 0x000000040e000000| Untracked 
|   2|0x000000040e800000, 0x000000040f000000, 0x000000040f000000|100%| O|  |TAMS 0x000000040f000000, 0x000000040e800000| Untracked 
|   3|0x000000040f000000, 0x000000040f800000, 0x000000040f800000|100%| O|  |TAMS 0x000000040f800000, 0x000000040f000000| Untracked 
|   4|0x000000040f800000, 0x0000000410000000, 0x0000000410000000|100%| O|  |TAMS 0x0000000410000000, 0x000000040f800000| Untracked 
|   5|0x0000000410000000, 0x0000000410800000, 0x0000000410800000|100%| O|  |TAMS 0x0000000410800000, 0x0000000410000000| Untracked 
|   6|0x0000000410800000, 0x0000000411000000, 0x0000000411000000|100%| O|  |TAMS 0x0000000411000000, 0x0000000410800000| Untracked 
|   7|0x0000000411000000, 0x0000000411800000, 0x0000000411800000|100%| O|  |TAMS 0x0000000411800000, 0x0000000411000000| Untracked 
|   8|0x0000000411800000, 0x0000000412000000, 0x0000000412000000|100%| O|  |TAMS 0x0000000412000000, 0x0000000411800000| Untracked 
|   9|0x0000000412000000, 0x0000000412800000, 0x0000000412800000|100%| O|  |TAMS 0x0000000412800000, 0x0000000412000000| Untracked 
|  10|0x0000000412800000, 0x0000000413000000, 0x0000000413000000|100%| O|  |TAMS 0x0000000413000000, 0x0000000412800000| Untracked 
|  11|0x0000000413000000, 0x0000000413800000, 0x0000000413800000|100%| O|  |TAMS 0x0000000413800000, 0x0000000413000000| Untracked 
|  12|0x0000000413800000, 0x0000000414000000, 0x0000000414000000|100%| O|  |TAMS 0x0000000414000000, 0x0000000413800000| Untracked 
|  13|0x0000000414000000, 0x0000000414800000, 0x0000000414800000|100%|HS|  |TAMS 0x0000000414800000, 0x0000000414000000| Complete 
|  14|0x0000000414800000, 0x0000000415000000, 0x0000000415000000|100%|HC|  |TAMS 0x0000000415000000, 0x0000000414800000| Complete 
|  15|0x0000000415000000, 0x0000000415800000, 0x0000000415800000|100%| O|  |TAMS 0x0000000415800000, 0x0000000415000000| Untracked 
|  16|0x0000000415800000, 0x0000000416000000, 0x0000000416000000|100%| O|  |TAMS 0x0000000416000000, 0x0000000415800000| Untracked 
|  17|0x0000000416000000, 0x0000000416800000, 0x0000000416800000|100%| O|  |TAMS 0x0000000416800000, 0x0000000416000000| Untracked 
|  18|0x0000000416800000, 0x0000000417000000, 0x0000000417000000|100%| O|  |TAMS 0x0000000417000000, 0x0000000416800000| Untracked 
|  19|0x0000000417000000, 0x0000000417800000, 0x0000000417800000|100%| O|  |TAMS 0x0000000417800000, 0x0000000417000000| Untracked 
|  20|0x0000000417800000, 0x0000000418000000, 0x0000000418000000|100%| O|  |TAMS 0x0000000418000000, 0x0000000417800000| Untracked 
|  21|0x0000000418000000, 0x0000000418800000, 0x0000000418800000|100%| O|  |TAMS 0x0000000418800000, 0x0000000418000000| Untracked 
|  22|0x0000000418800000, 0x0000000419000000, 0x0000000419000000|100%| O|  |TAMS 0x0000000419000000, 0x0000000418800000| Untracked 
|  23|0x0000000419000000, 0x0000000419800000, 0x0000000419800000|100%| O|  |TAMS 0x0000000419800000, 0x0000000419000000| Untracked 
|  24|0x0000000419800000, 0x000000041a000000, 0x000000041a000000|100%| O|  |TAMS 0x000000041a000000, 0x0000000419800000| Untracked 
|  25|0x000000041a000000, 0x000000041a800000, 0x000000041a800000|100%| O|  |TAMS 0x000000041a800000, 0x000000041a000000| Untracked 
|  26|0x000000041a800000, 0x000000041b000000, 0x000000041b000000|100%| O|  |TAMS 0x000000041b000000, 0x000000041a800000| Untracked 
|  27|0x000000041b000000, 0x000000041b800000, 0x000000041b800000|100%| O|  |TAMS 0x000000041b800000, 0x000000041b000000| Untracked 
|  28|0x000000041b800000, 0x000000041c000000, 0x000000041c000000|100%| O|  |TAMS 0x000000041c000000, 0x000000041b800000| Untracked 
|  29|0x000000041c000000, 0x000000041c800000, 0x000000041c800000|100%| O|  |TAMS 0x000000041c800000, 0x000000041c000000| Untracked 
|  30|0x000000041c800000, 0x000000041d000000, 0x000000041d000000|100%| O|  |TAMS 0x000000041d000000, 0x000000041c800000| Untracked 
|  31|0x000000041d000000, 0x000000041d800000, 0x000000041d800000|100%| O|  |TAMS 0x000000041d800000, 0x000000041d000000| Untracked 
|  32|0x000000041d800000, 0x000000041e000000, 0x000000041e000000|100%| O|  |TAMS 0x000000041d800000, 0x000000041d800000| Untracked 
|  33|0x000000041e000000, 0x000000041e800000, 0x000000041e800000|100%| O|  |TAMS 0x000000041e800000, 0x000000041e000000| Untracked 
|  34|0x000000041e800000, 0x000000041f000000, 0x000000041f000000|100%| O|  |TAMS 0x000000041f000000, 0x000000041e800000| Untracked 
|  35|0x000000041f000000, 0x000000041f800000, 0x000000041f800000|100%| O|  |TAMS 0x000000041f800000, 0x000000041f000000| Untracked 
|  36|0x000000041f800000, 0x0000000420000000, 0x0000000420000000|100%| O|  |TAMS 0x0000000420000000, 0x000000041f800000| Untracked 
|  37|0x0000000420000000, 0x0000000420800000, 0x0000000420800000|100%| O|  |TAMS 0x0000000420800000, 0x0000000420000000| Untracked 
|  38|0x0000000420800000, 0x0000000421000000, 0x0000000421000000|100%| O|  |TAMS 0x0000000421000000, 0x0000000420800000| Untracked 
|  39|0x0000000421000000, 0x0000000421800000, 0x0000000421800000|100%| O|  |TAMS 0x0000000421800000, 0x0000000421000000| Untracked 
|  40|0x0000000421800000, 0x0000000422000000, 0x0000000422000000|100%| O|  |TAMS 0x0000000422000000, 0x0000000421800000| Untracked 
|  41|0x0000000422000000, 0x0000000422800000, 0x0000000422800000|100%| O|  |TAMS 0x0000000422800000, 0x0000000422000000| Untracked 
|  42|0x0000000422800000, 0x0000000423000000, 0x0000000423000000|100%| O|  |TAMS 0x0000000423000000, 0x0000000422800000| Untracked 
|  43|0x0000000423000000, 0x0000000423800000, 0x0000000423800000|100%| O|  |TAMS 0x0000000423800000, 0x0000000423000000| Untracked 
|  44|0x0000000423800000, 0x0000000424000000, 0x0000000424000000|100%| O|  |TAMS 0x0000000424000000, 0x0000000423800000| Untracked 
|  45|0x0000000424000000, 0x0000000424800000, 0x0000000424800000|100%| O|  |TAMS 0x0000000424800000, 0x0000000424000000| Untracked 
|  46|0x0000000424800000, 0x0000000425000000, 0x0000000425000000|100%| O|  |TAMS 0x0000000425000000, 0x0000000424800000| Untracked 
|  47|0x0000000425000000, 0x0000000425800000, 0x0000000425800000|100%| O|  |TAMS 0x0000000425800000, 0x0000000425000000| Untracked 
|  48|0x0000000425800000, 0x0000000426000000, 0x0000000426000000|100%| O|  |TAMS 0x0000000426000000, 0x0000000425800000| Untracked 
|  49|0x0000000426000000, 0x0000000426800000, 0x0000000426800000|100%| O|  |TAMS 0x0000000426800000, 0x0000000426000000| Untracked 
|  50|0x0000000426800000, 0x0000000427000000, 0x0000000427000000|100%| O|  |TAMS 0x0000000427000000, 0x0000000426800000| Untracked 
|  51|0x0000000427000000, 0x0000000427800000, 0x0000000427800000|100%| O|  |TAMS 0x0000000427800000, 0x0000000427000000| Untracked 
|  52|0x0000000427800000, 0x0000000428000000, 0x0000000428000000|100%| O|  |TAMS 0x0000000428000000, 0x0000000427800000| Untracked 
|  53|0x0000000428000000, 0x0000000428800000, 0x0000000428800000|100%| O|  |TAMS 0x0000000428800000, 0x0000000428000000| Untracked 
|  54|0x0000000428800000, 0x0000000429000000, 0x0000000429000000|100%| O|  |TAMS 0x0000000429000000, 0x0000000428800000| Untracked 
|  55|0x0000000429000000, 0x0000000429800000, 0x0000000429800000|100%| O|  |TAMS 0x0000000429800000, 0x0000000429000000| Untracked 
|  56|0x0000000429800000, 0x000000042a000000, 0x000000042a000000|100%| O|  |TAMS 0x000000042a000000, 0x0000000429800000| Untracked 
|  57|0x000000042a000000, 0x000000042a800000, 0x000000042a800000|100%| O|  |TAMS 0x000000042a800000, 0x000000042a000000| Untracked 
|  58|0x000000042a800000, 0x000000042b000000, 0x000000042b000000|100%| O|  |TAMS 0x000000042b000000, 0x000000042a800000| Untracked 
|  59|0x000000042b000000, 0x000000042b800000, 0x000000042b800000|100%| O|  |TAMS 0x000000042b2a6a00, 0x000000042b000000| Untracked 
|  60|0x000000042b800000, 0x000000042c000000, 0x000000042c000000|100%| O|  |TAMS 0x000000042c000000, 0x000000042b800000| Complete 
|  61|0x000000042c000000, 0x000000042c800000, 0x000000042c800000|100%| O|  |TAMS 0x000000042c800000, 0x000000042c000000| Untracked 
|  62|0x000000042c800000, 0x000000042d000000, 0x000000042d000000|100%| O|  |TAMS 0x000000042d000000, 0x000000042c800000| Untracked 
|  63|0x000000042d000000, 0x000000042d800000, 0x000000042d800000|100%| O|  |TAMS 0x000000042d000000, 0x000000042d000000| Untracked 
|  64|0x000000042d800000, 0x000000042e000000, 0x000000042e000000|100%| O|  |TAMS 0x000000042e000000, 0x000000042d800000| Untracked 
|  65|0x000000042e000000, 0x000000042e800000, 0x000000042e800000|100%| O|  |TAMS 0x000000042e800000, 0x000000042e000000| Untracked 
|  66|0x000000042e800000, 0x000000042f000000, 0x000000042f000000|100%| O|  |TAMS 0x000000042f000000, 0x000000042e800000| Untracked 
|  67|0x000000042f000000, 0x000000042f800000, 0x000000042f800000|100%| O|  |TAMS 0x000000042f800000, 0x000000042f000000| Untracked 
|  68|0x000000042f800000, 0x0000000430000000, 0x0000000430000000|100%| O|  |TAMS 0x0000000430000000, 0x000000042f800000| Untracked 
|  69|0x0000000430000000, 0x0000000430800000, 0x0000000430800000|100%| O|  |TAMS 0x0000000430000000, 0x0000000430000000| Untracked 
|  70|0x0000000430800000, 0x0000000431000000, 0x0000000431000000|100%| O|  |TAMS 0x0000000430800000, 0x0000000430800000| Untracked 
|  71|0x0000000431000000, 0x0000000431800000, 0x0000000431800000|100%| O|  |TAMS 0x0000000431000000, 0x0000000431000000| Untracked 
|  72|0x0000000431800000, 0x0000000432000000, 0x0000000432000000|100%| O|  |TAMS 0x0000000431800000, 0x0000000431800000| Untracked 
|  73|0x0000000432000000, 0x0000000432800000, 0x0000000432800000|100%| O|  |TAMS 0x0000000432000000, 0x0000000432000000| Untracked 
|  74|0x0000000432800000, 0x0000000433000000, 0x0000000433000000|100%| O|  |TAMS 0x0000000432800000, 0x0000000432800000| Untracked 
|  75|0x0000000433000000, 0x0000000433800000, 0x0000000433800000|100%| O|  |TAMS 0x0000000433000000, 0x0000000433000000| Untracked 
|  76|0x0000000433800000, 0x0000000434000000, 0x0000000434000000|100%| O|  |TAMS 0x0000000433800000, 0x0000000433800000| Untracked 
|  77|0x0000000434000000, 0x0000000434800000, 0x0000000434800000|100%| O|  |TAMS 0x0000000434000000, 0x0000000434000000| Untracked 
|  78|0x0000000434800000, 0x0000000435000000, 0x0000000435000000|100%| O|  |TAMS 0x0000000434800000, 0x0000000434800000| Untracked 
|  79|0x0000000435000000, 0x0000000435800000, 0x0000000435800000|100%| O|  |TAMS 0x0000000435000000, 0x0000000435000000| Untracked 
|  80|0x0000000435800000, 0x0000000436000000, 0x0000000436000000|100%| O|  |TAMS 0x0000000435800000, 0x0000000435800000| Untracked 
|  81|0x0000000436000000, 0x0000000436800000, 0x0000000436800000|100%| O|  |TAMS 0x0000000436000000, 0x0000000436000000| Untracked 
|  82|0x0000000436800000, 0x0000000437000000, 0x0000000437000000|100%| O|  |TAMS 0x0000000436800000, 0x0000000436800000| Untracked 
|  83|0x0000000437000000, 0x0000000437183bd8, 0x0000000437800000| 18%| E|CS|TAMS 0x0000000437000000, 0x0000000437000000| Complete 
|  84|0x0000000437800000, 0x0000000438000000, 0x0000000438000000|100%| E|CS|TAMS 0x0000000437800000, 0x0000000437800000| Complete 
|  85|0x0000000438000000, 0x0000000438800000, 0x0000000438800000|100%| E|CS|TAMS 0x0000000438000000, 0x0000000438000000| Complete 
|  86|0x0000000438800000, 0x0000000439000000, 0x0000000439000000|100%| E|CS|TAMS 0x0000000438800000, 0x0000000438800000| Complete 
|  87|0x0000000439000000, 0x0000000439800000, 0x0000000439800000|100%| E|CS|TAMS 0x0000000439000000, 0x0000000439000000| Complete 
|  88|0x0000000439800000, 0x000000043a000000, 0x000000043a000000|100%| E|CS|TAMS 0x0000000439800000, 0x0000000439800000| Complete 
|  89|0x000000043a000000, 0x000000043a800000, 0x000000043a800000|100%| E|CS|TAMS 0x000000043a000000, 0x000000043a000000| Complete 
|  90|0x000000043a800000, 0x000000043b000000, 0x000000043b000000|100%| E|CS|TAMS 0x000000043a800000, 0x000000043a800000| Complete 
|  91|0x000000043b000000, 0x000000043b800000, 0x000000043b800000|100%| O|  |TAMS 0x000000043b000000, 0x000000043b000000| Untracked 
|  92|0x000000043b800000, 0x000000043c000000, 0x000000043c000000|100%| O|  |TAMS 0x000000043b800000, 0x000000043b800000| Untracked 
|  93|0x000000043c000000, 0x000000043c800000, 0x000000043c800000|100%| E|CS|TAMS 0x000000043c000000, 0x000000043c000000| Complete 
|  94|0x000000043c800000, 0x000000043d000000, 0x000000043d000000|100%| O|  |TAMS 0x000000043c800000, 0x000000043c800000| Untracked 
|  95|0x000000043d000000, 0x000000043d800000, 0x000000043d800000|100%| E|CS|TAMS 0x000000043d000000, 0x000000043d000000| Complete 
|  96|0x000000043d800000, 0x000000043e000000, 0x000000043e000000|100%| E|CS|TAMS 0x000000043d800000, 0x000000043d800000| Complete 
|  97|0x000000043e000000, 0x000000043e800000, 0x000000043e800000|100%| E|CS|TAMS 0x000000043e000000, 0x000000043e000000| Complete 
|  98|0x000000043e800000, 0x000000043f000000, 0x000000043f000000|100%| O|  |TAMS 0x000000043e800000, 0x000000043e800000| Untracked 
|  99|0x000000043f000000, 0x000000043f800000, 0x000000043f800000|100%| O|  |TAMS 0x000000043f000000, 0x000000043f000000| Untracked 
| 100|0x000000043f800000, 0x0000000440000000, 0x0000000440000000|100%| O|  |TAMS 0x000000043f800000, 0x000000043f800000| Untracked 
| 101|0x0000000440000000, 0x0000000440800000, 0x0000000440800000|100%| S|  |TAMS 0x0000000440000000, 0x0000000440000000| Complete 
| 102|0x0000000440800000, 0x0000000441000000, 0x0000000441000000|100%| S|  |TAMS 0x0000000440800000, 0x0000000440800000| Complete 
| 103|0x0000000441000000, 0x0000000441800000, 0x0000000441800000|100%| S|  |TAMS 0x0000000441000000, 0x0000000441000000| Complete 
| 104|0x0000000441800000, 0x0000000442000000, 0x0000000442000000|100%| S|  |TAMS 0x0000000441800000, 0x0000000441800000| Complete 
| 105|0x0000000442000000, 0x0000000442800000, 0x0000000442800000|100%| S|  |TAMS 0x0000000442000000, 0x0000000442000000| Complete 
| 106|0x0000000442800000, 0x0000000443000000, 0x0000000443000000|100%| S|  |TAMS 0x0000000442800000, 0x0000000442800000| Complete 
| 107|0x0000000443000000, 0x0000000443800000, 0x0000000443800000|100%| S|  |TAMS 0x0000000443000000, 0x0000000443000000| Complete 
| 108|0x0000000443800000, 0x0000000444000000, 0x0000000444000000|100%| S|  |TAMS 0x0000000443800000, 0x0000000443800000| Complete 
| 109|0x0000000444000000, 0x0000000444800000, 0x0000000444800000|100%| S|  |TAMS 0x0000000444000000, 0x0000000444000000| Complete 
| 110|0x0000000444800000, 0x0000000445000000, 0x0000000445000000|100%| S|  |TAMS 0x0000000444800000, 0x0000000444800000| Complete 
| 111|0x0000000445000000, 0x0000000445800000, 0x0000000445800000|100%| S|  |TAMS 0x0000000445000000, 0x0000000445000000| Complete 
| 112|0x0000000445800000, 0x0000000446000000, 0x0000000446000000|100%| S|  |TAMS 0x0000000445800000, 0x0000000445800000| Complete 
| 113|0x0000000446000000, 0x0000000446800000, 0x0000000446800000|100%| S|  |TAMS 0x0000000446000000, 0x0000000446000000| Complete 
| 114|0x0000000446800000, 0x0000000447000000, 0x0000000447000000|100%| S|  |TAMS 0x0000000446800000, 0x0000000446800000| Complete 
| 115|0x0000000447000000, 0x0000000447800000, 0x0000000447800000|100%| S|  |TAMS 0x0000000447000000, 0x0000000447000000| Complete 
| 116|0x0000000447800000, 0x0000000448000000, 0x0000000448000000|100%| E|CS|TAMS 0x0000000447800000, 0x0000000447800000| Complete 
| 117|0x0000000448000000, 0x0000000448800000, 0x0000000448800000|100%| E|CS|TAMS 0x0000000448000000, 0x0000000448000000| Complete 
| 118|0x0000000448800000, 0x0000000449000000, 0x0000000449000000|100%| E|CS|TAMS 0x0000000448800000, 0x0000000448800000| Complete 
| 119|0x0000000449000000, 0x0000000449800000, 0x0000000449800000|100%| E|CS|TAMS 0x0000000449000000, 0x0000000449000000| Complete 
| 120|0x0000000449800000, 0x000000044a000000, 0x000000044a000000|100%| E|CS|TAMS 0x0000000449800000, 0x0000000449800000| Complete 
| 121|0x000000044a000000, 0x000000044a800000, 0x000000044a800000|100%| E|CS|TAMS 0x000000044a000000, 0x000000044a000000| Complete 
| 122|0x000000044a800000, 0x000000044b000000, 0x000000044b000000|100%| E|CS|TAMS 0x000000044a800000, 0x000000044a800000| Complete 
| 123|0x000000044b000000, 0x000000044b800000, 0x000000044b800000|100%| E|CS|TAMS 0x000000044b000000, 0x000000044b000000| Complete 
| 124|0x000000044b800000, 0x000000044c000000, 0x000000044c000000|100%| E|CS|TAMS 0x000000044b800000, 0x000000044b800000| Complete 
| 125|0x000000044c000000, 0x000000044c800000, 0x000000044c800000|100%| E|CS|TAMS 0x000000044c000000, 0x000000044c000000| Complete 
| 126|0x000000044c800000, 0x000000044d000000, 0x000000044d000000|100%| E|CS|TAMS 0x000000044c800000, 0x000000044c800000| Complete 
| 127|0x000000044d000000, 0x000000044d800000, 0x000000044d800000|100%| E|CS|TAMS 0x000000044d000000, 0x000000044d000000| Complete 
| 128|0x000000044d800000, 0x000000044e000000, 0x000000044e000000|100%| E|CS|TAMS 0x000000044d800000, 0x000000044d800000| Complete 
| 129|0x000000044e000000, 0x000000044e800000, 0x000000044e800000|100%| E|CS|TAMS 0x000000044e000000, 0x000000044e000000| Complete 
| 130|0x000000044e800000, 0x000000044f000000, 0x000000044f000000|100%| E|CS|TAMS 0x000000044e800000, 0x000000044e800000| Complete 
| 131|0x000000044f000000, 0x000000044f800000, 0x000000044f800000|100%| E|CS|TAMS 0x000000044f000000, 0x000000044f000000| Complete 
| 132|0x000000044f800000, 0x0000000450000000, 0x0000000450000000|100%| E|CS|TAMS 0x000000044f800000, 0x000000044f800000| Complete 
| 133|0x0000000450000000, 0x0000000450800000, 0x0000000450800000|100%| E|CS|TAMS 0x0000000450000000, 0x0000000450000000| Complete 
| 134|0x0000000450800000, 0x0000000451000000, 0x0000000451000000|100%| E|CS|TAMS 0x0000000450800000, 0x0000000450800000| Complete 
| 135|0x0000000451000000, 0x0000000451800000, 0x0000000451800000|100%| E|CS|TAMS 0x0000000451000000, 0x0000000451000000| Complete 
| 136|0x0000000451800000, 0x0000000452000000, 0x0000000452000000|100%| E|CS|TAMS 0x0000000451800000, 0x0000000451800000| Complete 
| 137|0x0000000452000000, 0x0000000452800000, 0x0000000452800000|100%| E|CS|TAMS 0x0000000452000000, 0x0000000452000000| Complete 
| 138|0x0000000452800000, 0x0000000453000000, 0x0000000453000000|100%| E|CS|TAMS 0x0000000452800000, 0x0000000452800000| Complete 
| 139|0x0000000453000000, 0x0000000453800000, 0x0000000453800000|100%| E|CS|TAMS 0x0000000453000000, 0x0000000453000000| Complete 
| 140|0x0000000453800000, 0x0000000454000000, 0x0000000454000000|100%| E|CS|TAMS 0x0000000453800000, 0x0000000453800000| Complete 
| 141|0x0000000454000000, 0x0000000454800000, 0x0000000454800000|100%| E|CS|TAMS 0x0000000454000000, 0x0000000454000000| Complete 
| 142|0x0000000454800000, 0x0000000455000000, 0x0000000455000000|100%| E|CS|TAMS 0x0000000454800000, 0x0000000454800000| Complete 
| 143|0x0000000455000000, 0x0000000455800000, 0x0000000455800000|100%| E|CS|TAMS 0x0000000455000000, 0x0000000455000000| Complete 
| 144|0x0000000455800000, 0x0000000456000000, 0x0000000456000000|100%| E|CS|TAMS 0x0000000455800000, 0x0000000455800000| Complete 
| 145|0x0000000456000000, 0x0000000456800000, 0x0000000456800000|100%| E|CS|TAMS 0x0000000456000000, 0x0000000456000000| Complete 
| 146|0x0000000456800000, 0x0000000457000000, 0x0000000457000000|100%| E|CS|TAMS 0x0000000456800000, 0x0000000456800000| Complete 
| 147|0x0000000457000000, 0x0000000457800000, 0x0000000457800000|100%| E|CS|TAMS 0x0000000457000000, 0x0000000457000000| Complete 
| 148|0x0000000457800000, 0x0000000458000000, 0x0000000458000000|100%| E|CS|TAMS 0x0000000457800000, 0x0000000457800000| Complete 
| 149|0x0000000458000000, 0x0000000458800000, 0x0000000458800000|100%| E|CS|TAMS 0x0000000458000000, 0x0000000458000000| Complete 
| 150|0x0000000458800000, 0x0000000459000000, 0x0000000459000000|100%| E|CS|TAMS 0x0000000458800000, 0x0000000458800000| Complete 
| 151|0x0000000459000000, 0x0000000459800000, 0x0000000459800000|100%| E|CS|TAMS 0x0000000459000000, 0x0000000459000000| Complete 
| 152|0x0000000459800000, 0x000000045a000000, 0x000000045a000000|100%| E|CS|TAMS 0x0000000459800000, 0x0000000459800000| Complete 
| 153|0x000000045a000000, 0x000000045a800000, 0x000000045a800000|100%| E|CS|TAMS 0x000000045a000000, 0x000000045a000000| Complete 
| 154|0x000000045a800000, 0x000000045b000000, 0x000000045b000000|100%| E|CS|TAMS 0x000000045a800000, 0x000000045a800000| Complete 
| 155|0x000000045b000000, 0x000000045b800000, 0x000000045b800000|100%| E|CS|TAMS 0x000000045b000000, 0x000000045b000000| Complete 
| 156|0x000000045b800000, 0x000000045c000000, 0x000000045c000000|100%| E|CS|TAMS 0x000000045b800000, 0x000000045b800000| Complete 
| 157|0x000000045c000000, 0x000000045c800000, 0x000000045c800000|100%| E|CS|TAMS 0x000000045c000000, 0x000000045c000000| Complete 
| 158|0x000000045c800000, 0x000000045d000000, 0x000000045d000000|100%| E|CS|TAMS 0x000000045c800000, 0x000000045c800000| Complete 
| 159|0x000000045d000000, 0x000000045d800000, 0x000000045d800000|100%| E|CS|TAMS 0x000000045d000000, 0x000000045d000000| Complete 
| 160|0x000000045d800000, 0x000000045e000000, 0x000000045e000000|100%| E|CS|TAMS 0x000000045d800000, 0x000000045d800000| Complete 
| 161|0x000000045e000000, 0x000000045e800000, 0x000000045e800000|100%| E|CS|TAMS 0x000000045e000000, 0x000000045e000000| Complete 
| 162|0x000000045e800000, 0x000000045f000000, 0x000000045f000000|100%| E|CS|TAMS 0x000000045e800000, 0x000000045e800000| Complete 
| 163|0x000000045f000000, 0x000000045f800000, 0x000000045f800000|100%| E|CS|TAMS 0x000000045f000000, 0x000000045f000000| Complete 
| 164|0x000000045f800000, 0x0000000460000000, 0x0000000460000000|100%| E|CS|TAMS 0x000000045f800000, 0x000000045f800000| Complete 
| 165|0x0000000460000000, 0x0000000460800000, 0x0000000460800000|100%| E|CS|TAMS 0x0000000460000000, 0x0000000460000000| Complete 
| 166|0x0000000460800000, 0x0000000461000000, 0x0000000461000000|100%| E|CS|TAMS 0x0000000460800000, 0x0000000460800000| Complete 
| 167|0x0000000461000000, 0x0000000461800000, 0x0000000461800000|100%| E|CS|TAMS 0x0000000461000000, 0x0000000461000000| Complete 
| 168|0x0000000461800000, 0x0000000462000000, 0x0000000462000000|100%| E|CS|TAMS 0x0000000461800000, 0x0000000461800000| Complete 
| 169|0x0000000462000000, 0x0000000462800000, 0x0000000462800000|100%| E|CS|TAMS 0x0000000462000000, 0x0000000462000000| Complete 
| 170|0x0000000462800000, 0x0000000463000000, 0x0000000463000000|100%| E|CS|TAMS 0x0000000462800000, 0x0000000462800000| Complete 
| 171|0x0000000463000000, 0x0000000463800000, 0x0000000463800000|100%| E|CS|TAMS 0x0000000463000000, 0x0000000463000000| Complete 
| 172|0x0000000463800000, 0x0000000464000000, 0x0000000464000000|100%| E|CS|TAMS 0x0000000463800000, 0x0000000463800000| Complete 
| 173|0x0000000464000000, 0x0000000464800000, 0x0000000464800000|100%| E|CS|TAMS 0x0000000464000000, 0x0000000464000000| Complete 
| 174|0x0000000464800000, 0x0000000465000000, 0x0000000465000000|100%| E|CS|TAMS 0x0000000464800000, 0x0000000464800000| Complete 
| 175|0x0000000465000000, 0x0000000465800000, 0x0000000465800000|100%| E|CS|TAMS 0x0000000465000000, 0x0000000465000000| Complete 
| 176|0x0000000465800000, 0x0000000466000000, 0x0000000466000000|100%| E|CS|TAMS 0x0000000465800000, 0x0000000465800000| Complete 
| 177|0x0000000466000000, 0x0000000466800000, 0x0000000466800000|100%| E|CS|TAMS 0x0000000466000000, 0x0000000466000000| Complete 
| 178|0x0000000466800000, 0x0000000467000000, 0x0000000467000000|100%| E|CS|TAMS 0x0000000466800000, 0x0000000466800000| Complete 
| 179|0x0000000467000000, 0x0000000467800000, 0x0000000467800000|100%| E|CS|TAMS 0x0000000467000000, 0x0000000467000000| Complete 
| 180|0x0000000467800000, 0x0000000468000000, 0x0000000468000000|100%| E|CS|TAMS 0x0000000467800000, 0x0000000467800000| Complete 
| 181|0x0000000468000000, 0x0000000468800000, 0x0000000468800000|100%| E|CS|TAMS 0x0000000468000000, 0x0000000468000000| Complete 
| 182|0x0000000468800000, 0x0000000469000000, 0x0000000469000000|100%| E|CS|TAMS 0x0000000468800000, 0x0000000468800000| Complete 
| 183|0x0000000469000000, 0x0000000469800000, 0x0000000469800000|100%| E|CS|TAMS 0x0000000469000000, 0x0000000469000000| Complete 
| 184|0x0000000469800000, 0x000000046a000000, 0x000000046a000000|100%| E|CS|TAMS 0x0000000469800000, 0x0000000469800000| Complete 
| 185|0x000000046a000000, 0x000000046a800000, 0x000000046a800000|100%| E|CS|TAMS 0x000000046a000000, 0x000000046a000000| Complete 
| 186|0x000000046a800000, 0x000000046b000000, 0x000000046b000000|100%| E|CS|TAMS 0x000000046a800000, 0x000000046a800000| Complete 
| 187|0x000000046b000000, 0x000000046b800000, 0x000000046b800000|100%| E|CS|TAMS 0x000000046b000000, 0x000000046b000000| Complete 
| 188|0x000000046b800000, 0x000000046c000000, 0x000000046c000000|100%| E|CS|TAMS 0x000000046b800000, 0x000000046b800000| Complete 
| 189|0x000000046c000000, 0x000000046c800000, 0x000000046c800000|100%| E|CS|TAMS 0x000000046c000000, 0x000000046c000000| Complete 
| 190|0x000000046c800000, 0x000000046d000000, 0x000000046d000000|100%| E|CS|TAMS 0x000000046c800000, 0x000000046c800000| Complete 
| 191|0x000000046d000000, 0x000000046d800000, 0x000000046d800000|100%| E|CS|TAMS 0x000000046d000000, 0x000000046d000000| Complete 
| 192|0x000000046d800000, 0x000000046e000000, 0x000000046e000000|100%| E|CS|TAMS 0x000000046d800000, 0x000000046d800000| Complete 
| 193|0x000000046e000000, 0x000000046e800000, 0x000000046e800000|100%| E|CS|TAMS 0x000000046e000000, 0x000000046e000000| Complete 
| 194|0x000000046e800000, 0x000000046f000000, 0x000000046f000000|100%| E|CS|TAMS 0x000000046e800000, 0x000000046e800000| Complete 
| 195|0x000000046f000000, 0x000000046f800000, 0x000000046f800000|100%| E|CS|TAMS 0x000000046f000000, 0x000000046f000000| Complete 
| 196|0x000000046f800000, 0x0000000470000000, 0x0000000470000000|100%| E|CS|TAMS 0x000000046f800000, 0x000000046f800000| Complete 
| 197|0x0000000470000000, 0x0000000470800000, 0x0000000470800000|100%| E|CS|TAMS 0x0000000470000000, 0x0000000470000000| Complete 
| 198|0x0000000470800000, 0x0000000471000000, 0x0000000471000000|100%| E|CS|TAMS 0x0000000470800000, 0x0000000470800000| Complete 
| 199|0x0000000471000000, 0x0000000471800000, 0x0000000471800000|100%| E|CS|TAMS 0x0000000471000000, 0x0000000471000000| Complete 
| 200|0x0000000471800000, 0x0000000472000000, 0x0000000472000000|100%| E|CS|TAMS 0x0000000471800000, 0x0000000471800000| Complete 
| 201|0x0000000472000000, 0x0000000472800000, 0x0000000472800000|100%| E|CS|TAMS 0x0000000472000000, 0x0000000472000000| Complete 
| 202|0x0000000472800000, 0x0000000473000000, 0x0000000473000000|100%| E|CS|TAMS 0x0000000472800000, 0x0000000472800000| Complete 
| 203|0x0000000473000000, 0x0000000473800000, 0x0000000473800000|100%| E|CS|TAMS 0x0000000473000000, 0x0000000473000000| Complete 
| 204|0x0000000473800000, 0x0000000474000000, 0x0000000474000000|100%| E|CS|TAMS 0x0000000473800000, 0x0000000473800000| Complete 
| 205|0x0000000474000000, 0x0000000474800000, 0x0000000474800000|100%| E|CS|TAMS 0x0000000474000000, 0x0000000474000000| Complete 
| 206|0x0000000474800000, 0x0000000475000000, 0x0000000475000000|100%| E|CS|TAMS 0x0000000474800000, 0x0000000474800000| Complete 
| 207|0x0000000475000000, 0x0000000475800000, 0x0000000475800000|100%| E|CS|TAMS 0x0000000475000000, 0x0000000475000000| Complete 
| 208|0x0000000475800000, 0x0000000476000000, 0x0000000476000000|100%| E|CS|TAMS 0x0000000475800000, 0x0000000475800000| Complete 
| 209|0x0000000476000000, 0x0000000476800000, 0x0000000476800000|100%| E|CS|TAMS 0x0000000476000000, 0x0000000476000000| Complete 
| 210|0x0000000476800000, 0x0000000477000000, 0x0000000477000000|100%| E|CS|TAMS 0x0000000476800000, 0x0000000476800000| Complete 
| 211|0x0000000477000000, 0x0000000477800000, 0x0000000477800000|100%| E|CS|TAMS 0x0000000477000000, 0x0000000477000000| Complete 
| 212|0x0000000477800000, 0x0000000478000000, 0x0000000478000000|100%| E|CS|TAMS 0x0000000477800000, 0x0000000477800000| Complete 
| 213|0x0000000478000000, 0x0000000478800000, 0x0000000478800000|100%| E|CS|TAMS 0x0000000478000000, 0x0000000478000000| Complete 
| 214|0x0000000478800000, 0x0000000479000000, 0x0000000479000000|100%| E|CS|TAMS 0x0000000478800000, 0x0000000478800000| Complete 
| 215|0x0000000479000000, 0x0000000479800000, 0x0000000479800000|100%| E|CS|TAMS 0x0000000479000000, 0x0000000479000000| Complete 
| 216|0x0000000479800000, 0x000000047a000000, 0x000000047a000000|100%| E|CS|TAMS 0x0000000479800000, 0x0000000479800000| Complete 
| 217|0x000000047a000000, 0x000000047a800000, 0x000000047a800000|100%| E|CS|TAMS 0x000000047a000000, 0x000000047a000000| Complete 
| 218|0x000000047a800000, 0x000000047b000000, 0x000000047b000000|100%| E|CS|TAMS 0x000000047a800000, 0x000000047a800000| Complete 
| 219|0x000000047b000000, 0x000000047b800000, 0x000000047b800000|100%| E|CS|TAMS 0x000000047b000000, 0x000000047b000000| Complete 
| 220|0x000000047b800000, 0x000000047c000000, 0x000000047c000000|100%| E|CS|TAMS 0x000000047b800000, 0x000000047b800000| Complete 
| 221|0x000000047c000000, 0x000000047c800000, 0x000000047c800000|100%| E|CS|TAMS 0x000000047c000000, 0x000000047c000000| Complete 
| 222|0x000000047c800000, 0x000000047d000000, 0x000000047d000000|100%| E|CS|TAMS 0x000000047c800000, 0x000000047c800000| Complete 
| 223|0x000000047d000000, 0x000000047d800000, 0x000000047d800000|100%| E|CS|TAMS 0x000000047d000000, 0x000000047d000000| Complete 
|2016|0x00000007fd800000, 0x00000007fe000000, 0x00000007fe000000|100%| O|  |TAMS 0x00000007fd800000, 0x00000007fd800000| Untracked 
|2017|0x00000007fe000000, 0x00000007fe800000, 0x00000007fe800000|100%| O|  |TAMS 0x00000007fe000000, 0x00000007fe000000| Untracked 
|2018|0x00000007fe800000, 0x00000007ff000000, 0x00000007ff000000|100%| O|  |TAMS 0x00000007fe800000, 0x00000007fe800000| Untracked 
|2019|0x00000007ff000000, 0x00000007ff800000, 0x00000007ff800000|100%| O|  |TAMS 0x00000007ff000000, 0x00000007ff000000| Untracked 
|2020|0x00000007ff800000, 0x0000000800000000, 0x0000000800000000|100%| O|  |TAMS 0x00000007ff800000, 0x00000007ff800000| Untracked 

Card table byte_map: [0x00000187111a0000,0x0000018713140000] _byte_map_base: 0x000001870f134000

Marking Bits (Prev, Next): (CMBitMap*) 0x0000018777100d90, (CMBitMap*) 0x0000018777100d50
 Prev Bits: [0x0000018724d80000, 0x0000018734a20000)
 Next Bits: [0x00000187150e0000, 0x0000018724d80000)

Polling page: 0x0000018774080000

Metaspace:

Usage:
  Non-class:    110.33 MB used.
      Class:     20.30 MB used.
       Both:    130.63 MB used.

Virtual space:
  Non-class space:      128.00 MB reserved,     111.31 MB ( 87%) committed,  2 nodes.
      Class space:        1.00 GB reserved,      21.06 MB (  2%) committed,  1 nodes.
             Both:        1.12 GB reserved,     132.38 MB ( 11%) committed. 

Chunk freelists:
   Non-Class:  256.00 KB
       Class:  10.82 MB
        Both:  11.07 MB

MaxMetaspaceSize: unlimited
CompressedClassSpaceSize: 1.00 GB
Initial GC threshold: 21.00 MB
Current GC threshold: 219.06 MB
CDS: on
MetaspaceReclaimPolicy: balanced
 - commit_granule_bytes: 65536.
 - commit_granule_words: 8192.
 - virtual_space_node_default_size: 8388608.
 - enlarge_chunks_in_place: 1.
 - new_chunks_are_fully_committed: 0.
 - uncommit_free_chunks: 1.
 - use_allocation_guard: 0.
 - handle_deallocations: 1.


Internal statistics:

num_allocs_failed_limit: 12.
num_arena_births: 2888.
num_arena_deaths: 14.
num_vsnodes_births: 3.
num_vsnodes_deaths: 0.
num_space_committed: 2113.
num_space_uncommitted: 0.
num_chunks_returned_to_freelist: 33.
num_chunks_taken_from_freelist: 8683.
num_chunk_merges: 21.
num_chunk_splits: 5575.
num_chunks_enlarged: 3521.
num_inconsistent_stats: 0.

CodeHeap 'non-profiled nmethods': size=118848Kb used=18559Kb max_used=18559Kb free=100288Kb
 bounds [0x0000018707bf0000, 0x0000018708e10000, 0x000001870f000000]
CodeHeap 'profiled nmethods': size=118848Kb used=27994Kb max_used=27994Kb free=90853Kb
 bounds [0x0000018700000000, 0x0000018701b60000, 0x0000018707410000]
CodeHeap 'non-nmethods': size=8064Kb used=4660Kb max_used=4745Kb free=3403Kb
 bounds [0x0000018707410000, 0x00000187078c0000, 0x0000018707bf0000]
 total_blobs=19256 nmethods=17218 adapters=1945
 compilation: enabled
              stopped_count=0, restarted_count=0
 full_count=0

Compilation events (20 events):
Event: 1949.966 Thread 0x00000187cb905e90 24016       3       net.minecraft.world.level.chunk.ChunkAccess::getHighestSectionPosition (26 bytes)
Event: 1949.966 Thread 0x000001873849f020 24017       3       net.minecraft.world.level.LevelHeightAccessor::getSectionYFromSectionIndex (9 bytes)
Event: 1949.966 Thread 0x00000187386158f0 24018       3       java.util.stream.Sink$ChainedLong::<init> (16 bytes)
Event: 1949.966 Thread 0x00000187c969fb10 24019       3       java.util.stream.Sink$ChainedLong::end (10 bytes)
Event: 1949.967 Thread 0x000001873849f020 nmethod 24017 0x00000187016dfa10 code [0x00000187016dfbc0, 0x00000187016dfd88]
Event: 1949.967 Thread 0x00000187c969fb10 nmethod 24019 0x0000018701b51410 code [0x0000018701b515c0, 0x0000018701b517a8]
Event: 1949.967 Thread 0x00000187cb905e90 nmethod 24016 0x0000018701b51890 code [0x0000018701b51a80, 0x0000018701b522a8]
Event: 1949.967 Thread 0x00000187386158f0 nmethod 24018 0x0000018701b52510 code [0x0000018701b526e0, 0x0000018701b52b28]
Event: 1949.968 Thread 0x00000187d70256d0 nmethod 23834 0x0000018708e0dc10 code [0x0000018708e0de00, 0x0000018708e0ed28]
Event: 1949.968 Thread 0x00000187cb905e90 24020       3       it.unimi.dsi.fastutil.objects.ObjectArrayList$1::back (79 bytes)
Event: 1949.968 Thread 0x00000187cb905e90 nmethod 24020 0x0000018701b52c90 code [0x0000018701b52e80, 0x0000018701b531e8]
Event: 1949.969 Thread 0x00000187386158f0 24021       3       net.minecraft.core.SectionPos::of (20 bytes)
Event: 1949.969 Thread 0x00000187cb905e90 24022       3       net.minecraft.world.level.chunk.storage.SectionStorage::readColumn (38 bytes)
Event: 1949.969 Thread 0x00000187386158f0 nmethod 24021 0x0000018701b53390 code [0x0000018701b53560, 0x0000018701b53918]
Event: 1949.970 Thread 0x00000187d70256d0 24015       4       net.minecraft.world.level.chunk.LinearPalette::<init> (131 bytes)
Event: 1949.971 Thread 0x00000187c8dcd320 nmethod 23926 0x0000018708e0f590 code [0x0000018708e0f760, 0x0000018708e0fb58]
Event: 1949.972 Thread 0x00000187cb905e90 nmethod 24022 0x0000018701b53b10 code [0x0000018701b53ee0, 0x0000018701b55e48]
Event: 1949.972 Thread 0x00000187c8dcd320 23877       4       net.minecraft.world.level.chunk.PalettedContainer::createOrReuseData (49 bytes)
Event: 1949.974 Thread 0x00000187c969f5c0 24023       3       net.minecraft.world.level.lighting.LevelLightEngine::runLightUpdates (38 bytes)
Event: 1949.975 Thread 0x00000187c969f5c0 nmethod 24023 0x0000018701b56890 code [0x0000018701b56a40, 0x0000018701b56d58]

GC Heap History (20 events):
Event: 738.304 GC heap after
{Heap after GC invocations=55 (full 0):
 garbage-first heap   total 1835008K, used 546455K [0x000000040d800000, 0x0000000800000000)
  region size 8192K, 1 young (8192K), 1 survivors (8192K)
 Metaspace       used 118586K, committed 120192K, reserved 1179648K
  class space    used 18388K, committed 19072K, reserved 1048576K
}
Event: 944.385 GC heap before
{Heap before GC invocations=55 (full 0):
 garbage-first heap   total 1835008K, used 1545879K [0x000000040d800000, 0x0000000800000000)
  region size 8192K, 123 young (1007616K), 1 survivors (8192K)
 Metaspace       used 118586K, committed 120192K, reserved 1179648K
  class space    used 18388K, committed 19072K, reserved 1048576K
}
Event: 944.386 GC heap after
{Heap after GC invocations=56 (full 0):
 garbage-first heap   total 1835008K, used 546479K [0x000000040d800000, 0x0000000800000000)
  region size 8192K, 1 young (8192K), 1 survivors (8192K)
 Metaspace       used 118586K, committed 120192K, reserved 1179648K
  class space    used 18388K, committed 19072K, reserved 1048576K
}
Event: 1153.111 GC heap before
{Heap before GC invocations=57 (full 0):
 garbage-first heap   total 1835008K, used 1562287K [0x000000040d800000, 0x0000000800000000)
  region size 8192K, 125 young (1024000K), 1 survivors (8192K)
 Metaspace       used 118591K, committed 120192K, reserved 1179648K
  class space    used 18388K, committed 19072K, reserved 1048576K
}
Event: 1153.112 GC heap after
{Heap after GC invocations=58 (full 0):
 garbage-first heap   total 1835008K, used 546481K [0x000000040d800000, 0x0000000800000000)
  region size 8192K, 1 young (8192K), 1 survivors (8192K)
 Metaspace       used 118591K, committed 120192K, reserved 1179648K
  class space    used 18388K, committed 19072K, reserved 1048576K
}
Event: 1170.058 GC heap before
{Heap before GC invocations=58 (full 0):
 garbage-first heap   total 1835008K, used 628401K [0x000000040d800000, 0x0000000800000000)
  region size 8192K, 11 young (90112K), 1 survivors (8192K)
 Metaspace       used 118591K, committed 120192K, reserved 1179648K
  class space    used 18388K, committed 19072K, reserved 1048576K
}
Event: 1170.060 GC heap after
{Heap after GC invocations=59 (full 0):
 garbage-first heap   total 1835008K, used 544572K [0x000000040d800000, 0x0000000800000000)
  region size 8192K, 1 young (8192K), 1 survivors (8192K)
 Metaspace       used 118591K, committed 120192K, reserved 1179648K
  class space    used 18388K, committed 19072K, reserved 1048576K
}
Event: 1383.475 GC heap before
{Heap before GC invocations=59 (full 0):
 garbage-first heap   total 1835008K, used 1576764K [0x000000040d800000, 0x0000000800000000)
  region size 8192K, 127 young (1040384K), 1 survivors (8192K)
 Metaspace       used 118591K, committed 120192K, reserved 1179648K
  class space    used 18388K, committed 19072K, reserved 1048576K
}
Event: 1383.476 GC heap after
{Heap after GC invocations=60 (full 0):
 garbage-first heap   total 1835008K, used 544594K [0x000000040d800000, 0x0000000800000000)
  region size 8192K, 1 young (8192K), 1 survivors (8192K)
 Metaspace       used 118591K, committed 120192K, reserved 1179648K
  class space    used 18388K, committed 19072K, reserved 1048576K
}
Event: 1598.431 GC heap before
{Heap before GC invocations=61 (full 0):
 garbage-first heap   total 1835008K, used 1584978K [0x000000040d800000, 0x0000000800000000)
  region size 8192K, 128 young (1048576K), 1 survivors (8192K)
 Metaspace       used 118591K, committed 120192K, reserved 1179648K
  class space    used 18388K, committed 19072K, reserved 1048576K
}
Event: 1598.432 GC heap after
{Heap after GC invocations=62 (full 0):
 garbage-first heap   total 1835008K, used 544591K [0x000000040d800000, 0x0000000800000000)
  region size 8192K, 1 young (8192K), 1 survivors (8192K)
 Metaspace       used 118591K, committed 120192K, reserved 1179648K
  class space    used 18388K, committed 19072K, reserved 1048576K
}
Event: 1615.381 GC heap before
{Heap before GC invocations=62 (full 0):
 garbage-first heap   total 1835008K, used 626511K [0x000000040d800000, 0x0000000800000000)
  region size 8192K, 11 young (90112K), 1 survivors (8192K)
 Metaspace       used 118591K, committed 120192K, reserved 1179648K
  class space    used 18388K, committed 19072K, reserved 1048576K
}
Event: 1615.383 GC heap after
{Heap after GC invocations=63 (full 0):
 garbage-first heap   total 1835008K, used 542715K [0x000000040d800000, 0x0000000800000000)
  region size 8192K, 1 young (8192K), 1 survivors (8192K)
 Metaspace       used 118591K, committed 120192K, reserved 1179648K
  class space    used 18388K, committed 19072K, reserved 1048576K
}
Event: 1833.710 GC heap before
{Heap before GC invocations=63 (full 0):
 garbage-first heap   total 1835008K, used 1599483K [0x000000040d800000, 0x0000000800000000)
  region size 8192K, 130 young (1064960K), 1 survivors (8192K)
 Metaspace       used 118597K, committed 120192K, reserved 1179648K
  class space    used 18388K, committed 19072K, reserved 1048576K
}
Event: 1833.711 GC heap after
{Heap after GC invocations=64 (full 0):
 garbage-first heap   total 1835008K, used 542735K [0x000000040d800000, 0x0000000800000000)
  region size 8192K, 1 young (8192K), 1 survivors (8192K)
 Metaspace       used 118597K, committed 120192K, reserved 1179648K
  class space    used 18388K, committed 19072K, reserved 1048576K
}
Event: 1946.027 GC heap before
{Heap before GC invocations=65 (full 0):
 garbage-first heap   total 1835008K, used 1599503K [0x000000040d800000, 0x0000000800000000)
  region size 8192K, 130 young (1064960K), 1 survivors (8192K)
 Metaspace       used 122331K, committed 123968K, reserved 1179648K
  class space    used 19054K, committed 19840K, reserved 1048576K
}
Event: 1946.033 GC heap after
{Heap after GC invocations=66 (full 0):
 garbage-first heap   total 1835008K, used 561674K [0x000000040d800000, 0x0000000800000000)
  region size 8192K, 3 young (24576K), 3 survivors (24576K)
 Metaspace       used 122331K, committed 123968K, reserved 1179648K
  class space    used 19054K, committed 19840K, reserved 1048576K
}
Event: 1949.240 GC heap before
{Heap before GC invocations=66 (full 0):
 garbage-first heap   total 1835008K, used 1593866K [0x000000040d800000, 0x0000000800000000)
  region size 8192K, 129 young (1056768K), 3 survivors (24576K)
 Metaspace       used 132717K, committed 134528K, reserved 1179648K
  class space    used 20669K, committed 21504K, reserved 1048576K
}
Event: 1949.258 GC heap after
{Heap after GC invocations=67 (full 0):
 garbage-first heap   total 1835008K, used 634354K [0x000000040d800000, 0x0000000800000000)
  region size 8192K, 12 young (98304K), 12 survivors (98304K)
 Metaspace       used 132717K, committed 134528K, reserved 1179648K
  class space    used 20669K, committed 21504K, reserved 1048576K
}
Event: 1949.975 GC heap before
{Heap before GC invocations=68 (full 0):
 garbage-first heap   total 1835008K, used 1519090K [0x000000040d800000, 0x0000000800000000)
  region size 8192K, 120 young (983040K), 12 survivors (98304K)
 Metaspace       used 133765K, committed 135552K, reserved 1179648K
  class space    used 20785K, committed 21568K, reserved 1048576K
}

Dll operation events (15 events):
Event: 0.008 Loaded shared library C:\Users\paulm\.jdks\temurin-17.0.14\bin\java.dll
Event: 0.017 Loaded shared library C:\Users\paulm\.jdks\temurin-17.0.14\bin\jsvml.dll
Event: 0.133 Loaded shared library C:\Users\paulm\.jdks\temurin-17.0.14\bin\net.dll
Event: 0.134 Loaded shared library C:\Users\paulm\.jdks\temurin-17.0.14\bin\nio.dll
Event: 0.136 Loaded shared library C:\Users\paulm\.jdks\temurin-17.0.14\bin\zip.dll
Event: 0.169 Loaded shared library C:\Users\paulm\.jdks\temurin-17.0.14\bin\jimage.dll
Event: 0.390 Loaded shared library C:\Users\paulm\.jdks\temurin-17.0.14\bin\verify.dll
Event: 1.723 Loaded shared library C:\Users\paulm\.jdks\temurin-17.0.14\bin\management.dll
Event: 1.731 Loaded shared library C:\Users\paulm\.jdks\temurin-17.0.14\bin\management_ext.dll
Event: 2.229 Loaded shared library C:\Users\paulm\AppData\Local\Temp\lwjglpaulm\3.3.1-build-7\lwjgl.dll
Event: 2.601 Loaded shared library C:\Users\paulm\AppData\Local\Temp\lwjglpaulm\3.3.1-build-7\lwjgl_opengl.dll
Event: 2.675 Loaded shared library C:\Users\paulm\AppData\Local\Temp\lwjglpaulm\3.3.1-build-7\lwjgl_stb.dll
Event: 7.331 Loaded shared library C:\Users\paulm\AppData\Local\Temp\jna-106439973\jna13152993887648498034.dll
Event: 12.233 Loaded shared library C:\Users\paulm\.jdks\temurin-17.0.14\bin\sunmscapi.dll
Event: 12.304 Loaded shared library C:\Users\paulm\.jdks\temurin-17.0.14\bin\extnet.dll

Deoptimization events (20 events):
Event: 1949.959 Thread 0x00000187c63fceb0 DEOPT PACKING pc=0x0000018701b1a505 sp=0x0000002120bfef70
Event: 1949.959 Thread 0x00000187c63fceb0 DEOPT UNPACKING pc=0x000001870746ace3 sp=0x0000002120bfe4b0 mode 0
Event: 1949.961 Thread 0x00000187c63fceb0 DEOPT PACKING pc=0x0000018701b1a505 sp=0x0000002120bfef70
Event: 1949.961 Thread 0x00000187c63fceb0 DEOPT UNPACKING pc=0x000001870746ace3 sp=0x0000002120bfe4b0 mode 0
Event: 1949.962 Thread 0x00000187d68186a0 DEOPT PACKING pc=0x0000018701b1a505 sp=0x000000211c6fef90
Event: 1949.962 Thread 0x00000187d68186a0 DEOPT UNPACKING pc=0x000001870746ace3 sp=0x000000211c6fe4d0 mode 0
Event: 1949.964 Thread 0x00000187c63fceb0 DEOPT PACKING pc=0x0000018701b1a505 sp=0x0000002120bfef70
Event: 1949.964 Thread 0x00000187c63fceb0 DEOPT UNPACKING pc=0x000001870746ace3 sp=0x0000002120bfe4b0 mode 0
Event: 1949.966 Thread 0x00000187c64fe6f0 DEOPT PACKING pc=0x0000018701b1a505 sp=0x00000021213ff240
Event: 1949.966 Thread 0x00000187c64fe6f0 DEOPT UNPACKING pc=0x000001870746ace3 sp=0x00000021213fe780 mode 0
Event: 1949.968 Thread 0x00000187d68186a0 DEOPT PACKING pc=0x0000018701b1a505 sp=0x000000211c6fef90
Event: 1949.968 Thread 0x00000187d68186a0 DEOPT UNPACKING pc=0x000001870746ace3 sp=0x000000211c6fe4d0 mode 0
Event: 1949.970 Thread 0x00000187c7c36cd0 DEOPT PACKING pc=0x0000018701b1a505 sp=0x00000021216feb10
Event: 1949.970 Thread 0x00000187c7c36cd0 DEOPT UNPACKING pc=0x000001870746ace3 sp=0x00000021216fe050 mode 0
Event: 1949.971 Thread 0x00000187d68186a0 DEOPT PACKING pc=0x0000018701b1a505 sp=0x000000211c6fef90
Event: 1949.971 Thread 0x00000187d68186a0 DEOPT UNPACKING pc=0x000001870746ace3 sp=0x000000211c6fe4d0 mode 0
Event: 1949.973 Thread 0x00000187c64fe6f0 DEOPT PACKING pc=0x0000018701b1a505 sp=0x00000021213ff240
Event: 1949.973 Thread 0x00000187c64fe6f0 DEOPT UNPACKING pc=0x000001870746ace3 sp=0x00000021213fe780 mode 0
Event: 1949.975 Thread 0x00000187c64fe6f0 DEOPT PACKING pc=0x0000018701b1a505 sp=0x00000021213ff240
Event: 1949.975 Thread 0x00000187c64fe6f0 DEOPT UNPACKING pc=0x000001870746ace3 sp=0x00000021213fe780 mode 0

Classes loaded (20 events):
Event: 1948.175 Loading class java/util/stream/Node$Builder$OfLong done
Event: 1948.175 Loading class java/util/stream/Nodes$LongArrayNode
Event: 1948.175 Loading class java/util/stream/Nodes$LongArrayNode done
Event: 1948.175 Loading class java/util/stream/Nodes$LongFixedNodeBuilder done
Event: 1948.186 Loading class java/util/stream/SliceOps$3$1
Event: 1948.187 Loading class java/util/stream/Sink$ChainedLong
Event: 1948.187 Loading class java/util/stream/Sink$ChainedLong done
Event: 1948.187 Loading class java/util/stream/SliceOps$3$1 done
Event: 1949.017 Loading class java/util/concurrent/ConcurrentHashMap$KeySpliterator
Event: 1949.017 Loading class java/util/concurrent/ConcurrentHashMap$KeySpliterator done
Event: 1949.186 Loading class java/nio/DirectIntBufferS
Event: 1949.186 Loading class java/nio/DirectIntBufferS done
Event: 1949.586 Loading class java/util/stream/LongPipeline$9
Event: 1949.586 Loading class java/util/stream/LongPipeline$9 done
Event: 1949.586 Loading class java/util/stream/Nodes$LongSpinedNodeBuilder
Event: 1949.586 Loading class java/util/stream/SpinedBuffer$OfLong
Event: 1949.586 Loading class java/util/stream/SpinedBuffer$OfLong done
Event: 1949.586 Loading class java/util/stream/Nodes$LongSpinedNodeBuilder done
Event: 1949.588 Loading class java/util/stream/LongPipeline$9$1
Event: 1949.588 Loading class java/util/stream/LongPipeline$9$1 done

Classes unloaded (7 events):
Event: 15.909 Thread 0x0000018738474540 Unloading class 0x0000018782161c00 'java/lang/invoke/LambdaForm$DMH+0x0000018782161c00'
Event: 15.909 Thread 0x0000018738474540 Unloading class 0x0000018782161800 'java/lang/invoke/LambdaForm$DMH+0x0000018782161800'
Event: 15.909 Thread 0x0000018738474540 Unloading class 0x0000018782161400 'java/lang/invoke/LambdaForm$DMH+0x0000018782161400'
Event: 15.909 Thread 0x0000018738474540 Unloading class 0x0000018782161000 'java/lang/invoke/LambdaForm$DMH+0x0000018782161000'
Event: 15.909 Thread 0x0000018738474540 Unloading class 0x0000018782160400 'java/lang/invoke/LambdaForm$DMH+0x0000018782160400'
Event: 15.909 Thread 0x0000018738474540 Unloading class 0x0000018782160c00 'java/lang/invoke/LambdaForm$DMH+0x0000018782160c00'
Event: 15.909 Thread 0x0000018738474540 Unloading class 0x0000018782160800 'java/lang/invoke/LambdaForm$DMH+0x0000018782160800'

Classes redefined (0 events):
No events

Internal exceptions (20 events):
Event: 1949.140 Thread 0x00000187c5b6fae0 Exception <a 'java/lang/NoSuchMethodError'{0x000000044436a388}: 'java.lang.Object java.lang.invoke.DirectMethodHandle$Holder.invokeSpecial(java.lang.Object, java.lang.Object, double, double, double, double)'> (0x000000044436a388) 
thrown [s\src\hotspot\share\interpreter\linkResolver.cpp, line 759]
Event: 1949.166 Thread 0x00000187c63fceb0 Exception <a 'java/lang/NoSuchMethodError'{0x000000044a797bc8}: 'java.lang.Object java.lang.invoke.DirectMethodHandle$Holder.newInvokeSpecial(java.lang.Object, int, java.lang.Object, int)'> (0x000000044a797bc8) 
thrown [s\src\hotspot\share\interpreter\linkResolver.cpp, line 759]
Event: 1949.169 Thread 0x00000187d671bca0 Exception <a 'sun/nio/fs/WindowsException'{0x0000000443802010}> (0x0000000443802010) 
thrown [s\src\hotspot\share\prims\jni.cpp, line 516]
Event: 1949.177 Thread 0x00000187c5b6fae0 Exception <a 'java/lang/NoSuchMethodError'{0x000000044473e8f0}: 'java.lang.Object java.lang.invoke.DirectMethodHandle$Holder.invokeSpecial(java.lang.Object, java.lang.Object, int, int, int, java.lang.Object)'> (0x000000044473e8f0) 
thrown [s\src\hotspot\share\interpreter\linkResolver.cpp, line 759]
Event: 1949.180 Thread 0x00000187c5b6fae0 Exception <a 'java/lang/NoSuchMethodError'{0x0000000444749370}: 'java.lang.Object java.lang.invoke.Invokers$Holder.linkToTargetMethod(java.lang.Object, int, int, int, java.lang.Object)'> (0x0000000444749370) 
thrown [s\src\hotspot\share\interpreter\linkResolver.cpp, line 759]
Event: 1949.195 Thread 0x00000187d671bca0 Exception <a 'sun/nio/fs/WindowsException'{0x00000004436be870}> (0x00000004436be870) 
thrown [s\src\hotspot\share\prims\jni.cpp, line 516]
Event: 1949.240 Thread 0x00000187c96a1020 Exception <a 'sun/nio/fs/WindowsException'{0x000000043f7c5200}> (0x000000043f7c5200) 
thrown [s\src\hotspot\share\prims\jni.cpp, line 516]
Event: 1949.263 Thread 0x00000187d671bca0 Exception <a 'sun/nio/fs/WindowsException'{0x000000047cc4d540}> (0x000000047cc4d540) 
thrown [s\src\hotspot\share\prims\jni.cpp, line 516]
Event: 1949.530 Thread 0x00000187c5b6fae0 Exception <a 'java/lang/NoSuchMethodError'{0x000000045821d700}: 'java.lang.Object java.lang.invoke.DirectMethodHandle$Holder.invokeStatic(java.lang.Object, int, java.lang.Object, java.lang.Object, java.lang.Object)'> (0x000000045821d700) 
thrown [s\src\hotspot\share\interpreter\linkResolver.cpp, line 759]
Event: 1949.530 Thread 0x00000187c5b6fae0 Exception <a 'java/lang/NoSuchMethodError'{0x0000000458221268}: 'java.lang.Object java.lang.invoke.DirectMethodHandle$Holder.invokeStaticInit(java.lang.Object, int, java.lang.Object, java.lang.Object, java.lang.Object)'> (0x0000000458221268) 
thrown [s\src\hotspot\share\interpreter\linkResolver.cpp, line 759]
Event: 1949.566 Thread 0x00000187c96a1020 Exception <a 'sun/nio/fs/WindowsException'{0x00000004559400e0}> (0x00000004559400e0) 
thrown [s\src\hotspot\share\prims\jni.cpp, line 516]
Event: 1949.574 Thread 0x00000187c5e0b110 Exception <a 'java/lang/IncompatibleClassChangeError'{0x00000004593b0f30}: Found class java.lang.Object, but interface was expected> (0x00000004593b0f30) 
thrown [s\src\hotspot\share\interpreter\linkResolver.cpp, line 826]
Event: 1949.636 Thread 0x00000187d671bca0 Exception <a 'sun/nio/fs/WindowsException'{0x000000045225f410}> (0x000000045225f410) 
thrown [s\src\hotspot\share\prims\jni.cpp, line 516]
Event: 1949.724 Thread 0x00000187c5b6fae0 Exception <a 'java/lang/NoSuchMethodError'{0x000000044ea43080}: 'java.lang.Object java.lang.invoke.DirectMethodHandle$Holder.newInvokeSpecial(java.lang.Object, java.lang.Object, long, int)'> (0x000000044ea43080) 
thrown [s\src\hotspot\share\interpreter\linkResolver.cpp, line 759]
Event: 1949.724 Thread 0x00000187c5b6fae0 Exception <a 'java/lang/NoSuchMethodError'{0x000000044ea47100}: 'java.lang.Object java.lang.invoke.DirectMethodHandle$Holder.invokeSpecial(java.lang.Object, java.lang.Object, java.lang.Object, long, int)'> (0x000000044ea47100) 
thrown [s\src\hotspot\share\interpreter\linkResolver.cpp, line 759]
Event: 1949.724 Thread 0x00000187c5b6fae0 Exception <a 'java/lang/NoSuchMethodError'{0x000000044ea4abc8}: 'java.lang.Object java.lang.invoke.Invokers$Holder.linkToTargetMethod(java.lang.Object, long, int, java.lang.Object)'> (0x000000044ea4abc8) 
thrown [s\src\hotspot\share\interpreter\linkResolver.cpp, line 759]
Event: 1949.789 Thread 0x00000187c74d5a00 Implicit null exception at 0x0000018708decb47 to 0x0000018708ded368
Event: 1949.821 Thread 0x00000187f9940080 Implicit null exception at 0x00000187081f23ba to 0x00000187081f2820
Event: 1949.897 Thread 0x00000187c5e0a540 Exception <a 'sun/nio/fs/WindowsException'{0x000000044f0a48d0}> (0x000000044f0a48d0) 
thrown [s\src\hotspot\share\prims\jni.cpp, line 516]
Event: 1949.908 Thread 0x00000187d671bca0 Exception <a 'sun/nio/fs/WindowsException'{0x000000044ea5d748}> (0x000000044ea5d748) 
thrown [s\src\hotspot\share\prims\jni.cpp, line 516]

VM Operations (20 events):
Event: 1949.055 Executing VM operation: ICBufferFull done
Event: 1949.240 Executing VM operation: G1CollectForAllocation
Event: 1949.258 Executing VM operation: G1CollectForAllocation done
Event: 1949.360 Executing VM operation: G1PauseRemark
Event: 1949.366 Executing VM operation: G1PauseRemark done
Event: 1949.414 Executing VM operation: G1PauseCleanup
Event: 1949.414 Executing VM operation: G1PauseCleanup done
Event: 1949.544 Executing VM operation: HandshakeAllThreads
Event: 1949.544 Executing VM operation: HandshakeAllThreads done
Event: 1949.588 Executing VM operation: HandshakeAllThreads
Event: 1949.588 Executing VM operation: HandshakeAllThreads done
Event: 1949.595 Executing VM operation: HandshakeAllThreads
Event: 1949.595 Executing VM operation: HandshakeAllThreads done
Event: 1949.599 Executing VM operation: HandshakeAllThreads
Event: 1949.599 Executing VM operation: HandshakeAllThreads done
Event: 1949.694 Executing VM operation: HandshakeAllThreads
Event: 1949.694 Executing VM operation: HandshakeAllThreads done
Event: 1949.759 Executing VM operation: ICBufferFull
Event: 1949.762 Executing VM operation: ICBufferFull done
Event: 1949.975 Executing VM operation: G1CollectForAllocation

Memory protections (0 events):
No events

Nmethod flushes (20 events):
Event: 1949.757 Thread 0x000001873849fa20 flushing  nmethod 0x00000187018e1c90
Event: 1949.757 Thread 0x000001873849fa20 flushing  nmethod 0x00000187018e2b90
Event: 1949.757 Thread 0x000001873849fa20 flushing  nmethod 0x00000187018e3090
Event: 1949.757 Thread 0x000001873849fa20 flushing  nmethod 0x00000187018e5410
Event: 1949.757 Thread 0x000001873849fa20 flushing  nmethod 0x00000187018e5790
Event: 1949.757 Thread 0x000001873849fa20 flushing  nmethod 0x00000187018e5d90
Event: 1949.757 Thread 0x000001873849fa20 flushing  nmethod 0x00000187018e6310
Event: 1949.757 Thread 0x000001873849fa20 flushing  nmethod 0x00000187018e6a10
Event: 1949.757 Thread 0x000001873849fa20 flushing  nmethod 0x00000187018e7290
Event: 1949.757 Thread 0x000001873849fa20 flushing  nmethod 0x00000187018e7e10
Event: 1949.757 Thread 0x000001873849fa20 flushing  nmethod 0x00000187018e8610
Event: 1949.757 Thread 0x000001873849fa20 flushing  nmethod 0x00000187018eb990
Event: 1949.757 Thread 0x000001873849fa20 flushing  nmethod 0x00000187018ec710
Event: 1949.757 Thread 0x000001873849fa20 flushing  nmethod 0x00000187018fd210
Event: 1949.757 Thread 0x000001873849fa20 flushing  nmethod 0x00000187018fd590
Event: 1949.757 Thread 0x000001873849fa20 flushing  nmethod 0x00000187018fda10
Event: 1949.757 Thread 0x000001873849fa20 flushing  nmethod 0x00000187018fe210
Event: 1949.757 Thread 0x000001873849fa20 flushing  nmethod 0x0000018701900890
Event: 1949.757 Thread 0x000001873849fa20 flushing  nmethod 0x0000018701901510
Event: 1949.757 Thread 0x000001873849fa20 flushing osr nmethod 0x0000018701908510

Events (20 events):
Event: 1946.225 Thread 0x00000187d586fb90 Thread added: 0x00000187d794c520
Event: 1946.226 Thread 0x00000187d794c520 Thread added: 0x00000187c7c371e0
Event: 1946.226 Thread 0x00000187c7c371e0 Thread added: 0x00000187c5dea820
Event: 1947.207 Thread 0x00000187c8dd0d90 Thread exited: 0x00000187c8dd0d90
Event: 1947.208 Thread 0x00000187c854e3c0 Thread exited: 0x00000187c854e3c0
Event: 1947.212 Thread 0x00000187d794ca30 Thread exited: 0x00000187d794ca30
Event: 1947.220 Thread 0x00000187d66a6760 Thread exited: 0x00000187d66a6760
Event: 1947.220 Thread 0x000001877708db60 Thread added: 0x00000187c5b6fff0
Event: 1947.335 Thread 0x000001877708db60 Thread added: 0x00000187c5b6fae0
Event: 1947.404 Thread 0x00000187c5b6fae0 Thread added: 0x00000187d9c871d0
Event: 1947.647 Thread 0x00000187c5dea820 Thread added: 0x00000187c64fe6f0
Event: 1947.648 Thread 0x00000187c64fe6f0 Thread added: 0x00000187c74d5a00
Event: 1947.648 Thread 0x00000187c74d5a00 Thread added: 0x00000187c96a0b10
Event: 1947.649 Thread 0x00000187c96a0b10 Thread added: 0x00000187c5e0b110
Event: 1947.650 Thread 0x00000187c5e0b110 Thread added: 0x00000187c8a39f30
Event: 1947.993 Thread 0x00000187c969fb10 Thread added: 0x00000187d70256d0
Event: 1948.025 Thread 0x00000187c969fb10 Thread added: 0x00000187d7025c20
Event: 1949.190 Thread 0x00000187d671bca0 Thread added: 0x00000187c96a1020
Event: 1949.382 Thread 0x00000187c96a1020 Thread added: 0x00000187c5e0a540
Event: 1949.697 Thread 0x00000187c5e0a540 Thread added: 0x00000187c7dcea80


Dynamic libraries:
0x00007ff63fc50000 - 0x00007ff63fc5e000 	C:\Users\paulm\.jdks\temurin-17.0.14\bin\java.exe
0x00007ffe1a080000 - 0x00007ffe1a2e6000 	C:\WINDOWS\SYSTEM32\ntdll.dll
0x00007ffe19410000 - 0x00007ffe194d9000 	C:\WINDOWS\System32\KERNEL32.DLL
0x00007ffe17210000 - 0x00007ffe175dc000 	C:\WINDOWS\System32\KERNELBASE.dll
0x00007ffdbb020000 - 0x00007ffdbb0fb000 	C:\Program Files\Bitdefender\Bitdefender Security\bdhkm\dlls_267844236627677748\bdhkm64.dll
0x00007ffdbae50000 - 0x00007ffdbb014000 	C:\Program Files\Bitdefender\Bitdefender Security\atcuf\dlls_267844236606778053\atcuf64.dll
0x00007ffe176c0000 - 0x00007ffe1780b000 	C:\WINDOWS\System32\ucrtbase.dll
0x00007ffdd3c90000 - 0x00007ffdd3ca7000 	C:\Users\paulm\.jdks\temurin-17.0.14\bin\jli.dll
0x00007ffe194e0000 - 0x00007ffe196aa000 	C:\WINDOWS\System32\USER32.dll
0x00007ffe17690000 - 0x00007ffe176b7000 	C:\WINDOWS\System32\win32u.dll
0x00007ffe19ff0000 - 0x00007ffe1a01b000 	C:\WINDOWS\System32\GDI32.dll
0x00007ffe17d00000 - 0x00007ffe17e32000 	C:\WINDOWS\System32\gdi32full.dll
0x00007ffe175e0000 - 0x00007ffe17683000 	C:\WINDOWS\System32\msvcp_win.dll
0x00007ffdd3b10000 - 0x00007ffdd3b2e000 	C:\Users\paulm\.jdks\temurin-17.0.14\bin\VCRUNTIME140.dll
0x00007ffdf4e40000 - 0x00007ffdf50da000 	C:\WINDOWS\WinSxS\amd64_microsoft.windows.common-controls_6595b64144ccf1df_6.0.26100.3912_none_3e07963ce335137e\COMCTL32.dll
0x00007ffe19700000 - 0x00007ffe197a9000 	C:\WINDOWS\System32\msvcrt.dll
0x00007ffe19310000 - 0x00007ffe19340000 	C:\WINDOWS\System32\IMM32.DLL
0x00007ffde11f0000 - 0x00007ffde11fc000 	C:\Users\paulm\.jdks\temurin-17.0.14\bin\vcruntime140_1.dll
0x00007ffdc6770000 - 0x00007ffdc67fd000 	C:\Users\paulm\.jdks\temurin-17.0.14\bin\msvcp140.dll
0x00007ffd13f90000 - 0x00007ffd14bfb000 	C:\Users\paulm\.jdks\temurin-17.0.14\bin\server\jvm.dll
0x00007ffe19f30000 - 0x00007ffe19fe2000 	C:\WINDOWS\System32\ADVAPI32.dll
0x00007ffe197b0000 - 0x00007ffe19856000 	C:\WINDOWS\System32\sechost.dll
0x00007ffe17f90000 - 0x00007ffe180a6000 	C:\WINDOWS\System32\RPCRT4.dll
0x00007ffe17f00000 - 0x00007ffe17f74000 	C:\WINDOWS\System32\WS2_32.dll
0x00007ffe16060000 - 0x00007ffe160be000 	C:\WINDOWS\SYSTEM32\POWRPROF.dll
0x00007ffe0f7d0000 - 0x00007ffe0f806000 	C:\WINDOWS\SYSTEM32\WINMM.dll
0x00007ffe0f3c0000 - 0x00007ffe0f3cb000 	C:\WINDOWS\SYSTEM32\VERSION.dll
0x00007ffe16040000 - 0x00007ffe16054000 	C:\WINDOWS\SYSTEM32\UMPDC.dll
0x00007ffe160d0000 - 0x00007ffe160ea000 	C:\WINDOWS\SYSTEM32\kernel.appcore.dll
0x00007ffde0280000 - 0x00007ffde028a000 	C:\Users\paulm\.jdks\temurin-17.0.14\bin\jimage.dll
0x00007ffe14590000 - 0x00007ffe147d1000 	C:\WINDOWS\SYSTEM32\DBGHELP.DLL
0x00007ffe19b40000 - 0x00007ffe19ec4000 	C:\WINDOWS\System32\combase.dll
0x00007ffe18b10000 - 0x00007ffe18bf0000 	C:\WINDOWS\System32\OLEAUT32.dll
0x00007ffdf5520000 - 0x00007ffdf5559000 	C:\WINDOWS\SYSTEM32\dbgcore.DLL
0x00007ffe17ae0000 - 0x00007ffe17b79000 	C:\WINDOWS\System32\bcryptPrimitives.dll
0x00007ffdd0970000 - 0x00007ffdd0995000 	C:\Users\paulm\.jdks\temurin-17.0.14\bin\java.dll
0x00007ffdc0240000 - 0x00007ffdc0317000 	C:\Users\paulm\.jdks\temurin-17.0.14\bin\jsvml.dll
0x00007ffe18260000 - 0x00007ffe1898d000 	C:\WINDOWS\System32\SHELL32.dll
0x00007ffe17b80000 - 0x00007ffe17cf4000 	C:\WINDOWS\System32\wintypes.dll
0x00007ffe14e60000 - 0x00007ffe156b6000 	C:\WINDOWS\SYSTEM32\windows.storage.dll
0x00007ffe19860000 - 0x00007ffe1994f000 	C:\WINDOWS\System32\SHCORE.dll
0x00007ffe18a90000 - 0x00007ffe18af9000 	C:\WINDOWS\System32\shlwapi.dll
0x00007ffe17120000 - 0x00007ffe1714f000 	C:\WINDOWS\SYSTEM32\profapi.dll
0x00007ffdd1d70000 - 0x00007ffdd1d89000 	C:\Users\paulm\.jdks\temurin-17.0.14\bin\net.dll
0x00007ffe10440000 - 0x00007ffe1055e000 	C:\WINDOWS\SYSTEM32\WINHTTP.dll
0x00007ffe16660000 - 0x00007ffe166ca000 	C:\WINDOWS\system32\mswsock.dll
0x00007ffdd0e00000 - 0x00007ffdd0e16000 	C:\Users\paulm\.jdks\temurin-17.0.14\bin\nio.dll
0x00007ffdd0d50000 - 0x00007ffdd0d68000 	C:\Users\paulm\.jdks\temurin-17.0.14\bin\zip.dll
0x00007ffddfe80000 - 0x00007ffddfe90000 	C:\Users\paulm\.jdks\temurin-17.0.14\bin\verify.dll
0x00007ffdde0f0000 - 0x00007ffdde0fa000 	C:\Users\paulm\.jdks\temurin-17.0.14\bin\management.dll
0x00007ffddc500000 - 0x00007ffddc50b000 	C:\Users\paulm\.jdks\temurin-17.0.14\bin\management_ext.dll
0x00007ffe17e40000 - 0x00007ffe17e48000 	C:\WINDOWS\System32\PSAPI.DLL
0x00007ffde18f0000 - 0x00007ffde1908000 	C:\WINDOWS\system32\napinsp.dll
0x00007ffe15aa0000 - 0x00007ffe15bc7000 	C:\WINDOWS\SYSTEM32\DNSAPI.dll
0x00007ffe15a00000 - 0x00007ffe15a33000 	C:\WINDOWS\SYSTEM32\IPHLPAPI.DLL
0x00007ffe17f80000 - 0x00007ffe17f8a000 	C:\WINDOWS\System32\NSI.dll
0x00007ffde1910000 - 0x00007ffde1922000 	C:\WINDOWS\System32\winrnr.dll
0x00007ffde1930000 - 0x00007ffde1960000 	C:\WINDOWS\system32\nlansp_c.dll
0x00007ffe0f4d0000 - 0x00007ffe0f4f0000 	C:\WINDOWS\system32\wshbth.dll
0x00007ffe0ee30000 - 0x00007ffe0ee3b000 	C:\Windows\System32\rasadhlp.dll
0x00007ffe0eff0000 - 0x00007ffe0f076000 	C:\WINDOWS\System32\fwpuclnt.dll
0x00007ffdc9a40000 - 0x00007ffdc9ab5000 	C:\Users\paulm\AppData\Local\Temp\lwjglpaulm\3.3.1-build-7\lwjgl.dll
0x00007ffdda220000 - 0x00007ffdda281000 	C:\Users\paulm\AppData\Local\Temp\lwjglpaulm\3.3.1-build-7\glfw.dll
0x00007ffdcdc80000 - 0x00007ffdcdccb000 	C:\WINDOWS\SYSTEM32\dinput8.dll
0x00007ffd56400000 - 0x00007ffd56412000 	C:\WINDOWS\SYSTEM32\xinput1_4.dll
0x00007ffe16e80000 - 0x00007ffe16ed7000 	C:\WINDOWS\SYSTEM32\cfgmgr32.dll
0x00007ffe16e50000 - 0x00007ffe16e7d000 	C:\WINDOWS\SYSTEM32\DEVOBJ.dll
0x00007ffe13690000 - 0x00007ffe136c6000 	C:\WINDOWS\SYSTEM32\dwmapi.dll
0x00007ffde5980000 - 0x00007ffde5b61000 	C:\WINDOWS\SYSTEM32\inputhost.dll
0x00007ffe12f10000 - 0x00007ffe13036000 	C:\WINDOWS\SYSTEM32\CoreMessaging.dll
0x00007ffe13550000 - 0x00007ffe135ff000 	C:\WINDOWS\system32\uxtheme.dll
0x00007ffe16920000 - 0x00007ffe1692c000 	C:\WINDOWS\SYSTEM32\CRYPTBASE.DLL
0x00007ffe18d10000 - 0x00007ffe18e6f000 	C:\WINDOWS\System32\MSCTF.dll
0x00007ffd4c0a0000 - 0x00007ffd4c1ac000 	C:\WINDOWS\SYSTEM32\opengl32.dll
0x00007ffd50f90000 - 0x00007ffd50fbd000 	C:\WINDOWS\SYSTEM32\GLU32.dll
0x00007ffe138f0000 - 0x00007ffe13937000 	C:\WINDOWS\SYSTEM32\dxcore.dll
0x00007ffdf42e0000 - 0x00007ffdf42fa000 	C:\WINDOWS\SYSTEM32\windows.staterepositorycore.dll
0x00007ffd38ec0000 - 0x00007ffd3b4f8000 	C:\WINDOWS\System32\DriverStore\FileRepository\nv_dispi.inf_amd64_9425e4c3b1ac1c47\nvoglv64.dll
0x00007ffe18e80000 - 0x00007ffe19306000 	C:\WINDOWS\System32\SETUPAPI.dll
0x00007ffe180b0000 - 0x00007ffe1824f000 	C:\WINDOWS\System32\ole32.dll
0x00007ffe133b0000 - 0x00007ffe133c6000 	C:\WINDOWS\SYSTEM32\WTSAPI32.dll
0x00007ffe16970000 - 0x00007ffe16983000 	C:\WINDOWS\SYSTEM32\msasn1.dll
0x00007ffe0ec50000 - 0x00007ffe0ec8b000 	C:\WINDOWS\SYSTEM32\cryptnet.dll
0x00007ffe17810000 - 0x00007ffe17987000 	C:\WINDOWS\System32\CRYPT32.dll
0x00007ffe169e0000 - 0x00007ffe16a3d000 	C:\WINDOWS\SYSTEM32\wldp.dll
0x00007ffe0ead0000 - 0x00007ffe0ec4c000 	C:\WINDOWS\SYSTEM32\drvstore.dll
0x00007ffe17a50000 - 0x00007ffe17ad0000 	C:\WINDOWS\System32\WINTRUST.dll
0x00007ffe16210000 - 0x00007ffe16245000 	C:\WINDOWS\SYSTEM32\ntmarta.dll
0x00007ffe193e0000 - 0x00007ffe19400000 	C:\WINDOWS\System32\imagehlp.dll
0x00007ffe16900000 - 0x00007ffe1691c000 	C:\WINDOWS\SYSTEM32\CRYPTSP.dll
0x00007ffe15fa0000 - 0x00007ffe15fda000 	C:\WINDOWS\system32\rsaenh.dll
0x00007ffe170f0000 - 0x00007ffe17116000 	C:\WINDOWS\SYSTEM32\bcrypt.dll
0x00007ffe0ac10000 - 0x00007ffe0d920000 	C:\WINDOWS\System32\DriverStore\FileRepository\nv_dispi.inf_amd64_9425e4c3b1ac1c47\nvgpucomp64.dll
0x00007ffdd1050000 - 0x00007ffdd1356000 	C:\WINDOWS\system32\nvspcap64.dll
0x00007ffe15cc0000 - 0x00007ffe15d27000 	C:\WINDOWS\SYSTEM32\WINSTA.dll
0x00007ffd9e210000 - 0x00007ffd9e469000 	C:\Users\paulm\AppData\Local\Temp\lwjglpaulm\3.3.1-build-7\jemalloc.dll
0x00007ffde6450000 - 0x00007ffde659d000 	C:\WINDOWS\SYSTEM32\textinputframework.dll
0x00007ffdcbb90000 - 0x00007ffdcbbed000 	C:\Users\paulm\AppData\Local\Temp\lwjglpaulm\3.3.1-build-7\lwjgl_opengl.dll
0x00007ffdc79e0000 - 0x00007ffdc7a61000 	C:\Users\paulm\AppData\Local\Temp\lwjglpaulm\3.3.1-build-7\lwjgl_stb.dll
0x00007ffe16700000 - 0x00007ffe1672b000 	C:\WINDOWS\SYSTEM32\USERENV.dll
0x00007ffe10720000 - 0x00007ffe1073f000 	C:\WINDOWS\SYSTEM32\dhcpcsvc6.DLL
0x00007ffe10110000 - 0x00007ffe10135000 	C:\WINDOWS\SYSTEM32\dhcpcsvc.DLL
0x00007ffdcf660000 - 0x00007ffdcf6a0000 	C:\Users\paulm\AppData\Local\Temp\jna-106439973\jna13152993887648498034.dll
0x00007ffe17e50000 - 0x00007ffe17ef8000 	C:\WINDOWS\System32\clbcatq.dll
0x00007ffdf8a20000 - 0x00007ffdf8a3d000 	C:\WINDOWS\SYSTEM32\amsi.dll
0x00007ffd93000000 - 0x00007ffd930cb000 	C:\Program Files\Bitdefender\Bitdefender Security\bdamsi\dlls_267059357120000000\antimalware_provider64.dll
0x00007ffe014f0000 - 0x00007ffe0153e000 	C:\WINDOWS\SYSTEM32\Pdh.dll
0x00007ffde1480000 - 0x00007ffde1491000 	C:\WINDOWS\System32\perfos.dll
0x00007ffe13530000 - 0x00007ffe13542000 	C:\WINDOWS\SYSTEM32\pfclient.dll
0x00007ffddf1f0000 - 0x00007ffddf1fe000 	C:\Users\paulm\.jdks\temurin-17.0.14\bin\sunmscapi.dll
0x00007ffe16b10000 - 0x00007ffe16b40000 	C:\WINDOWS\SYSTEM32\ncrypt.dll
0x00007ffe16ac0000 - 0x00007ffe16aff000 	C:\WINDOWS\SYSTEM32\NTASN1.dll
0x00007ffddf4e0000 - 0x00007ffddf4e9000 	C:\Users\paulm\.jdks\temurin-17.0.14\bin\extnet.dll
0x00007ffdfcc60000 - 0x00007ffdfcd28000 	C:\WINDOWS\SYSTEM32\mscms.dll
0x00007ffdc7990000 - 0x00007ffdc79d9000 	C:\WINDOWS\SYSTEM32\icm32.dll
0x00007ffd9cc90000 - 0x00007ffd9ce27000 	C:\Users\paulm\AppData\Local\Temp\lwjglpaulm\3.3.1-build-7\OpenAL.dll
0x00007ffe10320000 - 0x00007ffe103ba000 	C:\WINDOWS\System32\MMDevApi.dll
0x00007ffd8ffe0000 - 0x00007ffd90153000 	C:\WINDOWS\System32\Speech\Common\sapi.dll
0x00007ffde1ab0000 - 0x00007ffde1ab8000 	C:\WINDOWS\system32\wshunix.dll
0x00007ffdfa440000 - 0x00007ffdfa5fd000 	C:\WINDOWS\SYSTEM32\AUDIOSES.DLL
0x00007ffe14480000 - 0x00007ffe14494000 	C:\WINDOWS\SYSTEM32\resourcepolicyclient.dll
0x00007ffe0f860000 - 0x00007ffe0fb43000 	C:\WINDOWS\SYSTEM32\CoreUIComponents.dll
0x00007ffe01190000 - 0x00007ffe0136c000 	C:\WINDOWS\system32\urlmon.dll
0x00007ffe00bb0000 - 0x00007ffe00e7a000 	C:\WINDOWS\SYSTEM32\iertutil.dll
0x00007ffe0a9c0000 - 0x00007ffe0a9e9000 	C:\WINDOWS\SYSTEM32\srvcli.dll
0x00007ffe15d30000 - 0x00007ffe15d3d000 	C:\WINDOWS\SYSTEM32\netutils.dll

dbghelp: loaded successfully - version: 4.0.5 - missing functions: none
symbol engine: initialized successfully - sym options: 0x614 - pdb path: .;C:\Users\paulm\.jdks\temurin-17.0.14\bin;C:\WINDOWS\SYSTEM32;C:\Program Files\Bitdefender\Bitdefender Security\bdhkm\dlls_267844236627677748;C:\Program Files\Bitdefender\Bitdefender Security\atcuf\dlls_267844236606778053;C:\WINDOWS\WinSxS\amd64_microsoft.windows.common-controls_6595b64144ccf1df_6.0.26100.3912_none_3e07963ce335137e;C:\Users\paulm\.jdks\temurin-17.0.14\bin\server;C:\Users\paulm\AppData\Local\Temp\lwjglpaulm\3.3.1-build-7;C:\WINDOWS\System32\DriverStore\FileRepository\nv_dispi.inf_amd64_9425e4c3b1ac1c47;C:\Users\paulm\AppData\Local\Temp\jna-106439973;C:\Program Files\Bitdefender\Bitdefender Security\bdamsi\dlls_267059357120000000;C:\WINDOWS\System32\Speech\Common

VM Arguments:
jvm_args: -Dforge.enableGameTest=true -Dforge.enabledGameTestNamespaces=minecolonytax -Dforge.logging.console.level=debug -Dforge.logging.markers=REGISTRIES -DignoreList=bootstraplauncher,securejarhandler,asm-commons,asm-util,asm-analysis,asm-tree,asm,JarJarFileSystems,client-extra,fmlcore,javafmllanguage,lowcodelanguage,mclanguage,forge- -Djava.net.preferIPv6Addresses=system -DlegacyClassPath.file=C:\Users\paulm\Desktop\MinecolonyTaxAddon - Kopie\build\classpath\runClient_minecraftClasspath.txt -DmergeModules=jna-5.10.0.jar,jna-platform-5.10.0.jar -Dmixin.env.refMapRemappingFile=C:\Users\paulm\Desktop\MinecolonyTaxAddon - Kopie/build/createSrgToMcp/output.srg -Dmixin.env.remapRefMap=true --module-path=C:\Users\paulm\.gradle\caches\modules-2\files-2.1\cpw.mods\bootstraplauncher\1.1.2\c546e00443d8432cda6baa1c860346980742628\bootstraplauncher-1.1.2.jar;C:\Users\paulm\.gradle\caches\modules-2\files-2.1\cpw.mods\securejarhandler\2.1.10\51e6a22c6c716beb11e244bf5b8be480f51dd6b5\securejarhandler-2.1.10.jar;C:\Users\paulm\.gradle\caches\modules-2\files-2.1\org.ow2.asm\asm-commons\9.7\e86dda4696d3c185fcc95d8d311904e7ce38a53f\asm-commons-9.7.jar;C:\Users\paulm\.gradle\caches\modules-2\files-2.1\org.ow2.asm\asm-util\9.7\c0655519f24d92af2202cb681cd7c1569df6ead6\asm-util-9.7.jar;C:\Users\paulm\.gradle\caches\modules-2\files-2.1\org.ow2.asm\asm-analysis\9.7\e4a258b7eb96107106c0599f0061cfc1832fe07a\asm-analysis-9.7.jar;C:\Users\paulm\.gradle\caches\modules-2\files-2.1\org.ow2.asm\asm-tree\9.7\e446a17b175bfb733b87c5c2560ccb4e57d69f1a\asm-tree-9.7.jar;C:\Users\paulm\.gradle\caches\modules-2\files-2.1\org.ow2.asm\asm\9.7\73d7b3086e14beb604ced229c302feff6449723\asm-9.7.jar;C:\Users\paulm\.gradle\caches\modules-2\files-2.1\net.minecraftforge\JarJarFileSystems\0.3.19\2464eb7d6b9ddb9db36a82cf8a95193e5c6fe020\JarJarFileSystems-0.3.19.jar --add-modules=ALL-MODULE-PATH --add-opens=java.base/java.util.jar=cpw.mods.securejarhandler --add-opens=java.base/java.lang.invoke=cpw.mods.securejarhandler --add-exports=java.base/sun.security.util=cpw.mods.securejarhandler --add-exports=jdk.naming.dns/com.sun.jndi.dns=java.naming -XX:HeapDumpPath=MojangTricksIntelDriversForPerformance_javaw.exe_minecraft.exe.heapdump -Dfile.encoding=UTF-8 -Duser.country=DE -Duser.language=de -Duser.variant 
java_command: cpw.mods.bootstraplauncher.BootstrapLauncher --launchTarget forgeclientuserdev --version MOD_DEV --assetIndex 5 --assetsDir C:\Users\paulm\.gradle\caches\forge_gradle\assets --gameDir . --fml.forgeVersion 47.3.10 --fml.mcVersion 1.20.1 --fml.forgeGroup net.minecraftforge --fml.mcpVersion 20230612.114412
java_class_path (initial): C:\Users\paulm\Desktop\MinecolonyTaxAddon - Kopie\build\classes\java\main;C:\Users\paulm\Desktop\MinecolonyTaxAddon - Kopie\build\resources\main;C:\Users\paulm\.gradle\caches\forge_gradle\deobf_dependencies\curse\maven\minecolonies-245506\5761248_mapped_parchment_2023.09.03-1.20.1\minecolonies-245506-5761248_mapped_parchment_2023.09.03-1.20.1.jar;C:\Users\paulm\.gradle\caches\forge_gradle\deobf_dependencies\curse\maven\sdm-shop-948942\5777543_mapped_parchment_2023.09.03-1.20.1\sdm-shop-948942-5777543_mapped_parchment_2023.09.03-1.20.1.jar;C:\Users\paulm\.gradle\caches\forge_gradle\deobf_dependencies\curse\maven\ftb-teams-forge-404468\5267190_mapped_parchment_2023.09.03-1.20.1\ftb-teams-forge-404468-5267190_mapped_parchment_2023.09.03-1.20.1.jar;C:\Users\paulm\.gradle\caches\forge_gradle\deobf_dependencies\curse\maven\recruits-523860\6500292_mapped_parchment_2023.09.03-1.20.1\recruits-523860-6500292_mapped_parchment_2023.09.03-1.20.1.jar;C:\Users\paulm\.gradle\caches\forge_gradle\minecraft_user_repo\net\minecraftforge\forge\1.20.1-47.3.10_mapped_parchment_2023.09.03-1.20.1\forge-1.20.1-47.3.10_mapped_parchment_2023.09.03-1.20.1.jar;C:\Users\paulm\.gradle\caches\forge_gradle\deobf_dependencies\curse\maven\blockui-522992\5658253_mapped_parchment_2023.09.03-1.20.1\blockui-522992-5658253_mapped_parchment_2023.09.03-1.20.1.jar;C:\Users\paulm\.gradle\caches\forge_gradle\deobf_dependencies\curse\maven\multi-piston-303278\5204918_mapped_parchment_2023.09.03-1.20.1\multi-piston-303278-5204918_mapped_parchment_2023.09.03-1.20.1.jar;C:\Users\paulm\.gradle\caches\forge_gradle\deobf_dependencies\curse\maven\domum-ornamentum-527361\5764067_mapped_parchment_2023.09.03-1.20.1\domum-ornamentum-527361-5764067_mapped_parchment_2023.09.03-1.20.1.jar;C:\Users\paulm\.gradle\caches\forge_gradle\deobf_dependencies\curse\maven\structurize-298744\5676596_mapped_parchment_2023.09.03-1.20.1\structurize-298744-5676596_mapped_parchment_2023.09.03-1.20.1.jar;C:\Users\p
Launcher Type: SUN_STANDARD

[Global flags]
     intx CICompilerCount                          = 15                                        {product} {ergonomic}
     uint ConcGCThreads                            = 6                                         {product} {ergonomic}
     uint G1ConcRefinementThreads                  = 23                                        {product} {ergonomic}
   size_t G1HeapRegionSize                         = 8388608                                   {product} {ergonomic}
    uintx GCDrainStackTargetSize                   = 64                                        {product} {ergonomic}
    ccstr HeapDumpPath                             = MojangTricksIntelDriversForPerformance_javaw.exe_minecraft.exe.heapdump         {manageable} {command line}
   size_t InitialHeapSize                          = 1065353216                                {product} {ergonomic}
   size_t MarkStackSize                            = 4194304                                   {product} {ergonomic}
   size_t MaxHeapSize                              = 16953376768                               {product} {ergonomic}
   size_t MaxNewSize                               = 10166992896                               {product} {ergonomic}
   size_t MinHeapDeltaBytes                        = 8388608                                   {product} {ergonomic}
   size_t MinHeapSize                              = 8388608                                   {product} {ergonomic}
    uintx NonNMethodCodeHeapSize                   = 8192380                                {pd product} {ergonomic}
    uintx NonProfiledCodeHeapSize                  = 121732930                              {pd product} {ergonomic}
    uintx ProfiledCodeHeapSize                     = 121732930                              {pd product} {ergonomic}
    uintx ReservedCodeCacheSize                    = 251658240                              {pd product} {ergonomic}
     bool SegmentedCodeCache                       = true                                      {product} {ergonomic}
   size_t SoftMaxHeapSize                          = 16953376768                            {manageable} {ergonomic}
     bool UseCompressedClassPointers               = true                           {product lp64_product} {ergonomic}
     bool UseCompressedOops                        = true                           {product lp64_product} {ergonomic}
     bool UseG1GC                                  = true                                      {product} {ergonomic}
     bool UseLargePagesIndividualAllocation        = false                                  {pd product} {ergonomic}

Logging:
Log output configuration:
 #0: stdout all=warning uptime,level,tags
 #1: stderr all=off uptime,level,tags

Environment Variables:
PATH=C:\Program Files (x86)\VMware\VMware Workstation\bin\;C:\Program Files\Common Files\Oracle\Java\javapath;C:\WINDOWS\system32;C:\WINDOWS;C:\WINDOWS\System32\Wbem;C:\WINDOWS\System32\WindowsPowerShell\v1.0\;C:\WINDOWS\System32\OpenSSH\;C:\Program Files\NVIDIA Corporation\NVIDIA app\NvDLISR;C:\Program Files (x86)\NVIDIA Corporation\PhysX\Common;C:\Program Files\dotnet\;C:\Program Files\Git\cmd;C:\Program Files\nodejs\;C:\ProgramData\chocolatey\bin;C:\Program Files\MySQL\MySQL Shell 8.4\bin\;C:\Users\paulm\AppData\Local\Programs\Python\Launcher\;C:\Users\paulm\AppData\Local\Microsoft\WindowsApps;C:\Users\paulm\AppData\Local\Programs\Microsoft VS Code\bin;C:\Users\paulm\.dotnet\tools;C:\Users\paulm\AppData\Local\GitHubDesktop\bin;C:\Users\paulm\AppData\Roaming\npm;C:\Users\paulm\AppData\Local\Programs\Windsurf\bin;C:\Users\paulm\AppData\Local\Programs\cursor\resources\app\bin
USERNAME=paulm
OS=Windows_NT
PROCESSOR_IDENTIFIER=AMD64 Family 25 Model 97 Stepping 2, AuthenticAMD
TMP=C:\Users\paulm\AppData\Local\Temp
TEMP=C:\Users\paulm\AppData\Local\Temp



Periodic native trim disabled


---------------  S Y S T E M  ---------------

OS:
 Windows 11 , 64 bit Build 26100 (10.0.26100.3912)
OS uptime: 7 days 5:06 hours
Hyper-V role detected

CPU: total 32 (initial active 32) (32 cores per cpu, 2 threads per core) family 25 model 97 stepping 2 microcode 0xa601209, cx8, cmov, fxsr, ht, mmx, 3dnowpref, sse, sse2, sse3, ssse3, sse4a, sse4.1, sse4.2, popcnt, lzcnt, tsc, tscinvbit, avx, avx2, aes, erms, clmul, bmi1, bmi2, adx, avx512f, avx512dq, avx512cd, avx512bw, avx512vl, sha, fma, vzeroupper, avx512_vpopcntdq, avx512_vpclmulqdq, avx512_vaes, avx512_vnni, clflush, clflushopt, avx512_vbmi2, avx512_vbmi, hv
Processor Information for all 32 processors :
  Max Mhz: 4501, Current Mhz: 4501, Mhz Limit: 4501

Memory: 4k page, system-wide physical 64650M (16434M free)
TotalPageFile size 89226M (AvailPageFile size 6M)
current process WorkingSet (physical memory assigned to process): 2395M, peak: 2395M
current process commit charge ("private bytes"): 2752M, peak: 2835M

vm_info: OpenJDK 64-Bit Server VM (17.0.14+7) for windows-amd64 JRE (17.0.14+7), built on Jan 21 2025 23:40:15 by "admin" with MS VC++ 17.7 (VS2022)

END.
