#
# There is insufficient memory for the Java Runtime Environment to continue.
# Native memory allocation (malloc) failed to allocate 1271536 bytes. Error detail: Chunk::new
# Possible reasons:
#   The system is out of physical RAM or swap space
#   This process is running with CompressedOops enabled, and the Java Heap may be blocking the growth of the native heap
# Possible solutions:
#   Reduce memory load on the system
#   Increase physical memory or swap space
#   Check if swap backing store is full
#   Decrease Java heap size (-Xmx/-Xms)
#   Decrease number of Java threads
#   Decrease Java thread stack sizes (-Xss)
#   Set larger code cache with -XX:ReservedCodeCacheSize=
#   JVM is running with Zero Based Compressed Oops mode in which the Java heap is
#     placed in the first 32GB address space. The Java Heap base address is the
#     maximum limit for the native heap growth. Please use -XX:HeapBaseMinAddress
#     to set the Java Heap base and to place the Java Heap above 32GB virtual address.
# This output file may be truncated or incomplete.
#
#  Out of Memory Error (arena.cpp:191), pid=31556, tid=61144
#
# JRE version: OpenJDK Runtime Environment Temurin-17.0.14+7 (17.0.14+7) (build 17.0.14+7)
# Java VM: OpenJDK 64-Bit Server VM Temurin-17.0.14+7 (17.0.14+7, mixed mode, sharing, tiered, compressed oops, compressed class ptrs, g1 gc, windows-amd64)
# No core dump will be written. Minidumps are not enabled by default on client versions of Windows
#

---------------  S U M M A R Y ------------

Command Line: -Dforge.enableGameTest=true -Dforge.enabledGameTestNamespaces=minecolonytax -Dforge.logging.console.level=debug -Dforge.logging.markers=REGISTRIES -DignoreList=bootstraplauncher,securejarhandler,asm-commons,asm-util,asm-analysis,asm-tree,asm,JarJarFileSystems,client-extra,fmlcore,javafmllanguage,lowcodelanguage,mclanguage,forge- -Djava.net.preferIPv6Addresses=system -DlegacyClassPath.file=C:\Users\paulm\Desktop\MinecolonyTaxAddon - Kopie\build\classpath\runClient_minecraftClasspath.txt -DmergeModules=jna-5.10.0.jar,jna-platform-5.10.0.jar -Dmixin.env.refMapRemappingFile=C:\Users\paulm\Desktop\MinecolonyTaxAddon - Kopie/build/createSrgToMcp/output.srg -Dmixin.env.remapRefMap=true --module-path=C:\Users\paulm\.gradle\caches\modules-2\files-2.1\cpw.mods\bootstraplauncher\1.1.2\c546e00443d8432cda6baa1c860346980742628\bootstraplauncher-1.1.2.jar;C:\Users\paulm\.gradle\caches\modules-2\files-2.1\cpw.mods\securejarhandler\2.1.10\51e6a22c6c716beb11e244bf5b8be480f51dd6b5\securejarhandler-2.1.10.jar;C:\Users\paulm\.gradle\caches\modules-2\files-2.1\org.ow2.asm\asm-commons\9.7\e86dda4696d3c185fcc95d8d311904e7ce38a53f\asm-commons-9.7.jar;C:\Users\paulm\.gradle\caches\modules-2\files-2.1\org.ow2.asm\asm-util\9.7\c0655519f24d92af2202cb681cd7c1569df6ead6\asm-util-9.7.jar;C:\Users\paulm\.gradle\caches\modules-2\files-2.1\org.ow2.asm\asm-analysis\9.7\e4a258b7eb96107106c0599f0061cfc1832fe07a\asm-analysis-9.7.jar;C:\Users\paulm\.gradle\caches\modules-2\files-2.1\org.ow2.asm\asm-tree\9.7\e446a17b175bfb733b87c5c2560ccb4e57d69f1a\asm-tree-9.7.jar;C:\Users\paulm\.gradle\caches\modules-2\files-2.1\org.ow2.asm\asm\9.7\73d7b3086e14beb604ced229c302feff6449723\asm-9.7.jar;C:\Users\paulm\.gradle\caches\modules-2\files-2.1\net.minecraftforge\JarJarFileSystems\0.3.19\2464eb7d6b9ddb9db36a82cf8a95193e5c6fe020\JarJarFileSystems-0.3.19.jar --add-modules=ALL-MODULE-PATH --add-opens=java.base/java.util.jar=cpw.mods.securejarhandler --add-opens=java.base/java.lang.invoke=cpw.mods.securejarhandler --add-exports=java.base/sun.security.util=cpw.mods.securejarhandler --add-exports=jdk.naming.dns/com.sun.jndi.dns=java.naming -XX:HeapDumpPath=MojangTricksIntelDriversForPerformance_javaw.exe_minecraft.exe.heapdump -Dfile.encoding=UTF-8 -Duser.country=DE -Duser.language=de -Duser.variant cpw.mods.bootstraplauncher.BootstrapLauncher --launchTarget forgeclientuserdev --version MOD_DEV --assetIndex 5 --assetsDir C:\Users\paulm\.gradle\caches\forge_gradle\assets --gameDir . --fml.forgeVersion 47.3.10 --fml.mcVersion 1.20.1 --fml.forgeGroup net.minecraftforge --fml.mcpVersion 20230612.114412

Host: AMD Ryzen 9 7950X 16-Core Processor            , 32 cores, 63G,  Windows 11 , 64 bit Build 26100 (10.0.26100.3912)
Time: Wed Jun  4 18:18:03 2025 Mitteleuropäische Sommerzeit elapsed time: 191.646877 seconds (0d 0h 3m 11s)

---------------  T H R E A D  ---------------

Current thread (0x0000026951df8020):  JavaThread "C2 CompilerThread1" daemon [_thread_in_native, id=61144, stack(0x0000006bd6700000,0x0000006bd6800000)]


Current CompileTask:
C2: 191647 39476       4       net.minecraft.world.level.NaturalSpawner::spawnCategoryForPosition (494 bytes)

Stack: [0x0000006bd6700000,0x0000006bd6800000]
Native frames: (J=compiled Java code, j=interpreted, Vv=VM code, C=native code)
V  [jvm.dll+0x682eb9]
V  [jvm.dll+0x8399c8]
V  [jvm.dll+0x83b473]
V  [jvm.dll+0x83bae3]
V  [jvm.dll+0x24715f]
V  [jvm.dll+0xace44]
V  [jvm.dll+0xad4dc]
V  [jvm.dll+0x365b0f]
V  [jvm.dll+0x32fd58]
V  [jvm.dll+0x32f1da]
V  [jvm.dll+0x21814f]
V  [jvm.dll+0x21758f]
V  [jvm.dll+0x1a3150]
V  [jvm.dll+0x22799c]
V  [jvm.dll+0x225afb]
V  [jvm.dll+0x7ef128]
V  [jvm.dll+0x7e948c]
V  [jvm.dll+0x681d97]
C  [ucrtbase.dll+0x37b0]
C  [KERNEL32.DLL+0x2e8d7]
C  [ntdll.dll+0x9c5dc]


---------------  P R O C E S S  ---------------

Threads class SMR info:
_java_thread_list=0x00000268fb4c22a0, length=124, elements={
0x00000268d905db60, 0x00000268fb300720, 0x00000268fb3012e0, 0x00000268fb314280,
0x00000268fb316e50, 0x00000268fb318020, 0x00000268fb31b300, 0x00000268fb31d410,
0x00000268fb32de20, 0x00000268fb33d5c0, 0x00000268fb698050, 0x00000268fb731450,
0x0000026943806140, 0x00000269473a3120, 0x00000269473a21f0, 0x00000269473a17d0,
0x00000269473a1ce0, 0x00000269473a2c10, 0x00000269473a3b40, 0x00000269473a0390,
0x00000269473a4050, 0x00000269473a59a0, 0x00000269473a7d10, 0x00000269473a4f80,
0x00000269473a72f0, 0x00000269473a4560, 0x00000269473a5490, 0x00000269473a4a70,
0x00000269473a5eb0, 0x00000269473a63c0, 0x0000026943804d00, 0x00000269438033b0,
0x00000269473a7800, 0x00000269448f86e0, 0x0000026943b12df0, 0x0000026943b123d0,
0x0000026943b13300, 0x0000026943b11ec0, 0x0000026943b18400, 0x0000026943b18e20,
0x0000026943b16ab0, 0x0000026943b165a0, 0x0000026943b174d0, 0x0000026943b15670,
0x0000026943b17ef0, 0x0000026943b19330, 0x0000026943b16fc0, 0x0000026943b179e0,
0x0000026943b18910, 0x0000026943b15b80, 0x000002694414e640, 0x000002694414e130,
0x000002694414dc20, 0x000002694414ccf0, 0x000002694414c7e0, 0x000002694414f570,
0x000002694414eb50, 0x000002694414f060, 0x000002694414fa80, 0x000002694414c2d0,
0x0000026944151df0, 0x0000026944153740, 0x0000026944152810, 0x00000269441504a0,
0x000002694414ff90, 0x0000026944153c50, 0x0000026944150ec0, 0x000002694264f0a0,
0x0000026942652d60, 0x0000026942653270, 0x0000026941b275f0, 0x000002695aa83980,
0x000002695aa82540, 0x000002695aa83e90, 0x000002695aa81610, 0x000002695aa82030,
0x000002695aa83470, 0x000002695aa87130, 0x000002695aa84dc0, 0x000002695aa88060,
0x000002695aa852d0, 0x000002695aa87b50, 0x00000269437ffc00, 0x00000269437ff6f0,
0x0000026943801a60, 0x0000026943801f70, 0x00000269437fecd0, 0x00000269438038c0,
0x0000026943800110, 0x0000026941b24d70, 0x0000026941b25790, 0x0000026941b261b0,
0x0000026941b266c0, 0x0000026941b270e0, 0x0000026941b27b00, 0x0000026942651e30,
0x000002694264eb90, 0x0000026942652850, 0x0000026942653c90, 0x00000269426555e0,
0x0000026943b14c50, 0x0000026943b16090, 0x0000026943b13810, 0x0000026943b13d20,
0x000002694414d200, 0x0000026945efdda0, 0x0000026945efce70, 0x0000026951dfbfe0,
0x0000026945efa0e0, 0x0000026945f00110, 0x0000026951df8020, 0x0000026951dfe510,
0x0000026951dfefb0, 0x0000026951dff500, 0x0000026951dffa50, 0x0000026944407ca0,
0x0000026944419d00, 0x000002694441a7a0, 0x0000026948f72470, 0x0000026945c435c0,
0x0000026945c43070, 0x0000026945efb520, 0x0000026945efba30, 0x000002695aa80bf0
}

Java Threads: ( => current thread )
  0x00000268d905db60 JavaThread "Render thread" [_thread_in_Java, id=38276, stack(0x0000006bd5100000,0x0000006bd5200000)]
  0x00000268fb300720 JavaThread "Reference Handler" daemon [_thread_blocked, id=29536, stack(0x0000006bd5800000,0x0000006bd5900000)]
  0x00000268fb3012e0 JavaThread "Finalizer" daemon [_thread_blocked, id=4660, stack(0x0000006bd5900000,0x0000006bd5a00000)]
  0x00000268fb314280 JavaThread "Signal Dispatcher" daemon [_thread_blocked, id=71884, stack(0x0000006bd5a00000,0x0000006bd5b00000)]
  0x00000268fb316e50 JavaThread "Attach Listener" daemon [_thread_blocked, id=39336, stack(0x0000006bd5b00000,0x0000006bd5c00000)]
  0x00000268fb318020 JavaThread "Service Thread" daemon [_thread_blocked, id=3116, stack(0x0000006bd5c00000,0x0000006bd5d00000)]
  0x00000268fb31b300 JavaThread "Monitor Deflation Thread" daemon [_thread_blocked, id=43184, stack(0x0000006bd5d00000,0x0000006bd5e00000)]
  0x00000268fb31d410 JavaThread "C2 CompilerThread0" daemon [_thread_in_native, id=82776, stack(0x0000006bd5e00000,0x0000006bd5f00000)]
  0x00000268fb32de20 JavaThread "C1 CompilerThread0" daemon [_thread_blocked, id=70664, stack(0x0000006bd5f00000,0x0000006bd6000000)]
  0x00000268fb33d5c0 JavaThread "Sweeper thread" daemon [_thread_blocked, id=81464, stack(0x0000006bd6000000,0x0000006bd6100000)]
  0x00000268fb698050 JavaThread "Common-Cleaner" daemon [_thread_blocked, id=50756, stack(0x0000006bd6200000,0x0000006bd6300000)]
  0x00000268fb731450 JavaThread "Notification Thread" daemon [_thread_blocked, id=48192, stack(0x0000006bd6500000,0x0000006bd6600000)]
  0x0000026943806140 JavaThread "JNA Cleaner" daemon [_thread_blocked, id=51688, stack(0x0000006bd9600000,0x0000006bd9700000)]
  0x00000269473a3120 JavaThread "Timer hack thread" daemon [_thread_blocked, id=27668, stack(0x0000006bd6a00000,0x0000006bd6b00000)]
  0x00000269473a21f0 JavaThread "Yggdrasil Key Fetcher" daemon [_thread_blocked, id=61052, stack(0x0000006bd9800000,0x0000006bd9900000)]
  0x00000269473a17d0 JavaThread "modloading-worker-0" daemon [_thread_blocked, id=15392, stack(0x0000006bd9500000,0x0000006bd9600000)]
  0x00000269473a1ce0 JavaThread "modloading-worker-0" daemon [_thread_blocked, id=60836, stack(0x0000006bd9b00000,0x0000006bd9c00000)]
  0x00000269473a2c10 JavaThread "modloading-worker-0" daemon [_thread_blocked, id=84956, stack(0x0000006bd9c00000,0x0000006bd9d00000)]
  0x00000269473a3b40 JavaThread "modloading-worker-0" daemon [_thread_blocked, id=11724, stack(0x0000006bd9d00000,0x0000006bd9e00000)]
  0x00000269473a0390 JavaThread "modloading-worker-0" daemon [_thread_blocked, id=79240, stack(0x0000006bd9e00000,0x0000006bd9f00000)]
  0x00000269473a4050 JavaThread "modloading-worker-0" daemon [_thread_blocked, id=60816, stack(0x0000006bd9f00000,0x0000006bda000000)]
  0x00000269473a59a0 JavaThread "modloading-worker-0" daemon [_thread_blocked, id=17600, stack(0x0000006bda000000,0x0000006bda100000)]
  0x00000269473a7d10 JavaThread "modloading-worker-0" daemon [_thread_blocked, id=31732, stack(0x0000006bda100000,0x0000006bda200000)]
  0x00000269473a4f80 JavaThread "modloading-worker-0" daemon [_thread_blocked, id=35032, stack(0x0000006bda200000,0x0000006bda300000)]
  0x00000269473a72f0 JavaThread "modloading-worker-0" daemon [_thread_blocked, id=27660, stack(0x0000006bda300000,0x0000006bda400000)]
  0x00000269473a4560 JavaThread "modloading-worker-0" daemon [_thread_blocked, id=7348, stack(0x0000006bda500000,0x0000006bda600000)]
  0x00000269473a5490 JavaThread "modloading-worker-0" daemon [_thread_blocked, id=81008, stack(0x0000006bda600000,0x0000006bda700000)]
  0x00000269473a4a70 JavaThread "modloading-worker-0" daemon [_thread_blocked, id=21364, stack(0x0000006bda800000,0x0000006bda900000)]
  0x00000269473a5eb0 JavaThread "modloading-worker-0" daemon [_thread_blocked, id=83276, stack(0x0000006bda900000,0x0000006bdaa00000)]
  0x00000269473a63c0 JavaThread "modloading-worker-0" daemon [_thread_blocked, id=45296, stack(0x0000006bdaa00000,0x0000006bdab00000)]
  0x0000026943804d00 JavaThread "modloading-worker-0" daemon [_thread_blocked, id=38672, stack(0x0000006bdab00000,0x0000006bdac00000)]
  0x00000269438033b0 JavaThread "Structurize IO Worker #0" daemon [_thread_blocked, id=27992, stack(0x0000006bdad00000,0x0000006bdae00000)]
  0x00000269473a7800 JavaThread "FileSystemWatchService" daemon [_thread_in_native, id=21864, stack(0x0000006bdae00000,0x0000006bdaf00000)]
  0x00000269448f86e0 JavaThread "JEI Config File Watcher" daemon [_thread_blocked, id=56196, stack(0x0000006bdb000000,0x0000006bdb100000)]
  0x0000026943b12df0 JavaThread "Worker-Main-1" daemon [_thread_blocked, id=52972, stack(0x0000006bdb200000,0x0000006bdb300000)]
  0x0000026943b123d0 JavaThread "Thread-3" daemon [_thread_blocked, id=37176, stack(0x0000006bdb300000,0x0000006bdb400000)]
  0x0000026943b13300 JavaThread "FileSystemWatchService" daemon [_thread_in_native, id=9376, stack(0x0000006bdb400000,0x0000006bdb500000)]
  0x0000026943b11ec0 JavaThread "Worker-Main-2" daemon [_thread_blocked, id=6372, stack(0x0000006bdb500000,0x0000006bdb600000)]
  0x0000026943b18400 JavaThread "Worker-Main-3" daemon [_thread_blocked, id=20400, stack(0x0000006bdb600000,0x0000006bdb700000)]
  0x0000026943b18e20 JavaThread "Worker-Main-4" daemon [_thread_blocked, id=42524, stack(0x0000006bdb700000,0x0000006bdb800000)]
  0x0000026943b16ab0 JavaThread "Worker-Main-5" daemon [_thread_blocked, id=65008, stack(0x0000006bdb800000,0x0000006bdb900000)]
  0x0000026943b165a0 JavaThread "Worker-Main-6" daemon [_thread_blocked, id=45336, stack(0x0000006bdb900000,0x0000006bdba00000)]
  0x0000026943b174d0 JavaThread "Worker-Main-7" daemon [_thread_blocked, id=71388, stack(0x0000006bdba00000,0x0000006bdbb00000)]
  0x0000026943b15670 JavaThread "Worker-Main-8" daemon [_thread_blocked, id=42848, stack(0x0000006bdbb00000,0x0000006bdbc00000)]
  0x0000026943b17ef0 JavaThread "Worker-Main-9" daemon [_thread_blocked, id=52204, stack(0x0000006bdbc00000,0x0000006bdbd00000)]
  0x0000026943b19330 JavaThread "Worker-Main-10" daemon [_thread_blocked, id=17896, stack(0x0000006bdbd00000,0x0000006bdbe00000)]
  0x0000026943b16fc0 JavaThread "Worker-Main-11" daemon [_thread_blocked, id=1240, stack(0x0000006bdbe00000,0x0000006bdbf00000)]
  0x0000026943b179e0 JavaThread "Worker-Main-12" daemon [_thread_blocked, id=17832, stack(0x0000006bdbf00000,0x0000006bdc000000)]
  0x0000026943b18910 JavaThread "Worker-Main-13" daemon [_thread_blocked, id=73032, stack(0x0000006bdc000000,0x0000006bdc100000)]
  0x0000026943b15b80 JavaThread "Worker-Main-14" daemon [_thread_blocked, id=48464, stack(0x0000006bdc100000,0x0000006bdc200000)]
  0x000002694414e640 JavaThread "Worker-Main-15" daemon [_thread_blocked, id=54084, stack(0x0000006bdc500000,0x0000006bdc600000)]
  0x000002694414e130 JavaThread "Worker-Main-16" daemon [_thread_blocked, id=78612, stack(0x0000006bdc600000,0x0000006bdc700000)]
  0x000002694414dc20 JavaThread "Worker-Main-17" daemon [_thread_blocked, id=5324, stack(0x0000006bdc700000,0x0000006bdc800000)]
  0x000002694414ccf0 JavaThread "Worker-Main-18" daemon [_thread_blocked, id=67800, stack(0x0000006bdc800000,0x0000006bdc900000)]
  0x000002694414c7e0 JavaThread "Worker-Main-19" daemon [_thread_blocked, id=1328, stack(0x0000006bdc900000,0x0000006bdca00000)]
  0x000002694414f570 JavaThread "Worker-Main-20" daemon [_thread_blocked, id=78960, stack(0x0000006bdca00000,0x0000006bdcb00000)]
  0x000002694414eb50 JavaThread "Worker-Main-21" daemon [_thread_blocked, id=44468, stack(0x0000006bdcb00000,0x0000006bdcc00000)]
  0x000002694414f060 JavaThread "Worker-Main-22" daemon [_thread_blocked, id=46688, stack(0x0000006bdcc00000,0x0000006bdcd00000)]
  0x000002694414fa80 JavaThread "Worker-Main-23" daemon [_thread_blocked, id=40992, stack(0x0000006bdcd00000,0x0000006bdce00000)]
  0x000002694414c2d0 JavaThread "Worker-Main-24" daemon [_thread_blocked, id=45392, stack(0x0000006bdce00000,0x0000006bdcf00000)]
  0x0000026944151df0 JavaThread "Worker-Main-26" daemon [_thread_blocked, id=40920, stack(0x0000006bdd000000,0x0000006bdd100000)]
  0x0000026944153740 JavaThread "Worker-Main-27" daemon [_thread_blocked, id=23092, stack(0x0000006bdd100000,0x0000006bdd200000)]
  0x0000026944152810 JavaThread "Worker-Main-28" daemon [_thread_blocked, id=30840, stack(0x0000006bdd200000,0x0000006bdd300000)]
  0x00000269441504a0 JavaThread "Worker-Main-29" daemon [_thread_blocked, id=40040, stack(0x0000006bdd300000,0x0000006bdd400000)]
  0x000002694414ff90 JavaThread "Worker-Main-30" daemon [_thread_blocked, id=25296, stack(0x0000006bdd400000,0x0000006bdd500000)]
  0x0000026944153c50 JavaThread "Worker-Main-31" daemon [_thread_blocked, id=41976, stack(0x0000006bdd500000,0x0000006bdd600000)]
  0x0000026944150ec0 JavaThread "HttpClient-1-SelectorManager" daemon [_thread_in_native, id=72800, stack(0x0000006bdda00000,0x0000006bddb00000)]
  0x000002694264f0a0 JavaThread "Server thread" [_thread_in_Java, id=1384, stack(0x0000006bd6900000,0x0000006bd6a00000)]
  0x0000026942652d60 JavaThread "FileSystemWatchService" daemon [_thread_in_native, id=78928, stack(0x0000006bd6d00000,0x0000006bd6e00000)]
  0x0000026942653270 JavaThread "IO-Worker-33" [_thread_blocked, id=3120, stack(0x0000006bdc200000,0x0000006bdc300000)]
  0x0000026941b275f0 JavaThread "IO-Worker-34" [_thread_blocked, id=64340, stack(0x0000006bdc400000,0x0000006bdc500000)]
  0x000002695aa83980 JavaThread "Java2D Disposer" daemon [_thread_blocked, id=9912, stack(0x0000006bdf000000,0x0000006bdf100000)]
  0x000002695aa82540 JavaThread "Netty Server IO #0" daemon [_thread_in_native, id=49996, stack(0x0000006bdf100000,0x0000006bdf200000)]
  0x000002695aa83e90 JavaThread "Netty Local Client IO #0" daemon [_thread_blocked, id=42500, stack(0x0000006bdf200000,0x0000006bdf300000)]
  0x000002695aa81610 JavaThread "Netty Server IO #1" daemon [_thread_in_native, id=55456, stack(0x0000006bdf300000,0x0000006bdf400000)]
  0x000002695aa82030 JavaThread "Sound engine" daemon [_thread_blocked, id=72860, stack(0x0000006bdf400000,0x0000006bdf500000)]
  0x000002695aa83470 JavaThread "ForkJoinPool.commonPool-worker-1" daemon [_thread_blocked, id=74640, stack(0x0000006bdf500000,0x0000006bdf600000)]
  0x000002695aa87130 JavaThread "ForkJoinPool.commonPool-worker-3" daemon [_thread_blocked, id=22080, stack(0x0000006bdf700000,0x0000006bdf800000)]
  0x000002695aa84dc0 JavaThread "ForkJoinPool.commonPool-worker-4" daemon [_thread_blocked, id=62808, stack(0x0000006bdf800000,0x0000006bdf900000)]
  0x000002695aa88060 JavaThread "ForkJoinPool.commonPool-worker-5" daemon [_thread_blocked, id=21928, stack(0x0000006bdf900000,0x0000006bdfa00000)]
  0x000002695aa852d0 JavaThread "ForkJoinPool.commonPool-worker-6" daemon [_thread_blocked, id=23144, stack(0x0000006bdfa00000,0x0000006bdfb00000)]
  0x000002695aa87b50 JavaThread "ForkJoinPool.commonPool-worker-7" daemon [_thread_blocked, id=15716, stack(0x0000006bdfb00000,0x0000006bdfc00000)]
  0x00000269437ffc00 JavaThread "ForkJoinPool.commonPool-worker-8" daemon [_thread_blocked, id=38040, stack(0x0000006bdfc00000,0x0000006bdfd00000)]
  0x00000269437ff6f0 JavaThread "ForkJoinPool.commonPool-worker-9" daemon [_thread_blocked, id=47180, stack(0x0000006bdfd00000,0x0000006bdfe00000)]
  0x0000026943801a60 JavaThread "ForkJoinPool.commonPool-worker-10" daemon [_thread_blocked, id=73468, stack(0x0000006bdfe00000,0x0000006bdff00000)]
  0x0000026943801f70 JavaThread "ForkJoinPool.commonPool-worker-11" daemon [_thread_blocked, id=44696, stack(0x0000006bdff00000,0x0000006be0000000)]
  0x00000269437fecd0 JavaThread "ForkJoinPool.commonPool-worker-19" daemon [_thread_blocked, id=69544, stack(0x0000006be0000000,0x0000006be0100000)]
  0x00000269438038c0 JavaThread "ForkJoinPool.commonPool-worker-13" daemon [_thread_blocked, id=59156, stack(0x0000006be0100000,0x0000006be0200000)]
  0x0000026943800110 JavaThread "ForkJoinPool.commonPool-worker-14" daemon [_thread_blocked, id=81184, stack(0x0000006be0200000,0x0000006be0300000)]
  0x0000026941b24d70 JavaThread "ForkJoinPool.commonPool-worker-15" daemon [_thread_blocked, id=72920, stack(0x0000006be0300000,0x0000006be0400000)]
  0x0000026941b25790 JavaThread "ForkJoinPool.commonPool-worker-16" daemon [_thread_blocked, id=63740, stack(0x0000006be0400000,0x0000006be0500000)]
  0x0000026941b261b0 JavaThread "ForkJoinPool.commonPool-worker-17" daemon [_thread_blocked, id=63588, stack(0x0000006be0500000,0x0000006be0600000)]
  0x0000026941b266c0 JavaThread "ForkJoinPool.commonPool-worker-18" daemon [_thread_blocked, id=65472, stack(0x0000006be0600000,0x0000006be0700000)]
  0x0000026941b270e0 JavaThread "ForkJoinPool.commonPool-worker-12" daemon [_thread_blocked, id=5544, stack(0x0000006be0700000,0x0000006be0800000)]
  0x0000026941b27b00 JavaThread "ForkJoinPool.commonPool-worker-20" daemon [_thread_blocked, id=77844, stack(0x0000006be0800000,0x0000006be0900000)]
  0x0000026942651e30 JavaThread "ForkJoinPool.commonPool-worker-22" daemon [_thread_blocked, id=38220, stack(0x0000006be0a00000,0x0000006be0b00000)]
  0x000002694264eb90 JavaThread "ForkJoinPool.commonPool-worker-23" daemon [_thread_blocked, id=49228, stack(0x0000006be0b00000,0x0000006be0c00000)]
  0x0000026942652850 JavaThread "ForkJoinPool.commonPool-worker-24" daemon [_thread_blocked, id=1476, stack(0x0000006be0c00000,0x0000006be0d00000)]
  0x0000026942653c90 JavaThread "ForkJoinPool.commonPool-worker-25" daemon [_thread_blocked, id=2368, stack(0x0000006be0d00000,0x0000006be0e00000)]
  0x00000269426555e0 JavaThread "ForkJoinPool.commonPool-worker-26" daemon [_thread_blocked, id=40020, stack(0x0000006be0e00000,0x0000006be0f00000)]
  0x0000026943b14c50 JavaThread "ForkJoinPool.commonPool-worker-27" daemon [_thread_blocked, id=12172, stack(0x0000006be0f00000,0x0000006be1000000)]
  0x0000026943b16090 JavaThread "ForkJoinPool.commonPool-worker-28" daemon [_thread_blocked, id=74800, stack(0x0000006be1000000,0x0000006be1100000)]
  0x0000026943b13810 JavaThread "ForkJoinPool.commonPool-worker-29" daemon [_thread_blocked, id=55816, stack(0x0000006be1100000,0x0000006be1200000)]
  0x0000026943b13d20 JavaThread "ForkJoinPool.commonPool-worker-30" daemon [_thread_blocked, id=41288, stack(0x0000006be1200000,0x0000006be1300000)]
  0x000002694414d200 JavaThread "ForkJoinPool.commonPool-worker-31" daemon [_thread_blocked, id=65420, stack(0x0000006be1300000,0x0000006be1400000)]
  0x0000026945efdda0 JavaThread "Netty Server IO #2" daemon [_thread_in_native, id=56944, stack(0x0000006bd6100000,0x0000006bd6200000)]
  0x0000026945efce70 JavaThread "LanServerPinger #1" daemon [_thread_blocked, id=69640, stack(0x0000006bd6300000,0x0000006bd6400000)]
  0x0000026951dfbfe0 JavaThread "C1 CompilerThread1" daemon [_thread_blocked, id=3888, stack(0x0000006bd6e00000,0x0000006bd6f00000)]
  0x0000026945efa0e0 JavaThread "Netty Server IO #3" daemon [_thread_in_native, id=49756, stack(0x0000006bd6400000,0x0000006bd6500000)]
  0x0000026945f00110 JavaThread "Keep-Alive-Timer" daemon [_thread_blocked, id=3040, stack(0x0000006bd6b00000,0x0000006bd6c00000)]
=>0x0000026951df8020 JavaThread "C2 CompilerThread1" daemon [_thread_in_native, id=61144, stack(0x0000006bd6700000,0x0000006bd6800000)]
  0x0000026951dfe510 JavaThread "C2 CompilerThread2" daemon [_thread_in_native, id=22660, stack(0x0000006bd6800000,0x0000006bd6900000)]
  0x0000026951dfefb0 JavaThread "C1 CompilerThread2" daemon [_thread_blocked, id=31680, stack(0x0000006bd6c00000,0x0000006bd6d00000)]
  0x0000026951dff500 JavaThread "C1 CompilerThread3" daemon [_thread_blocked, id=82316, stack(0x0000006bd6f00000,0x0000006bd7000000)]
  0x0000026951dffa50 JavaThread "C2 CompilerThread3" daemon [_thread_in_native, id=21724, stack(0x0000006bd7000000,0x0000006bd7100000)]
  0x0000026944407ca0 JavaThread "C2 CompilerThread4" daemon [_thread_in_native, id=79100, stack(0x0000006bd8a00000,0x0000006bd8b00000)]
  0x0000026944419d00 JavaThread "C2 CompilerThread5" daemon [_thread_in_native, id=78460, stack(0x0000006bd8c00000,0x0000006bd8d00000)]
  0x000002694441a7a0 JavaThread "C2 CompilerThread6" daemon [_thread_in_native, id=75992, stack(0x0000006bd9700000,0x0000006bd9800000)]
  0x0000026948f72470 JavaThread "C2 CompilerThread7" daemon [_thread_in_native, id=1388, stack(0x0000006bda400000,0x0000006bda500000)]
  0x0000026945c435c0 JavaThread "C2 CompilerThread8" daemon [_thread_in_native, id=20440, stack(0x0000006bda700000,0x0000006bda800000)]
  0x0000026945c43070 JavaThread "C2 CompilerThread9" daemon [_thread_in_native, id=14076, stack(0x0000006bdac00000,0x0000006bdad00000)]
  0x0000026945efb520 JavaThread "IO-Worker-36" [_thread_blocked, id=83568, stack(0x0000006bdaf00000,0x0000006bdb000000)]
  0x0000026945efba30 JavaThread "IO-Worker-37" [_thread_blocked, id=56772, stack(0x0000006bdcf00000,0x0000006bdd000000)]
  0x000002695aa80bf0 JavaThread "Worker-Main-38" daemon [_thread_blocked, id=77876, stack(0x0000006bdd900000,0x0000006bdda00000)]

Other Threads:
  0x00000268fb2fbbf0 VMThread "VM Thread" [stack: 0x0000006bd5700000,0x0000006bd5800000] [id=25280]
  0x00000268fb6d7670 WatcherThread [stack: 0x0000006bd6600000,0x0000006bd6700000] [id=37412]
  0x00000268f171fca0 GCTaskThread "GC Thread#0" [stack: 0x0000006bd5200000,0x0000006bd5300000] [id=65264]
  0x0000026941ebefe0 GCTaskThread "GC Thread#1" [stack: 0x0000006bd7100000,0x0000006bd7200000] [id=45416]
  0x0000026941857d60 GCTaskThread "GC Thread#2" [stack: 0x0000006bd7200000,0x0000006bd7300000] [id=13452]
  0x0000026941c8fc50 GCTaskThread "GC Thread#3" [stack: 0x0000006bd7300000,0x0000006bd7400000] [id=20576]
  0x0000026941dc9a30 GCTaskThread "GC Thread#4" [stack: 0x0000006bd7400000,0x0000006bd7500000] [id=43928]
  0x0000026941f11420 GCTaskThread "GC Thread#5" [stack: 0x0000006bd7500000,0x0000006bd7600000] [id=21792]
  0x0000026942038d60 GCTaskThread "GC Thread#6" [stack: 0x0000006bd7600000,0x0000006bd7700000] [id=59204]
  0x0000026942039020 GCTaskThread "GC Thread#7" [stack: 0x0000006bd7700000,0x0000006bd7800000] [id=65236]
  0x0000026941e9f0f0 GCTaskThread "GC Thread#8" [stack: 0x0000006bd7800000,0x0000006bd7900000] [id=76776]
  0x0000026941e9f3b0 GCTaskThread "GC Thread#9" [stack: 0x0000006bd7900000,0x0000006bd7a00000] [id=80660]
  0x00000269411d8310 GCTaskThread "GC Thread#10" [stack: 0x0000006bd7a00000,0x0000006bd7b00000] [id=10040]
  0x00000269411d8b50 GCTaskThread "GC Thread#11" [stack: 0x0000006bd7b00000,0x0000006bd7c00000] [id=49068]
  0x00000269411d7810 GCTaskThread "GC Thread#12" [stack: 0x0000006bd7c00000,0x0000006bd7d00000] [id=74308]
  0x00000269411d8050 GCTaskThread "GC Thread#13" [stack: 0x0000006bd7d00000,0x0000006bd7e00000] [id=80832]
  0x00000269411d7550 GCTaskThread "GC Thread#14" [stack: 0x0000006bd7e00000,0x0000006bd7f00000] [id=84888]
  0x00000269411d85d0 GCTaskThread "GC Thread#15" [stack: 0x0000006bd7f00000,0x0000006bd8000000] [id=63496]
  0x00000269411d8890 GCTaskThread "GC Thread#16" [stack: 0x0000006bd8000000,0x0000006bd8100000] [id=50656]
  0x00000269411d7290 GCTaskThread "GC Thread#17" [stack: 0x0000006bd8100000,0x0000006bd8200000] [id=55888]
  0x00000269411d6fd0 GCTaskThread "GC Thread#18" [stack: 0x0000006bd8200000,0x0000006bd8300000] [id=74568]
  0x00000269411d7ad0 GCTaskThread "GC Thread#19" [stack: 0x0000006bd8300000,0x0000006bd8400000] [id=53884]
  0x00000269411d7d90 GCTaskThread "GC Thread#20" [stack: 0x0000006bd8400000,0x0000006bd8500000] [id=73808]
  0x0000026941d0e7f0 GCTaskThread "GC Thread#21" [stack: 0x0000006bd8500000,0x0000006bd8600000] [id=84032]
  0x0000026941d0cf30 GCTaskThread "GC Thread#22" [stack: 0x0000006bd8600000,0x0000006bd8700000] [id=6352]
  0x00000268d90ddf50 ConcurrentGCThread "G1 Main Marker" [stack: 0x0000006bd5300000,0x0000006bd5400000] [id=83240]
  0x00000268f1763020 ConcurrentGCThread "G1 Conc#0" [stack: 0x0000006bd5400000,0x0000006bd5500000] [id=38804]
  0x0000026941d0d1f0 ConcurrentGCThread "G1 Conc#1" [stack: 0x0000006bd9000000,0x0000006bd9100000] [id=33076]
  0x0000026941d0f2f0 ConcurrentGCThread "G1 Conc#2" [stack: 0x0000006bd9100000,0x0000006bd9200000] [id=63648]
  0x0000026941d0dfb0 ConcurrentGCThread "G1 Conc#3" [stack: 0x0000006bd9200000,0x0000006bd9300000] [id=18272]
  0x0000026941d100b0 ConcurrentGCThread "G1 Conc#4" [stack: 0x0000006bd9300000,0x0000006bd9400000] [id=1308]
  0x0000026941d0eab0 ConcurrentGCThread "G1 Conc#5" [stack: 0x0000006bd9400000,0x0000006bd9500000] [id=75892]
  0x00000268f1890060 ConcurrentGCThread "G1 Refine#0" [stack: 0x0000006bd5500000,0x0000006bd5600000] [id=32528]
  0x00000269424aa5f0 ConcurrentGCThread "G1 Refine#1" [stack: 0x0000006bd9900000,0x0000006bd9a00000] [id=54484]
  0x000002694804fbc0 ConcurrentGCThread "G1 Refine#2" [stack: 0x0000006bdb100000,0x0000006bdb200000] [id=27296]
  0x0000026948215780 ConcurrentGCThread "G1 Refine#3" [stack: 0x0000006bdd600000,0x0000006bdd700000] [id=84060]
  0x00000269482151a0 ConcurrentGCThread "G1 Refine#4" [stack: 0x0000006bdd700000,0x0000006bdd800000] [id=78880]
  0x0000026948216340 ConcurrentGCThread "G1 Refine#5" [stack: 0x0000006bdd800000,0x0000006bdd900000] [id=75688]
  0x00000269533823a0 ConcurrentGCThread "G1 Refine#6" [stack: 0x0000006bdc300000,0x0000006bdc400000] [id=42644]
  0x000002694947eac0 ConcurrentGCThread "G1 Refine#7" [stack: 0x0000006bddd00000,0x0000006bdde00000] [id=68248]
  0x0000026953995e10 ConcurrentGCThread "G1 Refine#8" [stack: 0x0000006bdde00000,0x0000006bddf00000] [id=17864]
  0x000002694947edb0 ConcurrentGCThread "G1 Refine#9" [stack: 0x0000006bddf00000,0x0000006bde000000] [id=65664]
  0x00000269533817e0 ConcurrentGCThread "G1 Refine#10" [stack: 0x0000006bde000000,0x0000006bde100000] [id=70016]
  0x0000026950698ca0 ConcurrentGCThread "G1 Refine#11" [stack: 0x0000006bde100000,0x0000006bde200000] [id=14504]
  0x0000026953381ad0 ConcurrentGCThread "G1 Refine#12" [stack: 0x0000006bde200000,0x0000006bde300000] [id=51040]
  0x00000269529ed680 ConcurrentGCThread "G1 Refine#13" [stack: 0x0000006bde300000,0x0000006bde400000] [id=58932]
  0x00000269495a2dc0 ConcurrentGCThread "G1 Refine#14" [stack: 0x0000006bde400000,0x0000006bde500000] [id=70500]
  0x0000026953381dc0 ConcurrentGCThread "G1 Refine#15" [stack: 0x0000006bde500000,0x0000006bde600000] [id=31664]
  0x00000269495a3dd0 ConcurrentGCThread "G1 Refine#16" [stack: 0x0000006bde600000,0x0000006bde700000] [id=3080]
  0x00000269533820b0 ConcurrentGCThread "G1 Refine#17" [stack: 0x0000006bde700000,0x0000006bde800000] [id=84496]
  0x0000026942d51260 ConcurrentGCThread "G1 Refine#18" [stack: 0x0000006bde800000,0x0000006bde900000] [id=82108]
  0x0000026949094d90 ConcurrentGCThread "G1 Refine#19" [stack: 0x0000006bde900000,0x0000006bdea00000] [id=83448]
  0x0000026946c7b640 ConcurrentGCThread "G1 Refine#20" [stack: 0x0000006bdea00000,0x0000006bdeb00000] [id=49640]
  0x0000026946c7bc20 ConcurrentGCThread "G1 Refine#21" [stack: 0x0000006bdeb00000,0x0000006bdec00000] [id=5480]
  0x00000269514f8570 ConcurrentGCThread "G1 Refine#22" [stack: 0x0000006bdec00000,0x0000006bded00000] [id=23088]
  0x00000268f1890930 ConcurrentGCThread "G1 Service" [stack: 0x0000006bd5600000,0x0000006bd5700000] [id=13572]

Threads with active compile tasks:
C2 CompilerThread0   191718 39708       4       io.netty.buffer.PooledByteBuf::deallocate (79 bytes)
C2 CompilerThread1   191718 39476       4       net.minecraft.world.level.NaturalSpawner::spawnCategoryForPosition (494 bytes)
C2 CompilerThread2   191718 39550       4       io.netty.buffer.PoolChunk::initBufWithSubpage (132 bytes)
C2 CompilerThread3   191719 39548   !   4       io.netty.buffer.PoolArena::tcacheAllocateSmall (233 bytes)
C2 CompilerThread4   191719 39662       4       io.netty.buffer.PoolThreadCache$SubPageMemoryRegionCache::initBuf (13 bytes)
C2 CompilerThread5   191719 39450 %     4       net.minecraft.server.level.ThreadedLevelLightEngine::runUpdate @ 28 (160 bytes)
C2 CompilerThread6   191719 39710   !   4       io.netty.handler.codec.MessageToByteEncoder::write (157 bytes)
C2 CompilerThread7   191719 39711       4       io.netty.buffer.AbstractByteBufAllocator::ioBuffer (29 bytes)
C2 CompilerThread8   191720 39580       4       io.netty.buffer.PoolThreadCache$MemoryRegionCache::allocate (60 bytes)
C2 CompilerThread9   191720 39424       4       net.minecraft.server.level.ChunkHolder::updateFutures (500 bytes)

VM state: not at safepoint (normal execution)

VM Mutex/Monitor currently owned by a thread: None

Heap address: 0x000000040d800000, size: 16168 MB, Compressed Oops mode: Zero based, Oop shift amount: 3

CDS archive(s) mapped at: [0x00000268fc000000-0x00000268fcbb0000-0x00000268fcbb0000), size 12255232, SharedBaseAddress: 0x00000268fc000000, ArchiveRelocationMode: 1.
Compressed class space mapped at: 0x00000268fd000000-0x000002693d000000, reserved size: 1073741824
Narrow klass base: 0x00000268fc000000, Narrow klass shift: 0, Narrow klass range: 0x100000000

GC Precious Log:
 CPUs: 32 total, 32 available
 Memory: 64650M
 Large Page Support: Disabled
 NUMA Support: Disabled
 Compressed Oops: Enabled (Zero based)
 Heap Region Size: 8M
 Heap Min Capacity: 8M
 Heap Initial Capacity: 1016M
 Heap Max Capacity: 16168M
 Pre-touch: Disabled
 Parallel Workers: 23
 Concurrent Workers: 6
 Concurrent Refinement Workers: 23
 Periodic GC: Disabled

Heap:
 garbage-first heap   total 3784704K, used 2217986K [0x000000040d800000, 0x0000000800000000)
  region size 8192K, 97 young (794624K), 7 survivors (57344K)
 Metaspace       used 159796K, committed 161792K, reserved 1245184K
  class space    used 24210K, committed 25152K, reserved 1048576K

Heap Regions: E=young(eden), S=young(survivor), O=old, HS=humongous(starts), HC=humongous(continues), CS=collection set, F=free, OA=open archive, CA=closed archive, TAMS=top-at-mark-start (previous, next)
|   0|0x000000040d800000, 0x000000040e000000, 0x000000040e000000|100%| O|  |TAMS 0x000000040e000000, 0x000000040d800000| Untracked 
|   1|0x000000040e000000, 0x000000040e800000, 0x000000040e800000|100%| O|  |TAMS 0x000000040e800000, 0x000000040e000000| Untracked 
|   2|0x000000040e800000, 0x000000040f000000, 0x000000040f000000|100%| O|  |TAMS 0x000000040f000000, 0x000000040e800000| Untracked 
|   3|0x000000040f000000, 0x000000040f800000, 0x000000040f800000|100%| O|  |TAMS 0x000000040f800000, 0x000000040f000000| Untracked 
|   4|0x000000040f800000, 0x0000000410000000, 0x0000000410000000|100%| O|  |TAMS 0x0000000410000000, 0x000000040f800000| Untracked 
|   5|0x0000000410000000, 0x0000000410800000, 0x0000000410800000|100%| O|  |TAMS 0x0000000410800000, 0x0000000410000000| Untracked 
|   6|0x0000000410800000, 0x0000000411000000, 0x0000000411000000|100%| O|  |TAMS 0x0000000411000000, 0x0000000410800000| Untracked 
|   7|0x0000000411000000, 0x0000000411800000, 0x0000000411800000|100%| O|  |TAMS 0x0000000411800000, 0x0000000411000000| Untracked 
|   8|0x0000000411800000, 0x0000000412000000, 0x0000000412000000|100%| O|  |TAMS 0x0000000412000000, 0x0000000411800000| Untracked 
|   9|0x0000000412000000, 0x0000000412800000, 0x0000000412800000|100%| O|  |TAMS 0x0000000412800000, 0x0000000412000000| Untracked 
|  10|0x0000000412800000, 0x0000000413000000, 0x0000000413000000|100%| O|  |TAMS 0x0000000413000000, 0x0000000412800000| Untracked 
|  11|0x0000000413000000, 0x0000000413800000, 0x0000000413800000|100%| O|  |TAMS 0x0000000413800000, 0x0000000413000000| Untracked 
|  12|0x0000000413800000, 0x0000000414000000, 0x0000000414000000|100%|HS|  |TAMS 0x0000000414000000, 0x0000000413800000| Complete 
|  13|0x0000000414000000, 0x0000000414800000, 0x0000000414800000|100%|HC|  |TAMS 0x0000000414800000, 0x0000000414000000| Complete 
|  14|0x0000000414800000, 0x0000000415000000, 0x0000000415000000|100%| O|  |TAMS 0x0000000415000000, 0x0000000414800000| Untracked 
|  15|0x0000000415000000, 0x0000000415800000, 0x0000000415800000|100%| O|  |TAMS 0x0000000415000000, 0x0000000415000000| Untracked 
|  16|0x0000000415800000, 0x0000000416000000, 0x0000000416000000|100%| O|  |TAMS 0x0000000416000000, 0x0000000415800000| Untracked 
|  17|0x0000000416000000, 0x0000000416800000, 0x0000000416800000|100%| O|  |TAMS 0x0000000416800000, 0x0000000416000000| Untracked 
|  18|0x0000000416800000, 0x0000000417000000, 0x0000000417000000|100%| O|  |TAMS 0x0000000417000000, 0x0000000416800000| Untracked 
|  19|0x0000000417000000, 0x0000000417800000, 0x0000000417800000|100%| O|  |TAMS 0x0000000417800000, 0x0000000417000000| Untracked 
|  20|0x0000000417800000, 0x0000000418000000, 0x0000000418000000|100%| O|  |TAMS 0x0000000418000000, 0x0000000417800000| Untracked 
|  21|0x0000000418000000, 0x0000000418800000, 0x0000000418800000|100%| O|  |TAMS 0x0000000418800000, 0x0000000418000000| Untracked 
|  22|0x0000000418800000, 0x0000000419000000, 0x0000000419000000|100%| O|  |TAMS 0x0000000419000000, 0x0000000418800000| Untracked 
|  23|0x0000000419000000, 0x0000000419800000, 0x0000000419800000|100%| O|  |TAMS 0x0000000419800000, 0x0000000419000000| Untracked 
|  24|0x0000000419800000, 0x000000041a000000, 0x000000041a000000|100%| O|  |TAMS 0x000000041a000000, 0x0000000419800000| Untracked 
|  25|0x000000041a000000, 0x000000041a800000, 0x000000041a800000|100%| O|  |TAMS 0x000000041a800000, 0x000000041a000000| Untracked 
|  26|0x000000041a800000, 0x000000041b000000, 0x000000041b000000|100%| O|  |TAMS 0x000000041b000000, 0x000000041a800000| Untracked 
|  27|0x000000041b000000, 0x000000041b800000, 0x000000041b800000|100%| O|  |TAMS 0x000000041b800000, 0x000000041b000000| Untracked 
|  28|0x000000041b800000, 0x000000041c000000, 0x000000041c000000|100%| O|  |TAMS 0x000000041c000000, 0x000000041b800000| Untracked 
|  29|0x000000041c000000, 0x000000041c800000, 0x000000041c800000|100%| O|  |TAMS 0x000000041c800000, 0x000000041c000000| Untracked 
|  30|0x000000041c800000, 0x000000041d000000, 0x000000041d000000|100%| O|  |TAMS 0x000000041d000000, 0x000000041c800000| Untracked 
|  31|0x000000041d000000, 0x000000041d800000, 0x000000041d800000|100%| O|  |TAMS 0x000000041d800000, 0x000000041d000000| Untracked 
|  32|0x000000041d800000, 0x000000041e000000, 0x000000041e000000|100%| O|  |TAMS 0x000000041e000000, 0x000000041d800000| Untracked 
|  33|0x000000041e000000, 0x000000041e800000, 0x000000041e800000|100%| O|  |TAMS 0x000000041e800000, 0x000000041e000000| Untracked 
|  34|0x000000041e800000, 0x000000041f000000, 0x000000041f000000|100%| O|  |TAMS 0x000000041f000000, 0x000000041e800000| Untracked 
|  35|0x000000041f000000, 0x000000041f800000, 0x000000041f800000|100%| O|  |TAMS 0x000000041f800000, 0x000000041f000000| Untracked 
|  36|0x000000041f800000, 0x0000000420000000, 0x0000000420000000|100%| O|  |TAMS 0x0000000420000000, 0x000000041f800000| Untracked 
|  37|0x0000000420000000, 0x0000000420800000, 0x0000000420800000|100%| O|  |TAMS 0x0000000420800000, 0x0000000420000000| Untracked 
|  38|0x0000000420800000, 0x0000000421000000, 0x0000000421000000|100%| O|  |TAMS 0x0000000421000000, 0x0000000420800000| Untracked 
|  39|0x0000000421000000, 0x0000000421800000, 0x0000000421800000|100%| O|  |TAMS 0x0000000421800000, 0x0000000421000000| Untracked 
|  40|0x0000000421800000, 0x0000000422000000, 0x0000000422000000|100%| O|  |TAMS 0x0000000422000000, 0x0000000421800000| Untracked 
|  41|0x0000000422000000, 0x0000000422800000, 0x0000000422800000|100%| O|  |TAMS 0x0000000422800000, 0x0000000422000000| Untracked 
|  42|0x0000000422800000, 0x0000000423000000, 0x0000000423000000|100%| O|  |TAMS 0x0000000423000000, 0x0000000422800000| Untracked 
|  43|0x0000000423000000, 0x0000000423800000, 0x0000000423800000|100%| O|  |TAMS 0x0000000423800000, 0x0000000423000000| Untracked 
|  44|0x0000000423800000, 0x0000000424000000, 0x0000000424000000|100%| O|  |TAMS 0x0000000424000000, 0x0000000423800000| Untracked 
|  45|0x0000000424000000, 0x0000000424800000, 0x0000000424800000|100%| O|  |TAMS 0x0000000424800000, 0x0000000424000000| Untracked 
|  46|0x0000000424800000, 0x0000000425000000, 0x0000000425000000|100%| O|  |TAMS 0x0000000425000000, 0x0000000424800000| Untracked 
|  47|0x0000000425000000, 0x0000000425800000, 0x0000000425800000|100%| O|  |TAMS 0x0000000425800000, 0x0000000425000000| Untracked 
|  48|0x0000000425800000, 0x0000000426000000, 0x0000000426000000|100%| O|  |TAMS 0x0000000426000000, 0x0000000425800000| Untracked 
|  49|0x0000000426000000, 0x0000000426800000, 0x0000000426800000|100%| O|  |TAMS 0x0000000426800000, 0x0000000426000000| Untracked 
|  50|0x0000000426800000, 0x0000000427000000, 0x0000000427000000|100%| O|  |TAMS 0x0000000427000000, 0x0000000426800000| Untracked 
|  51|0x0000000427000000, 0x0000000427800000, 0x0000000427800000|100%| O|  |TAMS 0x0000000427800000, 0x0000000427000000| Untracked 
|  52|0x0000000427800000, 0x0000000428000000, 0x0000000428000000|100%| O|  |TAMS 0x0000000428000000, 0x0000000427800000| Untracked 
|  53|0x0000000428000000, 0x0000000428800000, 0x0000000428800000|100%| O|  |TAMS 0x0000000428800000, 0x0000000428000000| Untracked 
|  54|0x0000000428800000, 0x0000000429000000, 0x0000000429000000|100%| O|  |TAMS 0x0000000429000000, 0x0000000428800000| Untracked 
|  55|0x0000000429000000, 0x0000000429800000, 0x0000000429800000|100%| O|  |TAMS 0x0000000429800000, 0x0000000429000000| Untracked 
|  56|0x0000000429800000, 0x000000042a000000, 0x000000042a000000|100%| O|  |TAMS 0x000000042a000000, 0x0000000429800000| Untracked 
|  57|0x000000042a000000, 0x000000042a800000, 0x000000042a800000|100%| O|  |TAMS 0x000000042a800000, 0x000000042a000000| Untracked 
|  58|0x000000042a800000, 0x000000042b000000, 0x000000042b000000|100%| O|  |TAMS 0x000000042b000000, 0x000000042a800000| Untracked 
|  59|0x000000042b000000, 0x000000042b800000, 0x000000042b800000|100%| O|  |TAMS 0x000000042b800000, 0x000000042b000000| Untracked 
|  60|0x000000042b800000, 0x000000042c000000, 0x000000042c000000|100%| O|  |TAMS 0x000000042c000000, 0x000000042b800000| Untracked 
|  61|0x000000042c000000, 0x000000042c800000, 0x000000042c800000|100%| O|  |TAMS 0x000000042c800000, 0x000000042c000000| Untracked 
|  62|0x000000042c800000, 0x000000042d000000, 0x000000042d000000|100%| O|  |TAMS 0x000000042d000000, 0x000000042c800000| Untracked 
|  63|0x000000042d000000, 0x000000042d800000, 0x000000042d800000|100%| O|  |TAMS 0x000000042d800000, 0x000000042d000000| Untracked 
|  64|0x000000042d800000, 0x000000042e000000, 0x000000042e000000|100%| O|  |TAMS 0x000000042e000000, 0x000000042d800000| Untracked 
|  65|0x000000042e000000, 0x000000042e800000, 0x000000042e800000|100%| O|  |TAMS 0x000000042e800000, 0x000000042e000000| Untracked 
|  66|0x000000042e800000, 0x000000042f000000, 0x000000042f000000|100%| O|  |TAMS 0x000000042e800000, 0x000000042e800000| Untracked 
|  67|0x000000042f000000, 0x000000042f800000, 0x000000042f800000|100%| O|  |TAMS 0x000000042f800000, 0x000000042f000000| Untracked 
|  68|0x000000042f800000, 0x0000000430000000, 0x0000000430000000|100%| O|  |TAMS 0x0000000430000000, 0x000000042f800000| Untracked 
|  69|0x0000000430000000, 0x0000000430800000, 0x0000000430800000|100%| O|  |TAMS 0x0000000430800000, 0x0000000430000000| Untracked 
|  70|0x0000000430800000, 0x0000000431000000, 0x0000000431000000|100%| O|  |TAMS 0x0000000431000000, 0x0000000430800000| Untracked 
|  71|0x0000000431000000, 0x0000000431800000, 0x0000000431800000|100%| O|  |TAMS 0x0000000431800000, 0x0000000431000000| Untracked 
|  72|0x0000000431800000, 0x0000000432000000, 0x0000000432000000|100%| O|  |TAMS 0x0000000432000000, 0x0000000431800000| Untracked 
|  73|0x0000000432000000, 0x0000000432800000, 0x0000000432800000|100%| O|  |TAMS 0x0000000432800000, 0x0000000432000000| Untracked 
|  74|0x0000000432800000, 0x0000000433000000, 0x0000000433000000|100%| O|  |TAMS 0x0000000433000000, 0x0000000432800000| Untracked 
|  75|0x0000000433000000, 0x0000000433800000, 0x0000000433800000|100%| O|  |TAMS 0x0000000433800000, 0x0000000433000000| Untracked 
|  76|0x0000000433800000, 0x0000000434000000, 0x0000000434000000|100%| O|  |TAMS 0x0000000434000000, 0x0000000433800000| Untracked 
|  77|0x0000000434000000, 0x0000000434800000, 0x0000000434800000|100%| O|  |TAMS 0x0000000434800000, 0x0000000434000000| Untracked 
|  78|0x0000000434800000, 0x0000000435000000, 0x0000000435000000|100%| O|  |TAMS 0x000000043483e200, 0x0000000434800000| Untracked 
|  79|0x0000000435000000, 0x0000000435800000, 0x0000000435800000|100%| O|  |TAMS 0x0000000435000000, 0x0000000435000000| Untracked 
|  80|0x0000000435800000, 0x0000000436000000, 0x0000000436000000|100%| O|  |TAMS 0x0000000435800000, 0x0000000435800000| Untracked 
|  81|0x0000000436000000, 0x0000000436800000, 0x0000000436800000|100%| O|  |TAMS 0x0000000436000000, 0x0000000436000000| Untracked 
|  82|0x0000000436800000, 0x0000000437000000, 0x0000000437000000|100%| O|  |TAMS 0x0000000436800000, 0x0000000436800000| Untracked 
|  83|0x0000000437000000, 0x0000000437800000, 0x0000000437800000|100%| O|  |TAMS 0x0000000437000000, 0x0000000437000000| Untracked 
|  84|0x0000000437800000, 0x0000000438000000, 0x0000000438000000|100%| O|  |TAMS 0x0000000437800000, 0x0000000437800000| Untracked 
|  85|0x0000000438000000, 0x0000000438800000, 0x0000000438800000|100%| O|  |TAMS 0x0000000438000000, 0x0000000438000000| Untracked 
|  86|0x0000000438800000, 0x0000000439000000, 0x0000000439000000|100%| O|  |TAMS 0x0000000438800000, 0x0000000438800000| Untracked 
|  87|0x0000000439000000, 0x0000000439800000, 0x0000000439800000|100%| O|  |TAMS 0x0000000439000000, 0x0000000439000000| Untracked 
|  88|0x0000000439800000, 0x000000043a000000, 0x000000043a000000|100%| O|  |TAMS 0x0000000439800000, 0x0000000439800000| Untracked 
|  89|0x000000043a000000, 0x000000043a800000, 0x000000043a800000|100%| O|  |TAMS 0x000000043a000000, 0x000000043a000000| Untracked 
|  90|0x000000043a800000, 0x000000043b000000, 0x000000043b000000|100%| O|  |TAMS 0x000000043a800000, 0x000000043a800000| Untracked 
|  91|0x000000043b000000, 0x000000043b800000, 0x000000043b800000|100%| O|  |TAMS 0x000000043b000000, 0x000000043b000000| Untracked 
|  92|0x000000043b800000, 0x000000043c000000, 0x000000043c000000|100%| O|  |TAMS 0x000000043b800000, 0x000000043b800000| Untracked 
|  93|0x000000043c000000, 0x000000043c800000, 0x000000043c800000|100%| O|  |TAMS 0x000000043c000000, 0x000000043c000000| Untracked 
|  94|0x000000043c800000, 0x000000043d000000, 0x000000043d000000|100%| O|  |TAMS 0x000000043c800000, 0x000000043c800000| Untracked 
|  95|0x000000043d000000, 0x000000043d800000, 0x000000043d800000|100%| O|  |TAMS 0x000000043d000000, 0x000000043d000000| Untracked 
|  96|0x000000043d800000, 0x000000043e000000, 0x000000043e000000|100%| O|  |TAMS 0x000000043d800000, 0x000000043d800000| Untracked 
|  97|0x000000043e000000, 0x000000043e800000, 0x000000043e800000|100%| O|  |TAMS 0x000000043e000000, 0x000000043e000000| Untracked 
|  98|0x000000043e800000, 0x000000043f000000, 0x000000043f000000|100%| O|  |TAMS 0x000000043e800000, 0x000000043e800000| Untracked 
|  99|0x000000043f000000, 0x000000043f800000, 0x000000043f800000|100%| O|  |TAMS 0x000000043f000000, 0x000000043f000000| Untracked 
| 100|0x000000043f800000, 0x0000000440000000, 0x0000000440000000|100%| O|  |TAMS 0x000000043f800000, 0x000000043f800000| Untracked 
| 101|0x0000000440000000, 0x0000000440800000, 0x0000000440800000|100%| O|  |TAMS 0x0000000440000000, 0x0000000440000000| Untracked 
| 102|0x0000000440800000, 0x0000000441000000, 0x0000000441000000|100%| O|  |TAMS 0x0000000440800000, 0x0000000440800000| Untracked 
| 103|0x0000000441000000, 0x0000000441800000, 0x0000000441800000|100%| O|  |TAMS 0x0000000441000000, 0x0000000441000000| Untracked 
| 104|0x0000000441800000, 0x0000000442000000, 0x0000000442000000|100%| O|  |TAMS 0x0000000441800000, 0x0000000441800000| Untracked 
| 105|0x0000000442000000, 0x0000000442800000, 0x0000000442800000|100%| O|  |TAMS 0x0000000442000000, 0x0000000442000000| Untracked 
| 106|0x0000000442800000, 0x0000000443000000, 0x0000000443000000|100%| O|  |TAMS 0x0000000442800000, 0x0000000442800000| Untracked 
| 107|0x0000000443000000, 0x0000000443800000, 0x0000000443800000|100%| O|  |TAMS 0x0000000443000000, 0x0000000443000000| Untracked 
| 108|0x0000000443800000, 0x0000000444000000, 0x0000000444000000|100%| O|  |TAMS 0x0000000443800000, 0x0000000443800000| Untracked 
| 109|0x0000000444000000, 0x0000000444800000, 0x0000000444800000|100%| O|  |TAMS 0x0000000444000000, 0x0000000444000000| Untracked 
| 110|0x0000000444800000, 0x0000000445000000, 0x0000000445000000|100%| O|  |TAMS 0x0000000444800000, 0x0000000444800000| Untracked 
| 111|0x0000000445000000, 0x0000000445800000, 0x0000000445800000|100%| O|  |TAMS 0x0000000445000000, 0x0000000445000000| Untracked 
| 112|0x0000000445800000, 0x0000000446000000, 0x0000000446000000|100%| O|  |TAMS 0x0000000445800000, 0x0000000445800000| Untracked 
| 113|0x0000000446000000, 0x0000000446800000, 0x0000000446800000|100%| O|  |TAMS 0x0000000446000000, 0x0000000446000000| Untracked 
| 114|0x0000000446800000, 0x0000000447000000, 0x0000000447000000|100%| O|  |TAMS 0x0000000446800000, 0x0000000446800000| Untracked 
| 115|0x0000000447000000, 0x0000000447800000, 0x0000000447800000|100%| O|  |TAMS 0x0000000447000000, 0x0000000447000000| Untracked 
| 116|0x0000000447800000, 0x0000000448000000, 0x0000000448000000|100%| O|  |TAMS 0x0000000447800000, 0x0000000447800000| Untracked 
| 117|0x0000000448000000, 0x0000000448800000, 0x0000000448800000|100%| O|  |TAMS 0x0000000448000000, 0x0000000448000000| Untracked 
| 118|0x0000000448800000, 0x0000000449000000, 0x0000000449000000|100%| O|  |TAMS 0x0000000448800000, 0x0000000448800000| Untracked 
| 119|0x0000000449000000, 0x0000000449800000, 0x0000000449800000|100%| O|  |TAMS 0x0000000449000000, 0x0000000449000000| Untracked 
| 120|0x0000000449800000, 0x000000044a000000, 0x000000044a000000|100%| O|  |TAMS 0x0000000449800000, 0x0000000449800000| Untracked 
| 121|0x000000044a000000, 0x000000044a800000, 0x000000044a800000|100%| O|  |TAMS 0x000000044a000000, 0x000000044a000000| Untracked 
| 122|0x000000044a800000, 0x000000044b000000, 0x000000044b000000|100%| O|  |TAMS 0x000000044a800000, 0x000000044a800000| Untracked 
| 123|0x000000044b000000, 0x000000044b800000, 0x000000044b800000|100%| O|  |TAMS 0x000000044b000000, 0x000000044b000000| Untracked 
| 124|0x000000044b800000, 0x000000044c000000, 0x000000044c000000|100%| O|  |TAMS 0x000000044b800000, 0x000000044b800000| Untracked 
| 125|0x000000044c000000, 0x000000044c800000, 0x000000044c800000|100%| O|  |TAMS 0x000000044c000000, 0x000000044c000000| Untracked 
| 126|0x000000044c800000, 0x000000044d000000, 0x000000044d000000|100%| O|  |TAMS 0x000000044c800000, 0x000000044c800000| Untracked 
| 127|0x000000044d000000, 0x000000044d800000, 0x000000044d800000|100%| O|  |TAMS 0x000000044d000000, 0x000000044d000000| Untracked 
| 128|0x000000044d800000, 0x000000044e000000, 0x000000044e000000|100%| O|  |TAMS 0x000000044d800000, 0x000000044d800000| Untracked 
| 129|0x000000044e000000, 0x000000044e800000, 0x000000044e800000|100%| O|  |TAMS 0x000000044e000000, 0x000000044e000000| Untracked 
| 130|0x000000044e800000, 0x000000044f000000, 0x000000044f000000|100%| O|  |TAMS 0x000000044e800000, 0x000000044e800000| Untracked 
| 131|0x000000044f000000, 0x000000044f800000, 0x000000044f800000|100%| O|  |TAMS 0x000000044f000000, 0x000000044f000000| Untracked 
| 132|0x000000044f800000, 0x0000000450000000, 0x0000000450000000|100%| O|  |TAMS 0x000000044f800000, 0x000000044f800000| Untracked 
| 133|0x0000000450000000, 0x0000000450800000, 0x0000000450800000|100%| O|  |TAMS 0x0000000450000000, 0x0000000450000000| Untracked 
| 134|0x0000000450800000, 0x0000000451000000, 0x0000000451000000|100%| O|  |TAMS 0x0000000450800000, 0x0000000450800000| Untracked 
| 135|0x0000000451000000, 0x0000000451800000, 0x0000000451800000|100%| O|  |TAMS 0x0000000451000000, 0x0000000451000000| Untracked 
| 136|0x0000000451800000, 0x0000000452000000, 0x0000000452000000|100%| O|  |TAMS 0x0000000451800000, 0x0000000451800000| Untracked 
| 137|0x0000000452000000, 0x0000000452800000, 0x0000000452800000|100%| O|  |TAMS 0x0000000452000000, 0x0000000452000000| Untracked 
| 138|0x0000000452800000, 0x0000000453000000, 0x0000000453000000|100%| O|  |TAMS 0x0000000452800000, 0x0000000452800000| Untracked 
| 139|0x0000000453000000, 0x0000000453800000, 0x0000000453800000|100%| O|  |TAMS 0x0000000453000000, 0x0000000453000000| Untracked 
| 140|0x0000000453800000, 0x0000000454000000, 0x0000000454000000|100%| O|  |TAMS 0x0000000453800000, 0x0000000453800000| Untracked 
| 141|0x0000000454000000, 0x0000000454800000, 0x0000000454800000|100%| O|  |TAMS 0x0000000454000000, 0x0000000454000000| Untracked 
| 142|0x0000000454800000, 0x0000000455000000, 0x0000000455000000|100%| O|  |TAMS 0x0000000454800000, 0x0000000454800000| Untracked 
| 143|0x0000000455000000, 0x0000000455800000, 0x0000000455800000|100%| O|  |TAMS 0x0000000455000000, 0x0000000455000000| Untracked 
| 144|0x0000000455800000, 0x0000000456000000, 0x0000000456000000|100%| O|  |TAMS 0x0000000455800000, 0x0000000455800000| Untracked 
| 145|0x0000000456000000, 0x0000000456800000, 0x0000000456800000|100%| O|  |TAMS 0x0000000456000000, 0x0000000456000000| Untracked 
| 146|0x0000000456800000, 0x0000000457000000, 0x0000000457000000|100%| O|  |TAMS 0x0000000456800000, 0x0000000456800000| Untracked 
| 147|0x0000000457000000, 0x0000000457800000, 0x0000000457800000|100%| O|  |TAMS 0x0000000457000000, 0x0000000457000000| Untracked 
| 148|0x0000000457800000, 0x0000000458000000, 0x0000000458000000|100%| O|  |TAMS 0x0000000457800000, 0x0000000457800000| Untracked 
| 149|0x0000000458000000, 0x0000000458800000, 0x0000000458800000|100%| O|  |TAMS 0x0000000458000000, 0x0000000458000000| Untracked 
| 150|0x0000000458800000, 0x0000000459000000, 0x0000000459000000|100%| O|  |TAMS 0x0000000458800000, 0x0000000458800000| Untracked 
| 151|0x0000000459000000, 0x0000000459800000, 0x0000000459800000|100%| O|  |TAMS 0x0000000459000000, 0x0000000459000000| Untracked 
| 152|0x0000000459800000, 0x000000045a000000, 0x000000045a000000|100%| O|  |TAMS 0x0000000459800000, 0x0000000459800000| Untracked 
| 153|0x000000045a000000, 0x000000045a800000, 0x000000045a800000|100%| O|  |TAMS 0x000000045a000000, 0x000000045a000000| Untracked 
| 154|0x000000045a800000, 0x000000045b000000, 0x000000045b000000|100%| O|  |TAMS 0x000000045a800000, 0x000000045a800000| Untracked 
| 155|0x000000045b000000, 0x000000045b800000, 0x000000045b800000|100%| O|  |TAMS 0x000000045b000000, 0x000000045b000000| Untracked 
| 156|0x000000045b800000, 0x000000045c000000, 0x000000045c000000|100%| O|  |TAMS 0x000000045b800000, 0x000000045b800000| Untracked 
| 157|0x000000045c000000, 0x000000045c800000, 0x000000045c800000|100%| O|  |TAMS 0x000000045c000000, 0x000000045c000000| Untracked 
| 158|0x000000045c800000, 0x000000045d000000, 0x000000045d000000|100%| O|  |TAMS 0x000000045c800000, 0x000000045c800000| Untracked 
| 159|0x000000045d000000, 0x000000045d800000, 0x000000045d800000|100%| O|  |TAMS 0x000000045d000000, 0x000000045d000000| Untracked 
| 160|0x000000045d800000, 0x000000045e000000, 0x000000045e000000|100%| O|  |TAMS 0x000000045d800000, 0x000000045d800000| Untracked 
| 161|0x000000045e000000, 0x000000045e800000, 0x000000045e800000|100%| O|  |TAMS 0x000000045e000000, 0x000000045e000000| Untracked 
| 162|0x000000045e800000, 0x000000045f000000, 0x000000045f000000|100%| O|  |TAMS 0x000000045e800000, 0x000000045e800000| Untracked 
| 163|0x000000045f000000, 0x000000045f800000, 0x000000045f800000|100%| O|  |TAMS 0x000000045f000000, 0x000000045f000000| Untracked 
| 164|0x000000045f800000, 0x0000000460000000, 0x0000000460000000|100%| O|  |TAMS 0x000000045f800000, 0x000000045f800000| Untracked 
| 165|0x0000000460000000, 0x0000000460800000, 0x0000000460800000|100%| O|  |TAMS 0x0000000460000000, 0x0000000460000000| Untracked 
| 166|0x0000000460800000, 0x0000000461000000, 0x0000000461000000|100%| O|  |TAMS 0x0000000460800000, 0x0000000460800000| Untracked 
| 167|0x0000000461000000, 0x0000000461800000, 0x0000000461800000|100%| O|  |TAMS 0x0000000461000000, 0x0000000461000000| Untracked 
| 168|0x0000000461800000, 0x0000000462000000, 0x0000000462000000|100%| O|  |TAMS 0x0000000461800000, 0x0000000461800000| Untracked 
| 169|0x0000000462000000, 0x0000000462800000, 0x0000000462800000|100%| O|  |TAMS 0x0000000462000000, 0x0000000462000000| Untracked 
| 170|0x0000000462800000, 0x0000000463000000, 0x0000000463000000|100%| O|  |TAMS 0x0000000462800000, 0x0000000462800000| Untracked 
| 171|0x0000000463000000, 0x0000000463800000, 0x0000000463800000|100%| O|  |TAMS 0x0000000463000000, 0x0000000463000000| Untracked 
| 172|0x0000000463800000, 0x0000000464000000, 0x0000000464000000|100%| O|  |TAMS 0x0000000463800000, 0x0000000463800000| Untracked 
| 173|0x0000000464000000, 0x0000000464789e00, 0x0000000464800000| 94%| O|  |TAMS 0x0000000464000000, 0x0000000464000000| Untracked 
| 174|0x0000000464800000, 0x0000000465000000, 0x0000000465000000|100%|HS|  |TAMS 0x0000000464800000, 0x0000000464800000| Complete 
| 175|0x0000000465000000, 0x0000000465000000, 0x0000000465800000|  0%| F|  |TAMS 0x0000000465000000, 0x0000000465000000| Untracked 
| 176|0x0000000465800000, 0x0000000465800000, 0x0000000466000000|  0%| F|  |TAMS 0x0000000465800000, 0x0000000465800000| Untracked 
| 177|0x0000000466000000, 0x0000000466000000, 0x0000000466800000|  0%| F|  |TAMS 0x0000000466000000, 0x0000000466000000| Untracked 
| 178|0x0000000466800000, 0x0000000466800000, 0x0000000467000000|  0%| F|  |TAMS 0x0000000466800000, 0x0000000466800000| Untracked 
| 179|0x0000000467000000, 0x0000000467000000, 0x0000000467800000|  0%| F|  |TAMS 0x0000000467000000, 0x0000000467000000| Untracked 
| 180|0x0000000467800000, 0x0000000467800000, 0x0000000468000000|  0%| F|  |TAMS 0x0000000467800000, 0x0000000467800000| Untracked 
| 181|0x0000000468000000, 0x0000000468000000, 0x0000000468800000|  0%| F|  |TAMS 0x0000000468000000, 0x0000000468000000| Untracked 
| 182|0x0000000468800000, 0x0000000468800000, 0x0000000469000000|  0%| F|  |TAMS 0x0000000468800000, 0x0000000468800000| Untracked 
| 183|0x0000000469000000, 0x0000000469000000, 0x0000000469800000|  0%| F|  |TAMS 0x0000000469000000, 0x0000000469000000| Untracked 
| 184|0x0000000469800000, 0x0000000469800000, 0x000000046a000000|  0%| F|  |TAMS 0x0000000469800000, 0x0000000469800000| Untracked 
| 185|0x000000046a000000, 0x000000046a000000, 0x000000046a800000|  0%| F|  |TAMS 0x000000046a000000, 0x000000046a000000| Untracked 
| 186|0x000000046a800000, 0x000000046a800000, 0x000000046b000000|  0%| F|  |TAMS 0x000000046a800000, 0x000000046a800000| Untracked 
| 187|0x000000046b000000, 0x000000046b000000, 0x000000046b800000|  0%| F|  |TAMS 0x000000046b000000, 0x000000046b000000| Untracked 
| 188|0x000000046b800000, 0x000000046b800000, 0x000000046c000000|  0%| F|  |TAMS 0x000000046b800000, 0x000000046b800000| Untracked 
| 189|0x000000046c000000, 0x000000046c000000, 0x000000046c800000|  0%| F|  |TAMS 0x000000046c000000, 0x000000046c000000| Untracked 
| 190|0x000000046c800000, 0x000000046c800000, 0x000000046d000000|  0%| F|  |TAMS 0x000000046c800000, 0x000000046c800000| Untracked 
| 191|0x000000046d000000, 0x000000046d000000, 0x000000046d800000|  0%| F|  |TAMS 0x000000046d000000, 0x000000046d000000| Untracked 
| 192|0x000000046d800000, 0x000000046d800000, 0x000000046e000000|  0%| F|  |TAMS 0x000000046d800000, 0x000000046d800000| Untracked 
| 193|0x000000046e000000, 0x000000046e000000, 0x000000046e800000|  0%| F|  |TAMS 0x000000046e000000, 0x000000046e000000| Untracked 
| 194|0x000000046e800000, 0x000000046e800000, 0x000000046f000000|  0%| F|  |TAMS 0x000000046e800000, 0x000000046e800000| Untracked 
| 195|0x000000046f000000, 0x000000046f000000, 0x000000046f800000|  0%| F|  |TAMS 0x000000046f000000, 0x000000046f000000| Untracked 
| 196|0x000000046f800000, 0x000000046f800000, 0x0000000470000000|  0%| F|  |TAMS 0x000000046f800000, 0x000000046f800000| Untracked 
| 197|0x0000000470000000, 0x0000000470000000, 0x0000000470800000|  0%| F|  |TAMS 0x0000000470000000, 0x0000000470000000| Untracked 
| 198|0x0000000470800000, 0x0000000470800000, 0x0000000471000000|  0%| F|  |TAMS 0x0000000470800000, 0x0000000470800000| Untracked 
| 199|0x0000000471000000, 0x0000000471000000, 0x0000000471800000|  0%| F|  |TAMS 0x0000000471000000, 0x0000000471000000| Untracked 
| 200|0x0000000471800000, 0x0000000471800000, 0x0000000472000000|  0%| F|  |TAMS 0x0000000471800000, 0x0000000471800000| Untracked 
| 201|0x0000000472000000, 0x0000000472000000, 0x0000000472800000|  0%| F|  |TAMS 0x0000000472000000, 0x0000000472000000| Untracked 
| 202|0x0000000472800000, 0x0000000472800000, 0x0000000473000000|  0%| F|  |TAMS 0x0000000472800000, 0x0000000472800000| Untracked 
| 203|0x0000000473000000, 0x0000000473000000, 0x0000000473800000|  0%| F|  |TAMS 0x0000000473000000, 0x0000000473000000| Untracked 
| 204|0x0000000473800000, 0x0000000473800000, 0x0000000474000000|  0%| F|  |TAMS 0x0000000473800000, 0x0000000473800000| Untracked 
| 205|0x0000000474000000, 0x0000000474000000, 0x0000000474800000|  0%| F|  |TAMS 0x0000000474000000, 0x0000000474000000| Untracked 
| 206|0x0000000474800000, 0x0000000474800000, 0x0000000475000000|  0%| F|  |TAMS 0x0000000474800000, 0x0000000474800000| Untracked 
| 207|0x0000000475000000, 0x0000000475000000, 0x0000000475800000|  0%| F|  |TAMS 0x0000000475000000, 0x0000000475000000| Untracked 
| 208|0x0000000475800000, 0x0000000475800000, 0x0000000476000000|  0%| F|  |TAMS 0x0000000475800000, 0x0000000475800000| Untracked 
| 209|0x0000000476000000, 0x0000000476000000, 0x0000000476800000|  0%| F|  |TAMS 0x0000000476000000, 0x0000000476000000| Untracked 
| 210|0x0000000476800000, 0x0000000476800000, 0x0000000477000000|  0%| F|  |TAMS 0x0000000476800000, 0x0000000476800000| Untracked 
| 211|0x0000000477000000, 0x0000000477000000, 0x0000000477800000|  0%| F|  |TAMS 0x0000000477000000, 0x0000000477000000| Untracked 
| 212|0x0000000477800000, 0x0000000477800000, 0x0000000478000000|  0%| F|  |TAMS 0x0000000477800000, 0x0000000477800000| Untracked 
| 213|0x0000000478000000, 0x0000000478000000, 0x0000000478800000|  0%| F|  |TAMS 0x0000000478000000, 0x0000000478000000| Untracked 
| 214|0x0000000478800000, 0x0000000478800000, 0x0000000479000000|  0%| F|  |TAMS 0x0000000478800000, 0x0000000478800000| Untracked 
| 215|0x0000000479000000, 0x0000000479000000, 0x0000000479800000|  0%| F|  |TAMS 0x0000000479000000, 0x0000000479000000| Untracked 
| 216|0x0000000479800000, 0x0000000479800000, 0x000000047a000000|  0%| F|  |TAMS 0x0000000479800000, 0x0000000479800000| Untracked 
| 217|0x000000047a000000, 0x000000047a000000, 0x000000047a800000|  0%| F|  |TAMS 0x000000047a000000, 0x000000047a000000| Untracked 
| 218|0x000000047a800000, 0x000000047a800000, 0x000000047b000000|  0%| F|  |TAMS 0x000000047a800000, 0x000000047a800000| Untracked 
| 219|0x000000047b000000, 0x000000047b000000, 0x000000047b800000|  0%| F|  |TAMS 0x000000047b000000, 0x000000047b000000| Untracked 
| 220|0x000000047b800000, 0x000000047b800000, 0x000000047c000000|  0%| F|  |TAMS 0x000000047b800000, 0x000000047b800000| Untracked 
| 221|0x000000047c000000, 0x000000047c000000, 0x000000047c800000|  0%| F|  |TAMS 0x000000047c000000, 0x000000047c000000| Untracked 
| 222|0x000000047c800000, 0x000000047c800000, 0x000000047d000000|  0%| F|  |TAMS 0x000000047c800000, 0x000000047c800000| Untracked 
| 223|0x000000047d000000, 0x000000047d000000, 0x000000047d800000|  0%| F|  |TAMS 0x000000047d000000, 0x000000047d000000| Untracked 
| 224|0x000000047d800000, 0x000000047d800000, 0x000000047e000000|  0%| F|  |TAMS 0x000000047d800000, 0x000000047d800000| Untracked 
| 225|0x000000047e000000, 0x000000047e000000, 0x000000047e800000|  0%| F|  |TAMS 0x000000047e000000, 0x000000047e000000| Untracked 
| 226|0x000000047e800000, 0x000000047e800000, 0x000000047f000000|  0%| F|  |TAMS 0x000000047e800000, 0x000000047e800000| Untracked 
| 227|0x000000047f000000, 0x000000047f000000, 0x000000047f800000|  0%| F|  |TAMS 0x000000047f000000, 0x000000047f000000| Untracked 
| 228|0x000000047f800000, 0x000000047f800000, 0x0000000480000000|  0%| F|  |TAMS 0x000000047f800000, 0x000000047f800000| Untracked 
| 229|0x0000000480000000, 0x0000000480000000, 0x0000000480800000|  0%| F|  |TAMS 0x0000000480000000, 0x0000000480000000| Untracked 
| 230|0x0000000480800000, 0x0000000480800000, 0x0000000481000000|  0%| F|  |TAMS 0x0000000480800000, 0x0000000480800000| Untracked 
| 231|0x0000000481000000, 0x0000000481000000, 0x0000000481800000|  0%| F|  |TAMS 0x0000000481000000, 0x0000000481000000| Untracked 
| 232|0x0000000481800000, 0x0000000481800000, 0x0000000482000000|  0%| F|  |TAMS 0x0000000481800000, 0x0000000481800000| Untracked 
| 233|0x0000000482000000, 0x0000000482000000, 0x0000000482800000|  0%| F|  |TAMS 0x0000000482000000, 0x0000000482000000| Untracked 
| 234|0x0000000482800000, 0x0000000482800000, 0x0000000483000000|  0%| F|  |TAMS 0x0000000482800000, 0x0000000482800000| Untracked 
| 235|0x0000000483000000, 0x0000000483676b60, 0x0000000483800000| 80%| S|CS|TAMS 0x0000000483000000, 0x0000000483000000| Complete 
| 236|0x0000000483800000, 0x0000000484000000, 0x0000000484000000|100%| S|CS|TAMS 0x0000000483800000, 0x0000000483800000| Complete 
| 237|0x0000000484000000, 0x0000000484800000, 0x0000000484800000|100%| S|CS|TAMS 0x0000000484000000, 0x0000000484000000| Complete 
| 238|0x0000000484800000, 0x0000000485000000, 0x0000000485000000|100%| S|CS|TAMS 0x0000000484800000, 0x0000000484800000| Complete 
| 239|0x0000000485000000, 0x0000000485800000, 0x0000000485800000|100%| S|CS|TAMS 0x0000000485000000, 0x0000000485000000| Complete 
| 240|0x0000000485800000, 0x0000000486000000, 0x0000000486000000|100%| S|CS|TAMS 0x0000000485800000, 0x0000000485800000| Complete 
| 241|0x0000000486000000, 0x0000000486800000, 0x0000000486800000|100%| S|CS|TAMS 0x0000000486000000, 0x0000000486000000| Complete 
| 242|0x0000000486800000, 0x0000000486800000, 0x0000000487000000|  0%| F|  |TAMS 0x0000000486800000, 0x0000000486800000| Untracked 
| 243|0x0000000487000000, 0x0000000487000000, 0x0000000487800000|  0%| F|  |TAMS 0x0000000487000000, 0x0000000487000000| Untracked 
| 244|0x0000000487800000, 0x0000000487800000, 0x0000000488000000|  0%| F|  |TAMS 0x0000000487800000, 0x0000000487800000| Untracked 
| 245|0x0000000488000000, 0x0000000488000000, 0x0000000488800000|  0%| F|  |TAMS 0x0000000488000000, 0x0000000488000000| Untracked 
| 246|0x0000000488800000, 0x0000000488800000, 0x0000000489000000|  0%| F|  |TAMS 0x0000000488800000, 0x0000000488800000| Untracked 
| 247|0x0000000489000000, 0x0000000489000000, 0x0000000489800000|  0%| F|  |TAMS 0x0000000489000000, 0x0000000489000000| Untracked 
| 248|0x0000000489800000, 0x0000000489800000, 0x000000048a000000|  0%| F|  |TAMS 0x0000000489800000, 0x0000000489800000| Untracked 
| 249|0x000000048a000000, 0x000000048a000000, 0x000000048a800000|  0%| F|  |TAMS 0x000000048a000000, 0x000000048a000000| Untracked 
| 250|0x000000048a800000, 0x000000048a800000, 0x000000048b000000|  0%| F|  |TAMS 0x000000048a800000, 0x000000048a800000| Untracked 
| 251|0x000000048b000000, 0x000000048b000000, 0x000000048b800000|  0%| F|  |TAMS 0x000000048b000000, 0x000000048b000000| Untracked 
| 252|0x000000048b800000, 0x000000048b800000, 0x000000048c000000|  0%| F|  |TAMS 0x000000048b800000, 0x000000048b800000| Untracked 
| 253|0x000000048c000000, 0x000000048c000000, 0x000000048c800000|  0%| F|  |TAMS 0x000000048c000000, 0x000000048c000000| Untracked 
| 254|0x000000048c800000, 0x000000048c800000, 0x000000048d000000|  0%| F|  |TAMS 0x000000048c800000, 0x000000048c800000| Untracked 
| 255|0x000000048d000000, 0x000000048d000000, 0x000000048d800000|  0%| F|  |TAMS 0x000000048d000000, 0x000000048d000000| Untracked 
| 256|0x000000048d800000, 0x000000048d800000, 0x000000048e000000|  0%| F|  |TAMS 0x000000048d800000, 0x000000048d800000| Untracked 
| 257|0x000000048e000000, 0x000000048e000000, 0x000000048e800000|  0%| F|  |TAMS 0x000000048e000000, 0x000000048e000000| Untracked 
| 258|0x000000048e800000, 0x000000048e800000, 0x000000048f000000|  0%| F|  |TAMS 0x000000048e800000, 0x000000048e800000| Untracked 
| 259|0x000000048f000000, 0x000000048f000000, 0x000000048f800000|  0%| F|  |TAMS 0x000000048f000000, 0x000000048f000000| Untracked 
| 260|0x000000048f800000, 0x000000048f800000, 0x0000000490000000|  0%| F|  |TAMS 0x000000048f800000, 0x000000048f800000| Untracked 
| 261|0x0000000490000000, 0x0000000490000000, 0x0000000490800000|  0%| F|  |TAMS 0x0000000490000000, 0x0000000490000000| Untracked 
| 262|0x0000000490800000, 0x0000000490800000, 0x0000000491000000|  0%| F|  |TAMS 0x0000000490800000, 0x0000000490800000| Untracked 
| 263|0x0000000491000000, 0x0000000491000000, 0x0000000491800000|  0%| F|  |TAMS 0x0000000491000000, 0x0000000491000000| Untracked 
| 264|0x0000000491800000, 0x0000000491800000, 0x0000000492000000|  0%| F|  |TAMS 0x0000000491800000, 0x0000000491800000| Untracked 
| 265|0x0000000492000000, 0x0000000492000000, 0x0000000492800000|  0%| F|  |TAMS 0x0000000492000000, 0x0000000492000000| Untracked 
| 266|0x0000000492800000, 0x0000000492800000, 0x0000000493000000|  0%| F|  |TAMS 0x0000000492800000, 0x0000000492800000| Untracked 
| 267|0x0000000493000000, 0x0000000493000000, 0x0000000493800000|  0%| F|  |TAMS 0x0000000493000000, 0x0000000493000000| Untracked 
| 268|0x0000000493800000, 0x0000000493800000, 0x0000000494000000|  0%| F|  |TAMS 0x0000000493800000, 0x0000000493800000| Untracked 
| 269|0x0000000494000000, 0x0000000494000000, 0x0000000494800000|  0%| F|  |TAMS 0x0000000494000000, 0x0000000494000000| Untracked 
| 270|0x0000000494800000, 0x0000000494800000, 0x0000000495000000|  0%| F|  |TAMS 0x0000000494800000, 0x0000000494800000| Untracked 
| 271|0x0000000495000000, 0x0000000495000000, 0x0000000495800000|  0%| F|  |TAMS 0x0000000495000000, 0x0000000495000000| Untracked 
| 272|0x0000000495800000, 0x0000000495800000, 0x0000000496000000|  0%| F|  |TAMS 0x0000000495800000, 0x0000000495800000| Untracked 
| 273|0x0000000496000000, 0x0000000496000000, 0x0000000496800000|  0%| F|  |TAMS 0x0000000496000000, 0x0000000496000000| Untracked 
| 274|0x0000000496800000, 0x0000000496800000, 0x0000000497000000|  0%| F|  |TAMS 0x0000000496800000, 0x0000000496800000| Untracked 
| 275|0x0000000497000000, 0x0000000497000000, 0x0000000497800000|  0%| F|  |TAMS 0x0000000497000000, 0x0000000497000000| Untracked 
| 276|0x0000000497800000, 0x0000000497800000, 0x0000000498000000|  0%| F|  |TAMS 0x0000000497800000, 0x0000000497800000| Untracked 
| 277|0x0000000498000000, 0x0000000498000000, 0x0000000498800000|  0%| F|  |TAMS 0x0000000498000000, 0x0000000498000000| Untracked 
| 278|0x0000000498800000, 0x0000000498800000, 0x0000000499000000|  0%| F|  |TAMS 0x0000000498800000, 0x0000000498800000| Untracked 
| 279|0x0000000499000000, 0x0000000499000000, 0x0000000499800000|  0%| F|  |TAMS 0x0000000499000000, 0x0000000499000000| Untracked 
| 280|0x0000000499800000, 0x0000000499800000, 0x000000049a000000|  0%| F|  |TAMS 0x0000000499800000, 0x0000000499800000| Untracked 
| 281|0x000000049a000000, 0x000000049a000000, 0x000000049a800000|  0%| F|  |TAMS 0x000000049a000000, 0x000000049a000000| Untracked 
| 282|0x000000049a800000, 0x000000049a800000, 0x000000049b000000|  0%| F|  |TAMS 0x000000049a800000, 0x000000049a800000| Untracked 
| 283|0x000000049b000000, 0x000000049b000000, 0x000000049b800000|  0%| F|  |TAMS 0x000000049b000000, 0x000000049b000000| Untracked 
| 284|0x000000049b800000, 0x000000049b800000, 0x000000049c000000|  0%| F|  |TAMS 0x000000049b800000, 0x000000049b800000| Untracked 
| 285|0x000000049c000000, 0x000000049c000000, 0x000000049c800000|  0%| F|  |TAMS 0x000000049c000000, 0x000000049c000000| Untracked 
| 286|0x000000049c800000, 0x000000049c800000, 0x000000049d000000|  0%| F|  |TAMS 0x000000049c800000, 0x000000049c800000| Untracked 
| 287|0x000000049d000000, 0x000000049d000000, 0x000000049d800000|  0%| F|  |TAMS 0x000000049d000000, 0x000000049d000000| Untracked 
| 288|0x000000049d800000, 0x000000049d800000, 0x000000049e000000|  0%| F|  |TAMS 0x000000049d800000, 0x000000049d800000| Untracked 
| 289|0x000000049e000000, 0x000000049e000000, 0x000000049e800000|  0%| F|  |TAMS 0x000000049e000000, 0x000000049e000000| Untracked 
| 290|0x000000049e800000, 0x000000049e800000, 0x000000049f000000|  0%| F|  |TAMS 0x000000049e800000, 0x000000049e800000| Untracked 
| 291|0x000000049f000000, 0x000000049f000000, 0x000000049f800000|  0%| F|  |TAMS 0x000000049f000000, 0x000000049f000000| Untracked 
| 292|0x000000049f800000, 0x000000049f800000, 0x00000004a0000000|  0%| F|  |TAMS 0x000000049f800000, 0x000000049f800000| Untracked 
| 293|0x00000004a0000000, 0x00000004a0000000, 0x00000004a0800000|  0%| F|  |TAMS 0x00000004a0000000, 0x00000004a0000000| Untracked 
| 294|0x00000004a0800000, 0x00000004a0800000, 0x00000004a1000000|  0%| F|  |TAMS 0x00000004a0800000, 0x00000004a0800000| Untracked 
| 295|0x00000004a1000000, 0x00000004a1000000, 0x00000004a1800000|  0%| F|  |TAMS 0x00000004a1000000, 0x00000004a1000000| Untracked 
| 296|0x00000004a1800000, 0x00000004a1800000, 0x00000004a2000000|  0%| F|  |TAMS 0x00000004a1800000, 0x00000004a1800000| Untracked 
| 297|0x00000004a2000000, 0x00000004a2000000, 0x00000004a2800000|  0%| F|  |TAMS 0x00000004a2000000, 0x00000004a2000000| Untracked 
| 298|0x00000004a2800000, 0x00000004a2800000, 0x00000004a3000000|  0%| F|  |TAMS 0x00000004a2800000, 0x00000004a2800000| Untracked 
| 299|0x00000004a3000000, 0x00000004a3000000, 0x00000004a3800000|  0%| F|  |TAMS 0x00000004a3000000, 0x00000004a3000000| Untracked 
| 300|0x00000004a3800000, 0x00000004a3800000, 0x00000004a4000000|  0%| F|  |TAMS 0x00000004a3800000, 0x00000004a3800000| Untracked 
| 301|0x00000004a4000000, 0x00000004a4000000, 0x00000004a4800000|  0%| F|  |TAMS 0x00000004a4000000, 0x00000004a4000000| Untracked 
| 302|0x00000004a4800000, 0x00000004a4800000, 0x00000004a5000000|  0%| F|  |TAMS 0x00000004a4800000, 0x00000004a4800000| Untracked 
| 303|0x00000004a5000000, 0x00000004a5000000, 0x00000004a5800000|  0%| F|  |TAMS 0x00000004a5000000, 0x00000004a5000000| Untracked 
| 304|0x00000004a5800000, 0x00000004a5800000, 0x00000004a6000000|  0%| F|  |TAMS 0x00000004a5800000, 0x00000004a5800000| Untracked 
| 305|0x00000004a6000000, 0x00000004a6000000, 0x00000004a6800000|  0%| F|  |TAMS 0x00000004a6000000, 0x00000004a6000000| Untracked 
| 306|0x00000004a6800000, 0x00000004a6800000, 0x00000004a7000000|  0%| F|  |TAMS 0x00000004a6800000, 0x00000004a6800000| Untracked 
| 307|0x00000004a7000000, 0x00000004a7000000, 0x00000004a7800000|  0%| F|  |TAMS 0x00000004a7000000, 0x00000004a7000000| Untracked 
| 308|0x00000004a7800000, 0x00000004a7800000, 0x00000004a8000000|  0%| F|  |TAMS 0x00000004a7800000, 0x00000004a7800000| Untracked 
| 309|0x00000004a8000000, 0x00000004a8000000, 0x00000004a8800000|  0%| F|  |TAMS 0x00000004a8000000, 0x00000004a8000000| Untracked 
| 310|0x00000004a8800000, 0x00000004a8800000, 0x00000004a9000000|  0%| F|  |TAMS 0x00000004a8800000, 0x00000004a8800000| Untracked 
| 311|0x00000004a9000000, 0x00000004a9000000, 0x00000004a9800000|  0%| F|  |TAMS 0x00000004a9000000, 0x00000004a9000000| Untracked 
| 312|0x00000004a9800000, 0x00000004a9800000, 0x00000004aa000000|  0%| F|  |TAMS 0x00000004a9800000, 0x00000004a9800000| Untracked 
| 313|0x00000004aa000000, 0x00000004aa000000, 0x00000004aa800000|  0%| F|  |TAMS 0x00000004aa000000, 0x00000004aa000000| Untracked 
| 314|0x00000004aa800000, 0x00000004aa800000, 0x00000004ab000000|  0%| F|  |TAMS 0x00000004aa800000, 0x00000004aa800000| Untracked 
| 315|0x00000004ab000000, 0x00000004ab000000, 0x00000004ab800000|  0%| F|  |TAMS 0x00000004ab000000, 0x00000004ab000000| Untracked 
| 316|0x00000004ab800000, 0x00000004ab800000, 0x00000004ac000000|  0%| F|  |TAMS 0x00000004ab800000, 0x00000004ab800000| Untracked 
| 317|0x00000004ac000000, 0x00000004ac000000, 0x00000004ac800000|  0%| F|  |TAMS 0x00000004ac000000, 0x00000004ac000000| Untracked 
| 318|0x00000004ac800000, 0x00000004ac800000, 0x00000004ad000000|  0%| F|  |TAMS 0x00000004ac800000, 0x00000004ac800000| Untracked 
| 319|0x00000004ad000000, 0x00000004ad000000, 0x00000004ad800000|  0%| F|  |TAMS 0x00000004ad000000, 0x00000004ad000000| Untracked 
| 320|0x00000004ad800000, 0x00000004ad800000, 0x00000004ae000000|  0%| F|  |TAMS 0x00000004ad800000, 0x00000004ad800000| Untracked 
| 321|0x00000004ae000000, 0x00000004ae000000, 0x00000004ae800000|  0%| F|  |TAMS 0x00000004ae000000, 0x00000004ae000000| Untracked 
| 322|0x00000004ae800000, 0x00000004ae800000, 0x00000004af000000|  0%| F|  |TAMS 0x00000004ae800000, 0x00000004ae800000| Untracked 
| 323|0x00000004af000000, 0x00000004af000000, 0x00000004af800000|  0%| F|  |TAMS 0x00000004af000000, 0x00000004af000000| Untracked 
| 324|0x00000004af800000, 0x00000004af800000, 0x00000004b0000000|  0%| F|  |TAMS 0x00000004af800000, 0x00000004af800000| Untracked 
| 325|0x00000004b0000000, 0x00000004b0000000, 0x00000004b0800000|  0%| F|  |TAMS 0x00000004b0000000, 0x00000004b0000000| Untracked 
| 326|0x00000004b0800000, 0x00000004b0800000, 0x00000004b1000000|  0%| F|  |TAMS 0x00000004b0800000, 0x00000004b0800000| Untracked 
| 327|0x00000004b1000000, 0x00000004b1000000, 0x00000004b1800000|  0%| F|  |TAMS 0x00000004b1000000, 0x00000004b1000000| Untracked 
| 328|0x00000004b1800000, 0x00000004b1800000, 0x00000004b2000000|  0%| F|  |TAMS 0x00000004b1800000, 0x00000004b1800000| Untracked 
| 329|0x00000004b2000000, 0x00000004b2000000, 0x00000004b2800000|  0%| F|  |TAMS 0x00000004b2000000, 0x00000004b2000000| Untracked 
| 330|0x00000004b2800000, 0x00000004b2800000, 0x00000004b3000000|  0%| F|  |TAMS 0x00000004b2800000, 0x00000004b2800000| Untracked 
| 331|0x00000004b3000000, 0x00000004b3000000, 0x00000004b3800000|  0%| F|  |TAMS 0x00000004b3000000, 0x00000004b3000000| Untracked 
| 332|0x00000004b3800000, 0x00000004b3800000, 0x00000004b4000000|  0%| F|  |TAMS 0x00000004b3800000, 0x00000004b3800000| Untracked 
| 333|0x00000004b4000000, 0x00000004b4000000, 0x00000004b4800000|  0%| F|  |TAMS 0x00000004b4000000, 0x00000004b4000000| Untracked 
| 334|0x00000004b4800000, 0x00000004b4800000, 0x00000004b5000000|  0%| F|  |TAMS 0x00000004b4800000, 0x00000004b4800000| Untracked 
| 335|0x00000004b5000000, 0x00000004b5000000, 0x00000004b5800000|  0%| F|  |TAMS 0x00000004b5000000, 0x00000004b5000000| Untracked 
| 336|0x00000004b5800000, 0x00000004b5800000, 0x00000004b6000000|  0%| F|  |TAMS 0x00000004b5800000, 0x00000004b5800000| Untracked 
| 337|0x00000004b6000000, 0x00000004b6000000, 0x00000004b6800000|  0%| F|  |TAMS 0x00000004b6000000, 0x00000004b6000000| Untracked 
| 338|0x00000004b6800000, 0x00000004b6800000, 0x00000004b7000000|  0%| F|  |TAMS 0x00000004b6800000, 0x00000004b6800000| Untracked 
| 339|0x00000004b7000000, 0x00000004b7000000, 0x00000004b7800000|  0%| F|  |TAMS 0x00000004b7000000, 0x00000004b7000000| Untracked 
| 340|0x00000004b7800000, 0x00000004b7800000, 0x00000004b8000000|  0%| F|  |TAMS 0x00000004b7800000, 0x00000004b7800000| Untracked 
| 341|0x00000004b8000000, 0x00000004b8000000, 0x00000004b8800000|  0%| F|  |TAMS 0x00000004b8000000, 0x00000004b8000000| Untracked 
| 342|0x00000004b8800000, 0x00000004b8800000, 0x00000004b9000000|  0%| F|  |TAMS 0x00000004b8800000, 0x00000004b8800000| Untracked 
| 343|0x00000004b9000000, 0x00000004b9000000, 0x00000004b9800000|  0%| F|  |TAMS 0x00000004b9000000, 0x00000004b9000000| Untracked 
| 344|0x00000004b9800000, 0x00000004b9800000, 0x00000004ba000000|  0%| F|  |TAMS 0x00000004b9800000, 0x00000004b9800000| Untracked 
| 345|0x00000004ba000000, 0x00000004ba000000, 0x00000004ba800000|  0%| F|  |TAMS 0x00000004ba000000, 0x00000004ba000000| Untracked 
| 346|0x00000004ba800000, 0x00000004ba800000, 0x00000004bb000000|  0%| F|  |TAMS 0x00000004ba800000, 0x00000004ba800000| Untracked 
| 347|0x00000004bb000000, 0x00000004bb000000, 0x00000004bb800000|  0%| F|  |TAMS 0x00000004bb000000, 0x00000004bb000000| Untracked 
| 348|0x00000004bb800000, 0x00000004bb800000, 0x00000004bc000000|  0%| F|  |TAMS 0x00000004bb800000, 0x00000004bb800000| Untracked 
| 349|0x00000004bc000000, 0x00000004bc000000, 0x00000004bc800000|  0%| F|  |TAMS 0x00000004bc000000, 0x00000004bc000000| Untracked 
| 350|0x00000004bc800000, 0x00000004bc800000, 0x00000004bd000000|  0%| F|  |TAMS 0x00000004bc800000, 0x00000004bc800000| Untracked 
| 351|0x00000004bd000000, 0x00000004bd000000, 0x00000004bd800000|  0%| F|  |TAMS 0x00000004bd000000, 0x00000004bd000000| Untracked 
| 352|0x00000004bd800000, 0x00000004bd800000, 0x00000004be000000|  0%| F|  |TAMS 0x00000004bd800000, 0x00000004bd800000| Untracked 
| 353|0x00000004be000000, 0x00000004be000000, 0x00000004be800000|  0%| F|  |TAMS 0x00000004be000000, 0x00000004be000000| Untracked 
| 354|0x00000004be800000, 0x00000004be800000, 0x00000004bf000000|  0%| F|  |TAMS 0x00000004be800000, 0x00000004be800000| Untracked 
| 355|0x00000004bf000000, 0x00000004bf000000, 0x00000004bf800000|  0%| F|  |TAMS 0x00000004bf000000, 0x00000004bf000000| Untracked 
| 356|0x00000004bf800000, 0x00000004bf800000, 0x00000004c0000000|  0%| F|  |TAMS 0x00000004bf800000, 0x00000004bf800000| Untracked 
| 357|0x00000004c0000000, 0x00000004c0000000, 0x00000004c0800000|  0%| F|  |TAMS 0x00000004c0000000, 0x00000004c0000000| Untracked 
| 358|0x00000004c0800000, 0x00000004c0800000, 0x00000004c1000000|  0%| F|  |TAMS 0x00000004c0800000, 0x00000004c0800000| Untracked 
| 359|0x00000004c1000000, 0x00000004c1000000, 0x00000004c1800000|  0%| F|  |TAMS 0x00000004c1000000, 0x00000004c1000000| Untracked 
| 360|0x00000004c1800000, 0x00000004c1800000, 0x00000004c2000000|  0%| F|  |TAMS 0x00000004c1800000, 0x00000004c1800000| Untracked 
| 361|0x00000004c2000000, 0x00000004c2000000, 0x00000004c2800000|  0%| F|  |TAMS 0x00000004c2000000, 0x00000004c2000000| Untracked 
| 362|0x00000004c2800000, 0x00000004c2800000, 0x00000004c3000000|  0%| F|  |TAMS 0x00000004c2800000, 0x00000004c2800000| Untracked 
| 363|0x00000004c3000000, 0x00000004c3000000, 0x00000004c3800000|  0%| F|  |TAMS 0x00000004c3000000, 0x00000004c3000000| Untracked 
| 364|0x00000004c3800000, 0x00000004c3800000, 0x00000004c4000000|  0%| F|  |TAMS 0x00000004c3800000, 0x00000004c3800000| Untracked 
| 365|0x00000004c4000000, 0x00000004c4000000, 0x00000004c4800000|  0%| F|  |TAMS 0x00000004c4000000, 0x00000004c4000000| Untracked 
| 366|0x00000004c4800000, 0x00000004c4800000, 0x00000004c5000000|  0%| F|  |TAMS 0x00000004c4800000, 0x00000004c4800000| Untracked 
| 367|0x00000004c5000000, 0x00000004c5000000, 0x00000004c5800000|  0%| F|  |TAMS 0x00000004c5000000, 0x00000004c5000000| Untracked 
| 368|0x00000004c5800000, 0x00000004c5800000, 0x00000004c6000000|  0%| F|  |TAMS 0x00000004c5800000, 0x00000004c5800000| Untracked 
| 369|0x00000004c6000000, 0x00000004c6000000, 0x00000004c6800000|  0%| F|  |TAMS 0x00000004c6000000, 0x00000004c6000000| Untracked 
| 370|0x00000004c6800000, 0x00000004c6800000, 0x00000004c7000000|  0%| F|  |TAMS 0x00000004c6800000, 0x00000004c6800000| Untracked 
| 371|0x00000004c7000000, 0x00000004c7800000, 0x00000004c7800000|100%| E|  |TAMS 0x00000004c7000000, 0x00000004c7000000| Complete 
| 372|0x00000004c7800000, 0x00000004c8000000, 0x00000004c8000000|100%| E|CS|TAMS 0x00000004c7800000, 0x00000004c7800000| Complete 
| 373|0x00000004c8000000, 0x00000004c8800000, 0x00000004c8800000|100%| E|CS|TAMS 0x00000004c8000000, 0x00000004c8000000| Complete 
| 374|0x00000004c8800000, 0x00000004c9000000, 0x00000004c9000000|100%| E|CS|TAMS 0x00000004c8800000, 0x00000004c8800000| Complete 
| 375|0x00000004c9000000, 0x00000004c9800000, 0x00000004c9800000|100%| E|CS|TAMS 0x00000004c9000000, 0x00000004c9000000| Complete 
| 376|0x00000004c9800000, 0x00000004ca000000, 0x00000004ca000000|100%| E|CS|TAMS 0x00000004c9800000, 0x00000004c9800000| Complete 
| 377|0x00000004ca000000, 0x00000004ca800000, 0x00000004ca800000|100%| E|CS|TAMS 0x00000004ca000000, 0x00000004ca000000| Complete 
| 378|0x00000004ca800000, 0x00000004cb000000, 0x00000004cb000000|100%| E|CS|TAMS 0x00000004ca800000, 0x00000004ca800000| Complete 
| 379|0x00000004cb000000, 0x00000004cb800000, 0x00000004cb800000|100%| E|CS|TAMS 0x00000004cb000000, 0x00000004cb000000| Complete 
| 380|0x00000004cb800000, 0x00000004cc000000, 0x00000004cc000000|100%| E|CS|TAMS 0x00000004cb800000, 0x00000004cb800000| Complete 
| 381|0x00000004cc000000, 0x00000004cc800000, 0x00000004cc800000|100%| E|CS|TAMS 0x00000004cc000000, 0x00000004cc000000| Complete 
| 382|0x00000004cc800000, 0x00000004cd000000, 0x00000004cd000000|100%| E|CS|TAMS 0x00000004cc800000, 0x00000004cc800000| Complete 
| 383|0x00000004cd000000, 0x00000004cd800000, 0x00000004cd800000|100%| E|CS|TAMS 0x00000004cd000000, 0x00000004cd000000| Complete 
| 384|0x00000004cd800000, 0x00000004ce000000, 0x00000004ce000000|100%| E|CS|TAMS 0x00000004cd800000, 0x00000004cd800000| Complete 
| 385|0x00000004ce000000, 0x00000004ce800000, 0x00000004ce800000|100%| E|CS|TAMS 0x00000004ce000000, 0x00000004ce000000| Complete 
| 386|0x00000004ce800000, 0x00000004cf000000, 0x00000004cf000000|100%| E|CS|TAMS 0x00000004ce800000, 0x00000004ce800000| Complete 
| 387|0x00000004cf000000, 0x00000004cf800000, 0x00000004cf800000|100%| E|CS|TAMS 0x00000004cf000000, 0x00000004cf000000| Complete 
| 388|0x00000004cf800000, 0x00000004d0000000, 0x00000004d0000000|100%| E|CS|TAMS 0x00000004cf800000, 0x00000004cf800000| Complete 
| 389|0x00000004d0000000, 0x00000004d0800000, 0x00000004d0800000|100%| E|CS|TAMS 0x00000004d0000000, 0x00000004d0000000| Complete 
| 390|0x00000004d0800000, 0x00000004d1000000, 0x00000004d1000000|100%| E|CS|TAMS 0x00000004d0800000, 0x00000004d0800000| Complete 
| 391|0x00000004d1000000, 0x00000004d1800000, 0x00000004d1800000|100%| E|CS|TAMS 0x00000004d1000000, 0x00000004d1000000| Complete 
| 392|0x00000004d1800000, 0x00000004d2000000, 0x00000004d2000000|100%| E|CS|TAMS 0x00000004d1800000, 0x00000004d1800000| Complete 
| 393|0x00000004d2000000, 0x00000004d2800000, 0x00000004d2800000|100%| E|CS|TAMS 0x00000004d2000000, 0x00000004d2000000| Complete 
| 394|0x00000004d2800000, 0x00000004d3000000, 0x00000004d3000000|100%| E|CS|TAMS 0x00000004d2800000, 0x00000004d2800000| Complete 
| 395|0x00000004d3000000, 0x00000004d3800000, 0x00000004d3800000|100%| E|CS|TAMS 0x00000004d3000000, 0x00000004d3000000| Complete 
| 396|0x00000004d3800000, 0x00000004d4000000, 0x00000004d4000000|100%| E|CS|TAMS 0x00000004d3800000, 0x00000004d3800000| Complete 
| 397|0x00000004d4000000, 0x00000004d4800000, 0x00000004d4800000|100%| E|CS|TAMS 0x00000004d4000000, 0x00000004d4000000| Complete 
| 398|0x00000004d4800000, 0x00000004d5000000, 0x00000004d5000000|100%| E|CS|TAMS 0x00000004d4800000, 0x00000004d4800000| Complete 
| 399|0x00000004d5000000, 0x00000004d5800000, 0x00000004d5800000|100%| E|CS|TAMS 0x00000004d5000000, 0x00000004d5000000| Complete 
| 400|0x00000004d5800000, 0x00000004d6000000, 0x00000004d6000000|100%| E|CS|TAMS 0x00000004d5800000, 0x00000004d5800000| Complete 
| 401|0x00000004d6000000, 0x00000004d6800000, 0x00000004d6800000|100%| E|CS|TAMS 0x00000004d6000000, 0x00000004d6000000| Complete 
| 402|0x00000004d6800000, 0x00000004d7000000, 0x00000004d7000000|100%| E|CS|TAMS 0x00000004d6800000, 0x00000004d6800000| Complete 
| 403|0x00000004d7000000, 0x00000004d7800000, 0x00000004d7800000|100%| E|CS|TAMS 0x00000004d7000000, 0x00000004d7000000| Complete 
| 404|0x00000004d7800000, 0x00000004d8000000, 0x00000004d8000000|100%| E|CS|TAMS 0x00000004d7800000, 0x00000004d7800000| Complete 
| 405|0x00000004d8000000, 0x00000004d8800000, 0x00000004d8800000|100%| E|CS|TAMS 0x00000004d8000000, 0x00000004d8000000| Complete 
| 406|0x00000004d8800000, 0x00000004d9000000, 0x00000004d9000000|100%| E|CS|TAMS 0x00000004d8800000, 0x00000004d8800000| Complete 
| 407|0x00000004d9000000, 0x00000004d9800000, 0x00000004d9800000|100%| E|CS|TAMS 0x00000004d9000000, 0x00000004d9000000| Complete 
| 408|0x00000004d9800000, 0x00000004da000000, 0x00000004da000000|100%| E|CS|TAMS 0x00000004d9800000, 0x00000004d9800000| Complete 
| 409|0x00000004da000000, 0x00000004da800000, 0x00000004da800000|100%| E|CS|TAMS 0x00000004da000000, 0x00000004da000000| Complete 
| 410|0x00000004da800000, 0x00000004db000000, 0x00000004db000000|100%| E|CS|TAMS 0x00000004da800000, 0x00000004da800000| Complete 
| 411|0x00000004db000000, 0x00000004db800000, 0x00000004db800000|100%| E|CS|TAMS 0x00000004db000000, 0x00000004db000000| Complete 
| 412|0x00000004db800000, 0x00000004dc000000, 0x00000004dc000000|100%| E|CS|TAMS 0x00000004db800000, 0x00000004db800000| Complete 
| 413|0x00000004dc000000, 0x00000004dc800000, 0x00000004dc800000|100%| E|CS|TAMS 0x00000004dc000000, 0x00000004dc000000| Complete 
| 414|0x00000004dc800000, 0x00000004dd000000, 0x00000004dd000000|100%| E|CS|TAMS 0x00000004dc800000, 0x00000004dc800000| Complete 
| 415|0x00000004dd000000, 0x00000004dd800000, 0x00000004dd800000|100%| E|CS|TAMS 0x00000004dd000000, 0x00000004dd000000| Complete 
| 416|0x00000004dd800000, 0x00000004de000000, 0x00000004de000000|100%| E|CS|TAMS 0x00000004dd800000, 0x00000004dd800000| Complete 
| 417|0x00000004de000000, 0x00000004de800000, 0x00000004de800000|100%| E|CS|TAMS 0x00000004de000000, 0x00000004de000000| Complete 
| 418|0x00000004de800000, 0x00000004df000000, 0x00000004df000000|100%| E|CS|TAMS 0x00000004de800000, 0x00000004de800000| Complete 
| 419|0x00000004df000000, 0x00000004df800000, 0x00000004df800000|100%| E|CS|TAMS 0x00000004df000000, 0x00000004df000000| Complete 
| 420|0x00000004df800000, 0x00000004e0000000, 0x00000004e0000000|100%| E|CS|TAMS 0x00000004df800000, 0x00000004df800000| Complete 
| 421|0x00000004e0000000, 0x00000004e0800000, 0x00000004e0800000|100%| E|CS|TAMS 0x00000004e0000000, 0x00000004e0000000| Complete 
| 422|0x00000004e0800000, 0x00000004e1000000, 0x00000004e1000000|100%| E|CS|TAMS 0x00000004e0800000, 0x00000004e0800000| Complete 
| 423|0x00000004e1000000, 0x00000004e1800000, 0x00000004e1800000|100%| E|CS|TAMS 0x00000004e1000000, 0x00000004e1000000| Complete 
| 424|0x00000004e1800000, 0x00000004e2000000, 0x00000004e2000000|100%| E|CS|TAMS 0x00000004e1800000, 0x00000004e1800000| Complete 
| 425|0x00000004e2000000, 0x00000004e2800000, 0x00000004e2800000|100%| E|CS|TAMS 0x00000004e2000000, 0x00000004e2000000| Complete 
| 426|0x00000004e2800000, 0x00000004e3000000, 0x00000004e3000000|100%| E|CS|TAMS 0x00000004e2800000, 0x00000004e2800000| Complete 
| 427|0x00000004e3000000, 0x00000004e3800000, 0x00000004e3800000|100%| E|CS|TAMS 0x00000004e3000000, 0x00000004e3000000| Complete 
| 428|0x00000004e3800000, 0x00000004e4000000, 0x00000004e4000000|100%| E|CS|TAMS 0x00000004e3800000, 0x00000004e3800000| Complete 
| 429|0x00000004e4000000, 0x00000004e4800000, 0x00000004e4800000|100%| E|CS|TAMS 0x00000004e4000000, 0x00000004e4000000| Complete 
| 430|0x00000004e4800000, 0x00000004e5000000, 0x00000004e5000000|100%| E|CS|TAMS 0x00000004e4800000, 0x00000004e4800000| Complete 
| 431|0x00000004e5000000, 0x00000004e5800000, 0x00000004e5800000|100%| E|CS|TAMS 0x00000004e5000000, 0x00000004e5000000| Complete 
| 432|0x00000004e5800000, 0x00000004e6000000, 0x00000004e6000000|100%| E|CS|TAMS 0x00000004e5800000, 0x00000004e5800000| Complete 
| 433|0x00000004e6000000, 0x00000004e6800000, 0x00000004e6800000|100%| E|CS|TAMS 0x00000004e6000000, 0x00000004e6000000| Complete 
| 434|0x00000004e6800000, 0x00000004e7000000, 0x00000004e7000000|100%| E|CS|TAMS 0x00000004e6800000, 0x00000004e6800000| Complete 
| 435|0x00000004e7000000, 0x00000004e7800000, 0x00000004e7800000|100%| E|CS|TAMS 0x00000004e7000000, 0x00000004e7000000| Complete 
| 436|0x00000004e7800000, 0x00000004e8000000, 0x00000004e8000000|100%| E|CS|TAMS 0x00000004e7800000, 0x00000004e7800000| Complete 
| 437|0x00000004e8000000, 0x00000004e8800000, 0x00000004e8800000|100%| E|CS|TAMS 0x00000004e8000000, 0x00000004e8000000| Complete 
| 438|0x00000004e8800000, 0x00000004e9000000, 0x00000004e9000000|100%| E|CS|TAMS 0x00000004e8800000, 0x00000004e8800000| Complete 
| 439|0x00000004e9000000, 0x00000004e9800000, 0x00000004e9800000|100%| E|CS|TAMS 0x00000004e9000000, 0x00000004e9000000| Complete 
| 440|0x00000004e9800000, 0x00000004ea000000, 0x00000004ea000000|100%| E|CS|TAMS 0x00000004e9800000, 0x00000004e9800000| Complete 
| 441|0x00000004ea000000, 0x00000004ea800000, 0x00000004ea800000|100%| E|CS|TAMS 0x00000004ea000000, 0x00000004ea000000| Complete 
| 442|0x00000004ea800000, 0x00000004eb000000, 0x00000004eb000000|100%| E|CS|TAMS 0x00000004ea800000, 0x00000004ea800000| Complete 
| 443|0x00000004eb000000, 0x00000004eb800000, 0x00000004eb800000|100%| E|CS|TAMS 0x00000004eb000000, 0x00000004eb000000| Complete 
| 444|0x00000004eb800000, 0x00000004ec000000, 0x00000004ec000000|100%| E|CS|TAMS 0x00000004eb800000, 0x00000004eb800000| Complete 
| 445|0x00000004ec000000, 0x00000004ec800000, 0x00000004ec800000|100%| E|CS|TAMS 0x00000004ec000000, 0x00000004ec000000| Complete 
| 446|0x00000004ec800000, 0x00000004ed000000, 0x00000004ed000000|100%| E|CS|TAMS 0x00000004ec800000, 0x00000004ec800000| Complete 
| 447|0x00000004ed000000, 0x00000004ed800000, 0x00000004ed800000|100%| E|CS|TAMS 0x00000004ed000000, 0x00000004ed000000| Complete 
| 448|0x00000004ed800000, 0x00000004ee000000, 0x00000004ee000000|100%| E|CS|TAMS 0x00000004ed800000, 0x00000004ed800000| Complete 
| 449|0x00000004ee000000, 0x00000004ee800000, 0x00000004ee800000|100%| E|CS|TAMS 0x00000004ee000000, 0x00000004ee000000| Complete 
| 450|0x00000004ee800000, 0x00000004ef000000, 0x00000004ef000000|100%| E|CS|TAMS 0x00000004ee800000, 0x00000004ee800000| Complete 
| 451|0x00000004ef000000, 0x00000004ef800000, 0x00000004ef800000|100%| E|CS|TAMS 0x00000004ef000000, 0x00000004ef000000| Complete 
| 452|0x00000004ef800000, 0x00000004f0000000, 0x00000004f0000000|100%| E|CS|TAMS 0x00000004ef800000, 0x00000004ef800000| Complete 
| 453|0x00000004f0000000, 0x00000004f0800000, 0x00000004f0800000|100%| E|CS|TAMS 0x00000004f0000000, 0x00000004f0000000| Complete 
| 454|0x00000004f0800000, 0x00000004f1000000, 0x00000004f1000000|100%| E|CS|TAMS 0x00000004f0800000, 0x00000004f0800000| Complete 
| 455|0x00000004f1000000, 0x00000004f1800000, 0x00000004f1800000|100%| E|CS|TAMS 0x00000004f1000000, 0x00000004f1000000| Complete 
| 456|0x00000004f1800000, 0x00000004f2000000, 0x00000004f2000000|100%| E|CS|TAMS 0x00000004f1800000, 0x00000004f1800000| Complete 
| 457|0x00000004f2000000, 0x00000004f2800000, 0x00000004f2800000|100%| E|CS|TAMS 0x00000004f2000000, 0x00000004f2000000| Complete 
| 458|0x00000004f2800000, 0x00000004f3000000, 0x00000004f3000000|100%| E|CS|TAMS 0x00000004f2800000, 0x00000004f2800000| Complete 
| 459|0x00000004f3000000, 0x00000004f3800000, 0x00000004f3800000|100%| E|CS|TAMS 0x00000004f3000000, 0x00000004f3000000| Complete 
| 460|0x00000004f3800000, 0x00000004f4000000, 0x00000004f4000000|100%| E|CS|TAMS 0x00000004f3800000, 0x00000004f3800000| Complete 
| 461|0x00000004f4000000, 0x00000004f4800000, 0x00000004f4800000|100%| E|CS|TAMS 0x00000004f4000000, 0x00000004f4000000| Complete 

Card table byte_map: [0x00000268f3840000,0x00000268f57e0000] _byte_map_base: 0x00000268f17d4000

Marking Bits (Prev, Next): (CMBitMap*) 0x00000268d90d0d90, (CMBitMap*) 0x00000268d90d0d50
 Prev Bits: [0x000002688fca0000, 0x000002689f940000)
 Next Bits: [0x0000026880000000, 0x000002688fca0000)

Polling page: 0x00000268d6b10000

Metaspace:

Usage:
  Non-class:    132.41 MB used.
      Class:     23.64 MB used.
       Both:    156.05 MB used.

Virtual space:
  Non-class space:      192.00 MB reserved,     133.44 MB ( 69%) committed,  3 nodes.
      Class space:        1.00 GB reserved,      24.56 MB (  2%) committed,  1 nodes.
             Both:        1.19 GB reserved,     158.00 MB ( 13%) committed. 

Chunk freelists:
   Non-Class:  10.00 MB
       Class:  7.42 MB
        Both:  17.42 MB

MaxMetaspaceSize: unlimited
CompressedClassSpaceSize: 1.00 GB
Initial GC threshold: 21.00 MB
Current GC threshold: 220.00 MB
CDS: on
MetaspaceReclaimPolicy: balanced
 - commit_granule_bytes: 65536.
 - commit_granule_words: 8192.
 - virtual_space_node_default_size: 8388608.
 - enlarge_chunks_in_place: 1.
 - new_chunks_are_fully_committed: 0.
 - uncommit_free_chunks: 1.
 - use_allocation_guard: 0.
 - handle_deallocations: 1.


Internal statistics:

num_allocs_failed_limit: 9.
num_arena_births: 3226.
num_arena_deaths: 14.
num_vsnodes_births: 4.
num_vsnodes_deaths: 0.
num_space_committed: 2523.
num_space_uncommitted: 0.
num_chunks_returned_to_freelist: 30.
num_chunks_taken_from_freelist: 10153.
num_chunk_merges: 18.
num_chunk_splits: 6532.
num_chunks_enlarged: 4208.
num_inconsistent_stats: 0.

CodeHeap 'non-profiled nmethods': size=118848Kb used=32210Kb max_used=32740Kb free=86637Kb
 bounds [0x00000268e8830000, 0x00000268ea830000, 0x00000268efc40000]
CodeHeap 'profiled nmethods': size=118848Kb used=43088Kb max_used=43713Kb free=75759Kb
 bounds [0x00000268e0c40000, 0x00000268e3780000, 0x00000268e8050000]
CodeHeap 'non-nmethods': size=8064Kb used=4292Kb max_used=4910Kb free=3771Kb
 bounds [0x00000268e8050000, 0x00000268e8530000, 0x00000268e8830000]
 total_blobs=29098 nmethods=26857 adapters=2142
 compilation: enabled
              stopped_count=0, restarted_count=0
 full_count=0

Compilation events (20 events):
Event: 190.612 Thread 0x0000026951dfefb0 39685       3       net.minecraft.network.protocol.game.ClientboundSetEntityDataPacket::pack (43 bytes)
Event: 190.612 Thread 0x0000026951dfbfe0 nmethod 39684 0x00000268e1cb8510 code [0x00000268e1cb86c0, 0x00000268e1cb8858]
Event: 190.612 Thread 0x0000026945c435c0 39675       4       net.minecraft.world.level.NaturalSpawner::mobsAt (86 bytes)
Event: 190.612 Thread 0x0000026944407ca0 39676       4       net.minecraft.world.level.NaturalSpawner::isInNetherFortressBounds (71 bytes)
Event: 190.613 Thread 0x0000026951dfefb0 nmethod 39685 0x00000268e3719890 code [0x00000268e3719aa0, 0x00000268e371a108]
Event: 190.624 Thread 0x0000026944407ca0 nmethod 39676 0x00000268ea2cb510 code [0x00000268ea2cb6c0, 0x00000268ea2cb8e8]
Event: 190.624 Thread 0x0000026951dfbfe0 39686       2       net.minecraft.world.level.entity.PersistentEntitySectionManager::tick (9 bytes)
Event: 190.624 Thread 0x00000268fb32de20 39687       2       net.minecraft.server.level.ServerLevel::tick (436 bytes)
Event: 190.625 Thread 0x0000026944407ca0 39552       4       io.netty.buffer.PoolArena::free (84 bytes)
Event: 190.625 Thread 0x0000026951dfbfe0 nmethod 39686 0x00000268e3719210 code [0x00000268e37193e0, 0x00000268e3719668]
Event: 190.626 Thread 0x0000026945c435c0 nmethod 39675 0x00000268e9ac3410 code [0x00000268e9ac35e0, 0x00000268e9ac3950]
Event: 190.627 Thread 0x0000026945c435c0 39553       4       io.netty.buffer.PoolThreadCache::add (38 bytes)
Event: 190.630 Thread 0x00000268fb32de20 nmethod 39687 0x00000268e3716d10 code [0x00000268e3717140, 0x00000268e37184d8]
Event: 190.638 Thread 0x0000026951dfbfe0 39688       2       net.minecraft.client.renderer.blockentity.BlockEntityRenderDispatcher::setupAndRender (46 bytes)
Event: 190.639 Thread 0x0000026951dfbfe0 nmethod 39688 0x00000268e3716790 code [0x00000268e3716940, 0x00000268e3716b28]
Event: 190.640 Thread 0x0000026948f72470 nmethod 39536 0x00000268e9f49810 code [0x00000268e9f49a20, 0x00000268e9f4afc8]
Event: 190.657 Thread 0x0000026951dff500 39689       3       net.minecraftforge.network.filters.VanillaPacketFilter::encode (11 bytes)
Event: 190.657 Thread 0x00000268fb32de20 39690       3       net.minecraft.network.protocol.BundlerInfo$2::unbundlePacket (57 bytes)
Event: 190.657 Thread 0x0000026951dfefb0 39691       3       net.minecraftforge.network.filters.VanillaPacketFilter$$Lambda$13698/0x00000268fe87e0e8::accept (12 bytes)
Event: 190.709 Thread 0x0000026951dfbfe0 39696       3       net.minecraft.world.phys.BlockHitResult::<init> (11 bytes)

GC Heap History (20 events):
Event: 38.601 GC heap before
{Heap before GC invocations=45 (full 0):
 garbage-first heap   total 3784704K, used 2256388K [0x000000040d800000, 0x0000000800000000)
  region size 8192K, 147 young (1204224K), 2 survivors (16384K)
 Metaspace       used 134116K, committed 135936K, reserved 1179648K
  class space    used 20862K, committed 21696K, reserved 1048576K
}
Event: 38.625 GC heap after
{Heap after GC invocations=46 (full 0):
 garbage-first heap   total 3784704K, used 1251789K [0x000000040d800000, 0x0000000800000000)
  region size 8192K, 19 young (155648K), 19 survivors (155648K)
 Metaspace       used 134116K, committed 135936K, reserved 1179648K
  class space    used 20862K, committed 21696K, reserved 1048576K
}
Event: 42.539 GC heap before
{Heap before GC invocations=46 (full 0):
 garbage-first heap   total 3784704K, used 2365901K [0x000000040d800000, 0x0000000800000000)
  region size 8192K, 156 young (1277952K), 19 survivors (155648K)
 Metaspace       used 149724K, committed 151616K, reserved 1179648K
  class space    used 23072K, committed 23936K, reserved 1048576K
}
Event: 42.567 GC heap after
{Heap after GC invocations=47 (full 0):
 garbage-first heap   total 3784704K, used 1367551K [0x000000040d800000, 0x0000000800000000)
  region size 8192K, 14 young (114688K), 14 survivors (114688K)
 Metaspace       used 149724K, committed 151616K, reserved 1179648K
  class space    used 23072K, committed 23936K, reserved 1048576K
}
Event: 44.974 GC heap before
{Heap before GC invocations=47 (full 0):
 garbage-first heap   total 3784704K, used 2522623K [0x000000040d800000, 0x0000000800000000)
  region size 8192K, 155 young (1269760K), 14 survivors (114688K)
 Metaspace       used 154898K, committed 156800K, reserved 1245184K
  class space    used 23771K, committed 24640K, reserved 1048576K
}
Event: 44.992 GC heap after
{Heap after GC invocations=48 (full 0):
 garbage-first heap   total 3784704K, used 1428336K [0x000000040d800000, 0x0000000800000000)
  region size 8192K, 12 young (98304K), 12 survivors (98304K)
 Metaspace       used 154898K, committed 156800K, reserved 1245184K
  class space    used 23771K, committed 24640K, reserved 1048576K
}
Event: 51.758 GC heap before
{Heap before GC invocations=48 (full 0):
 garbage-first heap   total 3784704K, used 2632560K [0x000000040d800000, 0x0000000800000000)
  region size 8192K, 159 young (1302528K), 12 survivors (98304K)
 Metaspace       used 156605K, committed 158528K, reserved 1245184K
  class space    used 23874K, committed 24704K, reserved 1048576K
}
Event: 51.767 GC heap after
{Heap after GC invocations=49 (full 0):
 garbage-first heap   total 3784704K, used 1442851K [0x000000040d800000, 0x0000000800000000)
  region size 8192K, 3 young (24576K), 3 survivors (24576K)
 Metaspace       used 156605K, committed 158528K, reserved 1245184K
  class space    used 23874K, committed 24704K, reserved 1048576K
}
Event: 64.808 GC heap before
{Heap before GC invocations=49 (full 0):
 garbage-first heap   total 3784704K, used 2851875K [0x000000040d800000, 0x0000000800000000)
  region size 8192K, 175 young (1433600K), 3 survivors (24576K)
 Metaspace       used 157376K, committed 159296K, reserved 1245184K
  class space    used 23932K, committed 24768K, reserved 1048576K
}
Event: 64.810 GC heap after
{Heap after GC invocations=50 (full 0):
 garbage-first heap   total 3784704K, used 1433341K [0x000000040d800000, 0x0000000800000000)
  region size 8192K, 2 young (16384K), 2 survivors (16384K)
 Metaspace       used 157376K, committed 159296K, reserved 1245184K
  class space    used 23932K, committed 24768K, reserved 1048576K
}
Event: 92.333 GC heap before
{Heap before GC invocations=50 (full 0):
 garbage-first heap   total 3784704K, used 2957053K [0x000000040d800000, 0x0000000800000000)
  region size 8192K, 188 young (1540096K), 2 survivors (16384K)
 Metaspace       used 157521K, committed 159424K, reserved 1245184K
  class space    used 23936K, committed 24768K, reserved 1048576K
}
Event: 92.336 GC heap after
{Heap after GC invocations=51 (full 0):
 garbage-first heap   total 3784704K, used 1432477K [0x000000040d800000, 0x0000000800000000)
  region size 8192K, 1 young (8192K), 1 survivors (8192K)
 Metaspace       used 157521K, committed 159424K, reserved 1245184K
  class space    used 23936K, committed 24768K, reserved 1048576K
}
Event: 122.809 GC heap before
{Heap before GC invocations=51 (full 0):
 garbage-first heap   total 3784704K, used 3062685K [0x000000040d800000, 0x0000000800000000)
  region size 8192K, 200 young (1638400K), 1 survivors (8192K)
 Metaspace       used 157635K, committed 159552K, reserved 1245184K
  class space    used 23940K, committed 24768K, reserved 1048576K
}
Event: 122.812 GC heap after
{Heap after GC invocations=52 (full 0):
 garbage-first heap   total 3784704K, used 1433510K [0x000000040d800000, 0x0000000800000000)
  region size 8192K, 2 young (16384K), 2 survivors (16384K)
 Metaspace       used 157635K, committed 159552K, reserved 1245184K
  class space    used 23940K, committed 24768K, reserved 1048576K
}
Event: 153.501 GC heap before
{Heap before GC invocations=52 (full 0):
 garbage-first heap   total 3784704K, used 3121062K [0x000000040d800000, 0x0000000800000000)
  region size 8192K, 208 young (1703936K), 2 survivors (16384K)
 Metaspace       used 157730K, committed 159616K, reserved 1245184K
  class space    used 23940K, committed 24768K, reserved 1048576K
}
Event: 153.503 GC heap after
{Heap after GC invocations=53 (full 0):
 garbage-first heap   total 3784704K, used 1434024K [0x000000040d800000, 0x0000000800000000)
  region size 8192K, 2 young (16384K), 2 survivors (16384K)
 Metaspace       used 157730K, committed 159616K, reserved 1245184K
  class space    used 23940K, committed 24768K, reserved 1048576K
}
Event: 182.580 GC heap before
{Heap before GC invocations=53 (full 0):
 garbage-first heap   total 3784704K, used 3178920K [0x000000040d800000, 0x0000000800000000)
  region size 8192K, 215 young (1761280K), 2 survivors (16384K)
 Metaspace       used 158575K, committed 160512K, reserved 1245184K
  class space    used 24067K, committed 24960K, reserved 1048576K
}
Event: 182.584 GC heap after
{Heap after GC invocations=54 (full 0):
 garbage-first heap   total 3784704K, used 1439299K [0x000000040d800000, 0x0000000800000000)
  region size 8192K, 2 young (16384K), 2 survivors (16384K)
 Metaspace       used 158575K, committed 160512K, reserved 1245184K
  class space    used 24067K, committed 24960K, reserved 1048576K
}
Event: 189.373 GC heap before
{Heap before GC invocations=54 (full 0):
 garbage-first heap   total 3784704K, used 3225155K [0x000000040d800000, 0x0000000800000000)
  region size 8192K, 220 young (1802240K), 2 survivors (16384K)
 Metaspace       used 159713K, committed 161664K, reserved 1245184K
  class space    used 24204K, committed 25088K, reserved 1048576K
}
Event: 190.360 GC heap after
{Heap after GC invocations=55 (full 0):
 garbage-first heap   total 3784704K, used 1488898K [0x000000040d800000, 0x0000000800000000)
  region size 8192K, 7 young (57344K), 7 survivors (57344K)
 Metaspace       used 159713K, committed 161664K, reserved 1245184K
  class space    used 24204K, committed 25088K, reserved 1048576K
}

Dll operation events (16 events):
Event: 0.007 Loaded shared library C:\Users\paulm\.jdks\temurin-17.0.14\bin\java.dll
Event: 0.016 Loaded shared library C:\Users\paulm\.jdks\temurin-17.0.14\bin\jsvml.dll
Event: 0.107 Loaded shared library C:\Users\paulm\.jdks\temurin-17.0.14\bin\net.dll
Event: 0.109 Loaded shared library C:\Users\paulm\.jdks\temurin-17.0.14\bin\nio.dll
Event: 0.110 Loaded shared library C:\Users\paulm\.jdks\temurin-17.0.14\bin\zip.dll
Event: 0.143 Loaded shared library C:\Users\paulm\.jdks\temurin-17.0.14\bin\jimage.dll
Event: 0.358 Loaded shared library C:\Users\paulm\.jdks\temurin-17.0.14\bin\verify.dll
Event: 1.581 Loaded shared library C:\Users\paulm\.jdks\temurin-17.0.14\bin\management.dll
Event: 1.591 Loaded shared library C:\Users\paulm\.jdks\temurin-17.0.14\bin\management_ext.dll
Event: 2.193 Loaded shared library C:\Users\paulm\AppData\Local\Temp\lwjglpaulm\3.3.1-build-7\lwjgl.dll
Event: 2.548 Loaded shared library C:\Users\paulm\AppData\Local\Temp\lwjglpaulm\3.3.1-build-7\lwjgl_opengl.dll
Event: 2.604 Loaded shared library C:\Users\paulm\AppData\Local\Temp\lwjglpaulm\3.3.1-build-7\lwjgl_stb.dll
Event: 7.222 Loaded shared library C:\Users\paulm\AppData\Local\Temp\jna-106439973\jna16496110217986589336.dll
Event: 12.393 Loaded shared library C:\Users\paulm\.jdks\temurin-17.0.14\bin\sunmscapi.dll
Event: 12.432 Loaded shared library C:\Users\paulm\.jdks\temurin-17.0.14\bin\extnet.dll
Event: 39.820 Loaded shared library C:\Users\paulm\.jdks\temurin-17.0.14\bin\awt.dll

Deoptimization events (20 events):
Event: 190.489 Thread 0x000002694264f0a0 DEOPT UNPACKING pc=0x00000268e80aa1a3 sp=0x0000006bd69fedc0 mode 2
Event: 190.510 Thread 0x000002694264f0a0 Uncommon trap: trap_request=0xffffff45 fr.pc=0x00000268e94a8fc8 relative=0x0000000000000588
Event: 190.510 Thread 0x000002694264f0a0 Uncommon trap: reason=unstable_if action=reinterpret pc=0x00000268e94a8fc8 method=net.minecraftforge.eventbus.EventBus.post(Lnet/minecraftforge/eventbus/api/Event;Lnet/minecraftforge/eventbus/api/IEventBusInvokeDispatcher;)Z @ 153 c2
Event: 190.510 Thread 0x000002694264f0a0 DEOPT PACKING pc=0x00000268e94a8fc8 sp=0x0000006bd69fe830
Event: 190.510 Thread 0x000002694264f0a0 DEOPT UNPACKING pc=0x00000268e80aa1a3 sp=0x0000006bd69fe800 mode 2
Event: 190.522 Thread 0x000002694264f0a0 DEOPT PACKING pc=0x00000268e20b8310 sp=0x0000006bd69ff1e0
Event: 190.522 Thread 0x000002694264f0a0 DEOPT UNPACKING pc=0x00000268e80aace3 sp=0x0000006bd69fe6d0 mode 0
Event: 190.605 Thread 0x00000268d905db60 DEOPT PACKING pc=0x00000268e348711e sp=0x0000006bd51fdbe0
Event: 190.605 Thread 0x00000268d905db60 DEOPT UNPACKING pc=0x00000268e80aace3 sp=0x0000006bd51fd3c0 mode 0
Event: 190.612 Thread 0x000002694264f0a0 DEOPT PACKING pc=0x00000268e2bd5b43 sp=0x0000006bd69ff090
Event: 190.612 Thread 0x000002694264f0a0 DEOPT UNPACKING pc=0x00000268e80aace3 sp=0x0000006bd69fe5a8 mode 0
Event: 190.635 Thread 0x0000026945efa0e0 Uncommon trap: trap_request=0xffffff45 fr.pc=0x00000268ea26135c relative=0x00000000000000dc
Event: 190.635 Thread 0x0000026945efa0e0 Uncommon trap: reason=unstable_if action=reinterpret pc=0x00000268ea26135c method=io.netty.channel.AdaptiveRecvByteBufAllocator$HandleImpl.record(I)V @ 15 c2
Event: 190.636 Thread 0x0000026945efa0e0 DEOPT PACKING pc=0x00000268ea26135c sp=0x0000006bd64fee50
Event: 190.636 Thread 0x0000026945efa0e0 DEOPT UNPACKING pc=0x00000268e80aa1a3 sp=0x0000006bd64fede8 mode 2
Event: 190.636 Thread 0x0000026945efa0e0 Uncommon trap: trap_request=0xffffffc6 fr.pc=0x00000268ea7df970 relative=0x00000000000001f0
Event: 190.636 Thread 0x0000026945efa0e0 Uncommon trap: reason=bimorphic_or_optimized_type_check action=maybe_recompile pc=0x00000268ea7df970 method=io.netty.buffer.AbstractByteBuf.ensureWritable0(I)V @ 108 c2
Event: 190.636 Thread 0x0000026945efa0e0 DEOPT PACKING pc=0x00000268ea7df970 sp=0x0000006bd64fe5e0
Event: 190.636 Thread 0x0000026945efa0e0 DEOPT UNPACKING pc=0x00000268e80aa1a3 sp=0x0000006bd64fe560 mode 2
Event: 190.712 Thread 0x000002694264f0a0 Uncommon trap: trap_request=0xffffff45 fr.pc=0x00000268ea1218ec relative=0x0000000000001cec

Classes loaded (20 events):
Event: 185.262 Loading class sun/nio/ch/SocketAdaptor
Event: 185.262 Loading class sun/nio/ch/SocketAdaptor done
Event: 185.545 Loading class com/sun/crypto/provider/RSACipher
Event: 185.545 Loading class com/sun/crypto/provider/RSACipher done
Event: 185.545 Loading class sun/security/rsa/RSACore$BlindingParameters
Event: 185.545 Loading class sun/security/rsa/RSACore$BlindingParameters done
Event: 185.546 Loading class sun/security/rsa/RSACore$BlindingRandomPair
Event: 185.546 Loading class sun/security/rsa/RSACore$BlindingRandomPair done
Event: 185.547 Loading class com/sun/crypto/provider/CipherFeedback
Event: 185.547 Loading class com/sun/crypto/provider/CipherFeedback done
Event: 185.549 Loading class java/net/URLEncoder
Event: 185.550 Loading class java/net/URLEncoder done
Event: 185.593 Loading class sun/security/ssl/PreSharedKeyExtension$PskIdentity
Event: 185.594 Loading class sun/security/ssl/PreSharedKeyExtension$PskIdentity done
Event: 185.594 Loading class sun/security/ssl/PreSharedKeyExtension$CHPreSharedKeySpec
Event: 185.594 Loading class sun/security/ssl/PreSharedKeyExtension$CHPreSharedKeySpec done
Event: 185.594 Loading class sun/security/ssl/PreSharedKeyExtension$PartialClientHelloMessage
Event: 185.594 Loading class sun/security/ssl/PreSharedKeyExtension$PartialClientHelloMessage done
Event: 185.697 Loading class sun/security/ssl/PreSharedKeyExtension$SHPreSharedKeySpec
Event: 185.697 Loading class sun/security/ssl/PreSharedKeyExtension$SHPreSharedKeySpec done

Classes unloaded (7 events):
Event: 37.395 Thread 0x00000268fb2fbbf0 Unloading class 0x00000268fe161c00 'java/lang/invoke/LambdaForm$DMH+0x00000268fe161c00'
Event: 37.395 Thread 0x00000268fb2fbbf0 Unloading class 0x00000268fe161800 'java/lang/invoke/LambdaForm$DMH+0x00000268fe161800'
Event: 37.395 Thread 0x00000268fb2fbbf0 Unloading class 0x00000268fe161400 'java/lang/invoke/LambdaForm$DMH+0x00000268fe161400'
Event: 37.395 Thread 0x00000268fb2fbbf0 Unloading class 0x00000268fe161000 'java/lang/invoke/LambdaForm$DMH+0x00000268fe161000'
Event: 37.395 Thread 0x00000268fb2fbbf0 Unloading class 0x00000268fe160c00 'java/lang/invoke/LambdaForm$DMH+0x00000268fe160c00'
Event: 37.395 Thread 0x00000268fb2fbbf0 Unloading class 0x00000268fe160400 'java/lang/invoke/LambdaForm$DMH+0x00000268fe160400'
Event: 37.395 Thread 0x00000268fb2fbbf0 Unloading class 0x00000268fe160000 'java/lang/invoke/LambdaForm$DMH+0x00000268fe160000'

Classes redefined (0 events):
No events

Internal exceptions (20 events):
Event: 190.423 Thread 0x0000026945efb520 Exception <a 'sun/nio/fs/WindowsException'{0x00000004f444da38}> (0x00000004f444da38) 
thrown [s\src\hotspot\share\prims\jni.cpp, line 516]
Event: 190.424 Thread 0x0000026942653270 Exception <a 'sun/nio/fs/WindowsException'{0x00000004e8cd22c0}> (0x00000004e8cd22c0) 
thrown [s\src\hotspot\share\prims\jni.cpp, line 516]
Event: 190.425 Thread 0x0000026945efb520 Exception <a 'sun/nio/fs/WindowsException'{0x00000004f4454d50}> (0x00000004f4454d50) 
thrown [s\src\hotspot\share\prims\jni.cpp, line 516]
Event: 190.489 Thread 0x000002694264f0a0 Implicit null exception at 0x00000268ea287b37 to 0x00000268ea287d48
Event: 190.614 Thread 0x0000026942653270 Exception <a 'sun/nio/fs/WindowsException'{0x00000004e8cd9cb8}> (0x00000004e8cd9cb8) 
thrown [s\src\hotspot\share\prims\jni.cpp, line 516]
Event: 190.617 Thread 0x0000026945efb520 Exception <a 'sun/nio/fs/WindowsException'{0x00000004f445c980}> (0x00000004f445c980) 
thrown [s\src\hotspot\share\prims\jni.cpp, line 516]
Event: 190.624 Thread 0x0000026942653270 Exception <a 'sun/nio/fs/WindowsException'{0x00000004e8ce23e0}> (0x00000004e8ce23e0) 
thrown [s\src\hotspot\share\prims\jni.cpp, line 516]
Event: 190.625 Thread 0x0000026942653270 Exception <a 'sun/nio/fs/WindowsException'{0x00000004e8ce9800}> (0x00000004e8ce9800) 
thrown [s\src\hotspot\share\prims\jni.cpp, line 516]
Event: 190.627 Thread 0x0000026945efb520 Exception <a 'sun/nio/fs/WindowsException'{0x00000004f4464718}> (0x00000004f4464718) 
thrown [s\src\hotspot\share\prims\jni.cpp, line 516]
Event: 190.628 Thread 0x0000026942653270 Exception <a 'sun/nio/fs/WindowsException'{0x00000004e8cf0a70}> (0x00000004e8cf0a70) 
thrown [s\src\hotspot\share\prims\jni.cpp, line 516]
Event: 190.629 Thread 0x0000026945efb520 Exception <a 'sun/nio/fs/WindowsException'{0x00000004f446c080}> (0x00000004f446c080) 
thrown [s\src\hotspot\share\prims\jni.cpp, line 516]
Event: 190.630 Thread 0x0000026942653270 Exception <a 'sun/nio/fs/WindowsException'{0x00000004e8cf83e0}> (0x00000004e8cf83e0) 
thrown [s\src\hotspot\share\prims\jni.cpp, line 516]
Event: 190.631 Thread 0x0000026945efb520 Exception <a 'sun/nio/fs/WindowsException'{0x00000004f44734e8}> (0x00000004f44734e8) 
thrown [s\src\hotspot\share\prims\jni.cpp, line 516]
Event: 190.633 Thread 0x0000026942653270 Exception <a 'sun/nio/fs/WindowsException'{0x00000004e8cff7d8}> (0x00000004e8cff7d8) 
thrown [s\src\hotspot\share\prims\jni.cpp, line 516]
Event: 190.634 Thread 0x0000026945efb520 Exception <a 'sun/nio/fs/WindowsException'{0x00000004f447afe0}> (0x00000004f447afe0) 
thrown [s\src\hotspot\share\prims\jni.cpp, line 516]
Event: 190.635 Thread 0x0000026942653270 Exception <a 'sun/nio/fs/WindowsException'{0x00000004ce804338}> (0x00000004ce804338) 
thrown [s\src\hotspot\share\prims\jni.cpp, line 516]
Event: 190.637 Thread 0x0000026945efb520 Exception <a 'sun/nio/fs/WindowsException'{0x00000004f4482cd0}> (0x00000004f4482cd0) 
thrown [s\src\hotspot\share\prims\jni.cpp, line 516]
Event: 190.638 Thread 0x0000026942653270 Exception <a 'sun/nio/fs/WindowsException'{0x00000004ce80bae8}> (0x00000004ce80bae8) 
thrown [s\src\hotspot\share\prims\jni.cpp, line 516]
Event: 190.639 Thread 0x0000026945efb520 Exception <a 'sun/nio/fs/WindowsException'{0x00000004f448b080}> (0x00000004f448b080) 
thrown [s\src\hotspot\share\prims\jni.cpp, line 516]
Event: 190.640 Thread 0x0000026942653270 Exception <a 'sun/nio/fs/WindowsException'{0x00000004ce814020}> (0x00000004ce814020) 
thrown [s\src\hotspot\share\prims\jni.cpp, line 516]

VM Operations (20 events):
Event: 188.488 Executing VM operation: HandshakeAllThreads done
Event: 188.488 Executing VM operation: ICBufferFull
Event: 188.488 Executing VM operation: ICBufferFull done
Event: 188.545 Executing VM operation: HandshakeAllThreads
Event: 188.545 Executing VM operation: HandshakeAllThreads done
Event: 188.610 Executing VM operation: ICBufferFull
Event: 188.610 Executing VM operation: ICBufferFull done
Event: 188.610 Executing VM operation: ICBufferFull
Event: 188.610 Executing VM operation: ICBufferFull done
Event: 188.648 Executing VM operation: HandshakeAllThreads
Event: 188.649 Executing VM operation: HandshakeAllThreads done
Event: 188.889 Executing VM operation: ICBufferFull
Event: 188.889 Executing VM operation: ICBufferFull done
Event: 189.237 Executing VM operation: HandshakeAllThreads
Event: 189.237 Executing VM operation: HandshakeAllThreads done
Event: 189.289 Executing VM operation: ICBufferFull
Event: 189.290 Executing VM operation: ICBufferFull done
Event: 189.373 Executing VM operation: G1CollectForAllocation
Event: 190.360 Executing VM operation: G1CollectForAllocation done
Event: 191.360 Executing VM operation: Cleanup

Memory protections (0 events):
No events

Nmethod flushes (20 events):
Event: 189.322 Thread 0x00000268fb33d5c0 flushing  nmethod 0x00000268e2e22810
Event: 189.322 Thread 0x00000268fb33d5c0 flushing  nmethod 0x00000268e2e22d90
Event: 189.322 Thread 0x00000268fb33d5c0 flushing  nmethod 0x00000268e2e23690
Event: 189.322 Thread 0x00000268fb33d5c0 flushing  nmethod 0x00000268e2e24310
Event: 189.322 Thread 0x00000268fb33d5c0 flushing  nmethod 0x00000268e2e25810
Event: 189.323 Thread 0x00000268fb33d5c0 flushing  nmethod 0x00000268e2ef1610
Event: 189.323 Thread 0x00000268fb33d5c0 flushing  nmethod 0x00000268e2ef2910
Event: 189.323 Thread 0x00000268fb33d5c0 flushing  nmethod 0x00000268e2ef3210
Event: 189.323 Thread 0x00000268fb33d5c0 flushing  nmethod 0x00000268e2ef3a10
Event: 189.323 Thread 0x00000268fb33d5c0 flushing  nmethod 0x00000268e2ef5590
Event: 189.323 Thread 0x00000268fb33d5c0 flushing  nmethod 0x00000268e2ef5c10
Event: 189.325 Thread 0x00000268fb33d5c0 flushing  nmethod 0x00000268e2fed490
Event: 189.326 Thread 0x00000268fb33d5c0 flushing  nmethod 0x00000268e30c8910
Event: 189.326 Thread 0x00000268fb33d5c0 flushing  nmethod 0x00000268e30c8d90
Event: 189.329 Thread 0x00000268fb33d5c0 flushing  nmethod 0x00000268e333bc90
Event: 189.329 Thread 0x00000268fb33d5c0 flushing  nmethod 0x00000268e336a490
Event: 189.329 Thread 0x00000268fb33d5c0 flushing  nmethod 0x00000268e3380a90
Event: 189.329 Thread 0x00000268fb33d5c0 flushing  nmethod 0x00000268e33e1d10
Event: 189.330 Thread 0x00000268fb33d5c0 flushing  nmethod 0x00000268e33e2090
Event: 189.330 Thread 0x00000268fb33d5c0 flushing  nmethod 0x00000268e33e2b90

Events (20 events):
Event: 187.610 Thread 0x0000026951dfbfe0 Thread added: 0x0000026951df8020
Event: 187.610 Thread 0x0000026951dfbfe0 Thread added: 0x0000026951dfefb0
Event: 187.760 Thread 0x0000026951dfefb0 Thread exited: 0x0000026951dfefb0
Event: 187.810 Thread 0x0000026951df8020 Thread exited: 0x0000026951df8020
Event: 188.469 Thread 0x0000026951dfbfe0 Thread added: 0x0000026951df8020
Event: 188.473 Thread 0x00000268fb32de20 Thread added: 0x0000026951dfe510
Event: 188.473 Thread 0x00000268fb32de20 Thread added: 0x0000026951dfefb0
Event: 188.473 Thread 0x00000268fb32de20 Thread added: 0x0000026951dff500
Event: 188.474 Thread 0x00000268fb32de20 Thread added: 0x0000026951dffa50
Event: 188.474 Thread 0x0000026951dfe510 Thread added: 0x00000269444081f0
Event: 188.478 Thread 0x0000026951dfefb0 Thread added: 0x0000026944407ca0
Event: 188.479 Thread 0x00000268fb32de20 Thread added: 0x0000026944419d00
Event: 188.483 Thread 0x00000268fb32de20 Thread added: 0x000002694441a7a0
Event: 188.483 Thread 0x0000026951dfbfe0 Thread added: 0x0000026948f72470
Event: 188.483 Thread 0x0000026951dfbfe0 Thread added: 0x0000026945c435c0
Event: 188.484 Thread 0x00000268fb31d410 Thread added: 0x0000026945c43070
Event: 188.687 Thread 0x0000026941b275f0 Thread added: 0x0000026945efb520
Event: 188.693 Thread 0x0000026945efb520 Thread added: 0x0000026945efba30
Event: 188.721 Thread 0x0000026943b165a0 Thread added: 0x000002695aa80bf0
Event: 190.362 Thread 0x00000269444081f0 Thread exited: 0x00000269444081f0


Dynamic libraries:
0x00007ff63fc50000 - 0x00007ff63fc5e000 	C:\Users\paulm\.jdks\temurin-17.0.14\bin\java.exe
0x00007ffe1a080000 - 0x00007ffe1a2e6000 	C:\WINDOWS\SYSTEM32\ntdll.dll
0x00007ffe19410000 - 0x00007ffe194d9000 	C:\WINDOWS\System32\KERNEL32.DLL
0x00007ffe17210000 - 0x00007ffe175dc000 	C:\WINDOWS\System32\KERNELBASE.dll
0x00007ffdbb020000 - 0x00007ffdbb0fb000 	C:\Program Files\Bitdefender\Bitdefender Security\bdhkm\dlls_267844236627677748\bdhkm64.dll
0x00007ffdbae50000 - 0x00007ffdbb014000 	C:\Program Files\Bitdefender\Bitdefender Security\atcuf\dlls_267844236606778053\atcuf64.dll
0x00007ffe176c0000 - 0x00007ffe1780b000 	C:\WINDOWS\System32\ucrtbase.dll
0x00007ffdd3c90000 - 0x00007ffdd3ca7000 	C:\Users\paulm\.jdks\temurin-17.0.14\bin\jli.dll
0x00007ffe194e0000 - 0x00007ffe196aa000 	C:\WINDOWS\System32\USER32.dll
0x00007ffe17690000 - 0x00007ffe176b7000 	C:\WINDOWS\System32\win32u.dll
0x00007ffe19ff0000 - 0x00007ffe1a01b000 	C:\WINDOWS\System32\GDI32.dll
0x00007ffe17d00000 - 0x00007ffe17e32000 	C:\WINDOWS\System32\gdi32full.dll
0x00007ffe175e0000 - 0x00007ffe17683000 	C:\WINDOWS\System32\msvcp_win.dll
0x00007ffdd3b10000 - 0x00007ffdd3b2e000 	C:\Users\paulm\.jdks\temurin-17.0.14\bin\VCRUNTIME140.dll
0x00007ffdf4e40000 - 0x00007ffdf50da000 	C:\WINDOWS\WinSxS\amd64_microsoft.windows.common-controls_6595b64144ccf1df_6.0.26100.3912_none_3e07963ce335137e\COMCTL32.dll
0x00007ffe19700000 - 0x00007ffe197a9000 	C:\WINDOWS\System32\msvcrt.dll
0x00007ffe19310000 - 0x00007ffe19340000 	C:\WINDOWS\System32\IMM32.DLL
0x00007ffde11f0000 - 0x00007ffde11fc000 	C:\Users\paulm\.jdks\temurin-17.0.14\bin\vcruntime140_1.dll
0x00007ffdc6770000 - 0x00007ffdc67fd000 	C:\Users\paulm\.jdks\temurin-17.0.14\bin\msvcp140.dll
0x00007ffd13f90000 - 0x00007ffd14bfb000 	C:\Users\paulm\.jdks\temurin-17.0.14\bin\server\jvm.dll
0x00007ffe19f30000 - 0x00007ffe19fe2000 	C:\WINDOWS\System32\ADVAPI32.dll
0x00007ffe197b0000 - 0x00007ffe19856000 	C:\WINDOWS\System32\sechost.dll
0x00007ffe17f90000 - 0x00007ffe180a6000 	C:\WINDOWS\System32\RPCRT4.dll
0x00007ffe17f00000 - 0x00007ffe17f74000 	C:\WINDOWS\System32\WS2_32.dll
0x00007ffe16060000 - 0x00007ffe160be000 	C:\WINDOWS\SYSTEM32\POWRPROF.dll
0x00007ffe0f7d0000 - 0x00007ffe0f806000 	C:\WINDOWS\SYSTEM32\WINMM.dll
0x00007ffe0f3c0000 - 0x00007ffe0f3cb000 	C:\WINDOWS\SYSTEM32\VERSION.dll
0x00007ffe16040000 - 0x00007ffe16054000 	C:\WINDOWS\SYSTEM32\UMPDC.dll
0x00007ffe160d0000 - 0x00007ffe160ea000 	C:\WINDOWS\SYSTEM32\kernel.appcore.dll
0x00007ffde0280000 - 0x00007ffde028a000 	C:\Users\paulm\.jdks\temurin-17.0.14\bin\jimage.dll
0x00007ffe14590000 - 0x00007ffe147d1000 	C:\WINDOWS\SYSTEM32\DBGHELP.DLL
0x00007ffe19b40000 - 0x00007ffe19ec4000 	C:\WINDOWS\System32\combase.dll
0x00007ffe18b10000 - 0x00007ffe18bf0000 	C:\WINDOWS\System32\OLEAUT32.dll
0x00007ffdf5520000 - 0x00007ffdf5559000 	C:\WINDOWS\SYSTEM32\dbgcore.DLL
0x00007ffe17ae0000 - 0x00007ffe17b79000 	C:\WINDOWS\System32\bcryptPrimitives.dll
0x00007ffdd0970000 - 0x00007ffdd0995000 	C:\Users\paulm\.jdks\temurin-17.0.14\bin\java.dll
0x00007ffdc0240000 - 0x00007ffdc0317000 	C:\Users\paulm\.jdks\temurin-17.0.14\bin\jsvml.dll
0x00007ffe18260000 - 0x00007ffe1898d000 	C:\WINDOWS\System32\SHELL32.dll
0x00007ffe17b80000 - 0x00007ffe17cf4000 	C:\WINDOWS\System32\wintypes.dll
0x00007ffe14e60000 - 0x00007ffe156b6000 	C:\WINDOWS\SYSTEM32\windows.storage.dll
0x00007ffe19860000 - 0x00007ffe1994f000 	C:\WINDOWS\System32\SHCORE.dll
0x00007ffe18a90000 - 0x00007ffe18af9000 	C:\WINDOWS\System32\shlwapi.dll
0x00007ffe17120000 - 0x00007ffe1714f000 	C:\WINDOWS\SYSTEM32\profapi.dll
0x00007ffdd1d70000 - 0x00007ffdd1d89000 	C:\Users\paulm\.jdks\temurin-17.0.14\bin\net.dll
0x00007ffe10440000 - 0x00007ffe1055e000 	C:\WINDOWS\SYSTEM32\WINHTTP.dll
0x00007ffe16660000 - 0x00007ffe166ca000 	C:\WINDOWS\system32\mswsock.dll
0x00007ffdd0e00000 - 0x00007ffdd0e16000 	C:\Users\paulm\.jdks\temurin-17.0.14\bin\nio.dll
0x00007ffdd0d50000 - 0x00007ffdd0d68000 	C:\Users\paulm\.jdks\temurin-17.0.14\bin\zip.dll
0x00007ffddfe80000 - 0x00007ffddfe90000 	C:\Users\paulm\.jdks\temurin-17.0.14\bin\verify.dll
0x00007ffdde0f0000 - 0x00007ffdde0fa000 	C:\Users\paulm\.jdks\temurin-17.0.14\bin\management.dll
0x00007ffddc500000 - 0x00007ffddc50b000 	C:\Users\paulm\.jdks\temurin-17.0.14\bin\management_ext.dll
0x00007ffe17e40000 - 0x00007ffe17e48000 	C:\WINDOWS\System32\PSAPI.DLL
0x00007ffde18f0000 - 0x00007ffde1908000 	C:\WINDOWS\system32\napinsp.dll
0x00007ffe15aa0000 - 0x00007ffe15bc7000 	C:\WINDOWS\SYSTEM32\DNSAPI.dll
0x00007ffe15a00000 - 0x00007ffe15a33000 	C:\WINDOWS\SYSTEM32\IPHLPAPI.DLL
0x00007ffe17f80000 - 0x00007ffe17f8a000 	C:\WINDOWS\System32\NSI.dll
0x00007ffde1910000 - 0x00007ffde1922000 	C:\WINDOWS\System32\winrnr.dll
0x00007ffde1930000 - 0x00007ffde1960000 	C:\WINDOWS\system32\nlansp_c.dll
0x00007ffe0f4d0000 - 0x00007ffe0f4f0000 	C:\WINDOWS\system32\wshbth.dll
0x00007ffe0ee30000 - 0x00007ffe0ee3b000 	C:\Windows\System32\rasadhlp.dll
0x00007ffe0eff0000 - 0x00007ffe0f076000 	C:\WINDOWS\System32\fwpuclnt.dll
0x00007ffdc05c0000 - 0x00007ffdc0635000 	C:\Users\paulm\AppData\Local\Temp\lwjglpaulm\3.3.1-build-7\lwjgl.dll
0x00007ffdc7920000 - 0x00007ffdc7981000 	C:\Users\paulm\AppData\Local\Temp\lwjglpaulm\3.3.1-build-7\glfw.dll
0x00007ffdcdc80000 - 0x00007ffdcdccb000 	C:\WINDOWS\SYSTEM32\dinput8.dll
0x00007ffd56400000 - 0x00007ffd56412000 	C:\WINDOWS\SYSTEM32\xinput1_4.dll
0x00007ffe16e80000 - 0x00007ffe16ed7000 	C:\WINDOWS\SYSTEM32\cfgmgr32.dll
0x00007ffe16e50000 - 0x00007ffe16e7d000 	C:\WINDOWS\SYSTEM32\DEVOBJ.dll
0x00007ffe13690000 - 0x00007ffe136c6000 	C:\WINDOWS\SYSTEM32\dwmapi.dll
0x00007ffde5980000 - 0x00007ffde5b61000 	C:\WINDOWS\SYSTEM32\inputhost.dll
0x00007ffe12f10000 - 0x00007ffe13036000 	C:\WINDOWS\SYSTEM32\CoreMessaging.dll
0x00007ffe13550000 - 0x00007ffe135ff000 	C:\WINDOWS\system32\uxtheme.dll
0x00007ffe16920000 - 0x00007ffe1692c000 	C:\WINDOWS\SYSTEM32\CRYPTBASE.DLL
0x00007ffe18d10000 - 0x00007ffe18e6f000 	C:\WINDOWS\System32\MSCTF.dll
0x00007ffd4c0a0000 - 0x00007ffd4c1ac000 	C:\WINDOWS\SYSTEM32\opengl32.dll
0x00007ffd50f90000 - 0x00007ffd50fbd000 	C:\WINDOWS\SYSTEM32\GLU32.dll
0x00007ffe138f0000 - 0x00007ffe13937000 	C:\WINDOWS\SYSTEM32\dxcore.dll
0x00007ffdf42e0000 - 0x00007ffdf42fa000 	C:\WINDOWS\SYSTEM32\windows.staterepositorycore.dll
0x00007ffd38ec0000 - 0x00007ffd3b4f8000 	C:\WINDOWS\System32\DriverStore\FileRepository\nv_dispi.inf_amd64_9425e4c3b1ac1c47\nvoglv64.dll
0x00007ffe18e80000 - 0x00007ffe19306000 	C:\WINDOWS\System32\SETUPAPI.dll
0x00007ffe180b0000 - 0x00007ffe1824f000 	C:\WINDOWS\System32\ole32.dll
0x00007ffe133b0000 - 0x00007ffe133c6000 	C:\WINDOWS\SYSTEM32\WTSAPI32.dll
0x00007ffe16970000 - 0x00007ffe16983000 	C:\WINDOWS\SYSTEM32\msasn1.dll
0x00007ffe0ec50000 - 0x00007ffe0ec8b000 	C:\WINDOWS\SYSTEM32\cryptnet.dll
0x00007ffe17810000 - 0x00007ffe17987000 	C:\WINDOWS\System32\CRYPT32.dll
0x00007ffe169e0000 - 0x00007ffe16a3d000 	C:\WINDOWS\SYSTEM32\wldp.dll
0x00007ffe0ead0000 - 0x00007ffe0ec4c000 	C:\WINDOWS\SYSTEM32\drvstore.dll
0x00007ffe17a50000 - 0x00007ffe17ad0000 	C:\WINDOWS\System32\WINTRUST.dll
0x00007ffe16210000 - 0x00007ffe16245000 	C:\WINDOWS\SYSTEM32\ntmarta.dll
0x00007ffe193e0000 - 0x00007ffe19400000 	C:\WINDOWS\System32\imagehlp.dll
0x00007ffe16900000 - 0x00007ffe1691c000 	C:\WINDOWS\SYSTEM32\CRYPTSP.dll
0x00007ffe15fa0000 - 0x00007ffe15fda000 	C:\WINDOWS\system32\rsaenh.dll
0x00007ffe170f0000 - 0x00007ffe17116000 	C:\WINDOWS\SYSTEM32\bcrypt.dll
0x00007ffe0ac10000 - 0x00007ffe0d920000 	C:\WINDOWS\System32\DriverStore\FileRepository\nv_dispi.inf_amd64_9425e4c3b1ac1c47\nvgpucomp64.dll
0x00007ffdd1050000 - 0x00007ffdd1356000 	C:\WINDOWS\system32\nvspcap64.dll
0x00007ffe15cc0000 - 0x00007ffe15d27000 	C:\WINDOWS\SYSTEM32\WINSTA.dll
0x00007ffd9e210000 - 0x00007ffd9e469000 	C:\Users\paulm\AppData\Local\Temp\lwjglpaulm\3.3.1-build-7\jemalloc.dll
0x00007ffde6450000 - 0x00007ffde659d000 	C:\WINDOWS\SYSTEM32\textinputframework.dll
0x00007ffe0f860000 - 0x00007ffe0fb43000 	C:\WINDOWS\SYSTEM32\CoreUIComponents.dll
0x00007ffdcbb90000 - 0x00007ffdcbbed000 	C:\Users\paulm\AppData\Local\Temp\lwjglpaulm\3.3.1-build-7\lwjgl_opengl.dll
0x00007ffdbeab0000 - 0x00007ffdbeb31000 	C:\Users\paulm\AppData\Local\Temp\lwjglpaulm\3.3.1-build-7\lwjgl_stb.dll
0x00007ffe16700000 - 0x00007ffe1672b000 	C:\WINDOWS\SYSTEM32\USERENV.dll
0x00007ffe10720000 - 0x00007ffe1073f000 	C:\WINDOWS\SYSTEM32\dhcpcsvc6.DLL
0x00007ffe10110000 - 0x00007ffe10135000 	C:\WINDOWS\SYSTEM32\dhcpcsvc.DLL
0x00007ffdcf660000 - 0x00007ffdcf6a0000 	C:\Users\paulm\AppData\Local\Temp\jna-106439973\jna16496110217986589336.dll
0x00007ffe17e50000 - 0x00007ffe17ef8000 	C:\WINDOWS\System32\clbcatq.dll
0x00007ffdf8a20000 - 0x00007ffdf8a3d000 	C:\WINDOWS\SYSTEM32\amsi.dll
0x00007ffd93000000 - 0x00007ffd930cb000 	C:\Program Files\Bitdefender\Bitdefender Security\bdamsi\dlls_267059357120000000\antimalware_provider64.dll
0x00007ffe014f0000 - 0x00007ffe0153e000 	C:\WINDOWS\SYSTEM32\Pdh.dll
0x00007ffde1480000 - 0x00007ffde1491000 	C:\WINDOWS\System32\perfos.dll
0x00007ffe13530000 - 0x00007ffe13542000 	C:\WINDOWS\SYSTEM32\pfclient.dll
0x00007ffddf1f0000 - 0x00007ffddf1fe000 	C:\Users\paulm\.jdks\temurin-17.0.14\bin\sunmscapi.dll
0x00007ffe16b10000 - 0x00007ffe16b40000 	C:\WINDOWS\SYSTEM32\ncrypt.dll
0x00007ffe16ac0000 - 0x00007ffe16aff000 	C:\WINDOWS\SYSTEM32\NTASN1.dll
0x00007ffddf4e0000 - 0x00007ffddf4e9000 	C:\Users\paulm\.jdks\temurin-17.0.14\bin\extnet.dll
0x00007ffdfcc60000 - 0x00007ffdfcd28000 	C:\WINDOWS\SYSTEM32\mscms.dll
0x00007ffdc63f0000 - 0x00007ffdc6439000 	C:\WINDOWS\SYSTEM32\icm32.dll
0x00007ffd9cc90000 - 0x00007ffd9ce27000 	C:\Users\paulm\AppData\Local\Temp\lwjglpaulm\3.3.1-build-7\OpenAL.dll
0x00007ffe10320000 - 0x00007ffe103ba000 	C:\WINDOWS\System32\MMDevApi.dll
0x00007ffd8ffe0000 - 0x00007ffd90153000 	C:\WINDOWS\System32\Speech\Common\sapi.dll
0x00007ffde1ab0000 - 0x00007ffde1ab8000 	C:\WINDOWS\system32\wshunix.dll
0x00007ffdfa440000 - 0x00007ffdfa5fd000 	C:\WINDOWS\SYSTEM32\AUDIOSES.DLL
0x00007ffe14480000 - 0x00007ffe14494000 	C:\WINDOWS\SYSTEM32\resourcepolicyclient.dll
0x00007ffe01190000 - 0x00007ffe0136c000 	C:\WINDOWS\system32\urlmon.dll
0x00007ffe00bb0000 - 0x00007ffe00e7a000 	C:\WINDOWS\SYSTEM32\iertutil.dll
0x00007ffe0a9c0000 - 0x00007ffe0a9e9000 	C:\WINDOWS\SYSTEM32\srvcli.dll
0x00007ffe15d30000 - 0x00007ffe15d3d000 	C:\WINDOWS\SYSTEM32\netutils.dll
0x00007ffd9cb00000 - 0x00007ffd9cc90000 	C:\Users\paulm\.jdks\temurin-17.0.14\bin\awt.dll
0x00007ffe132f0000 - 0x00007ffe1338e000 	C:\WINDOWS\SYSTEM32\apphelp.dll

dbghelp: loaded successfully - version: 4.0.5 - missing functions: none
symbol engine: initialized successfully - sym options: 0x614 - pdb path: .;C:\Users\paulm\.jdks\temurin-17.0.14\bin;C:\WINDOWS\SYSTEM32;C:\Program Files\Bitdefender\Bitdefender Security\bdhkm\dlls_267844236627677748;C:\Program Files\Bitdefender\Bitdefender Security\atcuf\dlls_267844236606778053;C:\WINDOWS\WinSxS\amd64_microsoft.windows.common-controls_6595b64144ccf1df_6.0.26100.3912_none_3e07963ce335137e;C:\Users\paulm\.jdks\temurin-17.0.14\bin\server;C:\Users\paulm\AppData\Local\Temp\lwjglpaulm\3.3.1-build-7;C:\WINDOWS\System32\DriverStore\FileRepository\nv_dispi.inf_amd64_9425e4c3b1ac1c47;C:\Users\paulm\AppData\Local\Temp\jna-106439973;C:\Program Files\Bitdefender\Bitdefender Security\bdamsi\dlls_267059357120000000;C:\WINDOWS\System32\Speech\Common

VM Arguments:
jvm_args: -Dforge.enableGameTest=true -Dforge.enabledGameTestNamespaces=minecolonytax -Dforge.logging.console.level=debug -Dforge.logging.markers=REGISTRIES -DignoreList=bootstraplauncher,securejarhandler,asm-commons,asm-util,asm-analysis,asm-tree,asm,JarJarFileSystems,client-extra,fmlcore,javafmllanguage,lowcodelanguage,mclanguage,forge- -Djava.net.preferIPv6Addresses=system -DlegacyClassPath.file=C:\Users\paulm\Desktop\MinecolonyTaxAddon - Kopie\build\classpath\runClient_minecraftClasspath.txt -DmergeModules=jna-5.10.0.jar,jna-platform-5.10.0.jar -Dmixin.env.refMapRemappingFile=C:\Users\paulm\Desktop\MinecolonyTaxAddon - Kopie/build/createSrgToMcp/output.srg -Dmixin.env.remapRefMap=true --module-path=C:\Users\paulm\.gradle\caches\modules-2\files-2.1\cpw.mods\bootstraplauncher\1.1.2\c546e00443d8432cda6baa1c860346980742628\bootstraplauncher-1.1.2.jar;C:\Users\paulm\.gradle\caches\modules-2\files-2.1\cpw.mods\securejarhandler\2.1.10\51e6a22c6c716beb11e244bf5b8be480f51dd6b5\securejarhandler-2.1.10.jar;C:\Users\paulm\.gradle\caches\modules-2\files-2.1\org.ow2.asm\asm-commons\9.7\e86dda4696d3c185fcc95d8d311904e7ce38a53f\asm-commons-9.7.jar;C:\Users\paulm\.gradle\caches\modules-2\files-2.1\org.ow2.asm\asm-util\9.7\c0655519f24d92af2202cb681cd7c1569df6ead6\asm-util-9.7.jar;C:\Users\paulm\.gradle\caches\modules-2\files-2.1\org.ow2.asm\asm-analysis\9.7\e4a258b7eb96107106c0599f0061cfc1832fe07a\asm-analysis-9.7.jar;C:\Users\paulm\.gradle\caches\modules-2\files-2.1\org.ow2.asm\asm-tree\9.7\e446a17b175bfb733b87c5c2560ccb4e57d69f1a\asm-tree-9.7.jar;C:\Users\paulm\.gradle\caches\modules-2\files-2.1\org.ow2.asm\asm\9.7\73d7b3086e14beb604ced229c302feff6449723\asm-9.7.jar;C:\Users\paulm\.gradle\caches\modules-2\files-2.1\net.minecraftforge\JarJarFileSystems\0.3.19\2464eb7d6b9ddb9db36a82cf8a95193e5c6fe020\JarJarFileSystems-0.3.19.jar --add-modules=ALL-MODULE-PATH --add-opens=java.base/java.util.jar=cpw.mods.securejarhandler --add-opens=java.base/java.lang.invoke=cpw.mods.securejarhandler --add-exports=java.base/sun.security.util=cpw.mods.securejarhandler --add-exports=jdk.naming.dns/com.sun.jndi.dns=java.naming -XX:HeapDumpPath=MojangTricksIntelDriversForPerformance_javaw.exe_minecraft.exe.heapdump -Dfile.encoding=UTF-8 -Duser.country=DE -Duser.language=de -Duser.variant 
java_command: cpw.mods.bootstraplauncher.BootstrapLauncher --launchTarget forgeclientuserdev --version MOD_DEV --assetIndex 5 --assetsDir C:\Users\paulm\.gradle\caches\forge_gradle\assets --gameDir . --fml.forgeVersion 47.3.10 --fml.mcVersion 1.20.1 --fml.forgeGroup net.minecraftforge --fml.mcpVersion 20230612.114412
java_class_path (initial): C:\Users\paulm\Desktop\MinecolonyTaxAddon - Kopie\build\classes\java\main;C:\Users\paulm\Desktop\MinecolonyTaxAddon - Kopie\build\resources\main;C:\Users\paulm\.gradle\caches\forge_gradle\deobf_dependencies\curse\maven\minecolonies-245506\5761248_mapped_parchment_2023.09.03-1.20.1\minecolonies-245506-5761248_mapped_parchment_2023.09.03-1.20.1.jar;C:\Users\paulm\.gradle\caches\forge_gradle\deobf_dependencies\curse\maven\sdm-shop-948942\5777543_mapped_parchment_2023.09.03-1.20.1\sdm-shop-948942-5777543_mapped_parchment_2023.09.03-1.20.1.jar;C:\Users\paulm\.gradle\caches\forge_gradle\deobf_dependencies\curse\maven\ftb-teams-forge-404468\5267190_mapped_parchment_2023.09.03-1.20.1\ftb-teams-forge-404468-5267190_mapped_parchment_2023.09.03-1.20.1.jar;C:\Users\paulm\.gradle\caches\forge_gradle\deobf_dependencies\curse\maven\recruits-523860\6500292_mapped_parchment_2023.09.03-1.20.1\recruits-523860-6500292_mapped_parchment_2023.09.03-1.20.1.jar;C:\Users\paulm\.gradle\caches\forge_gradle\minecraft_user_repo\net\minecraftforge\forge\1.20.1-47.3.10_mapped_parchment_2023.09.03-1.20.1\forge-1.20.1-47.3.10_mapped_parchment_2023.09.03-1.20.1.jar;C:\Users\paulm\.gradle\caches\forge_gradle\deobf_dependencies\curse\maven\blockui-522992\5658253_mapped_parchment_2023.09.03-1.20.1\blockui-522992-5658253_mapped_parchment_2023.09.03-1.20.1.jar;C:\Users\paulm\.gradle\caches\forge_gradle\deobf_dependencies\curse\maven\multi-piston-303278\5204918_mapped_parchment_2023.09.03-1.20.1\multi-piston-303278-5204918_mapped_parchment_2023.09.03-1.20.1.jar;C:\Users\paulm\.gradle\caches\forge_gradle\deobf_dependencies\curse\maven\domum-ornamentum-527361\5764067_mapped_parchment_2023.09.03-1.20.1\domum-ornamentum-527361-5764067_mapped_parchment_2023.09.03-1.20.1.jar;C:\Users\paulm\.gradle\caches\forge_gradle\deobf_dependencies\curse\maven\structurize-298744\5676596_mapped_parchment_2023.09.03-1.20.1\structurize-298744-5676596_mapped_parchment_2023.09.03-1.20.1.jar;C:\Users\p
Launcher Type: SUN_STANDARD

[Global flags]
     intx CICompilerCount                          = 15                                        {product} {ergonomic}
     uint ConcGCThreads                            = 6                                         {product} {ergonomic}
     uint G1ConcRefinementThreads                  = 23                                        {product} {ergonomic}
   size_t G1HeapRegionSize                         = 8388608                                   {product} {ergonomic}
    uintx GCDrainStackTargetSize                   = 64                                        {product} {ergonomic}
    ccstr HeapDumpPath                             = MojangTricksIntelDriversForPerformance_javaw.exe_minecraft.exe.heapdump         {manageable} {command line}
   size_t InitialHeapSize                          = 1065353216                                {product} {ergonomic}
   size_t MarkStackSize                            = 4194304                                   {product} {ergonomic}
   size_t MaxHeapSize                              = 16953376768                               {product} {ergonomic}
   size_t MaxNewSize                               = 10166992896                               {product} {ergonomic}
   size_t MinHeapDeltaBytes                        = 8388608                                   {product} {ergonomic}
   size_t MinHeapSize                              = 8388608                                   {product} {ergonomic}
    uintx NonNMethodCodeHeapSize                   = 8192380                                {pd product} {ergonomic}
    uintx NonProfiledCodeHeapSize                  = 121732930                              {pd product} {ergonomic}
    uintx ProfiledCodeHeapSize                     = 121732930                              {pd product} {ergonomic}
    uintx ReservedCodeCacheSize                    = 251658240                              {pd product} {ergonomic}
     bool SegmentedCodeCache                       = true                                      {product} {ergonomic}
   size_t SoftMaxHeapSize                          = 16953376768                            {manageable} {ergonomic}
     bool UseCompressedClassPointers               = true                           {product lp64_product} {ergonomic}
     bool UseCompressedOops                        = true                           {product lp64_product} {ergonomic}
     bool UseG1GC                                  = true                                      {product} {ergonomic}
     bool UseLargePagesIndividualAllocation        = false                                  {pd product} {ergonomic}

Logging:
Log output configuration:
 #0: stdout all=warning uptime,level,tags
 #1: stderr all=off uptime,level,tags

Environment Variables:
PATH=C:\Program Files (x86)\VMware\VMware Workstation\bin\;C:\Program Files\Common Files\Oracle\Java\javapath;C:\WINDOWS\system32;C:\WINDOWS;C:\WINDOWS\System32\Wbem;C:\WINDOWS\System32\WindowsPowerShell\v1.0\;C:\WINDOWS\System32\OpenSSH\;C:\Program Files\NVIDIA Corporation\NVIDIA app\NvDLISR;C:\Program Files (x86)\NVIDIA Corporation\PhysX\Common;C:\Program Files\dotnet\;C:\Program Files\Git\cmd;C:\Program Files\nodejs\;C:\ProgramData\chocolatey\bin;C:\Program Files\MySQL\MySQL Shell 8.4\bin\;C:\Users\paulm\AppData\Local\Programs\Python\Launcher\;C:\Users\paulm\AppData\Local\Microsoft\WindowsApps;C:\Users\paulm\AppData\Local\Programs\Microsoft VS Code\bin;C:\Users\paulm\.dotnet\tools;C:\Users\paulm\AppData\Local\GitHubDesktop\bin;C:\Users\paulm\AppData\Roaming\npm;C:\Users\paulm\AppData\Local\Programs\Windsurf\bin;C:\Users\paulm\AppData\Local\Programs\cursor\resources\app\bin
USERNAME=paulm
OS=Windows_NT
PROCESSOR_IDENTIFIER=AMD64 Family 25 Model 97 Stepping 2, AuthenticAMD
TMP=C:\Users\paulm\AppData\Local\Temp
TEMP=C:\Users\paulm\AppData\Local\Temp



Periodic native trim disabled


---------------  S Y S T E M  ---------------

OS:
 Windows 11 , 64 bit Build 26100 (10.0.26100.3912)
OS uptime: 7 days 4:23 hours
Hyper-V role detected

CPU: total 32 (initial active 32) (32 cores per cpu, 2 threads per core) family 25 model 97 stepping 2 microcode 0xa601209, cx8, cmov, fxsr, ht, mmx, 3dnowpref, sse, sse2, sse3, ssse3, sse4a, sse4.1, sse4.2, popcnt, lzcnt, tsc, tscinvbit, avx, avx2, aes, erms, clmul, bmi1, bmi2, adx, avx512f, avx512dq, avx512cd, avx512bw, avx512vl, sha, fma, vzeroupper, avx512_vpopcntdq, avx512_vpclmulqdq, avx512_vaes, avx512_vnni, clflush, clflushopt, avx512_vbmi2, avx512_vbmi, hv
Processor Information for all 32 processors :
  Max Mhz: 4501, Current Mhz: 4501, Mhz Limit: 4501

Memory: 4k page, system-wide physical 64650M (9015M free)
TotalPageFile size 89226M (AvailPageFile size 9M)
current process WorkingSet (physical memory assigned to process): 4229M, peak: 4238M
current process commit charge ("private bytes"): 5938M, peak: 5945M

vm_info: OpenJDK 64-Bit Server VM (17.0.14+7) for windows-amd64 JRE (17.0.14+7), built on Jan 21 2025 23:40:15 by "admin" with MS VC++ 17.7 (VS2022)

END.
