#
# There is insufficient memory for the Java Runtime Environment to continue.
# Native memory allocation (mmap) failed to map 3732930560 bytes. Error detail: G1 virtual space
# Possible reasons:
#   The system is out of physical RAM or swap space
#   This process is running with CompressedOops enabled, and the Java Heap may be blocking the growth of the native heap
# Possible solutions:
#   Reduce memory load on the system
#   Increase physical memory or swap space
#   Check if swap backing store is full
#   Decrease Java heap size (-Xmx/-Xms)
#   Decrease number of Java threads
#   Decrease Java thread stack sizes (-Xss)
#   Set larger code cache with -XX:ReservedCodeCacheSize=
#   JVM is running with Zero Based Compressed Oops mode in which the Java heap is
#     placed in the first 32GB address space. The Java Heap base address is the
#     maximum limit for the native heap growth. Please use -XX:HeapBaseMinAddress
#     to set the Java Heap base and to place the Java Heap above 32GB virtual address.
# This output file may be truncated or incomplete.
#
#  Out of Memory Error (os_windows.cpp:3618), pid=51196, tid=9580
#
# JRE version: OpenJDK Runtime Environment Temurin-17.0.14+7 (17.0.14+7) (build 17.0.14+7)
# Java VM: OpenJDK 64-Bit Server VM Temurin-17.0.14+7 (17.0.14+7, mixed mode, sharing, tiered, compressed oops, compressed class ptrs, g1 gc, windows-amd64)
# No core dump will be written. Minidumps are not enabled by default on client versions of Windows
#

---------------  S U M M A R Y ------------

Command Line: -Dforge.enableGameTest=true -Dforge.enabledGameTestNamespaces=minecolonytax -Dforge.logging.console.level=debug -Dforge.logging.markers=REGISTRIES -DignoreList=bootstraplauncher,securejarhandler,asm-commons,asm-util,asm-analysis,asm-tree,asm,JarJarFileSystems,client-extra,fmlcore,javafmllanguage,lowcodelanguage,mclanguage,forge- -Djava.net.preferIPv6Addresses=system -DlegacyClassPath.file=C:\Users\paulm\Desktop\Projects\MinecolonyTaxAddon - Kopie\build\classpath\runClient_minecraftClasspath.txt -DmergeModules=jna-5.10.0.jar,jna-platform-5.10.0.jar -Dmixin.env.refMapRemappingFile=C:\Users\paulm\Desktop\Projects\MinecolonyTaxAddon - Kopie/build/createSrgToMcp/output.srg -Dmixin.env.remapRefMap=true --module-path=C:\Users\paulm\.gradle\caches\modules-2\files-2.1\cpw.mods\bootstraplauncher\1.1.2\c546e00443d8432cda6baa1c860346980742628\bootstraplauncher-1.1.2.jar;C:\Users\paulm\.gradle\caches\modules-2\files-2.1\cpw.mods\securejarhandler\2.1.10\51e6a22c6c716beb11e244bf5b8be480f51dd6b5\securejarhandler-2.1.10.jar;C:\Users\paulm\.gradle\caches\modules-2\files-2.1\org.ow2.asm\asm-commons\9.7\e86dda4696d3c185fcc95d8d311904e7ce38a53f\asm-commons-9.7.jar;C:\Users\paulm\.gradle\caches\modules-2\files-2.1\org.ow2.asm\asm-util\9.7\c0655519f24d92af2202cb681cd7c1569df6ead6\asm-util-9.7.jar;C:\Users\paulm\.gradle\caches\modules-2\files-2.1\org.ow2.asm\asm-analysis\9.7\e4a258b7eb96107106c0599f0061cfc1832fe07a\asm-analysis-9.7.jar;C:\Users\paulm\.gradle\caches\modules-2\files-2.1\org.ow2.asm\asm-tree\9.7\e446a17b175bfb733b87c5c2560ccb4e57d69f1a\asm-tree-9.7.jar;C:\Users\paulm\.gradle\caches\modules-2\files-2.1\org.ow2.asm\asm\9.7\73d7b3086e14beb604ced229c302feff6449723\asm-9.7.jar;C:\Users\paulm\.gradle\caches\modules-2\files-2.1\net.minecraftforge\JarJarFileSystems\0.3.19\2464eb7d6b9ddb9db36a82cf8a95193e5c6fe020\JarJarFileSystems-0.3.19.jar --add-modules=ALL-MODULE-PATH --add-opens=java.base/java.util.jar=cpw.mods.securejarhandler --add-opens=java.base/java.lang.invoke=cpw.mods.securejarhandler --add-exports=java.base/sun.security.util=cpw.mods.securejarhandler --add-exports=jdk.naming.dns/com.sun.jndi.dns=java.naming -XX:HeapDumpPath=MojangTricksIntelDriversForPerformance_javaw.exe_minecraft.exe.heapdump -Dfile.encoding=UTF-8 -Duser.country=DE -Duser.language=de -Duser.variant cpw.mods.bootstraplauncher.BootstrapLauncher --launchTarget forgeclientuserdev --version MOD_DEV --assetIndex 5 --assetsDir C:\Users\paulm\.gradle\caches\forge_gradle\assets --gameDir . --fml.forgeVersion 47.3.10 --fml.mcVersion 1.20.1 --fml.forgeGroup net.minecraftforge --fml.mcpVersion 20230612.114412

Host: AMD Ryzen 9 7950X 16-Core Processor            , 32 cores, 63G,  Windows 11 , 64 bit Build 26100 (10.0.26100.4484)
Time: Sun Aug 10 23:03:50 2025 Mitteleuropäische Sommerzeit elapsed time: 33.283493 seconds (0d 0h 0m 33s)

---------------  T H R E A D  ---------------

Current thread (0x0000026cfed59860):  VMThread "VM Thread" [stack: 0x000000fc37e00000,0x000000fc37f00000] [id=9580]

Stack: [0x000000fc37e00000,0x000000fc37f00000]
Native frames: (J=compiled Java code, j=interpreted, Vv=VM code, C=native code)
V  [jvm.dll+0x682eb9]
V  [jvm.dll+0x8399c8]
V  [jvm.dll+0x83b473]
V  [jvm.dll+0x83bae3]
V  [jvm.dll+0x24715f]
V  [jvm.dll+0x67fc99]
V  [jvm.dll+0x674b8a]
V  [jvm.dll+0x304c06]
V  [jvm.dll+0x30c0c6]
V  [jvm.dll+0x35dc3e]
V  [jvm.dll+0x35de7d]
V  [jvm.dll+0x2dbfcc]
V  [jvm.dll+0x2da36f]
V  [jvm.dll+0x2d9adc]
V  [jvm.dll+0x31d2bb]
V  [jvm.dll+0x84031d]
V  [jvm.dll+0x841053]
V  [jvm.dll+0x84157f]
V  [jvm.dll+0x841964]
V  [jvm.dll+0x841a2e]
V  [jvm.dll+0x7e948c]
V  [jvm.dll+0x681d97]
C  [ucrtbase.dll+0x37b0]
C  [KERNEL32.DLL+0x2e8d7]
C  [ntdll.dll+0x3c34c]

VM_Operation (0x000000fc3e5feab0): G1CollectForAllocation, mode: safepoint, requested by thread 0x0000026d4c261670


---------------  P R O C E S S  ---------------

Threads class SMR info:
_java_thread_list=0x0000026d44f48a00, length=91, elements={
0x0000026ccd6335d0, 0x0000026cfed5dd50, 0x0000026cfed5e820, 0x0000026cfed78b60,
0x0000026cfed79430, 0x0000026cfed7bd10, 0x0000026cfed7c5e0, 0x0000026cfed7d1e0,
0x0000026cfed97b20, 0x0000026cfedb8440, 0x0000026cfee58860, 0x0000026d441a5330,
0x0000026cfee5ad90, 0x0000026d44229360, 0x0000026cfee5b830, 0x0000026d4cb49180,
0x0000026d48d89870, 0x0000026d48d8acb0, 0x0000026d48d87a10, 0x0000026d48d8b6d0,
0x0000026d48d8c0f0, 0x0000026d48d8bbe0, 0x0000026d48d88940, 0x0000026d48d8ee80,
0x0000026d48d8c600, 0x0000026d48d8e460, 0x0000026d48d8cb10, 0x0000026d48d8e970,
0x0000026d48d8d020, 0x0000026d48d8d530, 0x0000026d48d8f390, 0x0000026d48d8da40,
0x0000026d48d8df50, 0x0000026d46fd7d80, 0x0000026d46fd8290, 0x0000026d46fd87a0,
0x0000026d46fd8cb0, 0x0000026d4c25f300, 0x0000026d4c25dec0, 0x0000026d4c25f810,
0x0000026d4c25ca80, 0x0000026d4c260740, 0x0000026d4c25cf90, 0x0000026d4c260c50,
0x0000026d4c25d4a0, 0x0000026d4c261160, 0x0000026d4c2639e0, 0x0000026d4c261670,
0x0000026d4c262ab0, 0x0000026d4c2625a0, 0x0000026d4c261b80, 0x0000026d4c262090,
0x0000026d4c2634d0, 0x0000026d4c262fc0, 0x0000026d4cb44fb0, 0x0000026d4cb47320,
0x0000026d48d87f20, 0x0000026d48d89360, 0x0000026d54d904b0, 0x0000026d54d93240,
0x0000026d54d93750, 0x0000026d54d93c60, 0x0000026d54d913e0, 0x0000026d54d918f0,
0x0000026d54d91e00, 0x0000026d54d92820, 0x0000026d54d92d30, 0x0000026d54a2bb10,
0x0000026d54a2b0f0, 0x0000026d54a2abe0, 0x0000026d54a29290, 0x0000026d54a297a0,
0x0000026d54a2a6d0, 0x0000026d54a2b600, 0x0000026d54a29cb0, 0x0000026d56809cf0,
0x0000026d56808260, 0x0000026d5680a240, 0x0000026d568087b0, 0x0000026d56809250,
0x0000026d56808d00, 0x0000026d568077c0, 0x0000026d568097a0, 0x0000026d5680a790,
0x0000026d48d88430, 0x0000026d48d88e50, 0x0000026d48d8b1c0, 0x0000026d56806d20,
0x0000026d48dbbeb0, 0x0000026d4c25e8e0, 0x0000026d54d909c0
}

Java Threads: ( => current thread )
  0x0000026ccd6335d0 JavaThread "Render thread" [_thread_blocked, id=83352, stack(0x000000fc37800000,0x000000fc37900000)]
  0x0000026cfed5dd50 JavaThread "Reference Handler" daemon [_thread_blocked, id=82760, stack(0x000000fc37f00000,0x000000fc38000000)]
  0x0000026cfed5e820 JavaThread "Finalizer" daemon [_thread_blocked, id=75856, stack(0x000000fc38000000,0x000000fc38100000)]
  0x0000026cfed78b60 JavaThread "Signal Dispatcher" daemon [_thread_blocked, id=62660, stack(0x000000fc38100000,0x000000fc38200000)]
  0x0000026cfed79430 JavaThread "Attach Listener" daemon [_thread_blocked, id=82116, stack(0x000000fc38200000,0x000000fc38300000)]
  0x0000026cfed7bd10 JavaThread "Service Thread" daemon [_thread_blocked, id=66576, stack(0x000000fc38300000,0x000000fc38400000)]
  0x0000026cfed7c5e0 JavaThread "Monitor Deflation Thread" daemon [_thread_blocked, id=81224, stack(0x000000fc38400000,0x000000fc38500000)]
  0x0000026cfed7d1e0 JavaThread "C2 CompilerThread0" daemon [_thread_blocked, id=83488, stack(0x000000fc38500000,0x000000fc38600000)]
  0x0000026cfed97b20 JavaThread "C1 CompilerThread0" daemon [_thread_blocked, id=40320, stack(0x000000fc38600000,0x000000fc38700000)]
  0x0000026cfedb8440 JavaThread "Sweeper thread" daemon [_thread_blocked, id=82888, stack(0x000000fc38700000,0x000000fc38800000)]
  0x0000026cfee58860 JavaThread "C1 CompilerThread1" daemon [_thread_blocked, id=76072, stack(0x000000fc38800000,0x000000fc38900000)]
  0x0000026d441a5330 JavaThread "Common-Cleaner" daemon [_thread_blocked, id=26372, stack(0x000000fc38900000,0x000000fc38a00000)]
  0x0000026cfee5ad90 JavaThread "C1 CompilerThread2" daemon [_thread_blocked, id=76720, stack(0x000000fc38a00000,0x000000fc38b00000)]
  0x0000026d44229360 JavaThread "Notification Thread" daemon [_thread_blocked, id=84576, stack(0x000000fc38c00000,0x000000fc38d00000)]
  0x0000026cfee5b830 JavaThread "C1 CompilerThread3" daemon [_thread_blocked, id=83248, stack(0x000000fc38e00000,0x000000fc38f00000)]
  0x0000026d4cb49180 JavaThread "JNA Cleaner" daemon [_thread_blocked, id=50364, stack(0x000000fc3c300000,0x000000fc3c400000)]
  0x0000026d48d89870 JavaThread "Timer hack thread" daemon [_thread_blocked, id=84948, stack(0x000000fc38b00000,0x000000fc38c00000)]
  0x0000026d48d8acb0 JavaThread "Yggdrasil Key Fetcher" daemon [_thread_blocked, id=80092, stack(0x000000fc3c600000,0x000000fc3c700000)]
  0x0000026d48d87a10 JavaThread "modloading-worker-0" daemon [_thread_blocked, id=83268, stack(0x000000fc3bc00000,0x000000fc3bd00000)]
  0x0000026d48d8b6d0 JavaThread "modloading-worker-0" daemon [_thread_blocked, id=83704, stack(0x000000fc3c900000,0x000000fc3ca00000)]
  0x0000026d48d8c0f0 JavaThread "modloading-worker-0" daemon [_thread_blocked, id=65836, stack(0x000000fc3ca00000,0x000000fc3cb00000)]
  0x0000026d48d8bbe0 JavaThread "modloading-worker-0" daemon [_thread_blocked, id=78676, stack(0x000000fc3cb00000,0x000000fc3cc00000)]
  0x0000026d48d88940 JavaThread "modloading-worker-0" daemon [_thread_blocked, id=84744, stack(0x000000fc3cc00000,0x000000fc3cd00000)]
  0x0000026d48d8ee80 JavaThread "modloading-worker-0" daemon [_thread_blocked, id=79984, stack(0x000000fc3cd00000,0x000000fc3ce00000)]
  0x0000026d48d8c600 JavaThread "modloading-worker-0" daemon [_thread_blocked, id=79600, stack(0x000000fc3ce00000,0x000000fc3cf00000)]
  0x0000026d48d8e460 JavaThread "modloading-worker-0" daemon [_thread_blocked, id=83624, stack(0x000000fc3cf00000,0x000000fc3d000000)]
  0x0000026d48d8cb10 JavaThread "modloading-worker-0" daemon [_thread_blocked, id=61796, stack(0x000000fc3d000000,0x000000fc3d100000)]
  0x0000026d48d8e970 JavaThread "modloading-worker-0" daemon [_thread_blocked, id=49312, stack(0x000000fc3d100000,0x000000fc3d200000)]
  0x0000026d48d8d020 JavaThread "modloading-worker-0" daemon [_thread_blocked, id=84732, stack(0x000000fc3d200000,0x000000fc3d300000)]
  0x0000026d48d8d530 JavaThread "modloading-worker-0" daemon [_thread_blocked, id=81036, stack(0x000000fc3d300000,0x000000fc3d400000)]
  0x0000026d48d8f390 JavaThread "modloading-worker-0" daemon [_thread_blocked, id=82848, stack(0x000000fc3d400000,0x000000fc3d500000)]
  0x0000026d48d8da40 JavaThread "modloading-worker-0" daemon [_thread_blocked, id=83692, stack(0x000000fc3d500000,0x000000fc3d600000)]
  0x0000026d48d8df50 JavaThread "modloading-worker-0" daemon [_thread_blocked, id=72036, stack(0x000000fc3d600000,0x000000fc3d700000)]
  0x0000026d46fd7d80 JavaThread "modloading-worker-0" daemon [_thread_blocked, id=84888, stack(0x000000fc3d700000,0x000000fc3d800000)]
  0x0000026d46fd8290 JavaThread "modloading-worker-0" daemon [_thread_blocked, id=79968, stack(0x000000fc3d800000,0x000000fc3d900000)]
  0x0000026d46fd87a0 JavaThread "modloading-worker-0" daemon [_thread_blocked, id=79008, stack(0x000000fc3d900000,0x000000fc3da00000)]
  0x0000026d46fd8cb0 JavaThread "modloading-worker-0" daemon [_thread_blocked, id=73248, stack(0x000000fc3da00000,0x000000fc3db00000)]
  0x0000026d4c25f300 JavaThread "Structurize IO Worker #0" daemon [_thread_blocked, id=13604, stack(0x000000fc3db00000,0x000000fc3dc00000)]
  0x0000026d4c25dec0 JavaThread "FileSystemWatchService" daemon [_thread_in_native, id=81216, stack(0x000000fc3dc00000,0x000000fc3dd00000)]
  0x0000026d4c25f810 JavaThread "JEI Config File Watcher" daemon [_thread_blocked, id=82788, stack(0x000000fc3dd00000,0x000000fc3de00000)]
  0x0000026d4c25ca80 JavaThread "Worker-Main-1" daemon [_thread_blocked, id=78956, stack(0x000000fc3bb00000,0x000000fc3bc00000)]
  0x0000026d4c260740 JavaThread "Thread-3" daemon [_thread_blocked, id=84876, stack(0x000000fc3df00000,0x000000fc3e000000)]
  0x0000026d4c25cf90 JavaThread "FileSystemWatchService" daemon [_thread_in_native, id=83444, stack(0x000000fc3e000000,0x000000fc3e100000)]
  0x0000026d4c260c50 JavaThread "Worker-Main-2" daemon [_thread_blocked, id=83984, stack(0x000000fc3e100000,0x000000fc3e200000)]
  0x0000026d4c25d4a0 JavaThread "Worker-Main-3" daemon [_thread_blocked, id=83304, stack(0x000000fc3e200000,0x000000fc3e300000)]
  0x0000026d4c261160 JavaThread "Worker-Main-4" daemon [_thread_blocked, id=83900, stack(0x000000fc3e300000,0x000000fc3e400000)]
  0x0000026d4c2639e0 JavaThread "Worker-Main-5" daemon [_thread_blocked, id=51164, stack(0x000000fc3e400000,0x000000fc3e500000)]
  0x0000026d4c261670 JavaThread "Worker-Main-6" daemon [_thread_blocked, id=81076, stack(0x000000fc3e500000,0x000000fc3e600000)]
  0x0000026d4c262ab0 JavaThread "Worker-Main-7" daemon [_thread_blocked, id=72816, stack(0x000000fc3e600000,0x000000fc3e700000)]
  0x0000026d4c2625a0 JavaThread "Worker-Main-8" daemon [_thread_blocked, id=65840, stack(0x000000fc3e700000,0x000000fc3e800000)]
  0x0000026d4c261b80 JavaThread "Worker-Main-9" daemon [_thread_blocked, id=84784, stack(0x000000fc3e800000,0x000000fc3e900000)]
  0x0000026d4c262090 JavaThread "FileSystemWatchService" daemon [_thread_in_native, id=58492, stack(0x000000fc3e900000,0x000000fc3ea00000)]
  0x0000026d4c2634d0 JavaThread "Worker-Main-10" daemon [_thread_blocked, id=84352, stack(0x000000fc3ea00000,0x000000fc3eb00000)]
  0x0000026d4c262fc0 JavaThread "Worker-Main-11" daemon [_thread_blocked, id=78920, stack(0x000000fc3eb00000,0x000000fc3ec00000)]
  0x0000026d4cb44fb0 JavaThread "Worker-Main-12" daemon [_thread_blocked, id=62084, stack(0x000000fc3ec00000,0x000000fc3ed00000)]
  0x0000026d4cb47320 JavaThread "Worker-Main-13" daemon [_thread_blocked, id=78600, stack(0x000000fc3ef00000,0x000000fc3f000000)]
  0x0000026d48d87f20 JavaThread "Worker-Main-14" daemon [_thread_blocked, id=50612, stack(0x000000fc3f000000,0x000000fc3f100000)]
  0x0000026d48d89360 JavaThread "Worker-Main-15" daemon [_thread_blocked, id=82728, stack(0x000000fc3f100000,0x000000fc3f200000)]
  0x0000026d54d904b0 JavaThread "Worker-Main-16" daemon [_thread_blocked, id=38824, stack(0x000000fc3f200000,0x000000fc3f300000)]
  0x0000026d54d93240 JavaThread "Worker-Main-17" daemon [_thread_blocked, id=83332, stack(0x000000fc3f300000,0x000000fc3f400000)]
  0x0000026d54d93750 JavaThread "Worker-Main-18" daemon [_thread_blocked, id=83296, stack(0x000000fc3f400000,0x000000fc3f500000)]
  0x0000026d54d93c60 JavaThread "Worker-Main-19" daemon [_thread_blocked, id=38404, stack(0x000000fc3f500000,0x000000fc3f600000)]
  0x0000026d54d913e0 JavaThread "Worker-Main-20" daemon [_thread_blocked, id=83732, stack(0x000000fc3f700000,0x000000fc3f800000)]
  0x0000026d54d918f0 JavaThread "Worker-Main-21" daemon [_thread_blocked, id=83876, stack(0x000000fc3f800000,0x000000fc3f900000)]
  0x0000026d54d91e00 JavaThread "Worker-Main-22" daemon [_thread_blocked, id=81648, stack(0x000000fc3f900000,0x000000fc3fa00000)]
  0x0000026d54d92820 JavaThread "Worker-Main-23" daemon [_thread_blocked, id=82612, stack(0x000000fc3fa00000,0x000000fc3fb00000)]
  0x0000026d54d92d30 JavaThread "Worker-Main-24" daemon [_thread_blocked, id=75056, stack(0x000000fc3fb00000,0x000000fc3fc00000)]
  0x0000026d54a2bb10 JavaThread "Worker-Main-25" daemon [_thread_blocked, id=81704, stack(0x000000fc3fc00000,0x000000fc3fd00000)]
  0x0000026d54a2b0f0 JavaThread "Worker-Main-26" daemon [_thread_blocked, id=60512, stack(0x000000fc3fd00000,0x000000fc3fe00000)]
  0x0000026d54a2abe0 JavaThread "Worker-Main-27" daemon [_thread_blocked, id=80656, stack(0x000000fc3fe00000,0x000000fc3ff00000)]
  0x0000026d54a29290 JavaThread "Worker-Main-28" daemon [_thread_blocked, id=79612, stack(0x000000fc3ff00000,0x000000fc40000000)]
  0x0000026d54a297a0 JavaThread "Worker-Main-29" daemon [_thread_blocked, id=83892, stack(0x000000fc40000000,0x000000fc40100000)]
  0x0000026d54a2a6d0 JavaThread "Worker-Main-30" daemon [_thread_blocked, id=75412, stack(0x000000fc40100000,0x000000fc40200000)]
  0x0000026d54a2b600 JavaThread "Worker-Main-31" daemon [_thread_blocked, id=51156, stack(0x000000fc40200000,0x000000fc40300000)]
  0x0000026d54a29cb0 JavaThread "IO-Worker-32" [_thread_blocked, id=84380, stack(0x000000fc40400000,0x000000fc40500000)]
  0x0000026d56809cf0 JavaThread "C1 CompilerThread4" daemon [_thread_blocked, id=82308, stack(0x000000fc39100000,0x000000fc39200000)]
  0x0000026d56808260 JavaThread "C2 CompilerThread1" daemon [_thread_blocked, id=81964, stack(0x000000fc38f00000,0x000000fc39000000)]
  0x0000026d5680a240 JavaThread "C2 CompilerThread2" daemon [_thread_blocked, id=84468, stack(0x000000fc39000000,0x000000fc39100000)]
  0x0000026d568087b0 JavaThread "C2 CompilerThread3" daemon [_thread_blocked, id=81156, stack(0x000000fc39200000,0x000000fc39300000)]
  0x0000026d56809250 JavaThread "C2 CompilerThread4" daemon [_thread_blocked, id=83680, stack(0x000000fc39300000,0x000000fc39400000)]
  0x0000026d56808d00 JavaThread "C2 CompilerThread5" daemon [_thread_blocked, id=83188, stack(0x000000fc39400000,0x000000fc39500000)]
  0x0000026d568077c0 JavaThread "C2 CompilerThread6" daemon [_thread_blocked, id=56260, stack(0x000000fc39500000,0x000000fc39600000)]
  0x0000026d568097a0 JavaThread "C2 CompilerThread7" daemon [_thread_blocked, id=72148, stack(0x000000fc39600000,0x000000fc39700000)]
  0x0000026d5680a790 JavaThread "C2 CompilerThread8" daemon [_thread_blocked, id=82452, stack(0x000000fc39700000,0x000000fc39800000)]
  0x0000026d48d88430 JavaThread "Sound engine" daemon [_thread_blocked, id=79972, stack(0x000000fc3c800000,0x000000fc3c900000)]
  0x0000026d48d88e50 JavaThread "Server thread" [_thread_blocked, id=71388, stack(0x000000fc3b100000,0x000000fc3b200000)]
  0x0000026d48d8b1c0 JavaThread "FileSystemWatchService" daemon [_thread_in_native, id=82132, stack(0x000000fc3de00000,0x000000fc3df00000)]
  0x0000026d56806d20 JavaThread "C2 CompilerThread9" daemon [_thread_blocked, id=55728, stack(0x000000fc40500000,0x000000fc40600000)]
  0x0000026d48dbbeb0 JavaThread "IO-Worker-33" [_thread_blocked, id=80072, stack(0x000000fc40600000,0x000000fc40700000)]
  0x0000026d4c25e8e0 JavaThread "IO-Worker-34" [_thread_blocked, id=79916, stack(0x000000fc41500000,0x000000fc41600000)]
  0x0000026d54d909c0 JavaThread "IO-Worker-35" [_thread_blocked, id=82616, stack(0x000000fc41600000,0x000000fc41700000)]

Other Threads:
=>0x0000026cfed59860 VMThread "VM Thread" [stack: 0x000000fc37e00000,0x000000fc37f00000] [id=9580]
  0x0000026ccd634360 WatcherThread [stack: 0x000000fc38d00000,0x000000fc38e00000] [id=54972]
  0x0000026ccd6a6f90 GCTaskThread "GC Thread#0" [stack: 0x000000fc37900000,0x000000fc37a00000] [id=84892]
  0x0000026d45392850 GCTaskThread "GC Thread#1" [stack: 0x000000fc39800000,0x000000fc39900000] [id=82968]
  0x0000026d454afe80 GCTaskThread "GC Thread#2" [stack: 0x000000fc39900000,0x000000fc39a00000] [id=63712]
  0x0000026d4522a6e0 GCTaskThread "GC Thread#3" [stack: 0x000000fc39a00000,0x000000fc39b00000] [id=81340]
  0x0000026d4522a9a0 GCTaskThread "GC Thread#4" [stack: 0x000000fc39b00000,0x000000fc39c00000] [id=74928]
  0x0000026d453f68f0 GCTaskThread "GC Thread#5" [stack: 0x000000fc39c00000,0x000000fc39d00000] [id=70936]
  0x0000026d45cf98c0 GCTaskThread "GC Thread#6" [stack: 0x000000fc39d00000,0x000000fc39e00000] [id=74248]
  0x0000026d45cf9b80 GCTaskThread "GC Thread#7" [stack: 0x000000fc39e00000,0x000000fc39f00000] [id=84688]
  0x0000026d458587b0 GCTaskThread "GC Thread#8" [stack: 0x000000fc39f00000,0x000000fc3a000000] [id=82676]
  0x0000026d45858a70 GCTaskThread "GC Thread#9" [stack: 0x000000fc3a000000,0x000000fc3a100000] [id=60692]
  0x0000026d45a2a100 GCTaskThread "GC Thread#10" [stack: 0x000000fc3a100000,0x000000fc3a200000] [id=77152]
  0x0000026d45a2a3c0 GCTaskThread "GC Thread#11" [stack: 0x000000fc3a200000,0x000000fc3a300000] [id=84464]
  0x0000026d45a2a680 GCTaskThread "GC Thread#12" [stack: 0x000000fc3a300000,0x000000fc3a400000] [id=77712]
  0x0000026d45a929a0 GCTaskThread "GC Thread#13" [stack: 0x000000fc3a400000,0x000000fc3a500000] [id=81676]
  0x0000026d4537e6d0 GCTaskThread "GC Thread#14" [stack: 0x000000fc3a500000,0x000000fc3a600000] [id=58648]
  0x0000026d4537ef10 GCTaskThread "GC Thread#15" [stack: 0x000000fc3a600000,0x000000fc3a700000] [id=76652]
  0x0000026d4537f1d0 GCTaskThread "GC Thread#16" [stack: 0x000000fc3a700000,0x000000fc3a800000] [id=82872]
  0x0000026d4537f490 GCTaskThread "GC Thread#17" [stack: 0x000000fc3a800000,0x000000fc3a900000] [id=79976]
  0x0000026d4537d910 GCTaskThread "GC Thread#18" [stack: 0x000000fc3a900000,0x000000fc3aa00000] [id=80624]
  0x0000026d4537e990 GCTaskThread "GC Thread#19" [stack: 0x000000fc3aa00000,0x000000fc3ab00000] [id=13416]
  0x0000026d4537de90 GCTaskThread "GC Thread#20" [stack: 0x000000fc3ab00000,0x000000fc3ac00000] [id=82704]
  0x0000026d4537e150 GCTaskThread "GC Thread#21" [stack: 0x000000fc3ac00000,0x000000fc3ad00000] [id=80928]
  0x0000026d4537e410 GCTaskThread "GC Thread#22" [stack: 0x000000fc3ad00000,0x000000fc3ae00000] [id=79768]
  0x0000026ccd6b85b0 ConcurrentGCThread "G1 Main Marker" [stack: 0x000000fc37a00000,0x000000fc37b00000] [id=83748]
  0x0000026ccd6b9ef0 ConcurrentGCThread "G1 Conc#0" [stack: 0x000000fc37b00000,0x000000fc37c00000] [id=83740]
  0x0000026d45d5fa00 ConcurrentGCThread "G1 Conc#1" [stack: 0x000000fc3b600000,0x000000fc3b700000] [id=83404]
  0x0000026d45d5de80 ConcurrentGCThread "G1 Conc#2" [stack: 0x000000fc3b700000,0x000000fc3b800000] [id=38748]
  0x0000026d45d5c300 ConcurrentGCThread "G1 Conc#3" [stack: 0x000000fc3b800000,0x000000fc3b900000] [id=62728]
  0x0000026d45d5e980 ConcurrentGCThread "G1 Conc#4" [stack: 0x000000fc3b900000,0x000000fc3ba00000] [id=81940]
  0x0000026d45d5d0c0 ConcurrentGCThread "G1 Conc#5" [stack: 0x000000fc3ba00000,0x000000fc3bb00000] [id=84692]
  0x0000026ce5650520 ConcurrentGCThread "G1 Refine#0" [stack: 0x000000fc37c00000,0x000000fc37d00000] [id=83676]
  0x0000026d48c2dda0 ConcurrentGCThread "G1 Refine#1" [stack: 0x000000fc3bd00000,0x000000fc3be00000] [id=80980]
  0x0000026d48c2cef0 ConcurrentGCThread "G1 Refine#2" [stack: 0x000000fc3be00000,0x000000fc3bf00000] [id=84192]
  0x0000026d48c2d4d0 ConcurrentGCThread "G1 Refine#3" [stack: 0x000000fc3bf00000,0x000000fc3c000000] [id=82680]
  0x0000026d48c2e090 ConcurrentGCThread "G1 Refine#4" [stack: 0x000000fc3c000000,0x000000fc3c100000] [id=74160]
  0x0000026d48c2d7c0 ConcurrentGCThread "G1 Refine#5" [stack: 0x000000fc3c100000,0x000000fc3c200000] [id=81472]
  0x0000026d48c2dab0 ConcurrentGCThread "G1 Refine#6" [stack: 0x000000fc3c200000,0x000000fc3c300000] [id=84220]
  0x0000026d55316320 ConcurrentGCThread "G1 Refine#7" [stack: 0x000000fc40300000,0x000000fc40400000] [id=76580]
  0x0000026d56ba8aa0 ConcurrentGCThread "G1 Refine#8" [stack: 0x000000fc40900000,0x000000fc40a00000] [id=84528]
  0x0000026d56ba81d0 ConcurrentGCThread "G1 Refine#9" [stack: 0x000000fc40a00000,0x000000fc40b00000] [id=66452]
  0x0000026d56ba9370 ConcurrentGCThread "G1 Refine#10" [stack: 0x000000fc40b00000,0x000000fc40c00000] [id=50472]
  0x0000026d56bab6b0 ConcurrentGCThread "G1 Refine#11" [stack: 0x000000fc40c00000,0x000000fc40d00000] [id=83388]
  0x0000026d56baa220 ConcurrentGCThread "G1 Refine#12" [stack: 0x000000fc3ed00000,0x000000fc3ee00000] [id=57464]
  0x0000026d55319af0 ConcurrentGCThread "G1 Refine#13" [stack: 0x000000fc3ee00000,0x000000fc3ef00000] [id=71496]
  0x0000026d48c2cc00 ConcurrentGCThread "G1 Refine#14" [stack: 0x000000fc40700000,0x000000fc40800000] [id=49584]
  0x0000026d787164a0 ConcurrentGCThread "G1 Refine#15" [stack: 0x000000fc40d00000,0x000000fc40e00000] [id=84792]
  0x0000026d78715010 ConcurrentGCThread "G1 Refine#16" [stack: 0x000000fc40e00000,0x000000fc40f00000] [id=84904]
  0x0000026d78714a30 ConcurrentGCThread "G1 Refine#17" [stack: 0x000000fc40f00000,0x000000fc41000000] [id=55052]
  0x0000026d78714450 ConcurrentGCThread "G1 Refine#18" [stack: 0x000000fc41000000,0x000000fc41100000] [id=84924]
  0x0000026d78714160 ConcurrentGCThread "G1 Refine#19" [stack: 0x000000fc41100000,0x000000fc41200000] [id=78484]
  0x0000026d78712fc0 ConcurrentGCThread "G1 Refine#20" [stack: 0x000000fc41200000,0x000000fc41300000] [id=78228]
  0x0000026d78716790 ConcurrentGCThread "G1 Refine#21" [stack: 0x000000fc41300000,0x000000fc41400000] [id=39616]
  0x0000026d78715300 ConcurrentGCThread "G1 Refine#22" [stack: 0x000000fc41400000,0x000000fc41500000] [id=38784]
  0x0000026cfec25030 ConcurrentGCThread "G1 Service" [stack: 0x000000fc37d00000,0x000000fc37e00000] [id=38100]

Threads with active compile tasks:
C2 CompilerThread0    33326 22861       4       com.mojang.serialization.codecs.KeyDispatchCodec::lambda$decode$3 (141 bytes)
C1 CompilerThread0    33326 22934 %     3       net.minecraft.world.level.levelgen.Heightmap::primeHeightmaps @ 114 (254 bytes)
C1 CompilerThread1    33326 22938       3       net.minecraft.world.level.chunk.LinearPalette::<init> (131 bytes)
C1 CompilerThread2    33326 22937       3       net.minecraft.world.level.chunk.LinearPalette::create (12 bytes)
C1 CompilerThread3    33326 22935       1       net.minecraft.world.level.chunk.LinearPalette::getSize (5 bytes)
C1 CompilerThread4    33326 22936       3       net.minecraft.world.level.chunk.PalettedContainer$Strategy$$Lambda$11302/0x0000026d01531b60::create (9 bytes)
C2 CompilerThread1    33326 22816       4       java.util.concurrent.CompletableFuture$CoCompletion::tryFire (28 bytes)
C2 CompilerThread2    33327 22853       4       com.mojang.serialization.MapDecoder$4::decode (19 bytes)
C2 CompilerThread3    33327 22578       4       net.minecraft.server.level.ChunkMap::getChunkRangeFuture (296 bytes)
C2 CompilerThread4    33327 22813   !   4       net.minecraft.util.thread.ProcessorMailbox::run (33 bytes)
C2 CompilerThread5    33327 22570       4       net.minecraft.server.level.ChunkMap::scheduleChunkGeneration (69 bytes)
C2 CompilerThread6    33327 22822 %     4       net.minecraft.util.SimpleBitStorage::getAll @ 30 (87 bytes)
C2 CompilerThread7    33327 22815       4       net.minecraft.util.thread.StrictQueue$FixedPriorityQueue::pop (5 bytes)
C2 CompilerThread8    33327 22804   !   4       java.util.concurrent.SynchronousQueue$TransferStack::transfer (541 bytes)
C2 CompilerThread9    33327 22859       4       com.mojang.serialization.codecs.KeyDispatchCodec$$Lambda$7800/0x0000026d01108c70::apply (20 bytes)

VM state: at safepoint (normal execution)

VM Mutex/Monitor currently owned by a thread:  ([mutex/lock_event])
[0x0000026ccd62f070] Threads_lock - owner thread: 0x0000026cfed59860
[0x0000026ccd62f970] Heap_lock - owner thread: 0x0000026d4c261670

Heap address: 0x000000040d800000, size: 16168 MB, Compressed Oops mode: Zero based, Oop shift amount: 3

CDS archive(s) mapped at: [0x0000026cff000000-0x0000026cffbb0000-0x0000026cffbb0000), size 12255232, SharedBaseAddress: 0x0000026cff000000, ArchiveRelocationMode: 1.
Compressed class space mapped at: 0x0000026d00000000-0x0000026d40000000, reserved size: 1073741824
Narrow klass base: 0x0000026cff000000, Narrow klass shift: 0, Narrow klass range: 0x100000000

GC Precious Log:
 CPUs: 32 total, 32 available
 Memory: 64650M
 Large Page Support: Disabled
 NUMA Support: Disabled
 Compressed Oops: Enabled (Zero based)
 Heap Region Size: 8M
 Heap Min Capacity: 8M
 Heap Initial Capacity: 1016M
 Heap Max Capacity: 16168M
 Pre-touch: Disabled
 Parallel Workers: 23
 Concurrent Workers: 6
 Concurrent Refinement Workers: 23
 Periodic GC: Disabled

Heap:
 garbage-first heap   total 1982464K, used 1190571K [0x000000040d800000, 0x0000000800000000)
  region size 8192K, 2 young (16384K), 2 survivors (16384K)
 Metaspace       used 133629K, committed 135488K, reserved 1179648K
  class space    used 20850K, committed 21696K, reserved 1048576K

Heap Regions: E=young(eden), S=young(survivor), O=old, HS=humongous(starts), HC=humongous(continues), CS=collection set, F=free, OA=open archive, CA=closed archive, TAMS=top-at-mark-start (previous, next)
|   0|0x000000040d800000, 0x000000040e000000, 0x000000040e000000|100%| O|  |TAMS 0x000000040e000000, 0x000000040d800000| Untracked 
|   1|0x000000040e000000, 0x000000040e800000, 0x000000040e800000|100%| O|  |TAMS 0x000000040e800000, 0x000000040e000000| Untracked 
|   2|0x000000040e800000, 0x000000040f000000, 0x000000040f000000|100%| O|  |TAMS 0x000000040f000000, 0x000000040e800000| Untracked 
|   3|0x000000040f000000, 0x000000040f800000, 0x000000040f800000|100%| O|  |TAMS 0x000000040f800000, 0x000000040f000000| Untracked 
|   4|0x000000040f800000, 0x0000000410000000, 0x0000000410000000|100%| O|  |TAMS 0x0000000410000000, 0x000000040f800000| Updating 
|   5|0x0000000410000000, 0x0000000410800000, 0x0000000410800000|100%| O|  |TAMS 0x0000000410800000, 0x0000000410000000| Untracked 
|   6|0x0000000410800000, 0x0000000411000000, 0x0000000411000000|100%| O|  |TAMS 0x0000000411000000, 0x0000000410800000| Untracked 
|   7|0x0000000411000000, 0x0000000411800000, 0x0000000411800000|100%| O|  |TAMS 0x0000000411800000, 0x0000000411000000| Untracked 
|   8|0x0000000411800000, 0x0000000412000000, 0x0000000412000000|100%| O|  |TAMS 0x0000000412000000, 0x0000000411800000| Untracked 
|   9|0x0000000412000000, 0x0000000412800000, 0x0000000412800000|100%| O|  |TAMS 0x0000000412800000, 0x0000000412000000| Untracked 
|  10|0x0000000412800000, 0x0000000413000000, 0x0000000413000000|100%| O|  |TAMS 0x0000000413000000, 0x0000000412800000| Untracked 
|  11|0x0000000413000000, 0x0000000413800000, 0x0000000413800000|100%| O|  |TAMS 0x0000000413800000, 0x0000000413000000| Untracked 
|  12|0x0000000413800000, 0x0000000414000000, 0x0000000414000000|100%| O|  |TAMS 0x0000000414000000, 0x0000000413800000| Updating 
|  13|0x0000000414000000, 0x0000000414800000, 0x0000000414800000|100%|HS|  |TAMS 0x0000000414800000, 0x0000000414000000| Complete 
|  14|0x0000000414800000, 0x0000000415000000, 0x0000000415000000|100%|HC|  |TAMS 0x0000000415000000, 0x0000000414800000| Complete 
|  15|0x0000000415000000, 0x0000000415800000, 0x0000000415800000|100%| O|  |TAMS 0x0000000415800000, 0x0000000415000000| Untracked 
|  16|0x0000000415800000, 0x0000000416000000, 0x0000000416000000|100%| O|  |TAMS 0x0000000416000000, 0x0000000415800000| Untracked 
|  17|0x0000000416000000, 0x0000000416800000, 0x0000000416800000|100%| O|  |TAMS 0x0000000416800000, 0x0000000416000000| Untracked 
|  18|0x0000000416800000, 0x0000000417000000, 0x0000000417000000|100%| O|  |TAMS 0x0000000417000000, 0x0000000416800000| Untracked 
|  19|0x0000000417000000, 0x0000000417800000, 0x0000000417800000|100%| O|  |TAMS 0x0000000417800000, 0x0000000417000000| Untracked 
|  20|0x0000000417800000, 0x0000000418000000, 0x0000000418000000|100%| O|  |TAMS 0x0000000418000000, 0x0000000417800000| Untracked 
|  21|0x0000000418000000, 0x0000000418800000, 0x0000000418800000|100%| O|  |TAMS 0x0000000418800000, 0x0000000418000000| Updating 
|  22|0x0000000418800000, 0x0000000419000000, 0x0000000419000000|100%| O|  |TAMS 0x0000000419000000, 0x0000000418800000| Untracked 
|  23|0x0000000419000000, 0x0000000419800000, 0x0000000419800000|100%| O|  |TAMS 0x0000000419800000, 0x0000000419000000| Untracked 
|  24|0x0000000419800000, 0x000000041a000000, 0x000000041a000000|100%| O|  |TAMS 0x000000041a000000, 0x0000000419800000| Untracked 
|  25|0x000000041a000000, 0x000000041a800000, 0x000000041a800000|100%| O|  |TAMS 0x000000041a800000, 0x000000041a000000| Untracked 
|  26|0x000000041a800000, 0x000000041b000000, 0x000000041b000000|100%| O|  |TAMS 0x000000041b000000, 0x000000041a800000| Untracked 
|  27|0x000000041b000000, 0x000000041b800000, 0x000000041b800000|100%| O|  |TAMS 0x000000041b800000, 0x000000041b000000| Updating 
|  28|0x000000041b800000, 0x000000041c000000, 0x000000041c000000|100%| O|  |TAMS 0x000000041c000000, 0x000000041b800000| Untracked 
|  29|0x000000041c000000, 0x000000041c800000, 0x000000041c800000|100%| O|  |TAMS 0x000000041c800000, 0x000000041c000000| Untracked 
|  30|0x000000041c800000, 0x000000041d000000, 0x000000041d000000|100%| O|  |TAMS 0x000000041d000000, 0x000000041c800000| Updating 
|  31|0x000000041d000000, 0x000000041d800000, 0x000000041d800000|100%| O|  |TAMS 0x000000041d800000, 0x000000041d000000| Untracked 
|  32|0x000000041d800000, 0x000000041e000000, 0x000000041e000000|100%| O|  |TAMS 0x000000041e000000, 0x000000041d800000| Untracked 
|  33|0x000000041e000000, 0x000000041e800000, 0x000000041e800000|100%| O|  |TAMS 0x000000041e800000, 0x000000041e000000| Updating 
|  34|0x000000041e800000, 0x000000041f000000, 0x000000041f000000|100%| O|  |TAMS 0x000000041f000000, 0x000000041e800000| Updating 
|  35|0x000000041f000000, 0x000000041f800000, 0x000000041f800000|100%| O|  |TAMS 0x000000041f800000, 0x000000041f000000| Updating 
|  36|0x000000041f800000, 0x0000000420000000, 0x0000000420000000|100%| O|  |TAMS 0x0000000420000000, 0x000000041f800000| Updating 
|  37|0x0000000420000000, 0x0000000420800000, 0x0000000420800000|100%| O|  |TAMS 0x0000000420800000, 0x0000000420000000| Updating 
|  38|0x0000000420800000, 0x0000000421000000, 0x0000000421000000|100%| O|  |TAMS 0x0000000421000000, 0x0000000420800000| Untracked 
|  39|0x0000000421000000, 0x0000000421800000, 0x0000000421800000|100%| O|  |TAMS 0x0000000421800000, 0x0000000421000000| Untracked 
|  40|0x0000000421800000, 0x0000000422000000, 0x0000000422000000|100%| O|  |TAMS 0x0000000422000000, 0x0000000421800000| Untracked 
|  41|0x0000000422000000, 0x0000000422800000, 0x0000000422800000|100%| O|  |TAMS 0x0000000422800000, 0x0000000422000000| Untracked 
|  42|0x0000000422800000, 0x0000000423000000, 0x0000000423000000|100%| O|  |TAMS 0x0000000423000000, 0x0000000422800000| Untracked 
|  43|0x0000000423000000, 0x0000000423800000, 0x0000000423800000|100%| O|  |TAMS 0x0000000423800000, 0x0000000423000000| Untracked 
|  44|0x0000000423800000, 0x0000000424000000, 0x0000000424000000|100%| O|  |TAMS 0x0000000424000000, 0x0000000423800000| Untracked 
|  45|0x0000000424000000, 0x0000000424800000, 0x0000000424800000|100%| O|  |TAMS 0x0000000424800000, 0x0000000424000000| Untracked 
|  46|0x0000000424800000, 0x0000000425000000, 0x0000000425000000|100%| O|  |TAMS 0x0000000425000000, 0x0000000424800000| Untracked 
|  47|0x0000000425000000, 0x0000000425800000, 0x0000000425800000|100%| O|  |TAMS 0x0000000425800000, 0x0000000425000000| Untracked 
|  48|0x0000000425800000, 0x0000000426000000, 0x0000000426000000|100%| O|  |TAMS 0x0000000426000000, 0x0000000425800000| Untracked 
|  49|0x0000000426000000, 0x0000000426800000, 0x0000000426800000|100%| O|  |TAMS 0x0000000426800000, 0x0000000426000000| Untracked 
|  50|0x0000000426800000, 0x0000000427000000, 0x0000000427000000|100%| O|  |TAMS 0x0000000427000000, 0x0000000426800000| Untracked 
|  51|0x0000000427000000, 0x0000000427800000, 0x0000000427800000|100%| O|  |TAMS 0x0000000427800000, 0x0000000427000000| Untracked 
|  52|0x0000000427800000, 0x0000000428000000, 0x0000000428000000|100%| O|  |TAMS 0x0000000428000000, 0x0000000427800000| Untracked 
|  53|0x0000000428000000, 0x0000000428800000, 0x0000000428800000|100%| O|  |TAMS 0x0000000428800000, 0x0000000428000000| Untracked 
|  54|0x0000000428800000, 0x0000000429000000, 0x0000000429000000|100%| O|  |TAMS 0x0000000429000000, 0x0000000428800000| Untracked 
|  55|0x0000000429000000, 0x0000000429800000, 0x0000000429800000|100%| O|  |TAMS 0x0000000429800000, 0x0000000429000000| Untracked 
|  56|0x0000000429800000, 0x000000042a000000, 0x000000042a000000|100%| O|  |TAMS 0x000000042a000000, 0x0000000429800000| Untracked 
|  57|0x000000042a000000, 0x000000042a800000, 0x000000042a800000|100%| O|  |TAMS 0x000000042a800000, 0x000000042a000000| Untracked 
|  58|0x000000042a800000, 0x000000042b000000, 0x000000042b000000|100%| O|  |TAMS 0x000000042b000000, 0x000000042a800000| Untracked 
|  59|0x000000042b000000, 0x000000042b800000, 0x000000042b800000|100%| O|  |TAMS 0x000000042b800000, 0x000000042b000000| Untracked 
|  60|0x000000042b800000, 0x000000042c000000, 0x000000042c000000|100%| O|  |TAMS 0x000000042c000000, 0x000000042b800000| Untracked 
|  61|0x000000042c000000, 0x000000042c800000, 0x000000042c800000|100%| O|  |TAMS 0x000000042c800000, 0x000000042c000000| Untracked 
|  62|0x000000042c800000, 0x000000042d000000, 0x000000042d000000|100%| O|  |TAMS 0x000000042d000000, 0x000000042c800000| Updating 
|  63|0x000000042d000000, 0x000000042d800000, 0x000000042d800000|100%| O|  |TAMS 0x000000042d800000, 0x000000042d000000| Untracked 
|  64|0x000000042d800000, 0x000000042e000000, 0x000000042e000000|100%| O|  |TAMS 0x000000042e000000, 0x000000042d800000| Untracked 
|  65|0x000000042e000000, 0x000000042e800000, 0x000000042e800000|100%| O|  |TAMS 0x000000042e800000, 0x000000042e000000| Untracked 
|  66|0x000000042e800000, 0x000000042f000000, 0x000000042f000000|100%| O|  |TAMS 0x000000042f000000, 0x000000042e800000| Updating 
|  67|0x000000042f000000, 0x000000042f800000, 0x000000042f800000|100%| O|  |TAMS 0x000000042f800000, 0x000000042f000000| Updating 
|  68|0x000000042f800000, 0x0000000430000000, 0x0000000430000000|100%| O|  |TAMS 0x0000000430000000, 0x000000042f800000| Updating 
|  69|0x0000000430000000, 0x0000000430800000, 0x0000000430800000|100%| O|  |TAMS 0x0000000430800000, 0x0000000430000000| Updating 
|  70|0x0000000430800000, 0x0000000431000000, 0x0000000431000000|100%| O|  |TAMS 0x0000000431000000, 0x0000000430800000| Untracked 
|  71|0x0000000431000000, 0x0000000431800000, 0x0000000431800000|100%| O|  |TAMS 0x0000000431800000, 0x0000000431000000| Updating 
|  72|0x0000000431800000, 0x0000000432000000, 0x0000000432000000|100%| O|  |TAMS 0x0000000432000000, 0x0000000431800000| Updating 
|  73|0x0000000432000000, 0x0000000432800000, 0x0000000432800000|100%| O|  |TAMS 0x0000000432800000, 0x0000000432000000| Updating 
|  74|0x0000000432800000, 0x0000000433000000, 0x0000000433000000|100%| O|  |TAMS 0x0000000433000000, 0x0000000432800000| Untracked 
|  75|0x0000000433000000, 0x0000000433800000, 0x0000000433800000|100%| O|  |TAMS 0x0000000433800000, 0x0000000433000000| Untracked 
|  76|0x0000000433800000, 0x0000000434000000, 0x0000000434000000|100%| O|  |TAMS 0x0000000434000000, 0x0000000433800000| Untracked 
|  77|0x0000000434000000, 0x0000000434800000, 0x0000000434800000|100%| O|  |TAMS 0x0000000434800000, 0x0000000434000000| Untracked 
|  78|0x0000000434800000, 0x0000000435000000, 0x0000000435000000|100%| O|  |TAMS 0x0000000435000000, 0x0000000434800000| Untracked 
|  79|0x0000000435000000, 0x0000000435800000, 0x0000000435800000|100%| O|  |TAMS 0x0000000435800000, 0x0000000435000000| Untracked 
|  80|0x0000000435800000, 0x0000000436000000, 0x0000000436000000|100%| O|  |TAMS 0x0000000436000000, 0x0000000435800000| Untracked 
|  81|0x0000000436000000, 0x0000000436800000, 0x0000000436800000|100%| O|  |TAMS 0x0000000436800000, 0x0000000436000000| Untracked 
|  82|0x0000000436800000, 0x0000000437000000, 0x0000000437000000|100%| O|  |TAMS 0x0000000437000000, 0x0000000436800000| Untracked 
|  83|0x0000000437000000, 0x0000000437800000, 0x0000000437800000|100%| O|  |TAMS 0x0000000437800000, 0x0000000437000000| Untracked 
|  84|0x0000000437800000, 0x0000000438000000, 0x0000000438000000|100%| O|  |TAMS 0x0000000438000000, 0x0000000437800000| Untracked 
|  85|0x0000000438000000, 0x0000000438800000, 0x0000000438800000|100%| O|  |TAMS 0x0000000438800000, 0x0000000438000000| Untracked 
|  86|0x0000000438800000, 0x0000000439000000, 0x0000000439000000|100%| O|  |TAMS 0x0000000439000000, 0x0000000438800000| Untracked 
|  87|0x0000000439000000, 0x0000000439800000, 0x0000000439800000|100%| O|  |TAMS 0x0000000439800000, 0x0000000439000000| Untracked 
|  88|0x0000000439800000, 0x000000043a000000, 0x000000043a000000|100%| O|  |TAMS 0x000000043a000000, 0x0000000439800000| Untracked 
|  89|0x000000043a000000, 0x000000043a800000, 0x000000043a800000|100%| O|  |TAMS 0x000000043a800000, 0x000000043a000000| Untracked 
|  90|0x000000043a800000, 0x000000043b000000, 0x000000043b000000|100%| O|  |TAMS 0x000000043b000000, 0x000000043a800000| Untracked 
|  91|0x000000043b000000, 0x000000043b800000, 0x000000043b800000|100%| O|  |TAMS 0x000000043b800000, 0x000000043b000000| Untracked 
|  92|0x000000043b800000, 0x000000043c000000, 0x000000043c000000|100%| O|  |TAMS 0x000000043c000000, 0x000000043b800000| Untracked 
|  93|0x000000043c000000, 0x000000043c800000, 0x000000043c800000|100%| O|  |TAMS 0x000000043c800000, 0x000000043c000000| Untracked 
|  94|0x000000043c800000, 0x000000043d000000, 0x000000043d000000|100%| O|  |TAMS 0x000000043d000000, 0x000000043c800000| Untracked 
|  95|0x000000043d000000, 0x000000043d800000, 0x000000043d800000|100%| O|  |TAMS 0x000000043d800000, 0x000000043d000000| Untracked 
|  96|0x000000043d800000, 0x000000043e000000, 0x000000043e000000|100%| O|  |TAMS 0x000000043e000000, 0x000000043d800000| Untracked 
|  97|0x000000043e000000, 0x000000043e800000, 0x000000043e800000|100%| O|  |TAMS 0x000000043e800000, 0x000000043e000000| Untracked 
|  98|0x000000043e800000, 0x000000043f000000, 0x000000043f000000|100%| O|  |TAMS 0x000000043f000000, 0x000000043e800000| Untracked 
|  99|0x000000043f000000, 0x000000043f800000, 0x000000043f800000|100%| O|  |TAMS 0x000000043f800000, 0x000000043f000000| Untracked 
| 100|0x000000043f800000, 0x0000000440000000, 0x0000000440000000|100%| O|  |TAMS 0x0000000440000000, 0x000000043f800000| Untracked 
| 101|0x0000000440000000, 0x0000000440800000, 0x0000000440800000|100%| O|  |TAMS 0x0000000440800000, 0x0000000440000000| Untracked 
| 102|0x0000000440800000, 0x0000000441000000, 0x0000000441000000|100%| O|  |TAMS 0x0000000440800000, 0x0000000440800000| Untracked 
| 103|0x0000000441000000, 0x0000000441800000, 0x0000000441800000|100%| O|  |TAMS 0x0000000441000000, 0x0000000441000000| Untracked 
| 104|0x0000000441800000, 0x0000000442000000, 0x0000000442000000|100%| O|  |TAMS 0x0000000441800000, 0x0000000441800000| Untracked 
| 105|0x0000000442000000, 0x0000000442800000, 0x0000000442800000|100%| O|  |TAMS 0x0000000442000000, 0x0000000442000000| Untracked 
| 106|0x0000000442800000, 0x0000000443000000, 0x0000000443000000|100%| O|  |TAMS 0x0000000442800000, 0x0000000442800000| Untracked 
| 107|0x0000000443000000, 0x0000000443800000, 0x0000000443800000|100%| O|  |TAMS 0x0000000443000000, 0x0000000443000000| Untracked 
| 108|0x0000000443800000, 0x0000000444000000, 0x0000000444000000|100%| O|  |TAMS 0x0000000443800000, 0x0000000443800000| Untracked 
| 109|0x0000000444000000, 0x0000000444800000, 0x0000000444800000|100%| O|  |TAMS 0x0000000444000000, 0x0000000444000000| Untracked 
| 110|0x0000000444800000, 0x0000000445000000, 0x0000000445000000|100%| O|  |TAMS 0x0000000444800000, 0x0000000444800000| Untracked 
| 111|0x0000000445000000, 0x0000000445800000, 0x0000000445800000|100%| O|  |TAMS 0x0000000445000000, 0x0000000445000000| Untracked 
| 112|0x0000000445800000, 0x0000000446000000, 0x0000000446000000|100%| O|  |TAMS 0x0000000445800000, 0x0000000445800000| Untracked 
| 113|0x0000000446000000, 0x0000000446800000, 0x0000000446800000|100%| O|  |TAMS 0x0000000446000000, 0x0000000446000000| Untracked 
| 114|0x0000000446800000, 0x0000000447000000, 0x0000000447000000|100%| O|  |TAMS 0x0000000446800000, 0x0000000446800000| Untracked 
| 115|0x0000000447000000, 0x0000000447800000, 0x0000000447800000|100%| O|  |TAMS 0x0000000447000000, 0x0000000447000000| Untracked 
| 116|0x0000000447800000, 0x0000000448000000, 0x0000000448000000|100%| O|  |TAMS 0x0000000447800000, 0x0000000447800000| Untracked 
| 117|0x0000000448000000, 0x0000000448800000, 0x0000000448800000|100%| O|  |TAMS 0x0000000448000000, 0x0000000448000000| Untracked 
| 118|0x0000000448800000, 0x0000000449000000, 0x0000000449000000|100%| O|  |TAMS 0x0000000448800000, 0x0000000448800000| Untracked 
| 119|0x0000000449000000, 0x0000000449800000, 0x0000000449800000|100%| O|  |TAMS 0x0000000449000000, 0x0000000449000000| Untracked 
| 120|0x0000000449800000, 0x000000044a000000, 0x000000044a000000|100%| O|  |TAMS 0x0000000449800000, 0x0000000449800000| Untracked 
| 121|0x000000044a000000, 0x000000044a800000, 0x000000044a800000|100%| O|  |TAMS 0x000000044a000000, 0x000000044a000000| Untracked 
| 122|0x000000044a800000, 0x000000044b000000, 0x000000044b000000|100%| O|  |TAMS 0x000000044a800000, 0x000000044a800000| Untracked 
| 123|0x000000044b000000, 0x000000044b800000, 0x000000044b800000|100%| O|  |TAMS 0x000000044b000000, 0x000000044b000000| Untracked 
| 124|0x000000044b800000, 0x000000044c000000, 0x000000044c000000|100%| O|  |TAMS 0x000000044b800000, 0x000000044b800000| Untracked 
| 125|0x000000044c000000, 0x000000044c800000, 0x000000044c800000|100%| O|  |TAMS 0x000000044c000000, 0x000000044c000000| Untracked 
| 126|0x000000044c800000, 0x000000044d000000, 0x000000044d000000|100%| O|  |TAMS 0x000000044c800000, 0x000000044c800000| Untracked 
| 127|0x000000044d000000, 0x000000044d800000, 0x000000044d800000|100%| O|  |TAMS 0x000000044d000000, 0x000000044d000000| Untracked 
| 128|0x000000044d800000, 0x000000044e000000, 0x000000044e000000|100%| O|  |TAMS 0x000000044d800000, 0x000000044d800000| Untracked 
| 129|0x000000044e000000, 0x000000044e800000, 0x000000044e800000|100%| O|  |TAMS 0x000000044e000000, 0x000000044e000000| Untracked 
| 130|0x000000044e800000, 0x000000044f000000, 0x000000044f000000|100%| O|  |TAMS 0x000000044e800000, 0x000000044e800000| Untracked 
| 131|0x000000044f000000, 0x000000044f800000, 0x000000044f800000|100%| O|  |TAMS 0x000000044f000000, 0x000000044f000000| Untracked 
| 132|0x000000044f800000, 0x0000000450000000, 0x0000000450000000|100%| O|  |TAMS 0x000000044f800000, 0x000000044f800000| Untracked 
| 133|0x0000000450000000, 0x0000000450800000, 0x0000000450800000|100%| O|  |TAMS 0x0000000450000000, 0x0000000450000000| Untracked 
| 134|0x0000000450800000, 0x0000000451000000, 0x0000000451000000|100%| O|  |TAMS 0x0000000450800000, 0x0000000450800000| Untracked 
| 135|0x0000000451000000, 0x0000000451800000, 0x0000000451800000|100%| O|  |TAMS 0x0000000451000000, 0x0000000451000000| Untracked 
| 136|0x0000000451800000, 0x0000000452000000, 0x0000000452000000|100%| O|  |TAMS 0x0000000451800000, 0x0000000451800000| Untracked 
| 137|0x0000000452000000, 0x0000000452800000, 0x0000000452800000|100%| O|  |TAMS 0x0000000452000000, 0x0000000452000000| Untracked 
| 138|0x0000000452800000, 0x0000000453000000, 0x0000000453000000|100%| O|  |TAMS 0x0000000452800000, 0x0000000452800000| Untracked 
| 139|0x0000000453000000, 0x0000000453800000, 0x0000000453800000|100%| O|  |TAMS 0x0000000453000000, 0x0000000453000000| Untracked 
| 140|0x0000000453800000, 0x0000000454000000, 0x0000000454000000|100%| O|  |TAMS 0x0000000453800000, 0x0000000453800000| Untracked 
| 141|0x0000000454000000, 0x0000000454800000, 0x0000000454800000|100%| O|  |TAMS 0x0000000454000000, 0x0000000454000000| Untracked 
| 142|0x0000000454800000, 0x0000000454aaae00, 0x0000000455000000| 33%| O|  |TAMS 0x0000000454800000, 0x0000000454800000| Untracked 
| 143|0x0000000455000000, 0x0000000455000000, 0x0000000455800000|  0%| F|  |TAMS 0x0000000455000000, 0x0000000455000000| Untracked 
| 144|0x0000000455800000, 0x0000000455800000, 0x0000000456000000|  0%| F|  |TAMS 0x0000000455800000, 0x0000000455800000| Untracked 
| 145|0x0000000456000000, 0x0000000456000000, 0x0000000456800000|  0%| F|  |TAMS 0x0000000456000000, 0x0000000456000000| Untracked 
| 146|0x0000000456800000, 0x0000000456800000, 0x0000000457000000|  0%| F|  |TAMS 0x0000000456800000, 0x0000000456800000| Untracked 
| 147|0x0000000457000000, 0x0000000457000000, 0x0000000457800000|  0%| F|  |TAMS 0x0000000457000000, 0x0000000457000000| Untracked 
| 148|0x0000000457800000, 0x0000000457800000, 0x0000000458000000|  0%| F|  |TAMS 0x0000000457800000, 0x0000000457800000| Untracked 
| 149|0x0000000458000000, 0x0000000458000000, 0x0000000458800000|  0%| F|  |TAMS 0x0000000458000000, 0x0000000458000000| Untracked 
| 150|0x0000000458800000, 0x0000000458800000, 0x0000000459000000|  0%| F|  |TAMS 0x0000000458800000, 0x0000000458800000| Untracked 
| 151|0x0000000459000000, 0x0000000459000000, 0x0000000459800000|  0%| F|  |TAMS 0x0000000459000000, 0x0000000459000000| Untracked 
| 152|0x0000000459800000, 0x0000000459800000, 0x000000045a000000|  0%| F|  |TAMS 0x0000000459800000, 0x0000000459800000| Untracked 
| 153|0x000000045a000000, 0x000000045a000000, 0x000000045a800000|  0%| F|  |TAMS 0x000000045a000000, 0x000000045a000000| Untracked 
| 154|0x000000045a800000, 0x000000045a800000, 0x000000045b000000|  0%| F|  |TAMS 0x000000045a800000, 0x000000045a800000| Untracked 
| 155|0x000000045b000000, 0x000000045b000000, 0x000000045b800000|  0%| F|  |TAMS 0x000000045b000000, 0x000000045b000000| Untracked 
| 156|0x000000045b800000, 0x000000045b800000, 0x000000045c000000|  0%| F|  |TAMS 0x000000045b800000, 0x000000045b800000| Untracked 
| 157|0x000000045c000000, 0x000000045c000000, 0x000000045c800000|  0%| F|  |TAMS 0x000000045c000000, 0x000000045c000000| Untracked 
| 158|0x000000045c800000, 0x000000045c800000, 0x000000045d000000|  0%| F|  |TAMS 0x000000045c800000, 0x000000045c800000| Untracked 
| 159|0x000000045d000000, 0x000000045d000000, 0x000000045d800000|  0%| F|  |TAMS 0x000000045d000000, 0x000000045d000000| Untracked 
| 160|0x000000045d800000, 0x000000045d800000, 0x000000045e000000|  0%| F|  |TAMS 0x000000045d800000, 0x000000045d800000| Untracked 
| 161|0x000000045e000000, 0x000000045e000000, 0x000000045e800000|  0%| F|  |TAMS 0x000000045e000000, 0x000000045e000000| Untracked 
| 162|0x000000045e800000, 0x000000045e800000, 0x000000045f000000|  0%| F|  |TAMS 0x000000045e800000, 0x000000045e800000| Untracked 
| 163|0x000000045f000000, 0x000000045f000000, 0x000000045f800000|  0%| F|  |TAMS 0x000000045f000000, 0x000000045f000000| Untracked 
| 164|0x000000045f800000, 0x000000045f800000, 0x0000000460000000|  0%| F|  |TAMS 0x000000045f800000, 0x000000045f800000| Untracked 
| 165|0x0000000460000000, 0x0000000460000000, 0x0000000460800000|  0%| F|  |TAMS 0x0000000460000000, 0x0000000460000000| Untracked 
| 166|0x0000000460800000, 0x0000000460800000, 0x0000000461000000|  0%| F|  |TAMS 0x0000000460800000, 0x0000000460800000| Untracked 
| 167|0x0000000461000000, 0x0000000461000000, 0x0000000461800000|  0%| F|  |TAMS 0x0000000461000000, 0x0000000461000000| Untracked 
| 168|0x0000000461800000, 0x0000000461800000, 0x0000000462000000|  0%| F|  |TAMS 0x0000000461800000, 0x0000000461800000| Untracked 
| 169|0x0000000462000000, 0x0000000462000000, 0x0000000462800000|  0%| F|  |TAMS 0x0000000462000000, 0x0000000462000000| Untracked 
| 170|0x0000000462800000, 0x0000000462800000, 0x0000000463000000|  0%| F|  |TAMS 0x0000000462800000, 0x0000000462800000| Untracked 
| 171|0x0000000463000000, 0x0000000463000000, 0x0000000463800000|  0%| F|  |TAMS 0x0000000463000000, 0x0000000463000000| Untracked 
| 172|0x0000000463800000, 0x0000000463800000, 0x0000000464000000|  0%| F|  |TAMS 0x0000000463800000, 0x0000000463800000| Untracked 
| 173|0x0000000464000000, 0x0000000464000000, 0x0000000464800000|  0%| F|  |TAMS 0x0000000464000000, 0x0000000464000000| Untracked 
| 174|0x0000000464800000, 0x0000000464800000, 0x0000000465000000|  0%| F|  |TAMS 0x0000000464800000, 0x0000000464800000| Untracked 
| 175|0x0000000465000000, 0x0000000465000000, 0x0000000465800000|  0%| F|  |TAMS 0x0000000465000000, 0x0000000465000000| Untracked 
| 176|0x0000000465800000, 0x0000000465800000, 0x0000000466000000|  0%| F|  |TAMS 0x0000000465800000, 0x0000000465800000| Untracked 
| 177|0x0000000466000000, 0x0000000466000000, 0x0000000466800000|  0%| F|  |TAMS 0x0000000466000000, 0x0000000466000000| Untracked 
| 178|0x0000000466800000, 0x0000000466800000, 0x0000000467000000|  0%| F|  |TAMS 0x0000000466800000, 0x0000000466800000| Untracked 
| 179|0x0000000467000000, 0x0000000467000000, 0x0000000467800000|  0%| F|  |TAMS 0x0000000467000000, 0x0000000467000000| Untracked 
| 180|0x0000000467800000, 0x0000000467800000, 0x0000000468000000|  0%| F|  |TAMS 0x0000000467800000, 0x0000000467800000| Untracked 
| 181|0x0000000468000000, 0x0000000468000000, 0x0000000468800000|  0%| F|  |TAMS 0x0000000468000000, 0x0000000468000000| Untracked 
| 182|0x0000000468800000, 0x0000000468800000, 0x0000000469000000|  0%| F|  |TAMS 0x0000000468800000, 0x0000000468800000| Untracked 
| 183|0x0000000469000000, 0x0000000469000000, 0x0000000469800000|  0%| F|  |TAMS 0x0000000469000000, 0x0000000469000000| Untracked 
| 184|0x0000000469800000, 0x0000000469800000, 0x000000046a000000|  0%| F|  |TAMS 0x0000000469800000, 0x0000000469800000| Untracked 
| 185|0x000000046a000000, 0x000000046a000000, 0x000000046a800000|  0%| F|  |TAMS 0x000000046a000000, 0x000000046a000000| Untracked 
| 186|0x000000046a800000, 0x000000046a800000, 0x000000046b000000|  0%| F|  |TAMS 0x000000046a800000, 0x000000046a800000| Untracked 
| 187|0x000000046b000000, 0x000000046b000000, 0x000000046b800000|  0%| F|  |TAMS 0x000000046b000000, 0x000000046b000000| Untracked 
| 188|0x000000046b800000, 0x000000046b800000, 0x000000046c000000|  0%| F|  |TAMS 0x000000046b800000, 0x000000046b800000| Untracked 
| 189|0x000000046c000000, 0x000000046c000000, 0x000000046c800000|  0%| F|  |TAMS 0x000000046c000000, 0x000000046c000000| Untracked 
| 190|0x000000046c800000, 0x000000046c800000, 0x000000046d000000|  0%| F|  |TAMS 0x000000046c800000, 0x000000046c800000| Untracked 
| 191|0x000000046d000000, 0x000000046d000000, 0x000000046d800000|  0%| F|  |TAMS 0x000000046d000000, 0x000000046d000000| Untracked 
| 192|0x000000046d800000, 0x000000046d800000, 0x000000046e000000|  0%| F|  |TAMS 0x000000046d800000, 0x000000046d800000| Untracked 
| 193|0x000000046e000000, 0x000000046e000000, 0x000000046e800000|  0%| F|  |TAMS 0x000000046e000000, 0x000000046e000000| Untracked 
| 194|0x000000046e800000, 0x000000046e800000, 0x000000046f000000|  0%| F|  |TAMS 0x000000046e800000, 0x000000046e800000| Untracked 
| 195|0x000000046f000000, 0x000000046f000000, 0x000000046f800000|  0%| F|  |TAMS 0x000000046f000000, 0x000000046f000000| Untracked 
| 196|0x000000046f800000, 0x000000046f800000, 0x0000000470000000|  0%| F|  |TAMS 0x000000046f800000, 0x000000046f800000| Untracked 
| 197|0x0000000470000000, 0x0000000470000000, 0x0000000470800000|  0%| F|  |TAMS 0x0000000470000000, 0x0000000470000000| Untracked 
| 198|0x0000000470800000, 0x0000000470800000, 0x0000000471000000|  0%| F|  |TAMS 0x0000000470800000, 0x0000000470800000| Untracked 
| 199|0x0000000471000000, 0x0000000471000000, 0x0000000471800000|  0%| F|  |TAMS 0x0000000471000000, 0x0000000471000000| Untracked 
| 200|0x0000000471800000, 0x0000000471800000, 0x0000000472000000|  0%| F|  |TAMS 0x0000000471800000, 0x0000000471800000| Untracked 
| 201|0x0000000472000000, 0x0000000472000000, 0x0000000472800000|  0%| F|  |TAMS 0x0000000472000000, 0x0000000472000000| Untracked 
| 202|0x0000000472800000, 0x0000000472800000, 0x0000000473000000|  0%| F|  |TAMS 0x0000000472800000, 0x0000000472800000| Untracked 
| 203|0x0000000473000000, 0x0000000473000000, 0x0000000473800000|  0%| F|  |TAMS 0x0000000473000000, 0x0000000473000000| Untracked 
| 204|0x0000000473800000, 0x0000000473800000, 0x0000000474000000|  0%| F|  |TAMS 0x0000000473800000, 0x0000000473800000| Untracked 
| 205|0x0000000474000000, 0x0000000474000000, 0x0000000474800000|  0%| F|  |TAMS 0x0000000474000000, 0x0000000474000000| Untracked 
| 206|0x0000000474800000, 0x0000000474800000, 0x0000000475000000|  0%| F|  |TAMS 0x0000000474800000, 0x0000000474800000| Untracked 
| 207|0x0000000475000000, 0x0000000475000000, 0x0000000475800000|  0%| F|  |TAMS 0x0000000475000000, 0x0000000475000000| Untracked 
| 208|0x0000000475800000, 0x0000000475800000, 0x0000000476000000|  0%| F|  |TAMS 0x0000000475800000, 0x0000000475800000| Untracked 
| 209|0x0000000476000000, 0x0000000476000000, 0x0000000476800000|  0%| F|  |TAMS 0x0000000476000000, 0x0000000476000000| Untracked 
| 210|0x0000000476800000, 0x0000000476800000, 0x0000000477000000|  0%| F|  |TAMS 0x0000000476800000, 0x0000000476800000| Untracked 
| 211|0x0000000477000000, 0x0000000477000000, 0x0000000477800000|  0%| F|  |TAMS 0x0000000477000000, 0x0000000477000000| Untracked 
| 212|0x0000000477800000, 0x0000000477800000, 0x0000000478000000|  0%| F|  |TAMS 0x0000000477800000, 0x0000000477800000| Untracked 
| 213|0x0000000478000000, 0x0000000478000000, 0x0000000478800000|  0%| F|  |TAMS 0x0000000478000000, 0x0000000478000000| Untracked 
| 214|0x0000000478800000, 0x0000000478800000, 0x0000000479000000|  0%| F|  |TAMS 0x0000000478800000, 0x0000000478800000| Untracked 
| 215|0x0000000479000000, 0x0000000479000000, 0x0000000479800000|  0%| F|  |TAMS 0x0000000479000000, 0x0000000479000000| Untracked 
| 216|0x0000000479800000, 0x0000000479800000, 0x000000047a000000|  0%| F|  |TAMS 0x0000000479800000, 0x0000000479800000| Untracked 
| 217|0x000000047a000000, 0x000000047a000000, 0x000000047a800000|  0%| F|  |TAMS 0x000000047a000000, 0x000000047a000000| Untracked 
| 218|0x000000047a800000, 0x000000047a800000, 0x000000047b000000|  0%| F|  |TAMS 0x000000047a800000, 0x000000047a800000| Untracked 
| 219|0x000000047b000000, 0x000000047b000000, 0x000000047b800000|  0%| F|  |TAMS 0x000000047b000000, 0x000000047b000000| Untracked 
| 220|0x000000047b800000, 0x000000047b800000, 0x000000047c000000|  0%| F|  |TAMS 0x000000047b800000, 0x000000047b800000| Untracked 
| 221|0x000000047c000000, 0x000000047c000000, 0x000000047c800000|  0%| F|  |TAMS 0x000000047c000000, 0x000000047c000000| Untracked 
| 222|0x000000047c800000, 0x000000047c800000, 0x000000047d000000|  0%| F|  |TAMS 0x000000047c800000, 0x000000047c800000| Untracked 
| 223|0x000000047d000000, 0x000000047d000000, 0x000000047d800000|  0%| F|  |TAMS 0x000000047d000000, 0x000000047d000000| Untracked 
| 224|0x000000047d800000, 0x000000047d800000, 0x000000047e000000|  0%| F|  |TAMS 0x000000047d800000, 0x000000047d800000| Untracked 
| 225|0x000000047e000000, 0x000000047e000000, 0x000000047e800000|  0%| F|  |TAMS 0x000000047e000000, 0x000000047e000000| Untracked 
| 226|0x000000047e800000, 0x000000047e800000, 0x000000047f000000|  0%| F|  |TAMS 0x000000047e800000, 0x000000047e800000| Untracked 
| 227|0x000000047f000000, 0x000000047f000000, 0x000000047f800000|  0%| F|  |TAMS 0x000000047f000000, 0x000000047f000000| Untracked 
| 228|0x000000047f800000, 0x000000047f800000, 0x0000000480000000|  0%| F|  |TAMS 0x000000047f800000, 0x000000047f800000| Untracked 
| 229|0x0000000480000000, 0x0000000480000000, 0x0000000480800000|  0%| F|  |TAMS 0x0000000480000000, 0x0000000480000000| Untracked 
| 230|0x0000000480800000, 0x0000000480800000, 0x0000000481000000|  0%| F|  |TAMS 0x0000000480800000, 0x0000000480800000| Untracked 
| 231|0x0000000481000000, 0x0000000481000000, 0x0000000481800000|  0%| F|  |TAMS 0x0000000481000000, 0x0000000481000000| Untracked 
| 232|0x0000000481800000, 0x0000000481800000, 0x0000000482000000|  0%| F|  |TAMS 0x0000000481800000, 0x0000000481800000| Untracked 
| 233|0x0000000482000000, 0x0000000482000000, 0x0000000482800000|  0%| F|  |TAMS 0x0000000482000000, 0x0000000482000000| Untracked 
| 234|0x0000000482800000, 0x0000000482800000, 0x0000000483000000|  0%| F|  |TAMS 0x0000000482800000, 0x0000000482800000| Untracked 
| 235|0x0000000483000000, 0x0000000483000000, 0x0000000483800000|  0%| F|  |TAMS 0x0000000483000000, 0x0000000483000000| Untracked 
| 236|0x0000000483800000, 0x0000000483800000, 0x0000000484000000|  0%| F|  |TAMS 0x0000000483800000, 0x0000000483800000| Untracked 
| 237|0x0000000484000000, 0x0000000484000000, 0x0000000484800000|  0%| F|  |TAMS 0x0000000484000000, 0x0000000484000000| Untracked 
| 238|0x0000000484800000, 0x0000000485000000, 0x0000000485000000|100%| S|CS|TAMS 0x0000000484800000, 0x0000000484800000| Complete 
| 239|0x0000000485000000, 0x0000000485800000, 0x0000000485800000|100%| S|CS|TAMS 0x0000000485000000, 0x0000000485000000| Complete 
| 240|0x0000000485800000, 0x0000000485800000, 0x0000000486000000|  0%| F|  |TAMS 0x0000000485800000, 0x0000000485800000| Untracked 
|2020|0x00000007ff800000, 0x0000000800000000, 0x0000000800000000|100%| O|  |TAMS 0x00000007ffe8c200, 0x00000007ff800000| Untracked 

Card table byte_map: [0x0000026ce7600000,0x0000026ce95a0000] _byte_map_base: 0x0000026ce5594000

Marking Bits (Prev, Next): (CMBitMap*) 0x0000026ccd6a72a0, (CMBitMap*) 0x0000026ccd6a7260
 Prev Bits: [0x0000026c80000000, 0x0000026c8fca0000)
 Next Bits: [0x0000026ceb540000, 0x0000026cfb1e0000)

Polling page: 0x0000026ccb300000

Metaspace:

Usage:
  Non-class:    110.14 MB used.
      Class:     20.36 MB used.
       Both:    130.50 MB used.

Virtual space:
  Non-class space:      128.00 MB reserved,     111.12 MB ( 87%) committed,  2 nodes.
      Class space:        1.00 GB reserved,      21.19 MB (  2%) committed,  1 nodes.
             Both:        1.12 GB reserved,     132.31 MB ( 11%) committed. 

Chunk freelists:
   Non-Class:  288.00 KB
       Class:  10.72 MB
        Both:  11.00 MB

MaxMetaspaceSize: unlimited
CompressedClassSpaceSize: 1.00 GB
Initial GC threshold: 21.00 MB
Current GC threshold: 220.31 MB
CDS: on
MetaspaceReclaimPolicy: balanced
 - commit_granule_bytes: 65536.
 - commit_granule_words: 8192.
 - virtual_space_node_default_size: 8388608.
 - enlarge_chunks_in_place: 1.
 - new_chunks_are_fully_committed: 0.
 - uncommit_free_chunks: 1.
 - use_allocation_guard: 0.
 - handle_deallocations: 1.


Internal statistics:

num_allocs_failed_limit: 9.
num_arena_births: 2944.
num_arena_deaths: 20.
num_vsnodes_births: 3.
num_vsnodes_deaths: 0.
num_space_committed: 2112.
num_space_uncommitted: 0.
num_chunks_returned_to_freelist: 39.
num_chunks_taken_from_freelist: 8744.
num_chunk_merges: 21.
num_chunk_splits: 5589.
num_chunks_enlarged: 3511.
num_inconsistent_stats: 0.

CodeHeap 'non-profiled nmethods': size=118848Kb used=17733Kb max_used=17733Kb free=101114Kb
 bounds [0x0000026cdcd30000, 0x0000026cdde90000, 0x0000026ce4140000]
CodeHeap 'profiled nmethods': size=118848Kb used=27620Kb max_used=27620Kb free=91227Kb
 bounds [0x0000026cd5140000, 0x0000026cd6c40000, 0x0000026cdc550000]
CodeHeap 'non-nmethods': size=8064Kb used=4669Kb max_used=4743Kb free=3394Kb
 bounds [0x0000026cdc550000, 0x0000026cdca00000, 0x0000026cdcd30000]
 total_blobs=18652 nmethods=16604 adapters=1955
 compilation: enabled
              stopped_count=0, restarted_count=0
 full_count=0

Compilation events (20 events):
Event: 31.567 Thread 0x0000026cfee58860 22883       3       java.util.Arrays::spliterator (10 bytes)
Event: 31.567 Thread 0x0000026cfed97b20 nmethod 22891 0x0000026cd6c30390 code [0x0000026cd6c30840, 0x0000026cd6c32fa8]
Event: 31.567 Thread 0x0000026d56809cf0 nmethod 22927 0x0000026cd6c35410 code [0x0000026cd6c355e0, 0x0000026cd6c35a48]
Event: 31.567 Thread 0x0000026cfee5ad90 22930       1       it.unimi.dsi.fastutil.longs.LongOpenHashSet::size (5 bytes)
Event: 31.567 Thread 0x0000026d56809cf0 22932       3       it.unimi.dsi.fastutil.ints.Int2IntOpenHashMap$MapEntrySet::forEach (115 bytes)
Event: 31.568 Thread 0x0000026cfed97b20 22931       3       net.minecraft.util.thread.StrictQueue$QueueStrictQueue::isEmpty (10 bytes)
Event: 31.568 Thread 0x0000026cfee58860 nmethod 22883 0x0000026cd6c35b90 code [0x0000026cd6c35d20, 0x0000026cd6c35e48]
Event: 31.568 Thread 0x0000026cfee5ad90 nmethod 22930 0x0000026cddbcf890 code [0x0000026cddbcfa20, 0x0000026cddbcfaf8]
Event: 31.568 Thread 0x0000026cfee58860 22933       3       java.util.Spliterator$OfLong::forEachRemaining (53 bytes)
Event: 31.568 Thread 0x0000026cfed97b20 nmethod 22931 0x0000026cd6c37f10 code [0x0000026cd6c380c0, 0x0000026cd6c382a8]
Event: 31.569 Thread 0x0000026d56809cf0 nmethod 22932 0x0000026cd6c38390 code [0x0000026cd6c385a0, 0x0000026cd6c38d18]
Event: 31.569 Thread 0x0000026cfed97b20 22934 %     3       net.minecraft.world.level.levelgen.Heightmap::primeHeightmaps @ 114 (254 bytes)
Event: 31.569 Thread 0x0000026cfee5b830 nmethod 22929 0x0000026cd6c35f10 code [0x0000026cd6c36220, 0x0000026cd6c37918]
Event: 31.569 Thread 0x0000026cfee58860 nmethod 22933 0x0000026cd6c39110 code [0x0000026cd6c39340, 0x0000026cd6c39bc8]
Event: 31.570 Thread 0x0000026cfee5b830 22935       1       net.minecraft.world.level.chunk.LinearPalette::getSize (5 bytes)
Event: 31.571 Thread 0x0000026cfee58860 22938       3       net.minecraft.world.level.chunk.LinearPalette::<init> (131 bytes)
Event: 31.571 Thread 0x0000026d56809cf0 22936       3       net.minecraft.world.level.chunk.PalettedContainer$Strategy$$Lambda$11302/0x0000026d01531b60::create (9 bytes)
Event: 31.571 Thread 0x0000026cfee5ad90 22937       3       net.minecraft.world.level.chunk.LinearPalette::create (12 bytes)
Event: 31.571 Thread 0x0000026cfee5b830 nmethod 22935 0x0000026cddbce790 code [0x0000026cddbce920, 0x0000026cddbce9f8]
Event: 31.573 Thread 0x0000026d568097a0 nmethod 22815 0x0000026cddbcea90 code [0x0000026cddbcec40, 0x0000026cddbcf438]

GC Heap History (20 events):
Event: 20.917 GC heap after
{Heap after GC invocations=38 (full 0):
 garbage-first heap   total 1163264K, used 379908K [0x000000040d800000, 0x0000000800000000)
  region size 8192K, 9 young (73728K), 9 survivors (73728K)
 Metaspace       used 115235K, committed 116800K, reserved 1179648K
  class space    used 17978K, committed 18688K, reserved 1048576K
}
Event: 21.441 GC heap before
{Heap before GC invocations=38 (full 0):
 garbage-first heap   total 1163264K, used 945156K [0x000000040d800000, 0x0000000800000000)
  region size 8192K, 78 young (638976K), 9 survivors (73728K)
 Metaspace       used 115289K, committed 116864K, reserved 1179648K
  class space    used 17986K, committed 18688K, reserved 1048576K
}
Event: 21.479 GC heap after
{Heap after GC invocations=39 (full 0):
 garbage-first heap   total 1163264K, used 505038K [0x000000040d800000, 0x0000000800000000)
  region size 8192K, 10 young (81920K), 10 survivors (81920K)
 Metaspace       used 115289K, committed 116864K, reserved 1179648K
  class space    used 17986K, committed 18688K, reserved 1048576K
}
Event: 22.914 GC heap before
{Heap before GC invocations=39 (full 0):
 garbage-first heap   total 1163264K, used 881870K [0x000000040d800000, 0x0000000800000000)
  region size 8192K, 57 young (466944K), 10 survivors (81920K)
 Metaspace       used 117061K, committed 118656K, reserved 1179648K
  class space    used 18214K, committed 18944K, reserved 1048576K
}
Event: 22.930 GC heap after
{Heap after GC invocations=40 (full 0):
 garbage-first heap   total 1163264K, used 559543K [0x000000040d800000, 0x0000000800000000)
  region size 8192K, 6 young (49152K), 6 survivors (49152K)
 Metaspace       used 117061K, committed 118656K, reserved 1179648K
  class space    used 18214K, committed 18944K, reserved 1048576K
}
Event: 27.625 GC heap before
{Heap before GC invocations=40 (full 0):
 garbage-first heap   total 1163264K, used 903607K [0x000000040d800000, 0x0000000800000000)
  region size 8192K, 48 young (393216K), 6 survivors (49152K)
 Metaspace       used 119852K, committed 121536K, reserved 1179648K
  class space    used 18611K, committed 19392K, reserved 1048576K
}
Event: 27.635 GC heap after
{Heap after GC invocations=41 (full 0):
 garbage-first heap   total 1425408K, used 574929K [0x000000040d800000, 0x0000000800000000)
  region size 8192K, 3 young (24576K), 3 survivors (24576K)
 Metaspace       used 119852K, committed 121536K, reserved 1179648K
  class space    used 18611K, committed 19392K, reserved 1048576K
}
Event: 28.904 GC heap before
{Heap before GC invocations=42 (full 0):
 garbage-first heap   total 1425408K, used 1058257K [0x000000040d800000, 0x0000000800000000)
  region size 8192K, 63 young (516096K), 3 survivors (24576K)
 Metaspace       used 125612K, committed 127360K, reserved 1179648K
  class space    used 19737K, committed 20544K, reserved 1048576K
}
Event: 28.912 GC heap after
{Heap after GC invocations=43 (full 0):
 garbage-first heap   total 1425408K, used 595083K [0x000000040d800000, 0x0000000800000000)
  region size 8192K, 6 young (49152K), 6 survivors (49152K)
 Metaspace       used 125612K, committed 127360K, reserved 1179648K
  class space    used 19737K, committed 20544K, reserved 1048576K
}
Event: 28.924 GC heap before
{Heap before GC invocations=43 (full 0):
 garbage-first heap   total 1425408K, used 603275K [0x000000040d800000, 0x0000000800000000)
  region size 8192K, 8 young (65536K), 6 survivors (49152K)
 Metaspace       used 125619K, committed 127360K, reserved 1179648K
  class space    used 19739K, committed 20544K, reserved 1048576K
}
Event: 28.932 GC heap after
{Heap after GC invocations=44 (full 0):
 garbage-first heap   total 1425408K, used 599725K [0x000000040d800000, 0x0000000800000000)
  region size 8192K, 1 young (8192K), 1 survivors (8192K)
 Metaspace       used 125619K, committed 127360K, reserved 1179648K
  class space    used 19739K, committed 20544K, reserved 1048576K
}
Event: 30.670 GC heap before
{Heap before GC invocations=44 (full 0):
 garbage-first heap   total 1425408K, used 1099437K [0x000000040d800000, 0x0000000800000000)
  region size 8192K, 62 young (507904K), 1 survivors (8192K)
 Metaspace       used 132281K, committed 134144K, reserved 1179648K
  class space    used 20665K, committed 21504K, reserved 1048576K
}
Event: 30.680 GC heap after
{Heap after GC invocations=45 (full 0):
 garbage-first heap   total 1425408K, used 615775K [0x000000040d800000, 0x0000000800000000)
  region size 8192K, 3 young (24576K), 3 survivors (24576K)
 Metaspace       used 132281K, committed 134144K, reserved 1179648K
  class space    used 20665K, committed 21504K, reserved 1048576K
}
Event: 31.092 GC heap before
{Heap before GC invocations=45 (full 0):
 garbage-first heap   total 1425408K, used 1107295K [0x000000040d800000, 0x0000000800000000)
  region size 8192K, 64 young (524288K), 3 survivors (24576K)
 Metaspace       used 132985K, committed 134784K, reserved 1179648K
  class space    used 20760K, committed 21568K, reserved 1048576K
}
Event: 31.154 GC heap after
{Heap after GC invocations=46 (full 0):
 garbage-first heap   total 1433600K, used 907824K [0x000000040d800000, 0x0000000800000000)
  region size 8192K, 8 young (65536K), 8 survivors (65536K)
 Metaspace       used 132985K, committed 134784K, reserved 1179648K
  class space    used 20760K, committed 21568K, reserved 1048576K
}
Event: 31.253 GC heap before
{Heap before GC invocations=46 (full 0):
 garbage-first heap   total 1433600K, used 1104432K [0x000000040d800000, 0x0000000800000000)
  region size 8192K, 32 young (262144K), 8 survivors (65536K)
 Metaspace       used 133005K, committed 134848K, reserved 1179648K
  class space    used 20760K, committed 21568K, reserved 1048576K
}
Event: 31.289 GC heap after
{Heap after GC invocations=47 (full 0):
 garbage-first heap   total 1433600K, used 1055122K [0x000000040d800000, 0x0000000800000000)
  region size 8192K, 4 young (32768K), 4 survivors (32768K)
 Metaspace       used 133005K, committed 134848K, reserved 1179648K
  class space    used 20760K, committed 21568K, reserved 1048576K
}
Event: 31.401 GC heap before
{Heap before GC invocations=47 (full 0):
 garbage-first heap   total 1433600K, used 1153426K [0x000000040d800000, 0x0000000800000000)
  region size 8192K, 16 young (131072K), 4 survivors (32768K)
 Metaspace       used 133199K, committed 135104K, reserved 1179648K
  class space    used 20780K, committed 21632K, reserved 1048576K
}
Event: 31.417 GC heap after
{Heap after GC invocations=48 (full 0):
 garbage-first heap   total 1433600K, used 1138688K [0x000000040d800000, 0x0000000800000000)
  region size 8192K, 2 young (16384K), 2 survivors (16384K)
 Metaspace       used 133199K, committed 135104K, reserved 1179648K
  class space    used 20780K, committed 21632K, reserved 1048576K
}
Event: 31.571 GC heap before
{Heap before GC invocations=48 (full 0):
 garbage-first heap   total 1982464K, used 1196032K [0x000000040d800000, 0x0000000800000000)
  region size 8192K, 9 young (73728K), 2 survivors (16384K)
 Metaspace       used 133629K, committed 135488K, reserved 1179648K
  class space    used 20850K, committed 21696K, reserved 1048576K
}

Dll operation events (15 events):
Event: 0.006 Loaded shared library C:\Users\paulm\.jdks\temurin-17.0.14\bin\java.dll
Event: 0.015 Loaded shared library C:\Users\paulm\.jdks\temurin-17.0.14\bin\jsvml.dll
Event: 0.095 Loaded shared library C:\Users\paulm\.jdks\temurin-17.0.14\bin\net.dll
Event: 0.096 Loaded shared library C:\Users\paulm\.jdks\temurin-17.0.14\bin\nio.dll
Event: 0.097 Loaded shared library C:\Users\paulm\.jdks\temurin-17.0.14\bin\zip.dll
Event: 0.130 Loaded shared library C:\Users\paulm\.jdks\temurin-17.0.14\bin\jimage.dll
Event: 0.350 Loaded shared library C:\Users\paulm\.jdks\temurin-17.0.14\bin\verify.dll
Event: 1.842 Loaded shared library C:\Users\paulm\.jdks\temurin-17.0.14\bin\management.dll
Event: 1.843 Loaded shared library C:\Users\paulm\.jdks\temurin-17.0.14\bin\management_ext.dll
Event: 2.712 Loaded shared library C:\Users\paulm\AppData\Local\Temp\lwjglpaulm\3.3.1-build-7\lwjgl.dll
Event: 3.002 Loaded shared library C:\Users\paulm\AppData\Local\Temp\lwjglpaulm\3.3.1-build-7\lwjgl_opengl.dll
Event: 3.072 Loaded shared library C:\Users\paulm\AppData\Local\Temp\lwjglpaulm\3.3.1-build-7\lwjgl_stb.dll
Event: 8.304 Loaded shared library C:\Users\paulm\AppData\Local\Temp\jna-106439973\jna2198218963194255798.dll
Event: 14.092 Loaded shared library C:\Users\paulm\.jdks\temurin-17.0.14\bin\sunmscapi.dll
Event: 14.138 Loaded shared library C:\Users\paulm\.jdks\temurin-17.0.14\bin\extnet.dll

Deoptimization events (20 events):
Event: 31.559 Thread 0x0000026d48d88e50 Uncommon trap: trap_request=0xffffffde fr.pc=0x0000026cdd85434c relative=0x00000000000002ec
Event: 31.559 Thread 0x0000026d48d88e50 Uncommon trap: reason=class_check action=maybe_recompile pc=0x0000026cdd85434c method=net.minecraft.world.level.chunk.PalettedContainer.get(I)Ljava/lang/Object; @ 19 c2
Event: 31.560 Thread 0x0000026d48d88e50 DEOPT PACKING pc=0x0000026cdd85434c sp=0x000000fc3b1fe9f0
Event: 31.560 Thread 0x0000026d48d88e50 DEOPT UNPACKING pc=0x0000026cdc5aa1a3 sp=0x000000fc3b1fe828 mode 2
Event: 31.560 Thread 0x0000026d48d88e50 Uncommon trap: trap_request=0xffffffde fr.pc=0x0000026cdd85434c relative=0x00000000000002ec
Event: 31.560 Thread 0x0000026d48d88e50 Uncommon trap: reason=class_check action=maybe_recompile pc=0x0000026cdd85434c method=net.minecraft.world.level.chunk.PalettedContainer.get(I)Ljava/lang/Object; @ 19 c2
Event: 31.560 Thread 0x0000026d48d88e50 DEOPT PACKING pc=0x0000026cdd85434c sp=0x000000fc3b1fe9f0
Event: 31.560 Thread 0x0000026d48d88e50 DEOPT UNPACKING pc=0x0000026cdc5aa1a3 sp=0x000000fc3b1fe828 mode 2
Event: 31.560 Thread 0x0000026d48d88e50 Uncommon trap: trap_request=0xffffffde fr.pc=0x0000026cdd85434c relative=0x00000000000002ec
Event: 31.561 Thread 0x0000026d48d88e50 Uncommon trap: reason=class_check action=maybe_recompile pc=0x0000026cdd85434c method=net.minecraft.world.level.chunk.PalettedContainer.get(I)Ljava/lang/Object; @ 19 c2
Event: 31.561 Thread 0x0000026d48d88e50 DEOPT PACKING pc=0x0000026cdd85434c sp=0x000000fc3b1fe9f0
Event: 31.561 Thread 0x0000026d48d88e50 DEOPT UNPACKING pc=0x0000026cdc5aa1a3 sp=0x000000fc3b1fe828 mode 2
Event: 31.561 Thread 0x0000026d48d88e50 Uncommon trap: trap_request=0xffffffde fr.pc=0x0000026cdd85434c relative=0x00000000000002ec
Event: 31.561 Thread 0x0000026d48d88e50 Uncommon trap: reason=class_check action=maybe_recompile pc=0x0000026cdd85434c method=net.minecraft.world.level.chunk.PalettedContainer.get(I)Ljava/lang/Object; @ 19 c2
Event: 31.562 Thread 0x0000026d48d88e50 DEOPT PACKING pc=0x0000026cdd85434c sp=0x000000fc3b1fe9f0
Event: 31.562 Thread 0x0000026d48d88e50 DEOPT UNPACKING pc=0x0000026cdc5aa1a3 sp=0x000000fc3b1fe828 mode 2
Event: 31.562 Thread 0x0000026d48d88e50 Uncommon trap: trap_request=0xffffffde fr.pc=0x0000026cdd855328 relative=0x0000000000000188
Event: 31.562 Thread 0x0000026d48d88e50 Uncommon trap: reason=class_check action=maybe_recompile pc=0x0000026cdd855328 method=net.minecraft.world.level.chunk.PalettedContainer.get(I)Ljava/lang/Object; @ 19 c2
Event: 31.562 Thread 0x0000026d48d88e50 DEOPT PACKING pc=0x0000026cdd855328 sp=0x000000fc3b1fe930
Event: 31.562 Thread 0x0000026d48d88e50 DEOPT UNPACKING pc=0x0000026cdc5aa1a3 sp=0x000000fc3b1fe848 mode 2

Classes loaded (20 events):
Event: 30.379 Loading class java/util/stream/Node$Builder$OfLong done
Event: 30.379 Loading class java/util/stream/Nodes$LongArrayNode
Event: 30.379 Loading class java/util/stream/Nodes$LongArrayNode done
Event: 30.379 Loading class java/util/stream/Nodes$LongFixedNodeBuilder done
Event: 30.379 Loading class java/util/stream/SliceOps$3$1
Event: 30.379 Loading class java/util/stream/Sink$ChainedLong
Event: 30.379 Loading class java/util/stream/Sink$ChainedLong done
Event: 30.379 Loading class java/util/stream/SliceOps$3$1 done
Event: 30.596 Loading class java/util/concurrent/ConcurrentHashMap$KeySpliterator
Event: 30.596 Loading class java/util/concurrent/ConcurrentHashMap$KeySpliterator done
Event: 30.833 Loading class java/nio/DirectIntBufferS
Event: 30.833 Loading class java/nio/DirectIntBufferS done
Event: 31.526 Loading class java/util/stream/LongPipeline$9
Event: 31.527 Loading class java/util/stream/LongPipeline$9 done
Event: 31.527 Loading class java/util/stream/Nodes$LongSpinedNodeBuilder
Event: 31.527 Loading class java/util/stream/SpinedBuffer$OfLong
Event: 31.527 Loading class java/util/stream/SpinedBuffer$OfLong done
Event: 31.527 Loading class java/util/stream/Nodes$LongSpinedNodeBuilder done
Event: 31.533 Loading class java/util/stream/LongPipeline$9$1
Event: 31.533 Loading class java/util/stream/LongPipeline$9$1 done

Classes unloaded (10 events):
Event: 27.742 Thread 0x0000026cfed59860 Unloading class 0x0000026d0115a400 'java/lang/invoke/LambdaForm$DMH+0x0000026d0115a400'
Event: 27.742 Thread 0x0000026cfed59860 Unloading class 0x0000026d0115a000 'java/lang/invoke/LambdaForm$DMH+0x0000026d0115a000'
Event: 27.742 Thread 0x0000026cfed59860 Unloading class 0x0000026d01159c00 'java/lang/invoke/LambdaForm$DMH+0x0000026d01159c00'
Event: 27.742 Thread 0x0000026cfed59860 Unloading class 0x0000026d01159800 'java/lang/invoke/LambdaForm$DMH+0x0000026d01159800'
Event: 27.742 Thread 0x0000026cfed59860 Unloading class 0x0000026d01159400 'java/lang/invoke/LambdaForm$DMH+0x0000026d01159400'
Event: 27.742 Thread 0x0000026cfed59860 Unloading class 0x0000026d01159000 'java/lang/invoke/LambdaForm$DMH+0x0000026d01159000'
Event: 27.742 Thread 0x0000026cfed59860 Unloading class 0x0000026d01158c00 'java/lang/invoke/LambdaForm$DMH+0x0000026d01158c00'
Event: 27.742 Thread 0x0000026cfed59860 Unloading class 0x0000026d01158800 'java/lang/invoke/LambdaForm$DMH+0x0000026d01158800'
Event: 27.742 Thread 0x0000026cfed59860 Unloading class 0x0000026d01158400 'java/lang/invoke/LambdaForm$DMH+0x0000026d01158400'
Event: 31.487 Thread 0x0000026cfed59860 Unloading class 0x0000026d012b4400 'java/lang/invoke/LambdaForm$DMH+0x0000026d012b4400'

Classes redefined (0 events):
No events

Internal exceptions (20 events):
Event: 30.332 Thread 0x0000026d4cb44fb0 Exception <a 'java/lang/NoSuchMethodError'{0x00000004498694d0}: 'long java.lang.invoke.DirectMethodHandle$Holder.invokeVirtual(java.lang.Object, java.lang.Object, java.lang.Object)'> (0x00000004498694d0) 
thrown [s\src\hotspot\share\interpreter\linkResolver.cpp, line 759]
Event: 30.332 Thread 0x0000026d4c2634d0 Exception <a 'java/lang/NoSuchMethodError'{0x0000000449bb70d8}: 'long java.lang.invoke.DirectMethodHandle$Holder.invokeVirtual(java.lang.Object, java.lang.Object, java.lang.Object)'> (0x0000000449bb70d8) 
thrown [s\src\hotspot\share\interpreter\linkResolver.cpp, line 759]
Event: 30.332 Thread 0x0000026d54d91e00 Exception <a 'java/lang/NoSuchMethodError'{0x0000000449936fa0}: 'long java.lang.invoke.DirectMethodHandle$Holder.invokeVirtual(java.lang.Object, java.lang.Object, java.lang.Object)'> (0x0000000449936fa0) 
thrown [s\src\hotspot\share\interpreter\linkResolver.cpp, line 759]
Event: 30.332 Thread 0x0000026d54d913e0 Exception <a 'java/lang/NoSuchMethodError'{0x000000045d587d68}: 'long java.lang.invoke.DirectMethodHandle$Holder.invokeVirtual(java.lang.Object, java.lang.Object, java.lang.Object)'> (0x000000045d587d68) 
thrown [s\src\hotspot\share\interpreter\linkResolver.cpp, line 759]
Event: 30.332 Thread 0x0000026d48d89360 Exception <a 'java/lang/NoSuchMethodError'{0x0000000449a53e20}: 'long java.lang.invoke.DirectMethodHandle$Holder.invokeVirtual(java.lang.Object, java.lang.Object, java.lang.Object)'> (0x0000000449a53e20) 
thrown [s\src\hotspot\share\interpreter\linkResolver.cpp, line 759]
Event: 30.332 Thread 0x0000026d48d87f20 Exception <a 'java/lang/NoSuchMethodError'{0x0000000449d44f48}: 'long java.lang.invoke.DirectMethodHandle$Holder.invokeVirtual(java.lang.Object, java.lang.Object, java.lang.Object)'> (0x0000000449d44f48) 
thrown [s\src\hotspot\share\interpreter\linkResolver.cpp, line 759]
Event: 30.600 Thread 0x0000026d48d88e50 Exception <a 'java/lang/NoSuchMethodError'{0x000000044655fc78}: 'java.lang.Object java.lang.invoke.DirectMethodHandle$Holder.invokeSpecial(java.lang.Object, java.lang.Object, int, int, int)'> (0x000000044655fc78) 
thrown [s\src\hotspot\share\interpreter\linkResolver.cpp, line 759]
Event: 30.774 Thread 0x0000026d48d88e50 Exception <a 'java/lang/NoSuchMethodError'{0x0000000462abb6e0}: 'java.lang.Object java.lang.invoke.DirectMethodHandle$Holder.invokeSpecial(java.lang.Object, java.lang.Object, double, double, double, double)'> (0x0000000462abb6e0) 
thrown [s\src\hotspot\share\interpreter\linkResolver.cpp, line 759]
Event: 30.810 Thread 0x0000026d54a29cb0 Exception <a 'sun/nio/fs/WindowsException'{0x000000046210a9d0}> (0x000000046210a9d0) 
thrown [s\src\hotspot\share\prims\jni.cpp, line 516]
Event: 30.822 Thread 0x0000026d48d88e50 Exception <a 'java/lang/NoSuchMethodError'{0x00000004621d2470}: 'java.lang.Object java.lang.invoke.DirectMethodHandle$Holder.invokeSpecial(java.lang.Object, java.lang.Object, int, int, int, java.lang.Object)'> (0x00000004621d2470) 
thrown [s\src\hotspot\share\interpreter\linkResolver.cpp, line 759]
Event: 30.825 Thread 0x0000026d48d88e50 Exception <a 'java/lang/NoSuchMethodError'{0x00000004621dcf98}: 'java.lang.Object java.lang.invoke.Invokers$Holder.linkToTargetMethod(java.lang.Object, int, int, int, java.lang.Object)'> (0x00000004621dcf98) 
thrown [s\src\hotspot\share\interpreter\linkResolver.cpp, line 759]
Event: 30.840 Thread 0x0000026d48dbbeb0 Exception <a 'sun/nio/fs/WindowsException'{0x00000004627bcf00}> (0x00000004627bcf00) 
thrown [s\src\hotspot\share\prims\jni.cpp, line 516]
Event: 30.904 Thread 0x0000026d54a2b0f0 Exception <a 'java/lang/NoSuchMethodError'{0x0000000460b6d258}: 'java.lang.Object java.lang.invoke.DirectMethodHandle$Holder.newInvokeSpecial(java.lang.Object, int, java.lang.Object, int)'> (0x0000000460b6d258) 
thrown [s\src\hotspot\share\interpreter\linkResolver.cpp, line 759]
Event: 31.185 Thread 0x0000026d54a29cb0 Exception <a 'sun/nio/fs/WindowsException'{0x0000000461180a60}> (0x0000000461180a60) 
thrown [s\src\hotspot\share\prims\jni.cpp, line 516]
Event: 31.195 Thread 0x0000026d48dbbeb0 Exception <a 'sun/nio/fs/WindowsException'{0x00000004605bbb40}> (0x00000004605bbb40) 
thrown [s\src\hotspot\share\prims\jni.cpp, line 516]
Event: 31.389 Thread 0x0000026d48d88e50 Exception <a 'java/lang/NoSuchMethodError'{0x000000045f546b98}: 'java.lang.Object java.lang.invoke.DirectMethodHandle$Holder.invokeStatic(java.lang.Object, int, java.lang.Object, java.lang.Object, java.lang.Object)'> (0x000000045f546b98) 
thrown [s\src\hotspot\share\interpreter\linkResolver.cpp, line 759]
Event: 31.389 Thread 0x0000026d48d88e50 Exception <a 'java/lang/NoSuchMethodError'{0x000000045f54a700}: 'java.lang.Object java.lang.invoke.DirectMethodHandle$Holder.invokeStaticInit(java.lang.Object, int, java.lang.Object, java.lang.Object, java.lang.Object)'> (0x000000045f54a700) 
thrown [s\src\hotspot\share\interpreter\linkResolver.cpp, line 759]
Event: 31.429 Thread 0x0000026d48dbbeb0 Exception <a 'sun/nio/fs/WindowsException'{0x00000004647f8858}> (0x00000004647f8858) 
thrown [s\src\hotspot\share\prims\jni.cpp, line 516]
Event: 31.449 Thread 0x0000026d4c2634d0 Exception <a 'java/lang/IncompatibleClassChangeError'{0x000000046356cf58}: Found class java.lang.Object, but interface was expected> (0x000000046356cf58) 
thrown [s\src\hotspot\share\interpreter\linkResolver.cpp, line 826]
Event: 31.512 Thread 0x0000026d54a29cb0 Exception <a 'sun/nio/fs/WindowsException'{0x0000000461df35f8}> (0x0000000461df35f8) 
thrown [s\src\hotspot\share\prims\jni.cpp, line 516]

VM Operations (20 events):
Event: 30.437 Executing VM operation: ICBufferFull done
Event: 30.669 Executing VM operation: G1CollectForAllocation
Event: 30.680 Executing VM operation: G1CollectForAllocation done
Event: 31.092 Executing VM operation: G1CollectForAllocation
Event: 31.154 Executing VM operation: G1CollectForAllocation done
Event: 31.253 Executing VM operation: G1CollectForAllocation
Event: 31.289 Executing VM operation: G1CollectForAllocation done
Event: 31.334 Executing VM operation: HandshakeAllThreads
Event: 31.334 Executing VM operation: HandshakeAllThreads done
Event: 31.401 Executing VM operation: G1CollectForAllocation
Event: 31.417 Executing VM operation: G1CollectForAllocation done
Event: 31.486 Executing VM operation: G1PauseRemark
Event: 31.510 Executing VM operation: G1PauseRemark done
Event: 31.516 Executing VM operation: HandshakeAllThreads
Event: 31.517 Executing VM operation: HandshakeAllThreads done
Event: 31.523 Executing VM operation: HandshakeAllThreads
Event: 31.524 Executing VM operation: HandshakeAllThreads done
Event: 31.530 Executing VM operation: HandshakeAllThreads
Event: 31.532 Executing VM operation: HandshakeAllThreads done
Event: 31.571 Executing VM operation: G1CollectForAllocation

Memory protections (0 events):
No events

Nmethod flushes (20 events):
Event: 31.372 Thread 0x0000026cfedb8440 flushing  nmethod 0x0000026cd62f4490
Event: 31.372 Thread 0x0000026cfedb8440 flushing  nmethod 0x0000026cd6332a90
Event: 31.372 Thread 0x0000026cfedb8440 flushing  nmethod 0x0000026cd634f190
Event: 31.373 Thread 0x0000026cfedb8440 flushing  nmethod 0x0000026cd6420f10
Event: 31.373 Thread 0x0000026cfedb8440 flushing  nmethod 0x0000026cd6476090
Event: 31.374 Thread 0x0000026cfedb8440 flushing  nmethod 0x0000026cd650b010
Event: 31.375 Thread 0x0000026cfedb8440 flushing  nmethod 0x0000026cd65fd790
Event: 31.375 Thread 0x0000026cfedb8440 flushing  nmethod 0x0000026cd6629990
Event: 31.375 Thread 0x0000026cfedb8440 flushing  nmethod 0x0000026cd6639d90
Event: 31.375 Thread 0x0000026cfedb8440 flushing osr nmethod 0x0000026cd665a310
Event: 31.375 Thread 0x0000026cfedb8440 flushing  nmethod 0x0000026cd665d490
Event: 31.376 Thread 0x0000026cfedb8440 flushing  nmethod 0x0000026cd672e690
Event: 31.376 Thread 0x0000026cfedb8440 flushing  nmethod 0x0000026cd673bd90
Event: 31.376 Thread 0x0000026cfedb8440 flushing  nmethod 0x0000026cd6748a90
Event: 31.376 Thread 0x0000026cfedb8440 flushing  nmethod 0x0000026cd678e410
Event: 31.376 Thread 0x0000026cfedb8440 flushing  nmethod 0x0000026cd6794110
Event: 31.377 Thread 0x0000026cfedb8440 flushing  nmethod 0x0000026cd67d7d10
Event: 31.377 Thread 0x0000026cfedb8440 flushing  nmethod 0x0000026cd680ea90
Event: 31.377 Thread 0x0000026cfedb8440 flushing  nmethod 0x0000026cd6821290
Event: 31.377 Thread 0x0000026cfedb8440 flushing  nmethod 0x0000026cd6873690

Events (20 events):
Event: 26.397 Thread 0x0000026d56808d00 Thread added: 0x0000026d568097a0
Event: 26.398 Thread 0x0000026d56808d00 Thread added: 0x0000026d5680a790
Event: 26.398 Thread 0x0000026d56808d00 Thread added: 0x0000026d56806d20
Event: 26.741 Thread 0x0000026d56806d20 Thread exited: 0x0000026d56806d20
Event: 26.758 Thread 0x0000026d5680a790 Thread exited: 0x0000026d5680a790
Event: 27.060 Thread 0x0000026d568087b0 Thread added: 0x0000026d5680a790
Event: 27.060 Thread 0x0000026d568087b0 Thread added: 0x0000026d56806d20
Event: 28.529 Thread 0x0000026d54a2cf50 Thread exited: 0x0000026d54a2cf50
Event: 28.529 Thread 0x0000026d54a28870 Thread exited: 0x0000026d54a28870
Event: 28.529 Thread 0x0000026d54a28d80 Thread exited: 0x0000026d54a28d80
Event: 29.457 Thread 0x0000026d48d88430 Thread exited: 0x0000026d48d88430
Event: 29.847 Thread 0x0000026d4c25c060 Thread exited: 0x0000026d4c25c060
Event: 29.847 Thread 0x0000026ccd6335d0 Thread added: 0x0000026d48d88430
Event: 29.871 Thread 0x0000026d56806d20 Thread exited: 0x0000026d56806d20
Event: 29.974 Thread 0x0000026ccd6335d0 Thread added: 0x0000026d48d88e50
Event: 30.035 Thread 0x0000026d48d88e50 Thread added: 0x0000026d48d8b1c0
Event: 30.234 Thread 0x0000026cfee5ad90 Thread added: 0x0000026d56806d20
Event: 30.838 Thread 0x0000026d54a29cb0 Thread added: 0x0000026d48dbbeb0
Event: 31.428 Thread 0x0000026d54a29cb0 Thread added: 0x0000026d4c25e8e0
Event: 31.538 Thread 0x0000026d54a29cb0 Thread added: 0x0000026d54d909c0


Dynamic libraries:
0x00007ff7d9370000 - 0x00007ff7d937e000 	C:\Users\paulm\.jdks\temurin-17.0.14\bin\java.exe
0x00007ff899ae0000 - 0x00007ff899d48000 	C:\WINDOWS\SYSTEM32\ntdll.dll
0x00007ff898f20000 - 0x00007ff898fe9000 	C:\WINDOWS\System32\KERNEL32.DLL
0x00007ff897050000 - 0x00007ff89743d000 	C:\WINDOWS\System32\KERNELBASE.dll
0x00007ff896e20000 - 0x00007ff896f6b000 	C:\WINDOWS\System32\ucrtbase.dll
0x00007ff86f520000 - 0x00007ff86f537000 	C:\Users\paulm\.jdks\temurin-17.0.14\bin\jli.dll
0x00007ff86f4a0000 - 0x00007ff86f4be000 	C:\Users\paulm\.jdks\temurin-17.0.14\bin\VCRUNTIME140.dll
0x00007ff898620000 - 0x00007ff8987ec000 	C:\WINDOWS\System32\USER32.dll
0x00007ff896f70000 - 0x00007ff896f97000 	C:\WINDOWS\System32\win32u.dll
0x00007ff870260000 - 0x00007ff8704fa000 	C:\WINDOWS\WinSxS\amd64_microsoft.windows.common-controls_6595b64144ccf1df_6.0.26100.4484_none_3e0e6d4ce32ef3b3\COMCTL32.dll
0x00007ff899290000 - 0x00007ff8992bb000 	C:\WINDOWS\System32\GDI32.dll
0x00007ff897880000 - 0x00007ff897929000 	C:\WINDOWS\System32\msvcrt.dll
0x00007ff897740000 - 0x00007ff897877000 	C:\WINDOWS\System32\gdi32full.dll
0x00007ff896fa0000 - 0x00007ff897043000 	C:\WINDOWS\System32\msvcp_win.dll
0x00007ff898a30000 - 0x00007ff898a5f000 	C:\WINDOWS\System32\IMM32.DLL
0x00007ff878610000 - 0x00007ff87861c000 	C:\Users\paulm\.jdks\temurin-17.0.14\bin\vcruntime140_1.dll
0x00007ff8209f0000 - 0x00007ff820a7d000 	C:\Users\paulm\.jdks\temurin-17.0.14\bin\msvcp140.dll
0x00007ff81fd80000 - 0x00007ff8209eb000 	C:\Users\paulm\.jdks\temurin-17.0.14\bin\server\jvm.dll
0x00007ff898970000 - 0x00007ff898a24000 	C:\WINDOWS\System32\ADVAPI32.dll
0x00007ff898570000 - 0x00007ff898616000 	C:\WINDOWS\System32\sechost.dll
0x00007ff899170000 - 0x00007ff899288000 	C:\WINDOWS\System32\RPCRT4.dll
0x00007ff898e00000 - 0x00007ff898e74000 	C:\WINDOWS\System32\WS2_32.dll
0x00007ff896660000 - 0x00007ff8966be000 	C:\WINDOWS\SYSTEM32\POWRPROF.dll
0x00007ff88b3d0000 - 0x00007ff88b405000 	C:\WINDOWS\SYSTEM32\WINMM.dll
0x00007ff88fea0000 - 0x00007ff88feab000 	C:\WINDOWS\SYSTEM32\VERSION.dll
0x00007ff896600000 - 0x00007ff896614000 	C:\WINDOWS\SYSTEM32\UMPDC.dll
0x00007ff8959b0000 - 0x00007ff8959cb000 	C:\WINDOWS\SYSTEM32\kernel.appcore.dll
0x00007ff86f490000 - 0x00007ff86f49a000 	C:\Users\paulm\.jdks\temurin-17.0.14\bin\jimage.dll
0x00007ff893e30000 - 0x00007ff894071000 	C:\WINDOWS\SYSTEM32\DBGHELP.DLL
0x00007ff898a70000 - 0x00007ff898df6000 	C:\WINDOWS\System32\combase.dll
0x00007ff899080000 - 0x00007ff899160000 	C:\WINDOWS\System32\OLEAUT32.dll
0x00007ff870b10000 - 0x00007ff870b53000 	C:\WINDOWS\SYSTEM32\dbgcore.DLL
0x00007ff896cc0000 - 0x00007ff896d59000 	C:\WINDOWS\System32\bcryptPrimitives.dll
0x00007ff869180000 - 0x00007ff8691a5000 	C:\Users\paulm\.jdks\temurin-17.0.14\bin\java.dll
0x00007ff81fca0000 - 0x00007ff81fd77000 	C:\Users\paulm\.jdks\temurin-17.0.14\bin\jsvml.dll
0x00007ff899320000 - 0x00007ff899a6a000 	C:\WINDOWS\System32\SHELL32.dll
0x00007ff8975c0000 - 0x00007ff897734000 	C:\WINDOWS\System32\wintypes.dll
0x00007ff894850000 - 0x00007ff8950ab000 	C:\WINDOWS\SYSTEM32\windows.storage.dll
0x00007ff897dc0000 - 0x00007ff897eb5000 	C:\WINDOWS\System32\SHCORE.dll
0x00007ff897f90000 - 0x00007ff897ffa000 	C:\WINDOWS\System32\shlwapi.dll
0x00007ff896b40000 - 0x00007ff896b6f000 	C:\WINDOWS\SYSTEM32\profapi.dll
0x00007ff860a50000 - 0x00007ff860a69000 	C:\Users\paulm\.jdks\temurin-17.0.14\bin\net.dll
0x00007ff88ad60000 - 0x00007ff88ae7e000 	C:\WINDOWS\SYSTEM32\WINHTTP.dll
0x00007ff895f60000 - 0x00007ff895fca000 	C:\WINDOWS\system32\mswsock.dll
0x00007ff85d080000 - 0x00007ff85d096000 	C:\Users\paulm\.jdks\temurin-17.0.14\bin\nio.dll
0x00007ff862e30000 - 0x00007ff862e48000 	C:\Users\paulm\.jdks\temurin-17.0.14\bin\zip.dll
0x00007ff86a8c0000 - 0x00007ff86a8d0000 	C:\Users\paulm\.jdks\temurin-17.0.14\bin\verify.dll
0x00007ff860a40000 - 0x00007ff860a4a000 	C:\Users\paulm\.jdks\temurin-17.0.14\bin\management.dll
0x00007ff85d070000 - 0x00007ff85d07b000 	C:\Users\paulm\.jdks\temurin-17.0.14\bin\management_ext.dll
0x00007ff898f10000 - 0x00007ff898f18000 	C:\WINDOWS\System32\PSAPI.DLL
0x00007ff85ef10000 - 0x00007ff85ef28000 	C:\WINDOWS\system32\napinsp.dll
0x00007ff8954a0000 - 0x00007ff8955c6000 	C:\WINDOWS\SYSTEM32\DNSAPI.dll
0x00007ff895400000 - 0x00007ff895433000 	C:\WINDOWS\SYSTEM32\IPHLPAPI.DLL
0x00007ff898960000 - 0x00007ff89896a000 	C:\WINDOWS\System32\NSI.dll
0x00007ff85f400000 - 0x00007ff85f412000 	C:\WINDOWS\System32\winrnr.dll
0x00007ff85ef30000 - 0x00007ff85ef60000 	C:\WINDOWS\system32\nlansp_c.dll
0x00007ff88b450000 - 0x00007ff88b470000 	C:\WINDOWS\system32\wshbth.dll
0x00007ff88f820000 - 0x00007ff88f82b000 	C:\Windows\System32\rasadhlp.dll
0x00007ff889a10000 - 0x00007ff889a96000 	C:\WINDOWS\System32\fwpuclnt.dll
0x00007ffff7640000 - 0x00007ffff76b5000 	C:\Users\paulm\AppData\Local\Temp\lwjglpaulm\3.3.1-build-7\lwjgl.dll
0x00007ffff2b40000 - 0x00007ffff2ba1000 	C:\Users\paulm\AppData\Local\Temp\lwjglpaulm\3.3.1-build-7\glfw.dll
0x00007ff8564f0000 - 0x00007ff85653b000 	C:\WINDOWS\SYSTEM32\dinput8.dll
0x00007ff801fa0000 - 0x00007ff801fb2000 	C:\WINDOWS\SYSTEM32\xinput1_4.dll
0x00007ff8968c0000 - 0x00007ff896917000 	C:\WINDOWS\SYSTEM32\cfgmgr32.dll
0x00007ff896890000 - 0x00007ff8968bd000 	C:\WINDOWS\SYSTEM32\DEVOBJ.dll
0x00007ff893040000 - 0x00007ff893076000 	C:\WINDOWS\SYSTEM32\dwmapi.dll
0x00007ff85b100000 - 0x00007ff85b2e3000 	C:\WINDOWS\SYSTEM32\inputhost.dll
0x00007ff8928f0000 - 0x00007ff892a15000 	C:\WINDOWS\SYSTEM32\CoreMessaging.dll
0x00007ff892f20000 - 0x00007ff892fcf000 	C:\WINDOWS\system32\uxtheme.dll
0x00007ff896230000 - 0x00007ff89623c000 	C:\WINDOWS\SYSTEM32\CRYPTBASE.DLL
0x00007ff8987f0000 - 0x00007ff898950000 	C:\WINDOWS\System32\MSCTF.dll
0x00007fffd25f0000 - 0x00007fffd2708000 	C:\WINDOWS\SYSTEM32\opengl32.dll
0x00007ff8023d0000 - 0x00007ff8023fd000 	C:\WINDOWS\SYSTEM32\GLU32.dll
0x00007ff893080000 - 0x00007ff8930cd000 	C:\WINDOWS\SYSTEM32\dxcore.dll
0x00007ff877230000 - 0x00007ff87724a000 	C:\WINDOWS\SYSTEM32\windows.staterepositorycore.dll
0x00007fff951d0000 - 0x00007fff97a66000 	C:\WINDOWS\System32\DriverStore\FileRepository\nv_dispi.inf_amd64_3f8b32ec1762de58\nvoglv64.dll
0x00007ff897930000 - 0x00007ff897db6000 	C:\WINDOWS\System32\SETUPAPI.dll
0x00007ff8980d0000 - 0x00007ff89826e000 	C:\WINDOWS\System32\ole32.dll
0x00007ff892d90000 - 0x00007ff892da6000 	C:\WINDOWS\SYSTEM32\WTSAPI32.dll
0x00007ff896340000 - 0x00007ff896353000 	C:\WINDOWS\SYSTEM32\msasn1.dll
0x00007ff88fc90000 - 0x00007ff88fccb000 	C:\WINDOWS\SYSTEM32\cryptnet.dll
0x00007ff897440000 - 0x00007ff8975b7000 	C:\WINDOWS\System32\CRYPT32.dll
0x00007ff8962d0000 - 0x00007ff89633b000 	C:\WINDOWS\SYSTEM32\wldp.dll
0x00007ff88fac0000 - 0x00007ff88fc3c000 	C:\WINDOWS\SYSTEM32\drvstore.dll
0x00007ff896c30000 - 0x00007ff896cb4000 	C:\WINDOWS\System32\WINTRUST.dll
0x00007ff895b00000 - 0x00007ff895b36000 	C:\WINDOWS\SYSTEM32\ntmarta.dll
0x00007ff899a70000 - 0x00007ff899a90000 	C:\WINDOWS\System32\imagehlp.dll
0x00007ff896210000 - 0x00007ff89622b000 	C:\WINDOWS\SYSTEM32\CRYPTSP.dll
0x00007ff895910000 - 0x00007ff89594b000 	C:\WINDOWS\system32\rsaenh.dll
0x00007ff896b10000 - 0x00007ff896b36000 	C:\WINDOWS\SYSTEM32\bcrypt.dll
0x00007ff88b6d0000 - 0x00007ff88f183000 	C:\WINDOWS\System32\DriverStore\FileRepository\nv_dispi.inf_amd64_3f8b32ec1762de58\nvgpucomp64.dll
0x00007ff84a720000 - 0x00007ff84aa34000 	C:\WINDOWS\system32\nvspcap64.dll
0x00007ff896360000 - 0x00007ff8963c7000 	C:\WINDOWS\SYSTEM32\WINSTA.dll
0x00007fff4ff60000 - 0x00007fff501b9000 	C:\Users\paulm\AppData\Local\Temp\lwjglpaulm\3.3.1-build-7\jemalloc.dll
0x00007ff877370000 - 0x00007ff8774c0000 	C:\WINDOWS\SYSTEM32\textinputframework.dll
0x00007ff8909d0000 - 0x00007ff890cb3000 	C:\WINDOWS\SYSTEM32\CoreUIComponents.dll
0x00007fffd4730000 - 0x00007fffd478d000 	C:\Users\paulm\AppData\Local\Temp\lwjglpaulm\3.3.1-build-7\lwjgl_opengl.dll
0x00007fffaef80000 - 0x00007fffaf001000 	C:\Users\paulm\AppData\Local\Temp\lwjglpaulm\3.3.1-build-7\lwjgl_stb.dll
0x00007ff896000000 - 0x00007ff89602b000 	C:\WINDOWS\SYSTEM32\USERENV.dll
0x00007ff88aa30000 - 0x00007ff88aa4f000 	C:\WINDOWS\SYSTEM32\dhcpcsvc6.DLL
0x00007ff88aa00000 - 0x00007ff88aa25000 	C:\WINDOWS\SYSTEM32\dhcpcsvc.DLL
0x00007ff81f8b0000 - 0x00007ff81f8f0000 	C:\Users\paulm\AppData\Local\Temp\jna-106439973\jna2198218963194255798.dll
0x00007ff897ee0000 - 0x00007ff897f88000 	C:\WINDOWS\System32\clbcatq.dll
0x00007ff86f970000 - 0x00007ff86f98d000 	C:\WINDOWS\SYSTEM32\amsi.dll
0x00007ff84c520000 - 0x00007ff84c5eb000 	C:\Program Files\Bitdefender\Bitdefender Security\bdamsi\dlls_267059357120000000\antimalware_provider64.dll
0x00007ff880290000 - 0x00007ff8802de000 	C:\WINDOWS\SYSTEM32\Pdh.dll
0x00007ff85ea60000 - 0x00007ff85ea71000 	C:\WINDOWS\System32\perfos.dll
0x00007ff892f00000 - 0x00007ff892f12000 	C:\WINDOWS\SYSTEM32\pfclient.dll
0x00007ff858bf0000 - 0x00007ff858bfe000 	C:\Users\paulm\.jdks\temurin-17.0.14\bin\sunmscapi.dll
0x00007ff8964a0000 - 0x00007ff8964d0000 	C:\WINDOWS\SYSTEM32\ncrypt.dll
0x00007ff896450000 - 0x00007ff89648f000 	C:\WINDOWS\SYSTEM32\NTASN1.dll
0x00007ff85ce90000 - 0x00007ff85ce99000 	C:\Users\paulm\.jdks\temurin-17.0.14\bin\extnet.dll
0x00007ff877bc0000 - 0x00007ff877c89000 	C:\WINDOWS\SYSTEM32\mscms.dll
0x00007ff80e580000 - 0x00007ff80e5c9000 	C:\WINDOWS\SYSTEM32\icm32.dll
0x00007fff68590000 - 0x00007fff68727000 	C:\Users\paulm\AppData\Local\Temp\lwjglpaulm\3.3.1-build-7\OpenAL.dll
0x00007ff88f770000 - 0x00007ff88f810000 	C:\WINDOWS\System32\MMDevApi.dll
0x00007fffcc530000 - 0x00007fffcc6a3000 	C:\WINDOWS\System32\Speech\Common\sapi.dll
0x00007ff85f5a0000 - 0x00007ff85f5a8000 	C:\WINDOWS\system32\wshunix.dll
0x00007ff8764e0000 - 0x00007ff87669e000 	C:\WINDOWS\SYSTEM32\AUDIOSES.DLL
0x00007ff894220000 - 0x00007ff894234000 	C:\WINDOWS\SYSTEM32\resourcepolicyclient.dll
0x00007ff87e640000 - 0x00007ff87e824000 	C:\WINDOWS\system32\urlmon.dll
0x00007ff87e370000 - 0x00007ff87e63b000 	C:\WINDOWS\SYSTEM32\iertutil.dll
0x00007ff888af0000 - 0x00007ff888b19000 	C:\WINDOWS\SYSTEM32\srvcli.dll
0x00007ff895350000 - 0x00007ff89535d000 	C:\WINDOWS\SYSTEM32\netutils.dll

dbghelp: loaded successfully - version: 4.0.5 - missing functions: none
symbol engine: initialized successfully - sym options: 0x614 - pdb path: .;C:\Users\paulm\.jdks\temurin-17.0.14\bin;C:\WINDOWS\SYSTEM32;C:\WINDOWS\WinSxS\amd64_microsoft.windows.common-controls_6595b64144ccf1df_6.0.26100.4484_none_3e0e6d4ce32ef3b3;C:\Users\paulm\.jdks\temurin-17.0.14\bin\server;C:\Users\paulm\AppData\Local\Temp\lwjglpaulm\3.3.1-build-7;C:\WINDOWS\System32\DriverStore\FileRepository\nv_dispi.inf_amd64_3f8b32ec1762de58;C:\Users\paulm\AppData\Local\Temp\jna-106439973;C:\Program Files\Bitdefender\Bitdefender Security\bdamsi\dlls_267059357120000000;C:\WINDOWS\System32\Speech\Common

VM Arguments:
jvm_args: -Dforge.enableGameTest=true -Dforge.enabledGameTestNamespaces=minecolonytax -Dforge.logging.console.level=debug -Dforge.logging.markers=REGISTRIES -DignoreList=bootstraplauncher,securejarhandler,asm-commons,asm-util,asm-analysis,asm-tree,asm,JarJarFileSystems,client-extra,fmlcore,javafmllanguage,lowcodelanguage,mclanguage,forge- -Djava.net.preferIPv6Addresses=system -DlegacyClassPath.file=C:\Users\paulm\Desktop\Projects\MinecolonyTaxAddon - Kopie\build\classpath\runClient_minecraftClasspath.txt -DmergeModules=jna-5.10.0.jar,jna-platform-5.10.0.jar -Dmixin.env.refMapRemappingFile=C:\Users\paulm\Desktop\Projects\MinecolonyTaxAddon - Kopie/build/createSrgToMcp/output.srg -Dmixin.env.remapRefMap=true --module-path=C:\Users\paulm\.gradle\caches\modules-2\files-2.1\cpw.mods\bootstraplauncher\1.1.2\c546e00443d8432cda6baa1c860346980742628\bootstraplauncher-1.1.2.jar;C:\Users\paulm\.gradle\caches\modules-2\files-2.1\cpw.mods\securejarhandler\2.1.10\51e6a22c6c716beb11e244bf5b8be480f51dd6b5\securejarhandler-2.1.10.jar;C:\Users\paulm\.gradle\caches\modules-2\files-2.1\org.ow2.asm\asm-commons\9.7\e86dda4696d3c185fcc95d8d311904e7ce38a53f\asm-commons-9.7.jar;C:\Users\paulm\.gradle\caches\modules-2\files-2.1\org.ow2.asm\asm-util\9.7\c0655519f24d92af2202cb681cd7c1569df6ead6\asm-util-9.7.jar;C:\Users\paulm\.gradle\caches\modules-2\files-2.1\org.ow2.asm\asm-analysis\9.7\e4a258b7eb96107106c0599f0061cfc1832fe07a\asm-analysis-9.7.jar;C:\Users\paulm\.gradle\caches\modules-2\files-2.1\org.ow2.asm\asm-tree\9.7\e446a17b175bfb733b87c5c2560ccb4e57d69f1a\asm-tree-9.7.jar;C:\Users\paulm\.gradle\caches\modules-2\files-2.1\org.ow2.asm\asm\9.7\73d7b3086e14beb604ced229c302feff6449723\asm-9.7.jar;C:\Users\paulm\.gradle\caches\modules-2\files-2.1\net.minecraftforge\JarJarFileSystems\0.3.19\2464eb7d6b9ddb9db36a82cf8a95193e5c6fe020\JarJarFileSystems-0.3.19.jar --add-modules=ALL-MODULE-PATH --add-opens=java.base/java.util.jar=cpw.mods.securejarhandler --add-opens=java.base/java.lang.invoke=cpw.mods.securejarhandler --add-exports=java.base/sun.security.util=cpw.mods.securejarhandler --add-exports=jdk.naming.dns/com.sun.jndi.dns=java.naming -XX:HeapDumpPath=MojangTricksIntelDriversForPerformance_javaw.exe_minecraft.exe.heapdump -Dfile.encoding=UTF-8 -Duser.country=DE -Duser.language=de -Duser.variant 
java_command: cpw.mods.bootstraplauncher.BootstrapLauncher --launchTarget forgeclientuserdev --version MOD_DEV --assetIndex 5 --assetsDir C:\Users\paulm\.gradle\caches\forge_gradle\assets --gameDir . --fml.forgeVersion 47.3.10 --fml.mcVersion 1.20.1 --fml.forgeGroup net.minecraftforge --fml.mcpVersion 20230612.114412
java_class_path (initial): C:\Users\paulm\Desktop\Projects\MinecolonyTaxAddon - Kopie\build\classes\java\main;C:\Users\paulm\Desktop\Projects\MinecolonyTaxAddon - Kopie\build\resources\main;C:\Users\paulm\.gradle\caches\forge_gradle\deobf_dependencies\curse\maven\minecolonies-245506\5761248_mapped_parchment_2023.09.03-1.20.1\minecolonies-245506-5761248_mapped_parchment_2023.09.03-1.20.1.jar;C:\Users\paulm\.gradle\caches\forge_gradle\deobf_dependencies\curse\maven\sdm-shop-948942\5777543_mapped_parchment_2023.09.03-1.20.1\sdm-shop-948942-5777543_mapped_parchment_2023.09.03-1.20.1.jar;C:\Users\paulm\.gradle\caches\forge_gradle\deobf_dependencies\curse\maven\ftb-teams-forge-404468\5267190_mapped_parchment_2023.09.03-1.20.1\ftb-teams-forge-404468-5267190_mapped_parchment_2023.09.03-1.20.1.jar;C:\Users\paulm\.gradle\caches\forge_gradle\deobf_dependencies\curse\maven\recruits-523860\6500292_mapped_parchment_2023.09.03-1.20.1\recruits-523860-6500292_mapped_parchment_2023.09.03-1.20.1.jar;C:\Users\paulm\.gradle\caches\forge_gradle\minecraft_user_repo\net\minecraftforge\forge\1.20.1-47.3.10_mapped_parchment_2023.09.03-1.20.1\forge-1.20.1-47.3.10_mapped_parchment_2023.09.03-1.20.1-recomp.jar;C:\Users\paulm\.gradle\caches\forge_gradle\deobf_dependencies\curse\maven\blockui-522992\5658253_mapped_parchment_2023.09.03-1.20.1\blockui-522992-5658253_mapped_parchment_2023.09.03-1.20.1.jar;C:\Users\paulm\.gradle\caches\forge_gradle\deobf_dependencies\curse\maven\multi-piston-303278\5204918_mapped_parchment_2023.09.03-1.20.1\multi-piston-303278-5204918_mapped_parchment_2023.09.03-1.20.1.jar;C:\Users\paulm\.gradle\caches\forge_gradle\deobf_dependencies\curse\maven\domum-ornamentum-527361\5764067_mapped_parchment_2023.09.03-1.20.1\domum-ornamentum-527361-5764067_mapped_parchment_2023.09.03-1.20.1.jar;C:\Users\paulm\.gradle\caches\forge_gradle\deobf_dependencies\curse\maven\structurize-298744\5676596_mapped_parchment_2023.09.03-1.20.1\structurize-298744-5676596_mapped_parchment_2023.09
Launcher Type: SUN_STANDARD

[Global flags]
     intx CICompilerCount                          = 15                                        {product} {ergonomic}
     uint ConcGCThreads                            = 6                                         {product} {ergonomic}
     uint G1ConcRefinementThreads                  = 23                                        {product} {ergonomic}
   size_t G1HeapRegionSize                         = 8388608                                   {product} {ergonomic}
    uintx GCDrainStackTargetSize                   = 64                                        {product} {ergonomic}
    ccstr HeapDumpPath                             = MojangTricksIntelDriversForPerformance_javaw.exe_minecraft.exe.heapdump         {manageable} {command line}
   size_t InitialHeapSize                          = 1065353216                                {product} {ergonomic}
   size_t MarkStackSize                            = 4194304                                   {product} {ergonomic}
   size_t MaxHeapSize                              = 16953376768                               {product} {ergonomic}
   size_t MaxNewSize                               = 10166992896                               {product} {ergonomic}
   size_t MinHeapDeltaBytes                        = 8388608                                   {product} {ergonomic}
   size_t MinHeapSize                              = 8388608                                   {product} {ergonomic}
    uintx NonNMethodCodeHeapSize                   = 8192380                                {pd product} {ergonomic}
    uintx NonProfiledCodeHeapSize                  = 121732930                              {pd product} {ergonomic}
    uintx ProfiledCodeHeapSize                     = 121732930                              {pd product} {ergonomic}
    uintx ReservedCodeCacheSize                    = 251658240                              {pd product} {ergonomic}
     bool SegmentedCodeCache                       = true                                      {product} {ergonomic}
   size_t SoftMaxHeapSize                          = 16953376768                            {manageable} {ergonomic}
     bool UseCompressedClassPointers               = true                           {product lp64_product} {ergonomic}
     bool UseCompressedOops                        = true                           {product lp64_product} {ergonomic}
     bool UseG1GC                                  = true                                      {product} {ergonomic}
     bool UseLargePagesIndividualAllocation        = false                                  {pd product} {ergonomic}

Logging:
Log output configuration:
 #0: stdout all=warning uptime,level,tags
 #1: stderr all=off uptime,level,tags

Environment Variables:
PATH=C:\Program Files\NVIDIA GPU Computing Toolkit\CUDA\v12.9\bin;C:\Program Files\NVIDIA GPU Computing Toolkit\CUDA\v12.9\libnvvp;;C:\Program Files (x86)\VMware\VMware Workstation\bin\;C:\Program Files\Common Files\Oracle\Java\javapath;C:\WINDOWS\system32;C:\WINDOWS;C:\WINDOWS\System32\Wbem;C:\WINDOWS\System32\WindowsPowerShell\v1.0\;C:\WINDOWS\System32\OpenSSH\;C:\Program Files\NVIDIA Corporation\NVIDIA app\NvDLISR;C:\Program Files (x86)\NVIDIA Corporation\PhysX\Common;C:\Program Files\dotnet\;C:\Program Files\Git\cmd;C:\Program Files\nodejs\;C:\ProgramData\chocolatey\bin;C:\Program Files\Docker\Docker\resources\bin;C:\Program Files\Microsoft SQL Server\130\Tools\Binn\;C:\Program Files\Microsoft SQL Server\Client SDK\ODBC\170\Tools\Binn\;C:\Program Files\NVIDIA Corporation\Nsight Compute 2025.2.1\;C:\Program Files\Tailscale\;C:\Users\paulm\AppData\Local\Programs\Python\Python310\Scripts\;C:\Users\paulm\AppData\Local\Programs\Python\Python310\;C:\Users\paulm\.local\bin;C:\Program Files (x86)\VMware\VMware Workstation\bin\;C:\Program Files\Common Files\Oracle\Java\javapath;C:\WINDOWS\system32;C:\WINDOWS;C:\WINDOWS\System32\Wbem;C:\WINDOWS\System32\WindowsPowerShell\v1.0\;C:\WINDOWS\System32\OpenSSH\;C:\Program Files\NVIDIA Corporation\NVIDIA app\NvDLISR;C:\Program Files (x86)\NVIDIA Corporation\PhysX\Common;C:\Program Files\dotnet\;C:\Program Files\Git\cmd;C:\Program Files\nodejs\;C:\ProgramData\chocolatey\bin;C:\Program Files\Docker\Docker\resources\bin;C:\Program Files\Microsoft SQL Server\130\Tools\Binn\;C:\Program Files\Microsoft SQL Server\Client SDK\ODBC\170\Tools\Binn\;C:\Program Files\MySQL\MySQL Shell 8.4\bin\;C:\Users\paulm\AppData\Local\Programs\Python\Launcher\;C:\Users\paulm\AppData\Local\Microsoft\WindowsApps;C:\Users\paulm\AppData\Local\Programs\Microsoft VS Code\bin;C:\Users\paulm\.dotnet\tools;C:\Users\paulm\AppData\Local\GitHubDesktop\bin;C:\Users\paulm\AppData\Roaming\npm;C:\Users\paulm\AppData\Local\Programs\Windsurf\bin;C:\Users\paulm\AppData\Local\Programs\cursor\resources\app\bin;C:\Users\paulm\AppData\Local\Muse Hub\lib;C:\Users\paulm\AppData\Local\Programs\Ollama;C:\Users\paulm\AppData\Local\Programs\Kiro\bin;C:\Users\paulm\.dotnet\tools
USERNAME=paulm
OS=Windows_NT
PROCESSOR_IDENTIFIER=AMD64 Family 25 Model 97 Stepping 2, AuthenticAMD
TMP=C:\Users\paulm\AppData\Local\Temp
TEMP=C:\Users\paulm\AppData\Local\Temp



Periodic native trim disabled


---------------  S Y S T E M  ---------------

OS:
 Windows 11 , 64 bit Build 26100 (10.0.26100.4484)
OS uptime: 0 days 10:37 hours
Hyper-V role detected

CPU: total 32 (initial active 32) (32 cores per cpu, 2 threads per core) family 25 model 97 stepping 2 microcode 0xa601209, cx8, cmov, fxsr, ht, mmx, 3dnowpref, sse, sse2, sse3, ssse3, sse4a, sse4.1, sse4.2, popcnt, lzcnt, tsc, tscinvbit, avx, avx2, aes, erms, clmul, bmi1, bmi2, adx, avx512f, avx512dq, avx512cd, avx512bw, avx512vl, sha, fma, vzeroupper, avx512_vpopcntdq, avx512_vpclmulqdq, avx512_vaes, avx512_vnni, clflush, clflushopt, avx512_vbmi2, avx512_vbmi, hv
Processor Information for all 32 processors :
  Max Mhz: 4501, Current Mhz: 4501, Mhz Limit: 4501

Memory: 4k page, system-wide physical 64650M (12472M free)
TotalPageFile size 89226M (AvailPageFile size 2573M)
current process WorkingSet (physical memory assigned to process): 2144M, peak: 2151M
current process commit charge ("private bytes"): 2963M, peak: 6530M

vm_info: OpenJDK 64-Bit Server VM (17.0.14+7) for windows-amd64 JRE (17.0.14+7), built on Jan 21 2025 23:40:15 by "admin" with MS VC++ 17.7 (VS2022)

END.
