#
# There is insufficient memory for the Java Runtime Environment to continue.
# Native memory allocation (mmap) failed to map 654311424 bytes. Error detail: G1 virtual space
# Possible reasons:
#   The system is out of physical RAM or swap space
#   This process is running with CompressedOops enabled, and the Java Heap may be blocking the growth of the native heap
# Possible solutions:
#   Reduce memory load on the system
#   Increase physical memory or swap space
#   Check if swap backing store is full
#   Decrease Java heap size (-Xmx/-Xms)
#   Decrease number of Java threads
#   Decrease Java thread stack sizes (-Xss)
#   Set larger code cache with -XX:ReservedCodeCacheSize=
#   JVM is running with Zero Based Compressed Oops mode in which the Java heap is
#     placed in the first 32GB address space. The Java Heap base address is the
#     maximum limit for the native heap growth. Please use -XX:HeapBaseMinAddress
#     to set the Java Heap base and to place the Java Heap above 32GB virtual address.
# This output file may be truncated or incomplete.
#
#  Out of Memory Error (os_windows.cpp:3618), pid=60888, tid=70188
#
# JRE version: OpenJDK Runtime Environment Temurin-17.0.14+7 (17.0.14+7) (build 17.0.14+7)
# Java VM: OpenJDK 64-Bit Server VM Temurin-17.0.14+7 (17.0.14+7, mixed mode, sharing, tiered, compressed oops, compressed class ptrs, g1 gc, windows-amd64)
# No core dump will be written. Minidumps are not enabled by default on client versions of Windows
#

---------------  S U M M A R Y ------------

Command Line: -Dforge.enableGameTest=true -Dforge.enabledGameTestNamespaces=minecolonytax -Dforge.logging.console.level=debug -Dforge.logging.markers=REGISTRIES -DignoreList=bootstraplauncher,securejarhandler,asm-commons,asm-util,asm-analysis,asm-tree,asm,JarJarFileSystems,client-extra,fmlcore,javafmllanguage,lowcodelanguage,mclanguage,forge- -Djava.net.preferIPv6Addresses=system -DlegacyClassPath.file=C:\Users\paulm\Desktop\MinecolonyTaxAddon - Kopie\build\classpath\runClient_minecraftClasspath.txt -DmergeModules=jna-5.10.0.jar,jna-platform-5.10.0.jar -Dmixin.env.refMapRemappingFile=C:\Users\paulm\Desktop\MinecolonyTaxAddon - Kopie/build/createSrgToMcp/output.srg -Dmixin.env.remapRefMap=true --module-path=C:\Users\paulm\.gradle\caches\modules-2\files-2.1\cpw.mods\bootstraplauncher\1.1.2\c546e00443d8432cda6baa1c860346980742628\bootstraplauncher-1.1.2.jar;C:\Users\paulm\.gradle\caches\modules-2\files-2.1\cpw.mods\securejarhandler\2.1.10\51e6a22c6c716beb11e244bf5b8be480f51dd6b5\securejarhandler-2.1.10.jar;C:\Users\paulm\.gradle\caches\modules-2\files-2.1\org.ow2.asm\asm-commons\9.7\e86dda4696d3c185fcc95d8d311904e7ce38a53f\asm-commons-9.7.jar;C:\Users\paulm\.gradle\caches\modules-2\files-2.1\org.ow2.asm\asm-util\9.7\c0655519f24d92af2202cb681cd7c1569df6ead6\asm-util-9.7.jar;C:\Users\paulm\.gradle\caches\modules-2\files-2.1\org.ow2.asm\asm-analysis\9.7\e4a258b7eb96107106c0599f0061cfc1832fe07a\asm-analysis-9.7.jar;C:\Users\paulm\.gradle\caches\modules-2\files-2.1\org.ow2.asm\asm-tree\9.7\e446a17b175bfb733b87c5c2560ccb4e57d69f1a\asm-tree-9.7.jar;C:\Users\paulm\.gradle\caches\modules-2\files-2.1\org.ow2.asm\asm\9.7\73d7b3086e14beb604ced229c302feff6449723\asm-9.7.jar;C:\Users\paulm\.gradle\caches\modules-2\files-2.1\net.minecraftforge\JarJarFileSystems\0.3.19\2464eb7d6b9ddb9db36a82cf8a95193e5c6fe020\JarJarFileSystems-0.3.19.jar --add-modules=ALL-MODULE-PATH --add-opens=java.base/java.util.jar=cpw.mods.securejarhandler --add-opens=java.base/java.lang.invoke=cpw.mods.securejarhandler --add-exports=java.base/sun.security.util=cpw.mods.securejarhandler --add-exports=jdk.naming.dns/com.sun.jndi.dns=java.naming -XX:HeapDumpPath=MojangTricksIntelDriversForPerformance_javaw.exe_minecraft.exe.heapdump -Dfile.encoding=UTF-8 -Duser.country=DE -Duser.language=de -Duser.variant cpw.mods.bootstraplauncher.BootstrapLauncher --launchTarget forgeclientuserdev --version MOD_DEV --assetIndex 5 --assetsDir C:\Users\paulm\.gradle\caches\forge_gradle\assets --gameDir . --fml.forgeVersion 47.3.10 --fml.mcVersion 1.20.1 --fml.forgeGroup net.minecraftforge --fml.mcpVersion 20230612.114412

Host: AMD Ryzen 9 7950X 16-Core Processor            , 32 cores, 63G,  Windows 11 , 64 bit Build 26100 (10.0.26100.3912)
Time: Sun Jun  1 05:58:02 2025 Mitteleuropäische Sommerzeit elapsed time: 460.324992 seconds (0d 0h 7m 40s)

---------------  T H R E A D  ---------------

Current thread (0x0000014a31c023c0):  VMThread "VM Thread" [stack: 0x0000000e8ee00000,0x0000000e8ef00000] [id=70188]

Stack: [0x0000000e8ee00000,0x0000000e8ef00000]
Native frames: (J=compiled Java code, j=interpreted, Vv=VM code, C=native code)
V  [jvm.dll+0x682eb9]
V  [jvm.dll+0x8399c8]
V  [jvm.dll+0x83b473]
V  [jvm.dll+0x83bae3]
V  [jvm.dll+0x24715f]
V  [jvm.dll+0x67fc99]
V  [jvm.dll+0x674b8a]
V  [jvm.dll+0x304c06]
V  [jvm.dll+0x30c0c6]
V  [jvm.dll+0x35dc3e]
V  [jvm.dll+0x35de7d]
V  [jvm.dll+0x2dbfcc]
V  [jvm.dll+0x2da36f]
V  [jvm.dll+0x2d9adc]
V  [jvm.dll+0x31d2bb]
V  [jvm.dll+0x84031d]
V  [jvm.dll+0x841053]
V  [jvm.dll+0x84157f]
V  [jvm.dll+0x841964]
V  [jvm.dll+0x841a2e]
V  [jvm.dll+0x7e948c]
V  [jvm.dll+0x681d97]
C  [ucrtbase.dll+0x37b0]
C  [KERNEL32.DLL+0x2e8d7]
C  [ntdll.dll+0x9c5dc]

VM_Operation (0x0000000e906fe8c0): G1CollectForAllocation, mode: safepoint, requested by thread 0x0000014acb5dc160


---------------  P R O C E S S  ---------------

Threads class SMR info:
_java_thread_list=0x0000014ac96072d0, length=112, elements={
0x0000014a6ffd3db0, 0x0000014a31c053a0, 0x0000014a31c06e80, 0x0000014a31c1e030,
0x0000014a31c21920, 0x0000014a31c221f0, 0x0000014a31c22ac0, 0x0000014a31c256d0,
0x0000014a31c335b0, 0x0000014a31c33ec0, 0x0000014a31d35900, 0x0000014ac51e0d70,
0x0000014ac952e340, 0x0000014ac5c4ed10, 0x0000014ac5c53900, 0x0000014ac9528d30,
0x0000014ac952b5b0, 0x0000014ac952bfd0, 0x0000014ac952a170, 0x0000014ac952de30,
0x0000014ac75bdd40, 0x0000014ac75c14f0, 0x0000014ac75bf690, 0x0000014ac75c0fe0,
0x0000014ac75be760, 0x0000014ac75c1f10, 0x0000014ac75bf180, 0x0000014ac75c3350,
0x0000014ac75bfba0, 0x0000014ac75c4ca0, 0x0000014ac75c56c0, 0x0000014ac5c54320,
0x0000014ac5c54d40, 0x0000014accf7ef20, 0x0000014accf7dff0, 0x0000014accf7f430,
0x0000014accf80d80, 0x0000014accf80360, 0x0000014accf81290, 0x0000014accf7dae0,
0x0000014accf7e500, 0x0000014accf7f940, 0x0000014accf7fe50, 0x0000014acb5d7570,
0x0000014acb5d7a80, 0x0000014acb5d7f90, 0x0000014acb5d4cf0, 0x0000014acb5d5200,
0x0000014acb5d47e0, 0x0000014acb5d89b0, 0x0000014acb5d84a0, 0x0000014acb5d93d0,
0x0000014acb5d5c20, 0x0000014acb5d98e0, 0x0000014acb5d9df0, 0x0000014acb5da300,
0x0000014acb5d7060, 0x0000014ac75c3860, 0x0000014ac75c4280, 0x0000014ac75c0ad0,
0x0000014ac75c4790, 0x0000014ac75c51b0, 0x0000014acb5d8ec0, 0x0000014acb5dc160,
0x0000014acb5dad20, 0x0000014acb5d5710, 0x0000014ac6a23b20, 0x0000014ac6a24540,
0x0000014ace532c30, 0x0000014ace533140, 0x0000014ace532720, 0x0000014ace52f990,
0x0000014ace5317f0, 0x0000014acb5da810, 0x0000014acb5dbc50, 0x0000014aca606e90,
0x0000014aca605030, 0x0000014accf7ea10, 0x0000014accf80870, 0x0000014ac9528820,
0x0000014ac5c54830, 0x0000014ace52fea0, 0x0000014ac75c3d70, 0x0000014a35c56300,
0x0000014a35c57230, 0x0000014a35c56d20, 0x0000014a35c57740, 0x0000014a35c57c50,
0x0000014a35c55df0, 0x0000014a35c558e0, 0x0000014a35c54ec0, 0x0000014a35c549b0,
0x0000014a35c56810, 0x0000014a35c58160, 0x0000014a35c58670, 0x0000014a35c58b80,
0x0000014a35c553d0, 0x0000014a35c5b910, 0x0000014a35c5be20, 0x0000014a35c5c330,
0x0000014a35c595a0, 0x0000014a35c5aef0, 0x0000014a35c59ab0, 0x0000014a35c5b400,
0x0000014acee405a0, 0x0000014acee3e740, 0x0000014acee40fc0, 0x0000014ace531d00,
0x0000014b02b6e560, 0x0000014a36098820, 0x0000014ac9cc0190, 0x0000014ac9cc2170
}

Java Threads: ( => current thread )
  0x0000014a6ffd3db0 JavaThread "Render thread" [_thread_blocked, id=67012, stack(0x0000000e8e800000,0x0000000e8e900000)]
  0x0000014a31c053a0 JavaThread "Reference Handler" daemon [_thread_blocked, id=75452, stack(0x0000000e8ef00000,0x0000000e8f000000)]
  0x0000014a31c06e80 JavaThread "Finalizer" daemon [_thread_blocked, id=79296, stack(0x0000000e8f000000,0x0000000e8f100000)]
  0x0000014a31c1e030 JavaThread "Signal Dispatcher" daemon [_thread_blocked, id=79596, stack(0x0000000e8f100000,0x0000000e8f200000)]
  0x0000014a31c21920 JavaThread "Attach Listener" daemon [_thread_blocked, id=61264, stack(0x0000000e8f200000,0x0000000e8f300000)]
  0x0000014a31c221f0 JavaThread "Service Thread" daemon [_thread_blocked, id=77132, stack(0x0000000e8f300000,0x0000000e8f400000)]
  0x0000014a31c22ac0 JavaThread "Monitor Deflation Thread" daemon [_thread_blocked, id=35608, stack(0x0000000e8f400000,0x0000000e8f500000)]
  0x0000014a31c256d0 JavaThread "C2 CompilerThread0" daemon [_thread_blocked, id=42072, stack(0x0000000e8f500000,0x0000000e8f600000)]
  0x0000014a31c335b0 JavaThread "C1 CompilerThread0" daemon [_thread_blocked, id=37676, stack(0x0000000e8f600000,0x0000000e8f700000)]
  0x0000014a31c33ec0 JavaThread "Sweeper thread" daemon [_thread_blocked, id=35112, stack(0x0000000e8f700000,0x0000000e8f800000)]
  0x0000014a31d35900 JavaThread "Common-Cleaner" daemon [_thread_blocked, id=80492, stack(0x0000000e8f900000,0x0000000e8fa00000)]
  0x0000014ac51e0d70 JavaThread "Notification Thread" daemon [_thread_blocked, id=79216, stack(0x0000000e8fc00000,0x0000000e8fd00000)]
  0x0000014ac952e340 JavaThread "JNA Cleaner" daemon [_thread_blocked, id=10580, stack(0x0000000e92d00000,0x0000000e92e00000)]
  0x0000014ac5c4ed10 JavaThread "Timer hack thread" daemon [_thread_blocked, id=67212, stack(0x0000000e90500000,0x0000000e90600000)]
  0x0000014ac5c53900 JavaThread "Yggdrasil Key Fetcher" daemon [_thread_blocked, id=59156, stack(0x0000000e93200000,0x0000000e93300000)]
  0x0000014ac9528d30 JavaThread "modloading-worker-0" daemon [_thread_blocked, id=72596, stack(0x0000000e92c00000,0x0000000e92d00000)]
  0x0000014ac952b5b0 JavaThread "modloading-worker-0" daemon [_thread_blocked, id=44112, stack(0x0000000e93500000,0x0000000e93600000)]
  0x0000014ac952bfd0 JavaThread "modloading-worker-0" daemon [_thread_blocked, id=16124, stack(0x0000000e93600000,0x0000000e93700000)]
  0x0000014ac952a170 JavaThread "modloading-worker-0" daemon [_thread_blocked, id=37284, stack(0x0000000e93700000,0x0000000e93800000)]
  0x0000014ac952de30 JavaThread "modloading-worker-0" daemon [_thread_blocked, id=64908, stack(0x0000000e93800000,0x0000000e93900000)]
  0x0000014ac75bdd40 JavaThread "modloading-worker-0" daemon [_thread_blocked, id=80352, stack(0x0000000e93c00000,0x0000000e93d00000)]
  0x0000014ac75c14f0 JavaThread "modloading-worker-0" daemon [_thread_blocked, id=78144, stack(0x0000000e93e00000,0x0000000e93f00000)]
  0x0000014ac75bf690 JavaThread "modloading-worker-0" daemon [_thread_blocked, id=62436, stack(0x0000000e94100000,0x0000000e94200000)]
  0x0000014ac75c0fe0 JavaThread "modloading-worker-0" daemon [_thread_blocked, id=78000, stack(0x0000000e94200000,0x0000000e94300000)]
  0x0000014ac75be760 JavaThread "modloading-worker-0" daemon [_thread_blocked, id=36852, stack(0x0000000e94300000,0x0000000e94400000)]
  0x0000014ac75c1f10 JavaThread "modloading-worker-0" daemon [_thread_blocked, id=2668, stack(0x0000000e94400000,0x0000000e94500000)]
  0x0000014ac75bf180 JavaThread "Structurize IO Worker #0" daemon [_thread_blocked, id=9012, stack(0x0000000e94600000,0x0000000e94700000)]
  0x0000014ac75c3350 JavaThread "FileSystemWatchService" daemon [_thread_in_native, id=22344, stack(0x0000000e94700000,0x0000000e94800000)]
  0x0000014ac75bfba0 JavaThread "JEI Config File Watcher" daemon [_thread_blocked, id=65528, stack(0x0000000e94800000,0x0000000e94900000)]
  0x0000014ac75c4ca0 JavaThread "Worker-Main-1" daemon [_thread_blocked, id=78108, stack(0x0000000e92f00000,0x0000000e93000000)]
  0x0000014ac75c56c0 JavaThread "Thread-3" daemon [_thread_blocked, id=9332, stack(0x0000000e94b00000,0x0000000e94c00000)]
  0x0000014ac5c54320 JavaThread "FileSystemWatchService" daemon [_thread_in_native, id=51928, stack(0x0000000e94c00000,0x0000000e94d00000)]
  0x0000014ac5c54d40 JavaThread "Worker-Main-2" daemon [_thread_blocked, id=67932, stack(0x0000000e94d00000,0x0000000e94e00000)]
  0x0000014accf7ef20 JavaThread "Worker-Main-4" daemon [_thread_blocked, id=53044, stack(0x0000000e94f00000,0x0000000e95000000)]
  0x0000014accf7dff0 JavaThread "Worker-Main-5" daemon [_thread_blocked, id=77740, stack(0x0000000e95000000,0x0000000e95100000)]
  0x0000014accf7f430 JavaThread "Worker-Main-6" daemon [_thread_blocked, id=79912, stack(0x0000000e95100000,0x0000000e95200000)]
  0x0000014accf80d80 JavaThread "Worker-Main-7" daemon [_thread_blocked, id=81792, stack(0x0000000e95200000,0x0000000e95300000)]
  0x0000014accf80360 JavaThread "Worker-Main-8" daemon [_thread_blocked, id=78616, stack(0x0000000e95300000,0x0000000e95400000)]
  0x0000014accf81290 JavaThread "Worker-Main-9" daemon [_thread_blocked, id=67208, stack(0x0000000e95400000,0x0000000e95500000)]
  0x0000014accf7dae0 JavaThread "Worker-Main-10" daemon [_thread_blocked, id=54260, stack(0x0000000e95500000,0x0000000e95600000)]
  0x0000014accf7e500 JavaThread "Worker-Main-11" daemon [_thread_blocked, id=70936, stack(0x0000000e95600000,0x0000000e95700000)]
  0x0000014accf7f940 JavaThread "Worker-Main-13" daemon [_thread_blocked, id=41028, stack(0x0000000e95800000,0x0000000e95900000)]
  0x0000014accf7fe50 JavaThread "Worker-Main-14" daemon [_thread_blocked, id=9580, stack(0x0000000e95900000,0x0000000e95a00000)]
  0x0000014acb5d7570 JavaThread "Worker-Main-16" daemon [_thread_blocked, id=54328, stack(0x0000000e95b00000,0x0000000e95c00000)]
  0x0000014acb5d7a80 JavaThread "Worker-Main-17" daemon [_thread_blocked, id=36108, stack(0x0000000e95e00000,0x0000000e95f00000)]
  0x0000014acb5d7f90 JavaThread "Worker-Main-18" daemon [_thread_blocked, id=75512, stack(0x0000000e95f00000,0x0000000e96000000)]
  0x0000014acb5d4cf0 JavaThread "Worker-Main-19" daemon [_thread_blocked, id=3280, stack(0x0000000e96000000,0x0000000e96100000)]
  0x0000014acb5d5200 JavaThread "Worker-Main-20" daemon [_thread_blocked, id=39668, stack(0x0000000e96100000,0x0000000e96200000)]
  0x0000014acb5d47e0 JavaThread "Worker-Main-21" daemon [_thread_blocked, id=15804, stack(0x0000000e96200000,0x0000000e96300000)]
  0x0000014acb5d89b0 JavaThread "Worker-Main-22" daemon [_thread_blocked, id=77920, stack(0x0000000e96300000,0x0000000e96400000)]
  0x0000014acb5d84a0 JavaThread "Worker-Main-23" daemon [_thread_blocked, id=80824, stack(0x0000000e96400000,0x0000000e96500000)]
  0x0000014acb5d93d0 JavaThread "Worker-Main-25" daemon [_thread_blocked, id=73536, stack(0x0000000e96600000,0x0000000e96700000)]
  0x0000014acb5d5c20 JavaThread "Worker-Main-26" daemon [_thread_blocked, id=80484, stack(0x0000000e96700000,0x0000000e96800000)]
  0x0000014acb5d98e0 JavaThread "Worker-Main-27" daemon [_thread_blocked, id=78644, stack(0x0000000e96800000,0x0000000e96900000)]
  0x0000014acb5d9df0 JavaThread "Worker-Main-28" daemon [_thread_blocked, id=77316, stack(0x0000000e96900000,0x0000000e96a00000)]
  0x0000014acb5da300 JavaThread "Worker-Main-29" daemon [_thread_blocked, id=81120, stack(0x0000000e96a00000,0x0000000e96b00000)]
  0x0000014acb5d7060 JavaThread "IO-Worker-32" [_thread_blocked, id=43632, stack(0x0000000e96d00000,0x0000000e96e00000)]
  0x0000014ac75c3860 JavaThread "Worker-Main-33" daemon [_thread_blocked, id=78496, stack(0x0000000e90700000,0x0000000e90800000)]
  0x0000014ac75c4280 JavaThread "Worker-Main-34" daemon [_thread_blocked, id=5520, stack(0x0000000e91f00000,0x0000000e92000000)]
  0x0000014ac75c0ad0 JavaThread "Worker-Main-35" daemon [_thread_blocked, id=55844, stack(0x0000000e92100000,0x0000000e92200000)]
  0x0000014ac75c4790 JavaThread "Worker-Main-36" daemon [_thread_blocked, id=17428, stack(0x0000000e92300000,0x0000000e92400000)]
  0x0000014ac75c51b0 JavaThread "Worker-Main-37" daemon [_thread_blocked, id=77860, stack(0x0000000e92600000,0x0000000e92700000)]
  0x0000014acb5d8ec0 JavaThread "Worker-Main-38" daemon [_thread_blocked, id=81692, stack(0x0000000e92e00000,0x0000000e92f00000)]
  0x0000014acb5dc160 JavaThread "Server thread" [_thread_blocked, id=81240, stack(0x0000000e90600000,0x0000000e90700000)]
  0x0000014acb5dad20 JavaThread "FileSystemWatchService" daemon [_thread_in_native, id=81000, stack(0x0000000e93300000,0x0000000e93400000)]
  0x0000014acb5d5710 JavaThread "IO-Worker-39" [_thread_blocked, id=46580, stack(0x0000000e93900000,0x0000000e93a00000)]
  0x0000014ac6a23b20 JavaThread "IO-Worker-40" [_thread_blocked, id=80452, stack(0x0000000e93d00000,0x0000000e93e00000)]
  0x0000014ac6a24540 JavaThread "IO-Worker-41" [_thread_blocked, id=70124, stack(0x0000000e93f00000,0x0000000e94000000)]
  0x0000014ace532c30 JavaThread "Java2D Disposer" daemon [_thread_blocked, id=76156, stack(0x0000000e94000000,0x0000000e94100000)]
  0x0000014ace533140 JavaThread "Netty Server IO #0" daemon [_thread_in_native, id=78116, stack(0x0000000e94500000,0x0000000e94600000)]
  0x0000014ace532720 JavaThread "Netty Local Client IO #0" daemon [_thread_blocked, id=41892, stack(0x0000000e94a00000,0x0000000e94b00000)]
  0x0000014ace52f990 JavaThread "Netty Server IO #1" daemon [_thread_in_native, id=53028, stack(0x0000000e95700000,0x0000000e95800000)]
  0x0000014ace5317f0 JavaThread "Sound engine" daemon [_thread_blocked, id=51968, stack(0x0000000e95a00000,0x0000000e95b00000)]
  0x0000014acb5da810 JavaThread "ForkJoinPool.commonPool-worker-1" daemon [_thread_blocked, id=67636, stack(0x0000000e8e600000,0x0000000e8e700000)]
  0x0000014acb5dbc50 JavaThread "ForkJoinPool.commonPool-worker-2" daemon [_thread_blocked, id=78280, stack(0x0000000e90400000,0x0000000e90500000)]
  0x0000014aca606e90 JavaThread "ForkJoinPool.commonPool-worker-3" daemon [_thread_blocked, id=74172, stack(0x0000000e95d00000,0x0000000e95e00000)]
  0x0000014aca605030 JavaThread "ForkJoinPool.commonPool-worker-4" daemon [_thread_blocked, id=28196, stack(0x0000000e96500000,0x0000000e96600000)]
  0x0000014accf7ea10 JavaThread "ForkJoinPool.commonPool-worker-5" daemon [_thread_blocked, id=65224, stack(0x0000000e96b00000,0x0000000e96c00000)]
  0x0000014accf80870 JavaThread "ForkJoinPool.commonPool-worker-6" daemon [_thread_blocked, id=58140, stack(0x0000000e96c00000,0x0000000e96d00000)]
  0x0000014ac9528820 JavaThread "ForkJoinPool.commonPool-worker-7" daemon [_thread_blocked, id=60248, stack(0x0000000e96e00000,0x0000000e96f00000)]
  0x0000014ac5c54830 JavaThread "ForkJoinPool.commonPool-worker-11" daemon [_thread_blocked, id=59876, stack(0x0000000e96f00000,0x0000000e97000000)]
  0x0000014ace52fea0 JavaThread "ForkJoinPool.commonPool-worker-9" daemon [_thread_blocked, id=49824, stack(0x0000000e97000000,0x0000000e97100000)]
  0x0000014ac75c3d70 JavaThread "ForkJoinPool.commonPool-worker-10" daemon [_thread_blocked, id=10764, stack(0x0000000e98600000,0x0000000e98700000)]
  0x0000014a35c56300 JavaThread "ForkJoinPool.commonPool-worker-8" daemon [_thread_blocked, id=60160, stack(0x0000000e98700000,0x0000000e98800000)]
  0x0000014a35c57230 JavaThread "ForkJoinPool.commonPool-worker-12" daemon [_thread_blocked, id=51772, stack(0x0000000e98800000,0x0000000e98900000)]
  0x0000014a35c56d20 JavaThread "ForkJoinPool.commonPool-worker-13" daemon [_thread_blocked, id=68176, stack(0x0000000e98900000,0x0000000e98a00000)]
  0x0000014a35c57740 JavaThread "ForkJoinPool.commonPool-worker-14" daemon [_thread_blocked, id=41460, stack(0x0000000e98a00000,0x0000000e98b00000)]
  0x0000014a35c57c50 JavaThread "ForkJoinPool.commonPool-worker-15" daemon [_thread_blocked, id=78580, stack(0x0000000e98b00000,0x0000000e98c00000)]
  0x0000014a35c55df0 JavaThread "ForkJoinPool.commonPool-worker-16" daemon [_thread_blocked, id=15248, stack(0x0000000e98c00000,0x0000000e98d00000)]
  0x0000014a35c558e0 JavaThread "ForkJoinPool.commonPool-worker-17" daemon [_thread_blocked, id=76908, stack(0x0000000e98d00000,0x0000000e98e00000)]
  0x0000014a35c54ec0 JavaThread "ForkJoinPool.commonPool-worker-18" daemon [_thread_blocked, id=71684, stack(0x0000000e98e00000,0x0000000e98f00000)]
  0x0000014a35c549b0 JavaThread "ForkJoinPool.commonPool-worker-19" daemon [_thread_blocked, id=50164, stack(0x0000000e98f00000,0x0000000e99000000)]
  0x0000014a35c56810 JavaThread "ForkJoinPool.commonPool-worker-28" daemon [_thread_blocked, id=75860, stack(0x0000000e99000000,0x0000000e99100000)]
  0x0000014a35c58160 JavaThread "ForkJoinPool.commonPool-worker-21" daemon [_thread_blocked, id=1892, stack(0x0000000e99100000,0x0000000e99200000)]
  0x0000014a35c58670 JavaThread "ForkJoinPool.commonPool-worker-22" daemon [_thread_blocked, id=26616, stack(0x0000000e99200000,0x0000000e99300000)]
  0x0000014a35c58b80 JavaThread "ForkJoinPool.commonPool-worker-23" daemon [_thread_blocked, id=69696, stack(0x0000000e99300000,0x0000000e99400000)]
  0x0000014a35c553d0 JavaThread "ForkJoinPool.commonPool-worker-24" daemon [_thread_blocked, id=78992, stack(0x0000000e99400000,0x0000000e99500000)]
  0x0000014a35c5b910 JavaThread "ForkJoinPool.commonPool-worker-25" daemon [_thread_blocked, id=73844, stack(0x0000000e99500000,0x0000000e99600000)]
  0x0000014a35c5be20 JavaThread "ForkJoinPool.commonPool-worker-26" daemon [_thread_blocked, id=25024, stack(0x0000000e99600000,0x0000000e99700000)]
  0x0000014a35c5c330 JavaThread "ForkJoinPool.commonPool-worker-27" daemon [_thread_blocked, id=63592, stack(0x0000000e99700000,0x0000000e99800000)]
  0x0000014a35c595a0 JavaThread "ForkJoinPool.commonPool-worker-20" daemon [_thread_blocked, id=78128, stack(0x0000000e99800000,0x0000000e99900000)]
  0x0000014a35c5aef0 JavaThread "ForkJoinPool.commonPool-worker-29" daemon [_thread_blocked, id=80848, stack(0x0000000e99900000,0x0000000e99a00000)]
  0x0000014a35c59ab0 JavaThread "ForkJoinPool.commonPool-worker-30" daemon [_thread_blocked, id=81716, stack(0x0000000e99a00000,0x0000000e99b00000)]
  0x0000014a35c5b400 JavaThread "ForkJoinPool.commonPool-worker-31" daemon [_thread_blocked, id=81024, stack(0x0000000e99b00000,0x0000000e99c00000)]
  0x0000014acee405a0 JavaThread "Netty Server IO #2" daemon [_thread_in_native, id=13504, stack(0x0000000e8fa00000,0x0000000e8fb00000)]
  0x0000014acee3e740 JavaThread "LanServerPinger #1" daemon [_thread_blocked, id=7108, stack(0x0000000e8fb00000,0x0000000e8fc00000)]
  0x0000014acee40fc0 JavaThread "Minecolonies Pathfinding Worker #0" daemon [_thread_blocked, id=79948, stack(0x0000000e99e00000,0x0000000e99f00000)]
  0x0000014ace531d00 JavaThread "Netty Server IO #3" daemon [_thread_blocked, id=78492, stack(0x0000000e90300000,0x0000000e90400000)]
  0x0000014b02b6e560 JavaThread "Timer-0" [_thread_blocked, id=78884, stack(0x0000000e8f800000,0x0000000e8f900000)]
  0x0000014a36098820 JavaThread "C1 CompilerThread1" daemon [_thread_blocked, id=10104, stack(0x0000000e8fe00000,0x0000000e8ff00000)]
  0x0000014ac9cc0190 JavaThread "C2 CompilerThread1" daemon [_thread_in_native, id=64656, stack(0x0000000e8ff00000,0x0000000e90000000)]
  0x0000014ac9cc2170 JavaThread "C2 CompilerThread2" daemon [_thread_blocked, id=80088, stack(0x0000000e90100000,0x0000000e90200000)]

Other Threads:
=>0x0000014a31c023c0 VMThread "VM Thread" [stack: 0x0000000e8ee00000,0x0000000e8ef00000] [id=70188]
  0x0000014a6ffd4a40 WatcherThread [stack: 0x0000000e8fd00000,0x0000000e8fe00000] [id=69668]
  0x0000014a7963fa00 GCTaskThread "GC Thread#0" [stack: 0x0000000e8e900000,0x0000000e8ea00000] [id=49644]
  0x0000014ac61ab3f0 GCTaskThread "GC Thread#1" [stack: 0x0000000e90800000,0x0000000e90900000] [id=76944]
  0x0000014ac6901250 GCTaskThread "GC Thread#2" [stack: 0x0000000e90900000,0x0000000e90a00000] [id=75896]
  0x0000014ac6884630 GCTaskThread "GC Thread#3" [stack: 0x0000000e90a00000,0x0000000e90b00000] [id=51932]
  0x0000014ac6108310 GCTaskThread "GC Thread#4" [stack: 0x0000000e90b00000,0x0000000e90c00000] [id=78900]
  0x0000014ac6349f90 GCTaskThread "GC Thread#5" [stack: 0x0000000e90c00000,0x0000000e90d00000] [id=81576]
  0x0000014ac61085d0 GCTaskThread "GC Thread#6" [stack: 0x0000000e90d00000,0x0000000e90e00000] [id=81204]
  0x0000014ac6108890 GCTaskThread "GC Thread#7" [stack: 0x0000000e90e00000,0x0000000e90f00000] [id=24664]
  0x0000014ac660eef0 GCTaskThread "GC Thread#8" [stack: 0x0000000e90f00000,0x0000000e91000000] [id=78744]
  0x0000014ac6f2da90 GCTaskThread "GC Thread#9" [stack: 0x0000000e91000000,0x0000000e91100000] [id=17600]
  0x0000014ac660f1b0 GCTaskThread "GC Thread#10" [stack: 0x0000000e91100000,0x0000000e91200000] [id=80544]
  0x0000014ac660f470 GCTaskThread "GC Thread#11" [stack: 0x0000000e91200000,0x0000000e91300000] [id=42060]
  0x0000014ac660f730 GCTaskThread "GC Thread#12" [stack: 0x0000000e91300000,0x0000000e91400000] [id=26772]
  0x0000014ac6b7e120 GCTaskThread "GC Thread#13" [stack: 0x0000000e91400000,0x0000000e91500000] [id=71388]
  0x0000014ac61d4aa0 GCTaskThread "GC Thread#14" [stack: 0x0000000e91500000,0x0000000e91600000] [id=80328]
  0x0000014ac61d4260 GCTaskThread "GC Thread#15" [stack: 0x0000000e91600000,0x0000000e91700000] [id=16528]
  0x0000014ac61d4520 GCTaskThread "GC Thread#16" [stack: 0x0000000e91700000,0x0000000e91800000] [id=79280]
  0x0000014ac61d47e0 GCTaskThread "GC Thread#17" [stack: 0x0000000e91800000,0x0000000e91900000] [id=47824]
  0x0000014ac61d4d60 GCTaskThread "GC Thread#18" [stack: 0x0000000e91900000,0x0000000e91a00000] [id=63740]
  0x0000014ac61d52e0 GCTaskThread "GC Thread#19" [stack: 0x0000000e91a00000,0x0000000e91b00000] [id=25908]
  0x0000014ac61d3a20 GCTaskThread "GC Thread#20" [stack: 0x0000000e91b00000,0x0000000e91c00000] [id=69168]
  0x0000014ac61d3ce0 GCTaskThread "GC Thread#21" [stack: 0x0000000e91c00000,0x0000000e91d00000] [id=78308]
  0x0000014ac61d3fa0 GCTaskThread "GC Thread#22" [stack: 0x0000000e91d00000,0x0000000e91e00000] [id=71516]
  0x0000014a70057130 ConcurrentGCThread "G1 Main Marker" [stack: 0x0000000e8ea00000,0x0000000e8eb00000] [id=15308]
  0x0000014a7005b220 ConcurrentGCThread "G1 Conc#0" [stack: 0x0000000e8eb00000,0x0000000e8ec00000] [id=9936]
  0x0000014ac8cdc070 ConcurrentGCThread "G1 Conc#1" [stack: 0x0000000e92700000,0x0000000e92800000] [id=4100]
  0x0000014ac8cd8ef0 ConcurrentGCThread "G1 Conc#2" [stack: 0x0000000e92800000,0x0000000e92900000] [id=39600]
  0x0000014ac8cdb830 ConcurrentGCThread "G1 Conc#3" [stack: 0x0000000e92900000,0x0000000e92a00000] [id=76624]
  0x0000014ac8cda4f0 ConcurrentGCThread "G1 Conc#4" [stack: 0x0000000e92a00000,0x0000000e92b00000] [id=75120]
  0x0000014ac8cdb570 ConcurrentGCThread "G1 Conc#5" [stack: 0x0000000e92b00000,0x0000000e92c00000] [id=76552]
  0x0000014a797a9520 ConcurrentGCThread "G1 Refine#0" [stack: 0x0000000e8ec00000,0x0000000e8ed00000] [id=77208]
  0x0000014acf445980 ConcurrentGCThread "G1 Refine#1" [stack: 0x0000000e93000000,0x0000000e93100000] [id=75352]
  0x0000014acf443930 ConcurrentGCThread "G1 Refine#2" [stack: 0x0000000e93100000,0x0000000e93200000] [id=68036]
  0x0000014acf445690 ConcurrentGCThread "G1 Refine#3" [stack: 0x0000000e95c00000,0x0000000e95d00000] [id=68180]
  0x0000014acf445c70 ConcurrentGCThread "G1 Refine#4" [stack: 0x0000000e97100000,0x0000000e97200000] [id=30864]
  0x0000014acf444200 ConcurrentGCThread "G1 Refine#5" [stack: 0x0000000e97200000,0x0000000e97300000] [id=65116]
  0x0000014acf446540 ConcurrentGCThread "G1 Refine#6" [stack: 0x0000000e97300000,0x0000000e97400000] [id=70164]
  0x0000014acf443060 ConcurrentGCThread "G1 Refine#7" [stack: 0x0000000e97400000,0x0000000e97500000] [id=28532]
  0x0000014acc8081c0 ConcurrentGCThread "G1 Refine#8" [stack: 0x0000000e97500000,0x0000000e97600000] [id=75636]
  0x0000014ac60c14f0 ConcurrentGCThread "G1 Refine#9" [stack: 0x0000000e97600000,0x0000000e97700000] [id=50004]
  0x0000014ac60c3540 ConcurrentGCThread "G1 Refine#10" [stack: 0x0000000e97700000,0x0000000e97800000] [id=50820]
  0x0000014ac60c20b0 ConcurrentGCThread "G1 Refine#11" [stack: 0x0000000e97800000,0x0000000e97900000] [id=57088]
  0x0000014ac60c2f60 ConcurrentGCThread "G1 Refine#12" [stack: 0x0000000e97900000,0x0000000e97a00000] [id=81416]
  0x0000014ac60c3830 ConcurrentGCThread "G1 Refine#13" [stack: 0x0000000e97a00000,0x0000000e97b00000] [id=3176]
  0x0000014ac60c3250 ConcurrentGCThread "G1 Refine#14" [stack: 0x0000000e97b00000,0x0000000e97c00000] [id=76032]
  0x0000014ac60c0060 ConcurrentGCThread "G1 Refine#15" [stack: 0x0000000e97c00000,0x0000000e97d00000] [id=10944]
  0x0000014ac60c23a0 ConcurrentGCThread "G1 Refine#16" [stack: 0x0000000e97d00000,0x0000000e97e00000] [id=56552]
  0x0000014ac60c2980 ConcurrentGCThread "G1 Refine#17" [stack: 0x0000000e97e00000,0x0000000e97f00000] [id=30624]
  0x0000014ac60c2c70 ConcurrentGCThread "G1 Refine#18" [stack: 0x0000000e97f00000,0x0000000e98000000] [id=57248]
  0x0000014ac60c3b20 ConcurrentGCThread "G1 Refine#19" [stack: 0x0000000e98000000,0x0000000e98100000] [id=81260]
  0x0000014ac60c0350 ConcurrentGCThread "G1 Refine#20" [stack: 0x0000000e98100000,0x0000000e98200000] [id=41372]
  0x0000014ac60c0c20 ConcurrentGCThread "G1 Refine#21" [stack: 0x0000000e98200000,0x0000000e98300000] [id=81828]
  0x0000014ac60c17e0 ConcurrentGCThread "G1 Refine#22" [stack: 0x0000000e98300000,0x0000000e98400000] [id=44440]
  0x0000014a797aad10 ConcurrentGCThread "G1 Service" [stack: 0x0000000e8ed00000,0x0000000e8ee00000] [id=61724]

Threads with active compile tasks:
C2 CompilerThread0   460351 40873   !   4       java.text.SimpleDateFormat::zeroPaddingNumber (270 bytes)
C2 CompilerThread1   460351 40875       4       java.text.SimpleDateFormat::subFormat (1264 bytes)
C2 CompilerThread2   460351 40886 %     4       com.google.gson.stream.JsonWriter::string @ 37 (171 bytes)

VM state: at safepoint (normal execution)

VM Mutex/Monitor currently owned by a thread:  ([mutex/lock_event])
[0x0000014a6ffcf9f0] Threads_lock - owner thread: 0x0000014a31c023c0
[0x0000014a6ffcf3c0] Heap_lock - owner thread: 0x0000014acb5dc160

Heap address: 0x000000040d800000, size: 16168 MB, Compressed Oops mode: Zero based, Oop shift amount: 3

CDS archive(s) mapped at: [0x0000014a80000000-0x0000014a80bb0000-0x0000014a80bb0000), size 12255232, SharedBaseAddress: 0x0000014a80000000, ArchiveRelocationMode: 1.
Compressed class space mapped at: 0x0000014a81000000-0x0000014ac1000000, reserved size: 1073741824
Narrow klass base: 0x0000014a80000000, Narrow klass shift: 0, Narrow klass range: 0x100000000

GC Precious Log:
 CPUs: 32 total, 32 available
 Memory: 64650M
 Large Page Support: Disabled
 NUMA Support: Disabled
 Compressed Oops: Enabled (Zero based)
 Heap Region Size: 8M
 Heap Min Capacity: 8M
 Heap Initial Capacity: 1016M
 Heap Max Capacity: 16168M
 Pre-touch: Disabled
 Parallel Workers: 23
 Concurrent Workers: 6
 Concurrent Refinement Workers: 23
 Periodic GC: Disabled

Heap:
 garbage-first heap   total 4595712K, used 1044333K [0x000000040d800000, 0x0000000800000000)
  region size 8192K, 2 young (16384K), 2 survivors (16384K)
 Metaspace       used 161236K, committed 163136K, reserved 1245184K
  class space    used 24401K, committed 25280K, reserved 1048576K

Heap Regions: E=young(eden), S=young(survivor), O=old, HS=humongous(starts), HC=humongous(continues), CS=collection set, F=free, OA=open archive, CA=closed archive, TAMS=top-at-mark-start (previous, next)
|   0|0x000000040d800000, 0x000000040e000000, 0x000000040e000000|100%| O|  |TAMS 0x000000040e000000, 0x000000040e000000| Untracked 
|   1|0x000000040e000000, 0x000000040e800000, 0x000000040e800000|100%|HS|  |TAMS 0x000000040e800000, 0x000000040e800000| Complete 
|   2|0x000000040e800000, 0x000000040f000000, 0x000000040f000000|100%| O|  |TAMS 0x000000040f000000, 0x000000040f000000| Untracked 
|   3|0x000000040f000000, 0x000000040f800000, 0x000000040f800000|100%| O|  |TAMS 0x000000040f800000, 0x000000040f800000| Untracked 
|   4|0x000000040f800000, 0x0000000410000000, 0x0000000410000000|100%| O|  |TAMS 0x0000000410000000, 0x0000000410000000| Untracked 
|   5|0x0000000410000000, 0x0000000410800000, 0x0000000410800000|100%| O|  |TAMS 0x0000000410800000, 0x0000000410800000| Untracked 
|   6|0x0000000410800000, 0x0000000411000000, 0x0000000411000000|100%| O|  |TAMS 0x0000000411000000, 0x0000000411000000| Untracked 
|   7|0x0000000411000000, 0x0000000411800000, 0x0000000411800000|100%| O|  |TAMS 0x0000000411800000, 0x0000000411800000| Untracked 
|   8|0x0000000411800000, 0x0000000412000000, 0x0000000412000000|100%| O|  |TAMS 0x0000000412000000, 0x0000000412000000| Untracked 
|   9|0x0000000412000000, 0x0000000412800000, 0x0000000412800000|100%| O|  |TAMS 0x0000000412800000, 0x0000000412800000| Untracked 
|  10|0x0000000412800000, 0x0000000413000000, 0x0000000413000000|100%| O|  |TAMS 0x0000000413000000, 0x0000000413000000| Untracked 
|  11|0x0000000413000000, 0x0000000413800000, 0x0000000413800000|100%| O|  |TAMS 0x0000000413800000, 0x0000000413800000| Untracked 
|  12|0x0000000413800000, 0x0000000414000000, 0x0000000414000000|100%| O|  |TAMS 0x0000000414000000, 0x0000000414000000| Untracked 
|  13|0x0000000414000000, 0x0000000414800000, 0x0000000414800000|100%|HS|  |TAMS 0x0000000414800000, 0x0000000414800000| Complete 
|  14|0x0000000414800000, 0x0000000415000000, 0x0000000415000000|100%|HC|  |TAMS 0x0000000415000000, 0x0000000415000000| Complete 
|  15|0x0000000415000000, 0x0000000415800000, 0x0000000415800000|100%| O|  |TAMS 0x0000000415800000, 0x0000000415800000| Untracked 
|  16|0x0000000415800000, 0x0000000416000000, 0x0000000416000000|100%| O|  |TAMS 0x0000000416000000, 0x0000000416000000| Untracked 
|  17|0x0000000416000000, 0x0000000416800000, 0x0000000416800000|100%| O|  |TAMS 0x0000000416800000, 0x0000000416800000| Untracked 
|  18|0x0000000416800000, 0x0000000417000000, 0x0000000417000000|100%| O|  |TAMS 0x0000000417000000, 0x0000000417000000| Untracked 
|  19|0x0000000417000000, 0x0000000417800000, 0x0000000417800000|100%| O|  |TAMS 0x0000000417800000, 0x0000000417800000| Untracked 
|  20|0x0000000417800000, 0x0000000418000000, 0x0000000418000000|100%| O|  |TAMS 0x0000000418000000, 0x0000000418000000| Untracked 
|  21|0x0000000418000000, 0x0000000418800000, 0x0000000418800000|100%| O|  |TAMS 0x0000000418800000, 0x0000000418800000| Untracked 
|  22|0x0000000418800000, 0x0000000419000000, 0x0000000419000000|100%| O|  |TAMS 0x0000000419000000, 0x0000000419000000| Untracked 
|  23|0x0000000419000000, 0x0000000419800000, 0x0000000419800000|100%| O|  |TAMS 0x0000000419800000, 0x0000000419800000| Untracked 
|  24|0x0000000419800000, 0x000000041a000000, 0x000000041a000000|100%| O|  |TAMS 0x000000041a000000, 0x000000041a000000| Untracked 
|  25|0x000000041a000000, 0x000000041a800000, 0x000000041a800000|100%| O|  |TAMS 0x000000041a800000, 0x000000041a800000| Untracked 
|  26|0x000000041a800000, 0x000000041b000000, 0x000000041b000000|100%| O|  |TAMS 0x000000041b000000, 0x000000041b000000| Untracked 
|  27|0x000000041b000000, 0x000000041b800000, 0x000000041b800000|100%| O|  |TAMS 0x000000041b800000, 0x000000041b800000| Untracked 
|  28|0x000000041b800000, 0x000000041c000000, 0x000000041c000000|100%| O|  |TAMS 0x000000041c000000, 0x000000041c000000| Untracked 
|  29|0x000000041c000000, 0x000000041c800000, 0x000000041c800000|100%| O|  |TAMS 0x000000041c800000, 0x000000041c800000| Untracked 
|  30|0x000000041c800000, 0x000000041d000000, 0x000000041d000000|100%| O|  |TAMS 0x000000041d000000, 0x000000041d000000| Untracked 
|  31|0x000000041d000000, 0x000000041d800000, 0x000000041d800000|100%| O|  |TAMS 0x000000041d800000, 0x000000041d800000| Untracked 
|  32|0x000000041d800000, 0x000000041e000000, 0x000000041e000000|100%| O|  |TAMS 0x000000041e000000, 0x000000041e000000| Untracked 
|  33|0x000000041e000000, 0x000000041e800000, 0x000000041e800000|100%| O|  |TAMS 0x000000041e800000, 0x000000041e800000| Untracked 
|  34|0x000000041e800000, 0x000000041f000000, 0x000000041f000000|100%| O|  |TAMS 0x000000041f000000, 0x000000041f000000| Untracked 
|  35|0x000000041f000000, 0x000000041f800000, 0x000000041f800000|100%| O|  |TAMS 0x000000041f800000, 0x000000041f800000| Untracked 
|  36|0x000000041f800000, 0x0000000420000000, 0x0000000420000000|100%| O|  |TAMS 0x0000000420000000, 0x0000000420000000| Untracked 
|  37|0x0000000420000000, 0x0000000420800000, 0x0000000420800000|100%| O|  |TAMS 0x0000000420800000, 0x0000000420800000| Untracked 
|  38|0x0000000420800000, 0x0000000421000000, 0x0000000421000000|100%| O|  |TAMS 0x0000000421000000, 0x0000000421000000| Untracked 
|  39|0x0000000421000000, 0x0000000421800000, 0x0000000421800000|100%| O|  |TAMS 0x0000000421800000, 0x0000000421800000| Untracked 
|  40|0x0000000421800000, 0x0000000422000000, 0x0000000422000000|100%| O|  |TAMS 0x0000000422000000, 0x0000000422000000| Untracked 
|  41|0x0000000422000000, 0x0000000422800000, 0x0000000422800000|100%| O|  |TAMS 0x0000000422800000, 0x0000000422800000| Untracked 
|  42|0x0000000422800000, 0x0000000423000000, 0x0000000423000000|100%| O|  |TAMS 0x0000000423000000, 0x0000000423000000| Untracked 
|  43|0x0000000423000000, 0x0000000423800000, 0x0000000423800000|100%| O|  |TAMS 0x0000000423800000, 0x0000000423800000| Untracked 
|  44|0x0000000423800000, 0x0000000424000000, 0x0000000424000000|100%| O|  |TAMS 0x0000000424000000, 0x0000000424000000| Untracked 
|  45|0x0000000424000000, 0x0000000424800000, 0x0000000424800000|100%| O|  |TAMS 0x0000000424800000, 0x0000000424800000| Untracked 
|  46|0x0000000424800000, 0x0000000425000000, 0x0000000425000000|100%| O|  |TAMS 0x0000000425000000, 0x0000000425000000| Untracked 
|  47|0x0000000425000000, 0x0000000425800000, 0x0000000425800000|100%| O|  |TAMS 0x0000000425800000, 0x0000000425800000| Untracked 
|  48|0x0000000425800000, 0x0000000426000000, 0x0000000426000000|100%| O|  |TAMS 0x0000000426000000, 0x0000000426000000| Untracked 
|  49|0x0000000426000000, 0x0000000426800000, 0x0000000426800000|100%| O|  |TAMS 0x0000000426800000, 0x0000000426800000| Untracked 
|  50|0x0000000426800000, 0x0000000427000000, 0x0000000427000000|100%| O|  |TAMS 0x0000000427000000, 0x0000000427000000| Untracked 
|  51|0x0000000427000000, 0x0000000427800000, 0x0000000427800000|100%| O|  |TAMS 0x0000000427800000, 0x0000000427800000| Untracked 
|  52|0x0000000427800000, 0x0000000428000000, 0x0000000428000000|100%| O|  |TAMS 0x0000000428000000, 0x0000000428000000| Untracked 
|  53|0x0000000428000000, 0x0000000428800000, 0x0000000428800000|100%| O|  |TAMS 0x0000000428800000, 0x0000000428800000| Untracked 
|  54|0x0000000428800000, 0x0000000429000000, 0x0000000429000000|100%| O|  |TAMS 0x0000000429000000, 0x0000000429000000| Untracked 
|  55|0x0000000429000000, 0x0000000429800000, 0x0000000429800000|100%| O|  |TAMS 0x0000000429800000, 0x0000000429800000| Untracked 
|  56|0x0000000429800000, 0x000000042a000000, 0x000000042a000000|100%| O|  |TAMS 0x000000042a000000, 0x000000042a000000| Untracked 
|  57|0x000000042a000000, 0x000000042a800000, 0x000000042a800000|100%| O|  |TAMS 0x000000042a800000, 0x000000042a800000| Untracked 
|  58|0x000000042a800000, 0x000000042b000000, 0x000000042b000000|100%| O|  |TAMS 0x000000042b000000, 0x000000042b000000| Untracked 
|  59|0x000000042b000000, 0x000000042b800000, 0x000000042b800000|100%| O|  |TAMS 0x000000042b800000, 0x000000042b800000| Untracked 
|  60|0x000000042b800000, 0x000000042c000000, 0x000000042c000000|100%| O|  |TAMS 0x000000042c000000, 0x000000042c000000| Untracked 
|  61|0x000000042c000000, 0x000000042c800000, 0x000000042c800000|100%| O|  |TAMS 0x000000042c800000, 0x000000042c800000| Untracked 
|  62|0x000000042c800000, 0x000000042d000000, 0x000000042d000000|100%| O|  |TAMS 0x000000042d000000, 0x000000042d000000| Untracked 
|  63|0x000000042d000000, 0x000000042d800000, 0x000000042d800000|100%| O|  |TAMS 0x000000042d000000, 0x000000042d800000| Untracked 
|  64|0x000000042d800000, 0x000000042e000000, 0x000000042e000000|100%| O|  |TAMS 0x000000042e000000, 0x000000042e000000| Untracked 
|  65|0x000000042e000000, 0x000000042e800000, 0x000000042e800000|100%| O|  |TAMS 0x000000042e800000, 0x000000042e800000| Untracked 
|  66|0x000000042e800000, 0x000000042f000000, 0x000000042f000000|100%| O|  |TAMS 0x000000042f000000, 0x000000042f000000| Untracked 
|  67|0x000000042f000000, 0x000000042f800000, 0x000000042f800000|100%| O|  |TAMS 0x000000042f800000, 0x000000042f800000| Untracked 
|  68|0x000000042f800000, 0x0000000430000000, 0x0000000430000000|100%| O|  |TAMS 0x0000000430000000, 0x0000000430000000| Untracked 
|  69|0x0000000430000000, 0x0000000430800000, 0x0000000430800000|100%| O|  |TAMS 0x0000000430800000, 0x0000000430800000| Untracked 
|  70|0x0000000430800000, 0x0000000431000000, 0x0000000431000000|100%| O|  |TAMS 0x0000000431000000, 0x0000000431000000| Untracked 
|  71|0x0000000431000000, 0x0000000431800000, 0x0000000431800000|100%| O|  |TAMS 0x0000000431800000, 0x0000000431800000| Untracked 
|  72|0x0000000431800000, 0x0000000432000000, 0x0000000432000000|100%| O|  |TAMS 0x0000000432000000, 0x0000000432000000| Untracked 
|  73|0x0000000432000000, 0x0000000432800000, 0x0000000432800000|100%| O|  |TAMS 0x0000000432800000, 0x0000000432800000| Untracked 
|  74|0x0000000432800000, 0x0000000433000000, 0x0000000433000000|100%| O|  |TAMS 0x0000000433000000, 0x0000000433000000| Untracked 
|  75|0x0000000433000000, 0x0000000433800000, 0x0000000433800000|100%| O|  |TAMS 0x0000000433800000, 0x0000000433800000| Untracked 
|  76|0x0000000433800000, 0x0000000434000000, 0x0000000434000000|100%| O|  |TAMS 0x0000000434000000, 0x0000000434000000| Untracked 
|  77|0x0000000434000000, 0x0000000434800000, 0x0000000434800000|100%| O|  |TAMS 0x0000000434800000, 0x0000000434800000| Untracked 
|  78|0x0000000434800000, 0x0000000435000000, 0x0000000435000000|100%| O|  |TAMS 0x0000000435000000, 0x0000000435000000| Untracked 
|  79|0x0000000435000000, 0x0000000435800000, 0x0000000435800000|100%| O|  |TAMS 0x0000000435273e00, 0x0000000435800000| Untracked 
|  80|0x0000000435800000, 0x0000000436000000, 0x0000000436000000|100%| O|  |TAMS 0x0000000435800000, 0x0000000436000000| Untracked 
|  81|0x0000000436000000, 0x00000004365c5e00, 0x0000000436800000| 72%| O|  |TAMS 0x0000000436000000, 0x00000004365c5e00| Untracked 
|  82|0x0000000436800000, 0x0000000436800000, 0x0000000437000000|  0%| F|  |TAMS 0x0000000436800000, 0x0000000436800000| Untracked 
|  83|0x0000000437000000, 0x0000000437000000, 0x0000000437800000|  0%| F|  |TAMS 0x0000000437000000, 0x0000000437000000| Untracked 
|  84|0x0000000437800000, 0x0000000437800000, 0x0000000438000000|  0%| F|  |TAMS 0x0000000437800000, 0x0000000437800000| Untracked 
|  85|0x0000000438000000, 0x0000000438000000, 0x0000000438800000|  0%| F|  |TAMS 0x0000000438000000, 0x0000000438000000| Untracked 
|  86|0x0000000438800000, 0x0000000438800000, 0x0000000439000000|  0%| F|  |TAMS 0x0000000438800000, 0x0000000438800000| Untracked 
|  87|0x0000000439000000, 0x0000000439000000, 0x0000000439800000|  0%| F|  |TAMS 0x0000000439000000, 0x0000000439000000| Untracked 
|  88|0x0000000439800000, 0x000000043a000000, 0x000000043a000000|100%| O|  |TAMS 0x000000043a000000, 0x000000043a000000| Untracked 
|  89|0x000000043a000000, 0x000000043a000000, 0x000000043a800000|  0%| F|  |TAMS 0x000000043a000000, 0x000000043a000000| Untracked 
|  90|0x000000043a800000, 0x000000043b000000, 0x000000043b000000|100%| O|  |TAMS 0x000000043b000000, 0x000000043b000000| Untracked 
|  91|0x000000043b000000, 0x000000043b000000, 0x000000043b800000|  0%| F|  |TAMS 0x000000043b000000, 0x000000043b000000| Untracked 
|  92|0x000000043b800000, 0x000000043b800000, 0x000000043c000000|  0%| F|  |TAMS 0x000000043b800000, 0x000000043b800000| Untracked 
|  93|0x000000043c000000, 0x000000043c000000, 0x000000043c800000|  0%| F|  |TAMS 0x000000043c000000, 0x000000043c000000| Untracked 
|  94|0x000000043c800000, 0x000000043c800000, 0x000000043d000000|  0%| F|  |TAMS 0x000000043c800000, 0x000000043c800000| Untracked 
|  95|0x000000043d000000, 0x000000043d800000, 0x000000043d800000|100%| O|  |TAMS 0x000000043d800000, 0x000000043d800000| Untracked 
|  96|0x000000043d800000, 0x000000043d800000, 0x000000043e000000|  0%| F|  |TAMS 0x000000043d800000, 0x000000043d800000| Untracked 
|  97|0x000000043e000000, 0x000000043e000000, 0x000000043e800000|  0%| F|  |TAMS 0x000000043e000000, 0x000000043e000000| Untracked 
|  98|0x000000043e800000, 0x000000043e800000, 0x000000043f000000|  0%| F|  |TAMS 0x000000043e800000, 0x000000043e800000| Untracked 
|  99|0x000000043f000000, 0x000000043f000000, 0x000000043f800000|  0%| F|  |TAMS 0x000000043f000000, 0x000000043f000000| Untracked 
| 100|0x000000043f800000, 0x000000043f800000, 0x0000000440000000|  0%| F|  |TAMS 0x000000043f800000, 0x000000043f800000| Untracked 
| 101|0x0000000440000000, 0x0000000440000000, 0x0000000440800000|  0%| F|  |TAMS 0x0000000440000000, 0x0000000440000000| Untracked 
| 102|0x0000000440800000, 0x0000000440800000, 0x0000000441000000|  0%| F|  |TAMS 0x0000000440800000, 0x0000000440800000| Untracked 
| 103|0x0000000441000000, 0x0000000441000000, 0x0000000441800000|  0%| F|  |TAMS 0x0000000441000000, 0x0000000441000000| Untracked 
| 104|0x0000000441800000, 0x0000000441800000, 0x0000000442000000|  0%| F|  |TAMS 0x0000000441800000, 0x0000000441800000| Untracked 
| 105|0x0000000442000000, 0x0000000442000000, 0x0000000442800000|  0%| F|  |TAMS 0x0000000442000000, 0x0000000442000000| Untracked 
| 106|0x0000000442800000, 0x0000000442800000, 0x0000000443000000|  0%| F|  |TAMS 0x0000000442800000, 0x0000000442800000| Untracked 
| 107|0x0000000443000000, 0x0000000443000000, 0x0000000443800000|  0%| F|  |TAMS 0x0000000443000000, 0x0000000443000000| Untracked 
| 108|0x0000000443800000, 0x0000000443800000, 0x0000000444000000|  0%| F|  |TAMS 0x0000000443800000, 0x0000000443800000| Untracked 
| 109|0x0000000444000000, 0x0000000444000000, 0x0000000444800000|  0%| F|  |TAMS 0x0000000444000000, 0x0000000444000000| Untracked 
| 110|0x0000000444800000, 0x0000000444800000, 0x0000000445000000|  0%| F|  |TAMS 0x0000000444800000, 0x0000000444800000| Untracked 
| 111|0x0000000445000000, 0x0000000445000000, 0x0000000445800000|  0%| F|  |TAMS 0x0000000445000000, 0x0000000445000000| Untracked 
| 112|0x0000000445800000, 0x0000000445800000, 0x0000000446000000|  0%| F|  |TAMS 0x0000000445800000, 0x0000000445800000| Untracked 
| 113|0x0000000446000000, 0x0000000446000000, 0x0000000446800000|  0%| F|  |TAMS 0x0000000446000000, 0x0000000446000000| Untracked 
| 114|0x0000000446800000, 0x0000000446800000, 0x0000000447000000|  0%| F|  |TAMS 0x0000000446800000, 0x0000000446800000| Untracked 
| 115|0x0000000447000000, 0x0000000447000000, 0x0000000447800000|  0%| F|  |TAMS 0x0000000447000000, 0x0000000447000000| Untracked 
| 116|0x0000000447800000, 0x0000000447800000, 0x0000000448000000|  0%| F|  |TAMS 0x0000000447800000, 0x0000000447800000| Untracked 
| 117|0x0000000448000000, 0x0000000448000000, 0x0000000448800000|  0%| F|  |TAMS 0x0000000448000000, 0x0000000448000000| Untracked 
| 118|0x0000000448800000, 0x0000000448800000, 0x0000000449000000|  0%| F|  |TAMS 0x0000000448800000, 0x0000000448800000| Untracked 
| 119|0x0000000449000000, 0x0000000449000000, 0x0000000449800000|  0%| F|  |TAMS 0x0000000449000000, 0x0000000449000000| Untracked 
| 120|0x0000000449800000, 0x0000000449800000, 0x000000044a000000|  0%| F|  |TAMS 0x0000000449800000, 0x0000000449800000| Untracked 
| 121|0x000000044a000000, 0x000000044a000000, 0x000000044a800000|  0%| F|  |TAMS 0x000000044a000000, 0x000000044a000000| Untracked 
| 122|0x000000044a800000, 0x000000044a800000, 0x000000044b000000|  0%| F|  |TAMS 0x000000044a800000, 0x000000044a800000| Untracked 
| 123|0x000000044b000000, 0x000000044b000000, 0x000000044b800000|  0%| F|  |TAMS 0x000000044b000000, 0x000000044b000000| Untracked 
| 124|0x000000044b800000, 0x000000044b800000, 0x000000044c000000|  0%| F|  |TAMS 0x000000044b800000, 0x000000044b800000| Untracked 
| 125|0x000000044c000000, 0x000000044c800000, 0x000000044c800000|100%| O|  |TAMS 0x000000044c800000, 0x000000044c800000| Untracked 
| 126|0x000000044c800000, 0x000000044c800000, 0x000000044d000000|  0%| F|  |TAMS 0x000000044c800000, 0x000000044c800000| Untracked 
| 127|0x000000044d000000, 0x000000044d000000, 0x000000044d800000|  0%| F|  |TAMS 0x000000044d000000, 0x000000044d000000| Untracked 
| 128|0x000000044d800000, 0x000000044d800000, 0x000000044e000000|  0%| F|  |TAMS 0x000000044d800000, 0x000000044d800000| Untracked 
| 129|0x000000044e000000, 0x000000044e800000, 0x000000044e800000|100%| O|  |TAMS 0x000000044e800000, 0x000000044e800000| Untracked 
| 130|0x000000044e800000, 0x000000044f000000, 0x000000044f000000|100%| O|  |TAMS 0x000000044f000000, 0x000000044f000000| Untracked 
| 131|0x000000044f000000, 0x000000044f800000, 0x000000044f800000|100%| O|  |TAMS 0x000000044f800000, 0x000000044f800000| Untracked 
| 132|0x000000044f800000, 0x0000000450000000, 0x0000000450000000|100%| O|  |TAMS 0x0000000450000000, 0x0000000450000000| Untracked 
| 133|0x0000000450000000, 0x0000000450800000, 0x0000000450800000|100%| O|  |TAMS 0x0000000450800000, 0x0000000450800000| Untracked 
| 134|0x0000000450800000, 0x0000000451000000, 0x0000000451000000|100%| O|  |TAMS 0x0000000451000000, 0x0000000451000000| Untracked 
| 135|0x0000000451000000, 0x0000000451800000, 0x0000000451800000|100%| O|  |TAMS 0x0000000451800000, 0x0000000451800000| Untracked 
| 136|0x0000000451800000, 0x0000000452000000, 0x0000000452000000|100%| O|  |TAMS 0x0000000452000000, 0x0000000452000000| Untracked 
| 137|0x0000000452000000, 0x0000000452800000, 0x0000000452800000|100%| O|  |TAMS 0x0000000452800000, 0x0000000452800000| Untracked 
| 138|0x0000000452800000, 0x0000000453000000, 0x0000000453000000|100%| O|  |TAMS 0x0000000453000000, 0x0000000453000000| Untracked 
| 139|0x0000000453000000, 0x0000000453800000, 0x0000000453800000|100%| O|  |TAMS 0x0000000453800000, 0x0000000453800000| Untracked 
| 140|0x0000000453800000, 0x0000000454000000, 0x0000000454000000|100%| O|  |TAMS 0x0000000454000000, 0x0000000454000000| Untracked 
| 141|0x0000000454000000, 0x0000000454800000, 0x0000000454800000|100%| O|  |TAMS 0x0000000454800000, 0x0000000454800000| Untracked 
| 142|0x0000000454800000, 0x0000000455000000, 0x0000000455000000|100%| O|  |TAMS 0x0000000455000000, 0x0000000455000000| Untracked 
| 143|0x0000000455000000, 0x0000000455800000, 0x0000000455800000|100%| O|  |TAMS 0x0000000455800000, 0x0000000455800000| Untracked 
| 144|0x0000000455800000, 0x0000000456000000, 0x0000000456000000|100%| O|  |TAMS 0x0000000456000000, 0x0000000456000000| Untracked 
| 145|0x0000000456000000, 0x0000000456800000, 0x0000000456800000|100%| O|  |TAMS 0x0000000456800000, 0x0000000456800000| Untracked 
| 146|0x0000000456800000, 0x0000000457000000, 0x0000000457000000|100%| O|  |TAMS 0x0000000457000000, 0x0000000457000000| Untracked 
| 147|0x0000000457000000, 0x0000000457800000, 0x0000000457800000|100%| O|  |TAMS 0x0000000457800000, 0x0000000457800000| Untracked 
| 148|0x0000000457800000, 0x0000000458000000, 0x0000000458000000|100%| O|  |TAMS 0x0000000458000000, 0x0000000458000000| Untracked 
| 149|0x0000000458000000, 0x0000000458800000, 0x0000000458800000|100%| O|  |TAMS 0x0000000458800000, 0x0000000458800000| Untracked 
| 150|0x0000000458800000, 0x0000000458800000, 0x0000000459000000|  0%| F|  |TAMS 0x0000000458800000, 0x0000000458800000| Untracked 
| 151|0x0000000459000000, 0x0000000459000000, 0x0000000459800000|  0%| F|  |TAMS 0x0000000459000000, 0x0000000459000000| Untracked 
| 152|0x0000000459800000, 0x0000000459800000, 0x000000045a000000|  0%| F|  |TAMS 0x0000000459800000, 0x0000000459800000| Untracked 
| 153|0x000000045a000000, 0x000000045a000000, 0x000000045a800000|  0%| F|  |TAMS 0x000000045a000000, 0x000000045a000000| Untracked 
| 154|0x000000045a800000, 0x000000045a800000, 0x000000045b000000|  0%| F|  |TAMS 0x000000045a800000, 0x000000045a800000| Untracked 
| 155|0x000000045b000000, 0x000000045b000000, 0x000000045b800000|  0%| F|  |TAMS 0x000000045b000000, 0x000000045b000000| Untracked 
| 156|0x000000045b800000, 0x000000045b800000, 0x000000045c000000|  0%| F|  |TAMS 0x000000045b800000, 0x000000045b800000| Untracked 
| 157|0x000000045c000000, 0x000000045c800000, 0x000000045c800000|100%| O|  |TAMS 0x000000045c800000, 0x000000045c800000| Untracked 
| 158|0x000000045c800000, 0x000000045d000000, 0x000000045d000000|100%| O|  |TAMS 0x000000045d000000, 0x000000045d000000| Untracked 
| 159|0x000000045d000000, 0x000000045d800000, 0x000000045d800000|100%| O|  |TAMS 0x000000045d800000, 0x000000045d800000| Untracked 
| 160|0x000000045d800000, 0x000000045e000000, 0x000000045e000000|100%| O|  |TAMS 0x000000045e000000, 0x000000045e000000| Untracked 
| 161|0x000000045e000000, 0x000000045e800000, 0x000000045e800000|100%| O|  |TAMS 0x000000045e800000, 0x000000045e800000| Untracked 
| 162|0x000000045e800000, 0x000000045f000000, 0x000000045f000000|100%| O|  |TAMS 0x000000045f000000, 0x000000045f000000| Untracked 
| 163|0x000000045f000000, 0x000000045f800000, 0x000000045f800000|100%| O|  |TAMS 0x000000045f800000, 0x000000045f800000| Untracked 
| 164|0x000000045f800000, 0x0000000460000000, 0x0000000460000000|100%| O|  |TAMS 0x0000000460000000, 0x0000000460000000| Untracked 
| 165|0x0000000460000000, 0x0000000460800000, 0x0000000460800000|100%| O|  |TAMS 0x0000000460800000, 0x0000000460800000| Untracked 
| 166|0x0000000460800000, 0x0000000461000000, 0x0000000461000000|100%| O|  |TAMS 0x0000000461000000, 0x0000000461000000| Untracked 
| 167|0x0000000461000000, 0x0000000461800000, 0x0000000461800000|100%| O|  |TAMS 0x0000000461800000, 0x0000000461800000| Untracked 
| 168|0x0000000461800000, 0x0000000462000000, 0x0000000462000000|100%| O|  |TAMS 0x0000000462000000, 0x0000000462000000| Untracked 
| 169|0x0000000462000000, 0x0000000462800000, 0x0000000462800000|100%| O|  |TAMS 0x0000000462800000, 0x0000000462800000| Untracked 
| 170|0x0000000462800000, 0x0000000463000000, 0x0000000463000000|100%| O|  |TAMS 0x0000000463000000, 0x0000000463000000| Untracked 
| 171|0x0000000463000000, 0x0000000463800000, 0x0000000463800000|100%| O|  |TAMS 0x0000000463800000, 0x0000000463800000| Untracked 
| 172|0x0000000463800000, 0x0000000464000000, 0x0000000464000000|100%| O|  |TAMS 0x0000000464000000, 0x0000000464000000| Untracked 
| 173|0x0000000464000000, 0x0000000464800000, 0x0000000464800000|100%| O|  |TAMS 0x0000000464800000, 0x0000000464800000| Untracked 
| 174|0x0000000464800000, 0x0000000465000000, 0x0000000465000000|100%| O|  |TAMS 0x0000000465000000, 0x0000000465000000| Untracked 
| 175|0x0000000465000000, 0x0000000465800000, 0x0000000465800000|100%| O|  |TAMS 0x0000000465800000, 0x0000000465800000| Untracked 
| 176|0x0000000465800000, 0x0000000465800000, 0x0000000466000000|  0%| F|  |TAMS 0x0000000465800000, 0x0000000465800000| Untracked 
| 177|0x0000000466000000, 0x0000000466000000, 0x0000000466800000|  0%| F|  |TAMS 0x0000000466000000, 0x0000000466000000| Untracked 
| 178|0x0000000466800000, 0x0000000466800000, 0x0000000467000000|  0%| F|  |TAMS 0x0000000466800000, 0x0000000466800000| Untracked 
| 179|0x0000000467000000, 0x0000000467000000, 0x0000000467800000|  0%| F|  |TAMS 0x0000000467000000, 0x0000000467000000| Untracked 
| 180|0x0000000467800000, 0x0000000467800000, 0x0000000468000000|  0%| F|  |TAMS 0x0000000467800000, 0x0000000467800000| Untracked 
| 181|0x0000000468000000, 0x0000000468000000, 0x0000000468800000|  0%| F|  |TAMS 0x0000000468000000, 0x0000000468000000| Untracked 
| 182|0x0000000468800000, 0x0000000468800000, 0x0000000469000000|  0%| F|  |TAMS 0x0000000468800000, 0x0000000468800000| Untracked 
| 183|0x0000000469000000, 0x0000000469000000, 0x0000000469800000|  0%| F|  |TAMS 0x0000000469000000, 0x0000000469000000| Untracked 
| 184|0x0000000469800000, 0x0000000469800000, 0x000000046a000000|  0%| F|  |TAMS 0x0000000469800000, 0x0000000469800000| Untracked 
| 185|0x000000046a000000, 0x000000046a000000, 0x000000046a800000|  0%| F|  |TAMS 0x000000046a000000, 0x000000046a000000| Untracked 
| 186|0x000000046a800000, 0x000000046a800000, 0x000000046b000000|  0%| F|  |TAMS 0x000000046a800000, 0x000000046a800000| Untracked 
| 187|0x000000046b000000, 0x000000046b000000, 0x000000046b800000|  0%| F|  |TAMS 0x000000046b000000, 0x000000046b000000| Untracked 
| 188|0x000000046b800000, 0x000000046b800000, 0x000000046c000000|  0%| F|  |TAMS 0x000000046b800000, 0x000000046b800000| Untracked 
| 189|0x000000046c000000, 0x000000046c000000, 0x000000046c800000|  0%| F|  |TAMS 0x000000046c000000, 0x000000046c000000| Untracked 
| 190|0x000000046c800000, 0x000000046c800000, 0x000000046d000000|  0%| F|  |TAMS 0x000000046c800000, 0x000000046c800000| Untracked 
| 191|0x000000046d000000, 0x000000046d000000, 0x000000046d800000|  0%| F|  |TAMS 0x000000046d000000, 0x000000046d000000| Untracked 
| 192|0x000000046d800000, 0x000000046d800000, 0x000000046e000000|  0%| F|  |TAMS 0x000000046d800000, 0x000000046d800000| Untracked 
| 193|0x000000046e000000, 0x000000046e000000, 0x000000046e800000|  0%| F|  |TAMS 0x000000046e000000, 0x000000046e000000| Untracked 
| 194|0x000000046e800000, 0x000000046e800000, 0x000000046f000000|  0%| F|  |TAMS 0x000000046e800000, 0x000000046e800000| Untracked 
| 195|0x000000046f000000, 0x000000046f000000, 0x000000046f800000|  0%| F|  |TAMS 0x000000046f000000, 0x000000046f000000| Untracked 
| 196|0x000000046f800000, 0x000000046f800000, 0x0000000470000000|  0%| F|  |TAMS 0x000000046f800000, 0x000000046f800000| Untracked 
| 197|0x0000000470000000, 0x0000000470000000, 0x0000000470800000|  0%| F|  |TAMS 0x0000000470000000, 0x0000000470000000| Untracked 
| 198|0x0000000470800000, 0x0000000470800000, 0x0000000471000000|  0%| F|  |TAMS 0x0000000470800000, 0x0000000470800000| Untracked 
| 199|0x0000000471000000, 0x0000000471000000, 0x0000000471800000|  0%| F|  |TAMS 0x0000000471000000, 0x0000000471000000| Untracked 
| 200|0x0000000471800000, 0x0000000471800000, 0x0000000472000000|  0%| F|  |TAMS 0x0000000471800000, 0x0000000471800000| Untracked 
| 201|0x0000000472000000, 0x0000000472000000, 0x0000000472800000|  0%| F|  |TAMS 0x0000000472000000, 0x0000000472000000| Untracked 
| 202|0x0000000472800000, 0x0000000472800000, 0x0000000473000000|  0%| F|  |TAMS 0x0000000472800000, 0x0000000472800000| Untracked 
| 203|0x0000000473000000, 0x0000000473000000, 0x0000000473800000|  0%| F|  |TAMS 0x0000000473000000, 0x0000000473000000| Untracked 
| 204|0x0000000473800000, 0x0000000473800000, 0x0000000474000000|  0%| F|  |TAMS 0x0000000473800000, 0x0000000473800000| Untracked 
| 205|0x0000000474000000, 0x00000004746159e0, 0x0000000474800000| 76%| S|CS|TAMS 0x0000000474000000, 0x0000000474000000| Complete 
| 206|0x0000000474800000, 0x0000000475000000, 0x0000000475000000|100%| S|CS|TAMS 0x0000000474800000, 0x0000000474800000| Complete 
| 207|0x0000000475000000, 0x0000000475000000, 0x0000000475800000|  0%| F|  |TAMS 0x0000000475000000, 0x0000000475000000| Untracked 
| 208|0x0000000475800000, 0x0000000475800000, 0x0000000476000000|  0%| F|  |TAMS 0x0000000475800000, 0x0000000475800000| Untracked 
| 209|0x0000000476000000, 0x0000000476000000, 0x0000000476800000|  0%| F|  |TAMS 0x0000000476000000, 0x0000000476000000| Untracked 
| 210|0x0000000476800000, 0x0000000476800000, 0x0000000477000000|  0%| F|  |TAMS 0x0000000476800000, 0x0000000476800000| Untracked 
| 211|0x0000000477000000, 0x0000000477000000, 0x0000000477800000|  0%| F|  |TAMS 0x0000000477000000, 0x0000000477000000| Untracked 
| 212|0x0000000477800000, 0x0000000477800000, 0x0000000478000000|  0%| F|  |TAMS 0x0000000477800000, 0x0000000477800000| Untracked 
| 213|0x0000000478000000, 0x0000000478000000, 0x0000000478800000|  0%| F|  |TAMS 0x0000000478000000, 0x0000000478000000| Untracked 
| 214|0x0000000478800000, 0x0000000478800000, 0x0000000479000000|  0%| F|  |TAMS 0x0000000478800000, 0x0000000478800000| Untracked 
| 215|0x0000000479000000, 0x0000000479000000, 0x0000000479800000|  0%| F|  |TAMS 0x0000000479000000, 0x0000000479000000| Untracked 
| 216|0x0000000479800000, 0x0000000479800000, 0x000000047a000000|  0%| F|  |TAMS 0x0000000479800000, 0x0000000479800000| Untracked 
| 217|0x000000047a000000, 0x000000047a000000, 0x000000047a800000|  0%| F|  |TAMS 0x000000047a000000, 0x000000047a000000| Untracked 
| 218|0x000000047a800000, 0x000000047a800000, 0x000000047b000000|  0%| F|  |TAMS 0x000000047a800000, 0x000000047a800000| Untracked 
| 219|0x000000047b000000, 0x000000047b000000, 0x000000047b800000|  0%| F|  |TAMS 0x000000047b000000, 0x000000047b000000| Untracked 
| 220|0x000000047b800000, 0x000000047b800000, 0x000000047c000000|  0%| F|  |TAMS 0x000000047b800000, 0x000000047b800000| Untracked 
| 221|0x000000047c000000, 0x000000047c000000, 0x000000047c800000|  0%| F|  |TAMS 0x000000047c000000, 0x000000047c000000| Untracked 
| 222|0x000000047c800000, 0x000000047c800000, 0x000000047d000000|  0%| F|  |TAMS 0x000000047c800000, 0x000000047c800000| Untracked 
| 223|0x000000047d000000, 0x000000047d000000, 0x000000047d800000|  0%| F|  |TAMS 0x000000047d000000, 0x000000047d000000| Untracked 
| 224|0x000000047d800000, 0x000000047d800000, 0x000000047e000000|  0%| F|  |TAMS 0x000000047d800000, 0x000000047d800000| Untracked 
| 225|0x000000047e000000, 0x000000047e000000, 0x000000047e800000|  0%| F|  |TAMS 0x000000047e000000, 0x000000047e000000| Untracked 
| 226|0x000000047e800000, 0x000000047e800000, 0x000000047f000000|  0%| F|  |TAMS 0x000000047e800000, 0x000000047e800000| Untracked 
| 227|0x000000047f000000, 0x000000047f000000, 0x000000047f800000|  0%| F|  |TAMS 0x000000047f000000, 0x000000047f000000| Untracked 
| 228|0x000000047f800000, 0x000000047f800000, 0x0000000480000000|  0%| F|  |TAMS 0x000000047f800000, 0x000000047f800000| Untracked 
| 229|0x0000000480000000, 0x0000000480000000, 0x0000000480800000|  0%| F|  |TAMS 0x0000000480000000, 0x0000000480000000| Untracked 
| 230|0x0000000480800000, 0x0000000480800000, 0x0000000481000000|  0%| F|  |TAMS 0x0000000480800000, 0x0000000480800000| Untracked 
| 231|0x0000000481000000, 0x0000000481000000, 0x0000000481800000|  0%| F|  |TAMS 0x0000000481000000, 0x0000000481000000| Untracked 
| 232|0x0000000481800000, 0x0000000481800000, 0x0000000482000000|  0%| F|  |TAMS 0x0000000481800000, 0x0000000481800000| Untracked 
| 233|0x0000000482000000, 0x0000000482000000, 0x0000000482800000|  0%| F|  |TAMS 0x0000000482000000, 0x0000000482000000| Untracked 
| 234|0x0000000482800000, 0x0000000482800000, 0x0000000483000000|  0%| F|  |TAMS 0x0000000482800000, 0x0000000482800000| Untracked 
| 235|0x0000000483000000, 0x0000000483000000, 0x0000000483800000|  0%| F|  |TAMS 0x0000000483000000, 0x0000000483000000| Untracked 
| 236|0x0000000483800000, 0x0000000483800000, 0x0000000484000000|  0%| F|  |TAMS 0x0000000483800000, 0x0000000483800000| Untracked 
| 237|0x0000000484000000, 0x0000000484000000, 0x0000000484800000|  0%| F|  |TAMS 0x0000000484000000, 0x0000000484000000| Untracked 
| 238|0x0000000484800000, 0x0000000484800000, 0x0000000485000000|  0%| F|  |TAMS 0x0000000484800000, 0x0000000484800000| Untracked 
| 239|0x0000000485000000, 0x0000000485000000, 0x0000000485800000|  0%| F|  |TAMS 0x0000000485000000, 0x0000000485000000| Untracked 
| 240|0x0000000485800000, 0x0000000485800000, 0x0000000486000000|  0%| F|  |TAMS 0x0000000485800000, 0x0000000485800000| Untracked 
| 241|0x0000000486000000, 0x0000000486000000, 0x0000000486800000|  0%| F|  |TAMS 0x0000000486000000, 0x0000000486000000| Untracked 
| 242|0x0000000486800000, 0x0000000486800000, 0x0000000487000000|  0%| F|  |TAMS 0x0000000486800000, 0x0000000486800000| Untracked 
| 243|0x0000000487000000, 0x0000000487000000, 0x0000000487800000|  0%| F|  |TAMS 0x0000000487000000, 0x0000000487000000| Untracked 
| 244|0x0000000487800000, 0x0000000487800000, 0x0000000488000000|  0%| F|  |TAMS 0x0000000487800000, 0x0000000487800000| Untracked 
| 245|0x0000000488000000, 0x0000000488000000, 0x0000000488800000|  0%| F|  |TAMS 0x0000000488000000, 0x0000000488000000| Untracked 
| 246|0x0000000488800000, 0x0000000488800000, 0x0000000489000000|  0%| F|  |TAMS 0x0000000488800000, 0x0000000488800000| Untracked 
| 247|0x0000000489000000, 0x0000000489000000, 0x0000000489800000|  0%| F|  |TAMS 0x0000000489000000, 0x0000000489000000| Untracked 
| 248|0x0000000489800000, 0x0000000489800000, 0x000000048a000000|  0%| F|  |TAMS 0x0000000489800000, 0x0000000489800000| Untracked 
| 249|0x000000048a000000, 0x000000048a000000, 0x000000048a800000|  0%| F|  |TAMS 0x000000048a000000, 0x000000048a000000| Untracked 
| 250|0x000000048a800000, 0x000000048a800000, 0x000000048b000000|  0%| F|  |TAMS 0x000000048a800000, 0x000000048a800000| Untracked 
| 251|0x000000048b000000, 0x000000048b000000, 0x000000048b800000|  0%| F|  |TAMS 0x000000048b000000, 0x000000048b000000| Untracked 
| 252|0x000000048b800000, 0x000000048b800000, 0x000000048c000000|  0%| F|  |TAMS 0x000000048b800000, 0x000000048b800000| Untracked 
| 253|0x000000048c000000, 0x000000048c000000, 0x000000048c800000|  0%| F|  |TAMS 0x000000048c000000, 0x000000048c000000| Untracked 
| 254|0x000000048c800000, 0x000000048c800000, 0x000000048d000000|  0%| F|  |TAMS 0x000000048c800000, 0x000000048c800000| Untracked 
| 255|0x000000048d000000, 0x000000048d000000, 0x000000048d800000|  0%| F|  |TAMS 0x000000048d000000, 0x000000048d000000| Untracked 
| 256|0x000000048d800000, 0x000000048d800000, 0x000000048e000000|  0%| F|  |TAMS 0x000000048d800000, 0x000000048d800000| Untracked 
| 257|0x000000048e000000, 0x000000048e000000, 0x000000048e800000|  0%| F|  |TAMS 0x000000048e000000, 0x000000048e000000| Untracked 
| 258|0x000000048e800000, 0x000000048e800000, 0x000000048f000000|  0%| F|  |TAMS 0x000000048e800000, 0x000000048e800000| Untracked 
| 259|0x000000048f000000, 0x000000048f000000, 0x000000048f800000|  0%| F|  |TAMS 0x000000048f000000, 0x000000048f000000| Untracked 
| 260|0x000000048f800000, 0x000000048f800000, 0x0000000490000000|  0%| F|  |TAMS 0x000000048f800000, 0x000000048f800000| Untracked 
| 261|0x0000000490000000, 0x0000000490000000, 0x0000000490800000|  0%| F|  |TAMS 0x0000000490000000, 0x0000000490000000| Untracked 
| 262|0x0000000490800000, 0x0000000490800000, 0x0000000491000000|  0%| F|  |TAMS 0x0000000490800000, 0x0000000490800000| Untracked 
| 263|0x0000000491000000, 0x0000000491000000, 0x0000000491800000|  0%| F|  |TAMS 0x0000000491000000, 0x0000000491000000| Untracked 
| 264|0x0000000491800000, 0x0000000491800000, 0x0000000492000000|  0%| F|  |TAMS 0x0000000491800000, 0x0000000491800000| Untracked 
| 265|0x0000000492000000, 0x0000000492000000, 0x0000000492800000|  0%| F|  |TAMS 0x0000000492000000, 0x0000000492000000| Untracked 
| 266|0x0000000492800000, 0x0000000492800000, 0x0000000493000000|  0%| F|  |TAMS 0x0000000492800000, 0x0000000492800000| Untracked 
| 267|0x0000000493000000, 0x0000000493000000, 0x0000000493800000|  0%| F|  |TAMS 0x0000000493000000, 0x0000000493000000| Untracked 
| 268|0x0000000493800000, 0x0000000493800000, 0x0000000494000000|  0%| F|  |TAMS 0x0000000493800000, 0x0000000493800000| Untracked 
| 269|0x0000000494000000, 0x0000000494000000, 0x0000000494800000|  0%| F|  |TAMS 0x0000000494000000, 0x0000000494000000| Untracked 
| 270|0x0000000494800000, 0x0000000494800000, 0x0000000495000000|  0%| F|  |TAMS 0x0000000494800000, 0x0000000494800000| Untracked 
| 271|0x0000000495000000, 0x0000000495000000, 0x0000000495800000|  0%| F|  |TAMS 0x0000000495000000, 0x0000000495000000| Untracked 
| 272|0x0000000495800000, 0x0000000495800000, 0x0000000496000000|  0%| F|  |TAMS 0x0000000495800000, 0x0000000495800000| Untracked 
| 273|0x0000000496000000, 0x0000000496000000, 0x0000000496800000|  0%| F|  |TAMS 0x0000000496000000, 0x0000000496000000| Untracked 
| 274|0x0000000496800000, 0x0000000496800000, 0x0000000497000000|  0%| F|  |TAMS 0x0000000496800000, 0x0000000496800000| Untracked 
| 275|0x0000000497000000, 0x0000000497000000, 0x0000000497800000|  0%| F|  |TAMS 0x0000000497000000, 0x0000000497000000| Untracked 
| 276|0x0000000497800000, 0x0000000497800000, 0x0000000498000000|  0%| F|  |TAMS 0x0000000497800000, 0x0000000497800000| Untracked 
| 277|0x0000000498000000, 0x0000000498000000, 0x0000000498800000|  0%| F|  |TAMS 0x0000000498000000, 0x0000000498000000| Untracked 
| 278|0x0000000498800000, 0x0000000498800000, 0x0000000499000000|  0%| F|  |TAMS 0x0000000498800000, 0x0000000498800000| Untracked 
| 279|0x0000000499000000, 0x0000000499000000, 0x0000000499800000|  0%| F|  |TAMS 0x0000000499000000, 0x0000000499000000| Untracked 
| 280|0x0000000499800000, 0x0000000499800000, 0x000000049a000000|  0%| F|  |TAMS 0x0000000499800000, 0x0000000499800000| Untracked 
| 281|0x000000049a000000, 0x000000049a000000, 0x000000049a800000|  0%| F|  |TAMS 0x000000049a000000, 0x000000049a000000| Untracked 
| 282|0x000000049a800000, 0x000000049a800000, 0x000000049b000000|  0%| F|  |TAMS 0x000000049a800000, 0x000000049a800000| Untracked 
| 283|0x000000049b000000, 0x000000049b000000, 0x000000049b800000|  0%| F|  |TAMS 0x000000049b000000, 0x000000049b000000| Untracked 
| 284|0x000000049b800000, 0x000000049b800000, 0x000000049c000000|  0%| F|  |TAMS 0x000000049b800000, 0x000000049b800000| Untracked 
| 285|0x000000049c000000, 0x000000049c000000, 0x000000049c800000|  0%| F|  |TAMS 0x000000049c000000, 0x000000049c000000| Untracked 
| 286|0x000000049c800000, 0x000000049c800000, 0x000000049d000000|  0%| F|  |TAMS 0x000000049c800000, 0x000000049c800000| Untracked 
| 287|0x000000049d000000, 0x000000049d000000, 0x000000049d800000|  0%| F|  |TAMS 0x000000049d000000, 0x000000049d000000| Untracked 
| 288|0x000000049d800000, 0x000000049d800000, 0x000000049e000000|  0%| F|  |TAMS 0x000000049d800000, 0x000000049d800000| Untracked 
| 289|0x000000049e000000, 0x000000049e000000, 0x000000049e800000|  0%| F|  |TAMS 0x000000049e000000, 0x000000049e000000| Untracked 
| 290|0x000000049e800000, 0x000000049e800000, 0x000000049f000000|  0%| F|  |TAMS 0x000000049e800000, 0x000000049e800000| Untracked 
| 291|0x000000049f000000, 0x000000049f000000, 0x000000049f800000|  0%| F|  |TAMS 0x000000049f000000, 0x000000049f000000| Untracked 
| 292|0x000000049f800000, 0x000000049f800000, 0x00000004a0000000|  0%| F|  |TAMS 0x000000049f800000, 0x000000049f800000| Untracked 
| 293|0x00000004a0000000, 0x00000004a0000000, 0x00000004a0800000|  0%| F|  |TAMS 0x00000004a0000000, 0x00000004a0000000| Untracked 
| 294|0x00000004a0800000, 0x00000004a0800000, 0x00000004a1000000|  0%| F|  |TAMS 0x00000004a0800000, 0x00000004a0800000| Untracked 
| 295|0x00000004a1000000, 0x00000004a1000000, 0x00000004a1800000|  0%| F|  |TAMS 0x00000004a1000000, 0x00000004a1000000| Untracked 
| 296|0x00000004a1800000, 0x00000004a1800000, 0x00000004a2000000|  0%| F|  |TAMS 0x00000004a1800000, 0x00000004a1800000| Untracked 
| 297|0x00000004a2000000, 0x00000004a2000000, 0x00000004a2800000|  0%| F|  |TAMS 0x00000004a2000000, 0x00000004a2000000| Untracked 
| 298|0x00000004a2800000, 0x00000004a2800000, 0x00000004a3000000|  0%| F|  |TAMS 0x00000004a2800000, 0x00000004a2800000| Untracked 
| 299|0x00000004a3000000, 0x00000004a3000000, 0x00000004a3800000|  0%| F|  |TAMS 0x00000004a3000000, 0x00000004a3000000| Untracked 
| 300|0x00000004a3800000, 0x00000004a3800000, 0x00000004a4000000|  0%| F|  |TAMS 0x00000004a3800000, 0x00000004a3800000| Untracked 
| 301|0x00000004a4000000, 0x00000004a4000000, 0x00000004a4800000|  0%| F|  |TAMS 0x00000004a4000000, 0x00000004a4000000| Untracked 
| 302|0x00000004a4800000, 0x00000004a4800000, 0x00000004a5000000|  0%| F|  |TAMS 0x00000004a4800000, 0x00000004a4800000| Untracked 
| 303|0x00000004a5000000, 0x00000004a5000000, 0x00000004a5800000|  0%| F|  |TAMS 0x00000004a5000000, 0x00000004a5000000| Untracked 
| 304|0x00000004a5800000, 0x00000004a5800000, 0x00000004a6000000|  0%| F|  |TAMS 0x00000004a5800000, 0x00000004a5800000| Untracked 
| 305|0x00000004a6000000, 0x00000004a6000000, 0x00000004a6800000|  0%| F|  |TAMS 0x00000004a6000000, 0x00000004a6000000| Untracked 
| 306|0x00000004a6800000, 0x00000004a6800000, 0x00000004a7000000|  0%| F|  |TAMS 0x00000004a6800000, 0x00000004a6800000| Untracked 
| 307|0x00000004a7000000, 0x00000004a7000000, 0x00000004a7800000|  0%| F|  |TAMS 0x00000004a7000000, 0x00000004a7000000| Untracked 
| 308|0x00000004a7800000, 0x00000004a7800000, 0x00000004a8000000|  0%| F|  |TAMS 0x00000004a7800000, 0x00000004a7800000| Untracked 
| 309|0x00000004a8000000, 0x00000004a8000000, 0x00000004a8800000|  0%| F|  |TAMS 0x00000004a8000000, 0x00000004a8000000| Untracked 
| 310|0x00000004a8800000, 0x00000004a8800000, 0x00000004a9000000|  0%| F|  |TAMS 0x00000004a8800000, 0x00000004a8800000| Untracked 
| 311|0x00000004a9000000, 0x00000004a9000000, 0x00000004a9800000|  0%| F|  |TAMS 0x00000004a9000000, 0x00000004a9000000| Untracked 
| 312|0x00000004a9800000, 0x00000004a9800000, 0x00000004aa000000|  0%| F|  |TAMS 0x00000004a9800000, 0x00000004a9800000| Untracked 
| 313|0x00000004aa000000, 0x00000004aa000000, 0x00000004aa800000|  0%| F|  |TAMS 0x00000004aa000000, 0x00000004aa000000| Untracked 
| 314|0x00000004aa800000, 0x00000004aa800000, 0x00000004ab000000|  0%| F|  |TAMS 0x00000004aa800000, 0x00000004aa800000| Untracked 
| 315|0x00000004ab000000, 0x00000004ab000000, 0x00000004ab800000|  0%| F|  |TAMS 0x00000004ab000000, 0x00000004ab000000| Untracked 
| 316|0x00000004ab800000, 0x00000004ab800000, 0x00000004ac000000|  0%| F|  |TAMS 0x00000004ab800000, 0x00000004ab800000| Untracked 
| 317|0x00000004ac000000, 0x00000004ac000000, 0x00000004ac800000|  0%| F|  |TAMS 0x00000004ac000000, 0x00000004ac000000| Untracked 
| 318|0x00000004ac800000, 0x00000004ac800000, 0x00000004ad000000|  0%| F|  |TAMS 0x00000004ac800000, 0x00000004ac800000| Untracked 
| 319|0x00000004ad000000, 0x00000004ad000000, 0x00000004ad800000|  0%| F|  |TAMS 0x00000004ad000000, 0x00000004ad000000| Untracked 
| 320|0x00000004ad800000, 0x00000004ad800000, 0x00000004ae000000|  0%| F|  |TAMS 0x00000004ad800000, 0x00000004ad800000| Untracked 
| 321|0x00000004ae000000, 0x00000004ae000000, 0x00000004ae800000|  0%| F|  |TAMS 0x00000004ae000000, 0x00000004ae000000| Untracked 
| 322|0x00000004ae800000, 0x00000004ae800000, 0x00000004af000000|  0%| F|  |TAMS 0x00000004ae800000, 0x00000004ae800000| Untracked 
| 323|0x00000004af000000, 0x00000004af000000, 0x00000004af800000|  0%| F|  |TAMS 0x00000004af000000, 0x00000004af000000| Untracked 
| 324|0x00000004af800000, 0x00000004af800000, 0x00000004b0000000|  0%| F|  |TAMS 0x00000004af800000, 0x00000004af800000| Untracked 
| 325|0x00000004b0000000, 0x00000004b0000000, 0x00000004b0800000|  0%| F|  |TAMS 0x00000004b0000000, 0x00000004b0000000| Untracked 
| 326|0x00000004b0800000, 0x00000004b0800000, 0x00000004b1000000|  0%| F|  |TAMS 0x00000004b0800000, 0x00000004b0800000| Untracked 
| 327|0x00000004b1000000, 0x00000004b1000000, 0x00000004b1800000|  0%| F|  |TAMS 0x00000004b1000000, 0x00000004b1000000| Untracked 
| 328|0x00000004b1800000, 0x00000004b1800000, 0x00000004b2000000|  0%| F|  |TAMS 0x00000004b1800000, 0x00000004b1800000| Untracked 
| 329|0x00000004b2000000, 0x00000004b2000000, 0x00000004b2800000|  0%| F|  |TAMS 0x00000004b2000000, 0x00000004b2000000| Untracked 
| 330|0x00000004b2800000, 0x00000004b2800000, 0x00000004b3000000|  0%| F|  |TAMS 0x00000004b2800000, 0x00000004b2800000| Untracked 
| 331|0x00000004b3000000, 0x00000004b3000000, 0x00000004b3800000|  0%| F|  |TAMS 0x00000004b3000000, 0x00000004b3000000| Untracked 
| 332|0x00000004b3800000, 0x00000004b3800000, 0x00000004b4000000|  0%| F|  |TAMS 0x00000004b3800000, 0x00000004b3800000| Untracked 
| 333|0x00000004b4000000, 0x00000004b4000000, 0x00000004b4800000|  0%| F|  |TAMS 0x00000004b4000000, 0x00000004b4000000| Untracked 
| 334|0x00000004b4800000, 0x00000004b4800000, 0x00000004b5000000|  0%| F|  |TAMS 0x00000004b4800000, 0x00000004b4800000| Untracked 
| 335|0x00000004b5000000, 0x00000004b5000000, 0x00000004b5800000|  0%| F|  |TAMS 0x00000004b5000000, 0x00000004b5000000| Untracked 
| 336|0x00000004b5800000, 0x00000004b5800000, 0x00000004b6000000|  0%| F|  |TAMS 0x00000004b5800000, 0x00000004b5800000| Untracked 
| 337|0x00000004b6000000, 0x00000004b6000000, 0x00000004b6800000|  0%| F|  |TAMS 0x00000004b6000000, 0x00000004b6000000| Untracked 
| 338|0x00000004b6800000, 0x00000004b6800000, 0x00000004b7000000|  0%| F|  |TAMS 0x00000004b6800000, 0x00000004b6800000| Untracked 
| 339|0x00000004b7000000, 0x00000004b7000000, 0x00000004b7800000|  0%| F|  |TAMS 0x00000004b7000000, 0x00000004b7000000| Untracked 
| 340|0x00000004b7800000, 0x00000004b7800000, 0x00000004b8000000|  0%| F|  |TAMS 0x00000004b7800000, 0x00000004b7800000| Untracked 
| 341|0x00000004b8000000, 0x00000004b8000000, 0x00000004b8800000|  0%| F|  |TAMS 0x00000004b8000000, 0x00000004b8000000| Untracked 
| 342|0x00000004b8800000, 0x00000004b8800000, 0x00000004b9000000|  0%| F|  |TAMS 0x00000004b8800000, 0x00000004b8800000| Untracked 
| 343|0x00000004b9000000, 0x00000004b9000000, 0x00000004b9800000|  0%| F|  |TAMS 0x00000004b9000000, 0x00000004b9000000| Untracked 
| 344|0x00000004b9800000, 0x00000004b9800000, 0x00000004ba000000|  0%| F|  |TAMS 0x00000004b9800000, 0x00000004b9800000| Untracked 
| 345|0x00000004ba000000, 0x00000004ba000000, 0x00000004ba800000|  0%| F|  |TAMS 0x00000004ba000000, 0x00000004ba000000| Untracked 
| 346|0x00000004ba800000, 0x00000004ba800000, 0x00000004bb000000|  0%| F|  |TAMS 0x00000004ba800000, 0x00000004ba800000| Untracked 
| 347|0x00000004bb000000, 0x00000004bb000000, 0x00000004bb800000|  0%| F|  |TAMS 0x00000004bb000000, 0x00000004bb000000| Untracked 
| 348|0x00000004bb800000, 0x00000004bb800000, 0x00000004bc000000|  0%| F|  |TAMS 0x00000004bb800000, 0x00000004bb800000| Untracked 
| 349|0x00000004bc000000, 0x00000004bc000000, 0x00000004bc800000|  0%| F|  |TAMS 0x00000004bc000000, 0x00000004bc000000| Untracked 
| 350|0x00000004bc800000, 0x00000004bc800000, 0x00000004bd000000|  0%| F|  |TAMS 0x00000004bc800000, 0x00000004bc800000| Untracked 
| 351|0x00000004bd000000, 0x00000004bd000000, 0x00000004bd800000|  0%| F|  |TAMS 0x00000004bd000000, 0x00000004bd000000| Untracked 
| 352|0x00000004bd800000, 0x00000004bd800000, 0x00000004be000000|  0%| F|  |TAMS 0x00000004bd800000, 0x00000004bd800000| Untracked 
| 353|0x00000004be000000, 0x00000004be000000, 0x00000004be800000|  0%| F|  |TAMS 0x00000004be000000, 0x00000004be000000| Untracked 
| 354|0x00000004be800000, 0x00000004be800000, 0x00000004bf000000|  0%| F|  |TAMS 0x00000004be800000, 0x00000004be800000| Untracked 
| 355|0x00000004bf000000, 0x00000004bf000000, 0x00000004bf800000|  0%| F|  |TAMS 0x00000004bf000000, 0x00000004bf000000| Untracked 
| 356|0x00000004bf800000, 0x00000004bf800000, 0x00000004c0000000|  0%| F|  |TAMS 0x00000004bf800000, 0x00000004bf800000| Untracked 
| 357|0x00000004c0000000, 0x00000004c0000000, 0x00000004c0800000|  0%| F|  |TAMS 0x00000004c0000000, 0x00000004c0000000| Untracked 
| 358|0x00000004c0800000, 0x00000004c0800000, 0x00000004c1000000|  0%| F|  |TAMS 0x00000004c0800000, 0x00000004c0800000| Untracked 
| 359|0x00000004c1000000, 0x00000004c1000000, 0x00000004c1800000|  0%| F|  |TAMS 0x00000004c1000000, 0x00000004c1000000| Untracked 
| 360|0x00000004c1800000, 0x00000004c1800000, 0x00000004c2000000|  0%| F|  |TAMS 0x00000004c1800000, 0x00000004c1800000| Untracked 
| 361|0x00000004c2000000, 0x00000004c2000000, 0x00000004c2800000|  0%| F|  |TAMS 0x00000004c2000000, 0x00000004c2000000| Untracked 
| 362|0x00000004c2800000, 0x00000004c2800000, 0x00000004c3000000|  0%| F|  |TAMS 0x00000004c2800000, 0x00000004c2800000| Untracked 
| 363|0x00000004c3000000, 0x00000004c3000000, 0x00000004c3800000|  0%| F|  |TAMS 0x00000004c3000000, 0x00000004c3000000| Untracked 
| 364|0x00000004c3800000, 0x00000004c3800000, 0x00000004c4000000|  0%| F|  |TAMS 0x00000004c3800000, 0x00000004c3800000| Untracked 
| 365|0x00000004c4000000, 0x00000004c4000000, 0x00000004c4800000|  0%| F|  |TAMS 0x00000004c4000000, 0x00000004c4000000| Untracked 
| 366|0x00000004c4800000, 0x00000004c4800000, 0x00000004c5000000|  0%| F|  |TAMS 0x00000004c4800000, 0x00000004c4800000| Untracked 
| 367|0x00000004c5000000, 0x00000004c5000000, 0x00000004c5800000|  0%| F|  |TAMS 0x00000004c5000000, 0x00000004c5000000| Untracked 
| 368|0x00000004c5800000, 0x00000004c5800000, 0x00000004c6000000|  0%| F|  |TAMS 0x00000004c5800000, 0x00000004c5800000| Untracked 
| 369|0x00000004c6000000, 0x00000004c6000000, 0x00000004c6800000|  0%| F|  |TAMS 0x00000004c6000000, 0x00000004c6000000| Untracked 
| 370|0x00000004c6800000, 0x00000004c6800000, 0x00000004c7000000|  0%| F|  |TAMS 0x00000004c6800000, 0x00000004c6800000| Untracked 
| 371|0x00000004c7000000, 0x00000004c7000000, 0x00000004c7800000|  0%| F|  |TAMS 0x00000004c7000000, 0x00000004c7000000| Untracked 
| 372|0x00000004c7800000, 0x00000004c7800000, 0x00000004c8000000|  0%| F|  |TAMS 0x00000004c7800000, 0x00000004c7800000| Untracked 
| 373|0x00000004c8000000, 0x00000004c8000000, 0x00000004c8800000|  0%| F|  |TAMS 0x00000004c8000000, 0x00000004c8000000| Untracked 
| 374|0x00000004c8800000, 0x00000004c8800000, 0x00000004c9000000|  0%| F|  |TAMS 0x00000004c8800000, 0x00000004c8800000| Untracked 
| 375|0x00000004c9000000, 0x00000004c9000000, 0x00000004c9800000|  0%| F|  |TAMS 0x00000004c9000000, 0x00000004c9000000| Untracked 
| 376|0x00000004c9800000, 0x00000004c9800000, 0x00000004ca000000|  0%| F|  |TAMS 0x00000004c9800000, 0x00000004c9800000| Untracked 
| 377|0x00000004ca000000, 0x00000004ca000000, 0x00000004ca800000|  0%| F|  |TAMS 0x00000004ca000000, 0x00000004ca000000| Untracked 
| 378|0x00000004ca800000, 0x00000004ca800000, 0x00000004cb000000|  0%| F|  |TAMS 0x00000004ca800000, 0x00000004ca800000| Untracked 
| 379|0x00000004cb000000, 0x00000004cb000000, 0x00000004cb800000|  0%| F|  |TAMS 0x00000004cb000000, 0x00000004cb000000| Untracked 
| 380|0x00000004cb800000, 0x00000004cb800000, 0x00000004cc000000|  0%| F|  |TAMS 0x00000004cb800000, 0x00000004cb800000| Untracked 
| 381|0x00000004cc000000, 0x00000004cc000000, 0x00000004cc800000|  0%| F|  |TAMS 0x00000004cc000000, 0x00000004cc000000| Untracked 
| 382|0x00000004cc800000, 0x00000004cc800000, 0x00000004cd000000|  0%| F|  |TAMS 0x00000004cc800000, 0x00000004cc800000| Untracked 
| 383|0x00000004cd000000, 0x00000004cd000000, 0x00000004cd800000|  0%| F|  |TAMS 0x00000004cd000000, 0x00000004cd000000| Untracked 
| 384|0x00000004cd800000, 0x00000004cd800000, 0x00000004ce000000|  0%| F|  |TAMS 0x00000004cd800000, 0x00000004cd800000| Untracked 
| 385|0x00000004ce000000, 0x00000004ce000000, 0x00000004ce800000|  0%| F|  |TAMS 0x00000004ce000000, 0x00000004ce000000| Untracked 
| 386|0x00000004ce800000, 0x00000004ce800000, 0x00000004cf000000|  0%| F|  |TAMS 0x00000004ce800000, 0x00000004ce800000| Untracked 
| 387|0x00000004cf000000, 0x00000004cf000000, 0x00000004cf800000|  0%| F|  |TAMS 0x00000004cf000000, 0x00000004cf000000| Untracked 
| 388|0x00000004cf800000, 0x00000004cf800000, 0x00000004d0000000|  0%| F|  |TAMS 0x00000004cf800000, 0x00000004cf800000| Untracked 
| 389|0x00000004d0000000, 0x00000004d0000000, 0x00000004d0800000|  0%| F|  |TAMS 0x00000004d0000000, 0x00000004d0000000| Untracked 
| 390|0x00000004d0800000, 0x00000004d0800000, 0x00000004d1000000|  0%| F|  |TAMS 0x00000004d0800000, 0x00000004d0800000| Untracked 
| 391|0x00000004d1000000, 0x00000004d1000000, 0x00000004d1800000|  0%| F|  |TAMS 0x00000004d1000000, 0x00000004d1000000| Untracked 
| 392|0x00000004d1800000, 0x00000004d1800000, 0x00000004d2000000|  0%| F|  |TAMS 0x00000004d1800000, 0x00000004d1800000| Untracked 
| 393|0x00000004d2000000, 0x00000004d2000000, 0x00000004d2800000|  0%| F|  |TAMS 0x00000004d2000000, 0x00000004d2000000| Untracked 
| 394|0x00000004d2800000, 0x00000004d2800000, 0x00000004d3000000|  0%| F|  |TAMS 0x00000004d2800000, 0x00000004d2800000| Untracked 
| 395|0x00000004d3000000, 0x00000004d3000000, 0x00000004d3800000|  0%| F|  |TAMS 0x00000004d3000000, 0x00000004d3000000| Untracked 
| 396|0x00000004d3800000, 0x00000004d3800000, 0x00000004d4000000|  0%| F|  |TAMS 0x00000004d3800000, 0x00000004d3800000| Untracked 
| 397|0x00000004d4000000, 0x00000004d4000000, 0x00000004d4800000|  0%| F|  |TAMS 0x00000004d4000000, 0x00000004d4000000| Untracked 
| 398|0x00000004d4800000, 0x00000004d4800000, 0x00000004d5000000|  0%| F|  |TAMS 0x00000004d4800000, 0x00000004d4800000| Untracked 
| 399|0x00000004d5000000, 0x00000004d5000000, 0x00000004d5800000|  0%| F|  |TAMS 0x00000004d5000000, 0x00000004d5000000| Untracked 
| 400|0x00000004d5800000, 0x00000004d5800000, 0x00000004d6000000|  0%| F|  |TAMS 0x00000004d5800000, 0x00000004d5800000| Untracked 
| 401|0x00000004d6000000, 0x00000004d6000000, 0x00000004d6800000|  0%| F|  |TAMS 0x00000004d6000000, 0x00000004d6000000| Untracked 
| 402|0x00000004d6800000, 0x00000004d6800000, 0x00000004d7000000|  0%| F|  |TAMS 0x00000004d6800000, 0x00000004d6800000| Untracked 
| 403|0x00000004d7000000, 0x00000004d7000000, 0x00000004d7800000|  0%| F|  |TAMS 0x00000004d7000000, 0x00000004d7000000| Untracked 
| 404|0x00000004d7800000, 0x00000004d7800000, 0x00000004d8000000|  0%| F|  |TAMS 0x00000004d7800000, 0x00000004d7800000| Untracked 
| 405|0x00000004d8000000, 0x00000004d8000000, 0x00000004d8800000|  0%| F|  |TAMS 0x00000004d8000000, 0x00000004d8000000| Untracked 
| 406|0x00000004d8800000, 0x00000004d8800000, 0x00000004d9000000|  0%| F|  |TAMS 0x00000004d8800000, 0x00000004d8800000| Untracked 
| 407|0x00000004d9000000, 0x00000004d9000000, 0x00000004d9800000|  0%| F|  |TAMS 0x00000004d9000000, 0x00000004d9000000| Untracked 
| 408|0x00000004d9800000, 0x00000004d9800000, 0x00000004da000000|  0%| F|  |TAMS 0x00000004d9800000, 0x00000004d9800000| Untracked 
| 409|0x00000004da000000, 0x00000004da000000, 0x00000004da800000|  0%| F|  |TAMS 0x00000004da000000, 0x00000004da000000| Untracked 
| 410|0x00000004da800000, 0x00000004da800000, 0x00000004db000000|  0%| F|  |TAMS 0x00000004da800000, 0x00000004da800000| Untracked 
| 411|0x00000004db000000, 0x00000004db000000, 0x00000004db800000|  0%| F|  |TAMS 0x00000004db000000, 0x00000004db000000| Untracked 
| 412|0x00000004db800000, 0x00000004db800000, 0x00000004dc000000|  0%| F|  |TAMS 0x00000004db800000, 0x00000004db800000| Untracked 
| 413|0x00000004dc000000, 0x00000004dc000000, 0x00000004dc800000|  0%| F|  |TAMS 0x00000004dc000000, 0x00000004dc000000| Untracked 
| 414|0x00000004dc800000, 0x00000004dc800000, 0x00000004dd000000|  0%| F|  |TAMS 0x00000004dc800000, 0x00000004dc800000| Untracked 
| 415|0x00000004dd000000, 0x00000004dd000000, 0x00000004dd800000|  0%| F|  |TAMS 0x00000004dd000000, 0x00000004dd000000| Untracked 
| 416|0x00000004dd800000, 0x00000004dd800000, 0x00000004de000000|  0%| F|  |TAMS 0x00000004dd800000, 0x00000004dd800000| Untracked 
| 417|0x00000004de000000, 0x00000004de000000, 0x00000004de800000|  0%| F|  |TAMS 0x00000004de000000, 0x00000004de000000| Untracked 
| 418|0x00000004de800000, 0x00000004de800000, 0x00000004df000000|  0%| F|  |TAMS 0x00000004de800000, 0x00000004de800000| Untracked 
| 419|0x00000004df000000, 0x00000004df000000, 0x00000004df800000|  0%| F|  |TAMS 0x00000004df000000, 0x00000004df000000| Untracked 
| 420|0x00000004df800000, 0x00000004df800000, 0x00000004e0000000|  0%| F|  |TAMS 0x00000004df800000, 0x00000004df800000| Untracked 
| 421|0x00000004e0000000, 0x00000004e0000000, 0x00000004e0800000|  0%| F|  |TAMS 0x00000004e0000000, 0x00000004e0000000| Untracked 
| 422|0x00000004e0800000, 0x00000004e0800000, 0x00000004e1000000|  0%| F|  |TAMS 0x00000004e0800000, 0x00000004e0800000| Untracked 
| 423|0x00000004e1000000, 0x00000004e1000000, 0x00000004e1800000|  0%| F|  |TAMS 0x00000004e1000000, 0x00000004e1000000| Untracked 
| 424|0x00000004e1800000, 0x00000004e1800000, 0x00000004e2000000|  0%| F|  |TAMS 0x00000004e1800000, 0x00000004e1800000| Untracked 
| 425|0x00000004e2000000, 0x00000004e2000000, 0x00000004e2800000|  0%| F|  |TAMS 0x00000004e2000000, 0x00000004e2000000| Untracked 
| 426|0x00000004e2800000, 0x00000004e2800000, 0x00000004e3000000|  0%| F|  |TAMS 0x00000004e2800000, 0x00000004e2800000| Untracked 
| 427|0x00000004e3000000, 0x00000004e3000000, 0x00000004e3800000|  0%| F|  |TAMS 0x00000004e3000000, 0x00000004e3000000| Untracked 
| 428|0x00000004e3800000, 0x00000004e3800000, 0x00000004e4000000|  0%| F|  |TAMS 0x00000004e3800000, 0x00000004e3800000| Untracked 
| 429|0x00000004e4000000, 0x00000004e4000000, 0x00000004e4800000|  0%| F|  |TAMS 0x00000004e4000000, 0x00000004e4000000| Untracked 
| 430|0x00000004e4800000, 0x00000004e4800000, 0x00000004e5000000|  0%| F|  |TAMS 0x00000004e4800000, 0x00000004e4800000| Untracked 
| 431|0x00000004e5000000, 0x00000004e5000000, 0x00000004e5800000|  0%| F|  |TAMS 0x00000004e5000000, 0x00000004e5000000| Untracked 
| 432|0x00000004e5800000, 0x00000004e5800000, 0x00000004e6000000|  0%| F|  |TAMS 0x00000004e5800000, 0x00000004e5800000| Untracked 
| 433|0x00000004e6000000, 0x00000004e6000000, 0x00000004e6800000|  0%| F|  |TAMS 0x00000004e6000000, 0x00000004e6000000| Untracked 
| 434|0x00000004e6800000, 0x00000004e6800000, 0x00000004e7000000|  0%| F|  |TAMS 0x00000004e6800000, 0x00000004e6800000| Untracked 
| 435|0x00000004e7000000, 0x00000004e7000000, 0x00000004e7800000|  0%| F|  |TAMS 0x00000004e7000000, 0x00000004e7000000| Untracked 
| 436|0x00000004e7800000, 0x00000004e7800000, 0x00000004e8000000|  0%| F|  |TAMS 0x00000004e7800000, 0x00000004e7800000| Untracked 
| 437|0x00000004e8000000, 0x00000004e8000000, 0x00000004e8800000|  0%| F|  |TAMS 0x00000004e8000000, 0x00000004e8000000| Untracked 
| 438|0x00000004e8800000, 0x00000004e8800000, 0x00000004e9000000|  0%| F|  |TAMS 0x00000004e8800000, 0x00000004e8800000| Untracked 
| 439|0x00000004e9000000, 0x00000004e9000000, 0x00000004e9800000|  0%| F|  |TAMS 0x00000004e9000000, 0x00000004e9000000| Untracked 
| 440|0x00000004e9800000, 0x00000004e9800000, 0x00000004ea000000|  0%| F|  |TAMS 0x00000004e9800000, 0x00000004e9800000| Untracked 
| 441|0x00000004ea000000, 0x00000004ea000000, 0x00000004ea800000|  0%| F|  |TAMS 0x00000004ea000000, 0x00000004ea000000| Untracked 
| 442|0x00000004ea800000, 0x00000004ea800000, 0x00000004eb000000|  0%| F|  |TAMS 0x00000004ea800000, 0x00000004ea800000| Untracked 
| 443|0x00000004eb000000, 0x00000004eb000000, 0x00000004eb800000|  0%| F|  |TAMS 0x00000004eb000000, 0x00000004eb000000| Untracked 
| 444|0x00000004eb800000, 0x00000004eb800000, 0x00000004ec000000|  0%| F|  |TAMS 0x00000004eb800000, 0x00000004eb800000| Untracked 
| 445|0x00000004ec000000, 0x00000004ec000000, 0x00000004ec800000|  0%| F|  |TAMS 0x00000004ec000000, 0x00000004ec000000| Untracked 
| 446|0x00000004ec800000, 0x00000004ec800000, 0x00000004ed000000|  0%| F|  |TAMS 0x00000004ec800000, 0x00000004ec800000| Untracked 
| 447|0x00000004ed000000, 0x00000004ed000000, 0x00000004ed800000|  0%| F|  |TAMS 0x00000004ed000000, 0x00000004ed000000| Untracked 
| 448|0x00000004ed800000, 0x00000004ed800000, 0x00000004ee000000|  0%| F|  |TAMS 0x00000004ed800000, 0x00000004ed800000| Untracked 
| 449|0x00000004ee000000, 0x00000004ee000000, 0x00000004ee800000|  0%| F|  |TAMS 0x00000004ee000000, 0x00000004ee000000| Untracked 
| 450|0x00000004ee800000, 0x00000004ee800000, 0x00000004ef000000|  0%| F|  |TAMS 0x00000004ee800000, 0x00000004ee800000| Untracked 
| 451|0x00000004ef000000, 0x00000004ef000000, 0x00000004ef800000|  0%| F|  |TAMS 0x00000004ef000000, 0x00000004ef000000| Untracked 
| 452|0x00000004ef800000, 0x00000004ef800000, 0x00000004f0000000|  0%| F|  |TAMS 0x00000004ef800000, 0x00000004ef800000| Untracked 
| 453|0x00000004f0000000, 0x00000004f0000000, 0x00000004f0800000|  0%| F|  |TAMS 0x00000004f0000000, 0x00000004f0000000| Untracked 
| 454|0x00000004f0800000, 0x00000004f0800000, 0x00000004f1000000|  0%| F|  |TAMS 0x00000004f0800000, 0x00000004f0800000| Untracked 
| 455|0x00000004f1000000, 0x00000004f1000000, 0x00000004f1800000|  0%| F|  |TAMS 0x00000004f1000000, 0x00000004f1000000| Untracked 
| 456|0x00000004f1800000, 0x00000004f1800000, 0x00000004f2000000|  0%| F|  |TAMS 0x00000004f1800000, 0x00000004f1800000| Untracked 
| 457|0x00000004f2000000, 0x00000004f2000000, 0x00000004f2800000|  0%| F|  |TAMS 0x00000004f2000000, 0x00000004f2000000| Untracked 
| 458|0x00000004f2800000, 0x00000004f2800000, 0x00000004f3000000|  0%| F|  |TAMS 0x00000004f2800000, 0x00000004f2800000| Untracked 
| 459|0x00000004f3000000, 0x00000004f3000000, 0x00000004f3800000|  0%| F|  |TAMS 0x00000004f3000000, 0x00000004f3000000| Untracked 
| 460|0x00000004f3800000, 0x00000004f3800000, 0x00000004f4000000|  0%| F|  |TAMS 0x00000004f3800000, 0x00000004f3800000| Untracked 
| 461|0x00000004f4000000, 0x00000004f4000000, 0x00000004f4800000|  0%| F|  |TAMS 0x00000004f4000000, 0x00000004f4000000| Untracked 
| 462|0x00000004f4800000, 0x00000004f4800000, 0x00000004f5000000|  0%| F|  |TAMS 0x00000004f4800000, 0x00000004f4800000| Untracked 
| 463|0x00000004f5000000, 0x00000004f5000000, 0x00000004f5800000|  0%| F|  |TAMS 0x00000004f5000000, 0x00000004f5000000| Untracked 
| 464|0x00000004f5800000, 0x00000004f5800000, 0x00000004f6000000|  0%| F|  |TAMS 0x00000004f5800000, 0x00000004f5800000| Untracked 
| 465|0x00000004f6000000, 0x00000004f6000000, 0x00000004f6800000|  0%| F|  |TAMS 0x00000004f6000000, 0x00000004f6000000| Untracked 
| 466|0x00000004f6800000, 0x00000004f6800000, 0x00000004f7000000|  0%| F|  |TAMS 0x00000004f6800000, 0x00000004f6800000| Untracked 
| 467|0x00000004f7000000, 0x00000004f7000000, 0x00000004f7800000|  0%| F|  |TAMS 0x00000004f7000000, 0x00000004f7000000| Untracked 
| 468|0x00000004f7800000, 0x00000004f7800000, 0x00000004f8000000|  0%| F|  |TAMS 0x00000004f7800000, 0x00000004f7800000| Untracked 
| 469|0x00000004f8000000, 0x00000004f8000000, 0x00000004f8800000|  0%| F|  |TAMS 0x00000004f8000000, 0x00000004f8000000| Untracked 
| 470|0x00000004f8800000, 0x00000004f8800000, 0x00000004f9000000|  0%| F|  |TAMS 0x00000004f8800000, 0x00000004f8800000| Untracked 
| 471|0x00000004f9000000, 0x00000004f9000000, 0x00000004f9800000|  0%| F|  |TAMS 0x00000004f9000000, 0x00000004f9000000| Untracked 
| 472|0x00000004f9800000, 0x00000004f9800000, 0x00000004fa000000|  0%| F|  |TAMS 0x00000004f9800000, 0x00000004f9800000| Untracked 
| 473|0x00000004fa000000, 0x00000004fa000000, 0x00000004fa800000|  0%| F|  |TAMS 0x00000004fa000000, 0x00000004fa000000| Untracked 
| 474|0x00000004fa800000, 0x00000004fa800000, 0x00000004fb000000|  0%| F|  |TAMS 0x00000004fa800000, 0x00000004fa800000| Untracked 
| 475|0x00000004fb000000, 0x00000004fb000000, 0x00000004fb800000|  0%| F|  |TAMS 0x00000004fb000000, 0x00000004fb000000| Untracked 
| 476|0x00000004fb800000, 0x00000004fb800000, 0x00000004fc000000|  0%| F|  |TAMS 0x00000004fb800000, 0x00000004fb800000| Untracked 
| 477|0x00000004fc000000, 0x00000004fc000000, 0x00000004fc800000|  0%| F|  |TAMS 0x00000004fc000000, 0x00000004fc000000| Untracked 
| 478|0x00000004fc800000, 0x00000004fc800000, 0x00000004fd000000|  0%| F|  |TAMS 0x00000004fc800000, 0x00000004fc800000| Untracked 
| 479|0x00000004fd000000, 0x00000004fd000000, 0x00000004fd800000|  0%| F|  |TAMS 0x00000004fd000000, 0x00000004fd000000| Untracked 
| 480|0x00000004fd800000, 0x00000004fd800000, 0x00000004fe000000|  0%| F|  |TAMS 0x00000004fd800000, 0x00000004fd800000| Untracked 
| 481|0x00000004fe000000, 0x00000004fe000000, 0x00000004fe800000|  0%| F|  |TAMS 0x00000004fe000000, 0x00000004fe000000| Untracked 
| 482|0x00000004fe800000, 0x00000004fe800000, 0x00000004ff000000|  0%| F|  |TAMS 0x00000004fe800000, 0x00000004fe800000| Untracked 
| 483|0x00000004ff000000, 0x00000004ff000000, 0x00000004ff800000|  0%| F|  |TAMS 0x00000004ff000000, 0x00000004ff000000| Untracked 
| 484|0x00000004ff800000, 0x00000004ff800000, 0x0000000500000000|  0%| F|  |TAMS 0x00000004ff800000, 0x00000004ff800000| Untracked 
| 485|0x0000000500000000, 0x0000000500000000, 0x0000000500800000|  0%| F|  |TAMS 0x0000000500000000, 0x0000000500000000| Untracked 
| 486|0x0000000500800000, 0x0000000500800000, 0x0000000501000000|  0%| F|  |TAMS 0x0000000500800000, 0x0000000500800000| Untracked 
| 487|0x0000000501000000, 0x0000000501000000, 0x0000000501800000|  0%| F|  |TAMS 0x0000000501000000, 0x0000000501000000| Untracked 
| 488|0x0000000501800000, 0x0000000501800000, 0x0000000502000000|  0%| F|  |TAMS 0x0000000501800000, 0x0000000501800000| Untracked 
| 489|0x0000000502000000, 0x0000000502000000, 0x0000000502800000|  0%| F|  |TAMS 0x0000000502000000, 0x0000000502000000| Untracked 
| 490|0x0000000502800000, 0x0000000502800000, 0x0000000503000000|  0%| F|  |TAMS 0x0000000502800000, 0x0000000502800000| Untracked 
| 491|0x0000000503000000, 0x0000000503000000, 0x0000000503800000|  0%| F|  |TAMS 0x0000000503000000, 0x0000000503000000| Untracked 
| 492|0x0000000503800000, 0x0000000503800000, 0x0000000504000000|  0%| F|  |TAMS 0x0000000503800000, 0x0000000503800000| Untracked 
| 493|0x0000000504000000, 0x0000000504000000, 0x0000000504800000|  0%| F|  |TAMS 0x0000000504000000, 0x0000000504000000| Untracked 
| 494|0x0000000504800000, 0x0000000504800000, 0x0000000505000000|  0%| F|  |TAMS 0x0000000504800000, 0x0000000504800000| Untracked 
| 495|0x0000000505000000, 0x0000000505000000, 0x0000000505800000|  0%| F|  |TAMS 0x0000000505000000, 0x0000000505000000| Untracked 
| 496|0x0000000505800000, 0x0000000505800000, 0x0000000506000000|  0%| F|  |TAMS 0x0000000505800000, 0x0000000505800000| Untracked 
| 497|0x0000000506000000, 0x0000000506000000, 0x0000000506800000|  0%| F|  |TAMS 0x0000000506000000, 0x0000000506000000| Untracked 
| 498|0x0000000506800000, 0x0000000506800000, 0x0000000507000000|  0%| F|  |TAMS 0x0000000506800000, 0x0000000506800000| Untracked 
| 499|0x0000000507000000, 0x0000000507000000, 0x0000000507800000|  0%| F|  |TAMS 0x0000000507000000, 0x0000000507000000| Untracked 
| 500|0x0000000507800000, 0x0000000507800000, 0x0000000508000000|  0%| F|  |TAMS 0x0000000507800000, 0x0000000507800000| Untracked 
| 501|0x0000000508000000, 0x0000000508000000, 0x0000000508800000|  0%| F|  |TAMS 0x0000000508000000, 0x0000000508000000| Untracked 
| 502|0x0000000508800000, 0x0000000508800000, 0x0000000509000000|  0%| F|  |TAMS 0x0000000508800000, 0x0000000508800000| Untracked 
| 503|0x0000000509000000, 0x0000000509000000, 0x0000000509800000|  0%| F|  |TAMS 0x0000000509000000, 0x0000000509000000| Untracked 
| 504|0x0000000509800000, 0x0000000509800000, 0x000000050a000000|  0%| F|  |TAMS 0x0000000509800000, 0x0000000509800000| Untracked 
| 505|0x000000050a000000, 0x000000050a000000, 0x000000050a800000|  0%| F|  |TAMS 0x000000050a000000, 0x000000050a000000| Untracked 
| 506|0x000000050a800000, 0x000000050a800000, 0x000000050b000000|  0%| F|  |TAMS 0x000000050a800000, 0x000000050a800000| Untracked 
| 507|0x000000050b000000, 0x000000050b000000, 0x000000050b800000|  0%| F|  |TAMS 0x000000050b000000, 0x000000050b000000| Untracked 
| 508|0x000000050b800000, 0x000000050b800000, 0x000000050c000000|  0%| F|  |TAMS 0x000000050b800000, 0x000000050b800000| Untracked 
| 509|0x000000050c000000, 0x000000050c000000, 0x000000050c800000|  0%| F|  |TAMS 0x000000050c000000, 0x000000050c000000| Untracked 
| 510|0x000000050c800000, 0x000000050c800000, 0x000000050d000000|  0%| F|  |TAMS 0x000000050c800000, 0x000000050c800000| Untracked 
| 511|0x000000050d000000, 0x000000050d000000, 0x000000050d800000|  0%| F|  |TAMS 0x000000050d000000, 0x000000050d000000| Untracked 
| 512|0x000000050d800000, 0x000000050d800000, 0x000000050e000000|  0%| F|  |TAMS 0x000000050d800000, 0x000000050d800000| Untracked 
| 513|0x000000050e000000, 0x000000050e000000, 0x000000050e800000|  0%| F|  |TAMS 0x000000050e000000, 0x000000050e000000| Untracked 
| 514|0x000000050e800000, 0x000000050e800000, 0x000000050f000000|  0%| F|  |TAMS 0x000000050e800000, 0x000000050e800000| Untracked 
| 515|0x000000050f000000, 0x000000050f000000, 0x000000050f800000|  0%| F|  |TAMS 0x000000050f000000, 0x000000050f000000| Untracked 
| 516|0x000000050f800000, 0x000000050f800000, 0x0000000510000000|  0%| F|  |TAMS 0x000000050f800000, 0x000000050f800000| Untracked 
| 517|0x0000000510000000, 0x0000000510000000, 0x0000000510800000|  0%| F|  |TAMS 0x0000000510000000, 0x0000000510000000| Untracked 
| 518|0x0000000510800000, 0x0000000510800000, 0x0000000511000000|  0%| F|  |TAMS 0x0000000510800000, 0x0000000510800000| Untracked 
| 519|0x0000000511000000, 0x0000000511000000, 0x0000000511800000|  0%| F|  |TAMS 0x0000000511000000, 0x0000000511000000| Untracked 
| 520|0x0000000511800000, 0x0000000511800000, 0x0000000512000000|  0%| F|  |TAMS 0x0000000511800000, 0x0000000511800000| Untracked 
| 521|0x0000000512000000, 0x0000000512000000, 0x0000000512800000|  0%| F|  |TAMS 0x0000000512000000, 0x0000000512000000| Untracked 
| 522|0x0000000512800000, 0x0000000512800000, 0x0000000513000000|  0%| F|  |TAMS 0x0000000512800000, 0x0000000512800000| Untracked 
| 523|0x0000000513000000, 0x0000000513000000, 0x0000000513800000|  0%| F|  |TAMS 0x0000000513000000, 0x0000000513000000| Untracked 
| 524|0x0000000513800000, 0x0000000513800000, 0x0000000514000000|  0%| F|  |TAMS 0x0000000513800000, 0x0000000513800000| Untracked 
| 525|0x0000000514000000, 0x0000000514000000, 0x0000000514800000|  0%| F|  |TAMS 0x0000000514000000, 0x0000000514000000| Untracked 
| 526|0x0000000514800000, 0x0000000514800000, 0x0000000515000000|  0%| F|  |TAMS 0x0000000514800000, 0x0000000514800000| Untracked 
| 527|0x0000000515000000, 0x0000000515000000, 0x0000000515800000|  0%| F|  |TAMS 0x0000000515000000, 0x0000000515000000| Untracked 
| 528|0x0000000515800000, 0x0000000515800000, 0x0000000516000000|  0%| F|  |TAMS 0x0000000515800000, 0x0000000515800000| Untracked 
| 529|0x0000000516000000, 0x0000000516000000, 0x0000000516800000|  0%| F|  |TAMS 0x0000000516000000, 0x0000000516000000| Untracked 
| 530|0x0000000516800000, 0x0000000516800000, 0x0000000517000000|  0%| F|  |TAMS 0x0000000516800000, 0x0000000516800000| Untracked 
| 531|0x0000000517000000, 0x0000000517000000, 0x0000000517800000|  0%| F|  |TAMS 0x0000000517000000, 0x0000000517000000| Untracked 
| 532|0x0000000517800000, 0x0000000517800000, 0x0000000518000000|  0%| F|  |TAMS 0x0000000517800000, 0x0000000517800000| Untracked 
| 533|0x0000000518000000, 0x0000000518000000, 0x0000000518800000|  0%| F|  |TAMS 0x0000000518000000, 0x0000000518000000| Untracked 
| 534|0x0000000518800000, 0x0000000518800000, 0x0000000519000000|  0%| F|  |TAMS 0x0000000518800000, 0x0000000518800000| Untracked 
| 535|0x0000000519000000, 0x0000000519000000, 0x0000000519800000|  0%| F|  |TAMS 0x0000000519000000, 0x0000000519000000| Untracked 
| 536|0x0000000519800000, 0x0000000519800000, 0x000000051a000000|  0%| F|  |TAMS 0x0000000519800000, 0x0000000519800000| Untracked 
| 537|0x000000051a000000, 0x000000051a000000, 0x000000051a800000|  0%| F|  |TAMS 0x000000051a000000, 0x000000051a000000| Untracked 
| 538|0x000000051a800000, 0x000000051a800000, 0x000000051b000000|  0%| F|  |TAMS 0x000000051a800000, 0x000000051a800000| Untracked 
| 539|0x000000051b000000, 0x000000051b000000, 0x000000051b800000|  0%| F|  |TAMS 0x000000051b000000, 0x000000051b000000| Untracked 
| 540|0x000000051b800000, 0x000000051b800000, 0x000000051c000000|  0%| F|  |TAMS 0x000000051b800000, 0x000000051b800000| Untracked 
| 541|0x000000051c000000, 0x000000051c000000, 0x000000051c800000|  0%| F|  |TAMS 0x000000051c000000, 0x000000051c000000| Untracked 
| 542|0x000000051c800000, 0x000000051c800000, 0x000000051d000000|  0%| F|  |TAMS 0x000000051c800000, 0x000000051c800000| Untracked 
| 543|0x000000051d000000, 0x000000051d000000, 0x000000051d800000|  0%| F|  |TAMS 0x000000051d000000, 0x000000051d000000| Untracked 
| 544|0x000000051d800000, 0x000000051d800000, 0x000000051e000000|  0%| F|  |TAMS 0x000000051d800000, 0x000000051d800000| Untracked 
| 545|0x000000051e000000, 0x000000051e000000, 0x000000051e800000|  0%| F|  |TAMS 0x000000051e000000, 0x000000051e000000| Untracked 
| 546|0x000000051e800000, 0x000000051e800000, 0x000000051f000000|  0%| F|  |TAMS 0x000000051e800000, 0x000000051e800000| Untracked 
| 547|0x000000051f000000, 0x000000051f000000, 0x000000051f800000|  0%| F|  |TAMS 0x000000051f000000, 0x000000051f000000| Untracked 
| 548|0x000000051f800000, 0x000000051f800000, 0x0000000520000000|  0%| F|  |TAMS 0x000000051f800000, 0x000000051f800000| Untracked 
| 549|0x0000000520000000, 0x0000000520000000, 0x0000000520800000|  0%| F|  |TAMS 0x0000000520000000, 0x0000000520000000| Untracked 
| 550|0x0000000520800000, 0x0000000520800000, 0x0000000521000000|  0%| F|  |TAMS 0x0000000520800000, 0x0000000520800000| Untracked 
| 551|0x0000000521000000, 0x0000000521000000, 0x0000000521800000|  0%| F|  |TAMS 0x0000000521000000, 0x0000000521000000| Untracked 
| 552|0x0000000521800000, 0x0000000521800000, 0x0000000522000000|  0%| F|  |TAMS 0x0000000521800000, 0x0000000521800000| Untracked 
| 553|0x0000000522000000, 0x0000000522000000, 0x0000000522800000|  0%| F|  |TAMS 0x0000000522000000, 0x0000000522000000| Untracked 
| 554|0x0000000522800000, 0x0000000522800000, 0x0000000523000000|  0%| F|  |TAMS 0x0000000522800000, 0x0000000522800000| Untracked 
| 555|0x0000000523000000, 0x0000000523000000, 0x0000000523800000|  0%| F|  |TAMS 0x0000000523000000, 0x0000000523000000| Untracked 
| 556|0x0000000523800000, 0x0000000523800000, 0x0000000524000000|  0%| F|  |TAMS 0x0000000523800000, 0x0000000523800000| Untracked 
| 557|0x0000000524000000, 0x0000000524000000, 0x0000000524800000|  0%| F|  |TAMS 0x0000000524000000, 0x0000000524000000| Untracked 
| 558|0x0000000524800000, 0x0000000524800000, 0x0000000525000000|  0%| F|  |TAMS 0x0000000524800000, 0x0000000524800000| Untracked 
| 559|0x0000000525000000, 0x0000000525000000, 0x0000000525800000|  0%| F|  |TAMS 0x0000000525000000, 0x0000000525000000| Untracked 
| 560|0x0000000525800000, 0x0000000525800000, 0x0000000526000000|  0%| F|  |TAMS 0x0000000525800000, 0x0000000525800000| Untracked 

Card table byte_map: [0x0000014a7b760000,0x0000014a7d700000] _byte_map_base: 0x0000014a796f4000

Marking Bits (Prev, Next): (CMBitMap*) 0x0000014a70045f30, (CMBitMap*) 0x0000014a70045f70
 Prev Bits: [0x0000014a0f000000, 0x0000014a1eca0000)
 Next Bits: [0x0000014a1eca0000, 0x0000014a2e940000)

Polling page: 0x0000014a6e7a0000

Metaspace:

Usage:
  Non-class:    133.63 MB used.
      Class:     23.83 MB used.
       Both:    157.46 MB used.

Virtual space:
  Non-class space:      192.00 MB reserved,     134.62 MB ( 70%) committed,  3 nodes.
      Class space:        1.00 GB reserved,      24.69 MB (  2%) committed,  1 nodes.
             Both:        1.19 GB reserved,     159.31 MB ( 13%) committed. 

Chunk freelists:
   Non-Class:  8.94 MB
       Class:  7.16 MB
        Both:  16.10 MB

MaxMetaspaceSize: unlimited
CompressedClassSpaceSize: 1.00 GB
Initial GC threshold: 21.00 MB
Current GC threshold: 264.06 MB
CDS: on
MetaspaceReclaimPolicy: balanced
 - commit_granule_bytes: 65536.
 - commit_granule_words: 8192.
 - virtual_space_node_default_size: 8388608.
 - enlarge_chunks_in_place: 1.
 - new_chunks_are_fully_committed: 0.
 - uncommit_free_chunks: 1.
 - use_allocation_guard: 0.
 - handle_deallocations: 1.


Internal statistics:

num_allocs_failed_limit: 9.
num_arena_births: 3272.
num_arena_deaths: 154.
num_vsnodes_births: 4.
num_vsnodes_deaths: 0.
num_space_committed: 2544.
num_space_uncommitted: 0.
num_chunks_returned_to_freelist: 240.
num_chunks_taken_from_freelist: 10362.
num_chunk_merges: 115.
num_chunk_splits: 6593.
num_chunks_enlarged: 4184.
num_inconsistent_stats: 0.

CodeHeap 'non-profiled nmethods': size=118848Kb used=34133Kb max_used=34357Kb free=84714Kb
 bounds [0x0000014a07bf0000, 0x0000014a09d80000, 0x0000014a0f000000]
CodeHeap 'profiled nmethods': size=118848Kb used=44866Kb max_used=46102Kb free=73981Kb
 bounds [0x0000014a00000000, 0x0000014a02d80000, 0x0000014a07410000]
CodeHeap 'non-nmethods': size=8064Kb used=3171Kb max_used=4946Kb free=4892Kb
 bounds [0x0000014a07410000, 0x0000014a078f0000, 0x0000014a07bf0000]
 total_blobs=29890 nmethods=27638 adapters=2158
 compilation: enabled
              stopped_count=0, restarted_count=0
 full_count=0

Compilation events (20 events):
Event: 460.305 Thread 0x0000014a31c335b0 nmethod 40889 0x0000014a015aa990 code [0x0000014a015aab60, 0x0000014a015aaea8]
Event: 460.305 Thread 0x0000014a31c335b0 40897       3       java.io.OutputStreamWriter::append (34 bytes)
Event: 460.305 Thread 0x0000014a36098820 nmethod 40893 0x0000014a01169410 code [0x0000014a011695c0, 0x0000014a011698b8]
Event: 460.305 Thread 0x0000014a36098820 40898   !   3       com.google.gson.internal.bind.ReflectiveTypeAdapterFactory$1::write (184 bytes)
Event: 460.305 Thread 0x0000014a31c335b0 nmethod 40897 0x0000014a00a86510 code [0x0000014a00a86720, 0x0000014a00a86e88]
Event: 460.305 Thread 0x0000014a31c335b0 40895       3       com.google.gson.internal.bind.TypeAdapters$15::write (10 bytes)
Event: 460.306 Thread 0x0000014a31c335b0 nmethod 40895 0x0000014a017ea810 code [0x0000014a017ea9c0, 0x0000014a017ead08]
Event: 460.306 Thread 0x0000014a31c335b0 40896       3       com.google.gson.internal.bind.TypeAdapters$15::write (7 bytes)
Event: 460.306 Thread 0x0000014a31c335b0 nmethod 40896 0x0000014a01badb90 code [0x0000014a01badd40, 0x0000014a01badf28]
Event: 460.306 Thread 0x0000014a36098820 nmethod 40898 0x0000014a011cc910 code [0x0000014a011ccca0, 0x0000014a011ce2b8]
Event: 460.307 Thread 0x0000014a36098820 40899       3       net.minecraft.advancements.critereon.ContextAwarePredicate::matches (11 bytes)
Event: 460.307 Thread 0x0000014a36098820 nmethod 40899 0x0000014a01d71910 code [0x0000014a01d71ac0, 0x0000014a01d71ca8]
Event: 460.311 Thread 0x0000014a36098820 40900       3       net.minecraft.world.entity.LivingEntity::canBeSeenByAnyone (20 bytes)
Event: 460.311 Thread 0x0000014a31c335b0 40901       3       net.minecraft.world.entity.LivingEntity::isAlive (22 bytes)
Event: 460.311 Thread 0x0000014a36098820 nmethod 40900 0x0000014a004af510 code [0x0000014a004af720, 0x0000014a004afeb8]
Event: 460.311 Thread 0x0000014a31c335b0 nmethod 40901 0x0000014a020e1310 code [0x0000014a020e1500, 0x0000014a020e1a48]
Event: 460.312 Thread 0x0000014a36098820 40902       3       net.minecraft.world.entity.EntitySelector$$Lambda$2554/0x0000014a818e5c10::test (8 bytes)
Event: 460.312 Thread 0x0000014a31c335b0 40903       3       net.minecraft.world.entity.EntitySelector::lambda$static$0 (20 bytes)
Event: 460.313 Thread 0x0000014a31c335b0 nmethod 40903 0x0000014a01eade10 code [0x0000014a01eadfc0, 0x0000014a01eae308]
Event: 460.313 Thread 0x0000014a36098820 nmethod 40902 0x0000014a01a5c510 code [0x0000014a01a5c6e0, 0x0000014a01a5cba8]

GC Heap History (20 events):
Event: 400.363 GC heap after
{Heap after GC invocations=66 (full 0):
 garbage-first heap   total 3989504K, used 1293520K [0x000000040d800000, 0x0000000800000000)
  region size 8192K, 4 young (32768K), 4 survivors (32768K)
 Metaspace       used 142345K, committed 144064K, reserved 1179648K
  class space    used 21950K, committed 22720K, reserved 1048576K
}
Event: 404.022 GC heap before
{Heap before GC invocations=66 (full 0):
 garbage-first heap   total 3989504K, used 2776272K [0x000000040d800000, 0x0000000800000000)
  region size 8192K, 186 young (1523712K), 4 survivors (32768K)
 Metaspace       used 153560K, committed 155456K, reserved 1245184K
  class space    used 23558K, committed 24448K, reserved 1048576K
}
Event: 404.041 GC heap after
{Heap after GC invocations=67 (full 0):
 garbage-first heap   total 3989504K, used 1414555K [0x000000040d800000, 0x0000000800000000)
  region size 8192K, 19 young (155648K), 19 survivors (155648K)
 Metaspace       used 153560K, committed 155456K, reserved 1245184K
  class space    used 23558K, committed 24448K, reserved 1048576K
}
Event: 405.301 GC heap before
{Heap before GC invocations=68 (full 0):
 garbage-first heap   total 3989504K, used 2894427K [0x000000040d800000, 0x0000000800000000)
  region size 8192K, 200 young (1638400K), 19 survivors (155648K)
 Metaspace       used 155013K, committed 156864K, reserved 1245184K
  class space    used 23754K, committed 24640K, reserved 1048576K
}
Event: 405.315 GC heap after
{Heap after GC invocations=69 (full 0):
 garbage-first heap   total 3989504K, used 1436559K [0x000000040d800000, 0x0000000800000000)
  region size 8192K, 5 young (40960K), 5 survivors (40960K)
 Metaspace       used 155013K, committed 156864K, reserved 1245184K
  class space    used 23754K, committed 24640K, reserved 1048576K
}
Event: 405.391 GC heap before
{Heap before GC invocations=69 (full 0):
 garbage-first heap   total 3989504K, used 1592207K [0x000000040d800000, 0x0000000800000000)
  region size 8192K, 24 young (196608K), 5 survivors (40960K)
 Metaspace       used 155048K, committed 156928K, reserved 1245184K
  class space    used 23754K, committed 24640K, reserved 1048576K
}
Event: 405.397 GC heap after
{Heap after GC invocations=70 (full 0):
 garbage-first heap   total 3989504K, used 1086342K [0x000000040d800000, 0x0000000800000000)
  region size 8192K, 2 young (16384K), 2 survivors (16384K)
 Metaspace       used 155048K, committed 156928K, reserved 1245184K
  class space    used 23754K, committed 24640K, reserved 1048576K
}
Event: 414.468 GC heap before
{Heap before GC invocations=70 (full 0):
 garbage-first heap   total 3989504K, used 2839430K [0x000000040d800000, 0x0000000800000000)
  region size 8192K, 217 young (1777664K), 2 survivors (16384K)
 Metaspace       used 157730K, committed 159616K, reserved 1245184K
  class space    used 24016K, committed 24896K, reserved 1048576K
}
Event: 414.472 GC heap after
{Heap after GC invocations=71 (full 0):
 garbage-first heap   total 3989504K, used 1086545K [0x000000040d800000, 0x0000000800000000)
  region size 8192K, 2 young (16384K), 2 survivors (16384K)
 Metaspace       used 157730K, committed 159616K, reserved 1245184K
  class space    used 24016K, committed 24896K, reserved 1048576K
}
Event: 420.177 GC heap before
{Heap before GC invocations=72 (full 0):
 garbage-first heap   total 3719168K, used 3085393K [0x000000040d800000, 0x0000000800000000)
  region size 8192K, 245 young (2007040K), 2 survivors (16384K)
 Metaspace       used 159702K, committed 161664K, reserved 1245184K
  class space    used 24266K, committed 25152K, reserved 1048576K
}
Event: 420.188 GC heap after
{Heap after GC invocations=73 (full 0):
 garbage-first heap   total 3719168K, used 1110164K [0x000000040d800000, 0x0000000800000000)
  region size 8192K, 4 young (32768K), 4 survivors (32768K)
 Metaspace       used 159702K, committed 161664K, reserved 1245184K
  class space    used 24266K, committed 25152K, reserved 1048576K
}
Event: 420.238 GC heap before
{Heap before GC invocations=73 (full 0):
 garbage-first heap   total 3719168K, used 1257620K [0x000000040d800000, 0x0000000800000000)
  region size 8192K, 22 young (180224K), 4 survivors (32768K)
 Metaspace       used 159704K, committed 161664K, reserved 1245184K
  class space    used 24266K, committed 25152K, reserved 1048576K
}
Event: 420.242 GC heap after
{Heap after GC invocations=74 (full 0):
 garbage-first heap   total 3719168K, used 1060310K [0x000000040d800000, 0x0000000800000000)
  region size 8192K, 2 young (16384K), 2 survivors (16384K)
 Metaspace       used 159704K, committed 161664K, reserved 1245184K
  class space    used 24266K, committed 25152K, reserved 1048576K
}
Event: 429.214 GC heap before
{Heap before GC invocations=74 (full 0):
 garbage-first heap   total 3719168K, used 2919894K [0x000000040d800000, 0x0000000800000000)
  region size 8192K, 230 young (1884160K), 2 survivors (16384K)
 Metaspace       used 160315K, committed 162176K, reserved 1245184K
  class space    used 24282K, committed 25152K, reserved 1048576K
}
Event: 429.222 GC heap after
{Heap after GC invocations=75 (full 0):
 garbage-first heap   total 3719168K, used 1110808K [0x000000040d800000, 0x0000000800000000)
  region size 8192K, 8 young (65536K), 8 survivors (65536K)
 Metaspace       used 160315K, committed 162176K, reserved 1245184K
  class space    used 24282K, committed 25152K, reserved 1048576K
}
Event: 449.245 GC heap before
{Heap before GC invocations=76 (full 0):
 garbage-first heap   total 3719168K, used 2970392K [0x000000040d800000, 0x0000000800000000)
  region size 8192K, 236 young (1933312K), 8 survivors (65536K)
 Metaspace       used 160994K, committed 162880K, reserved 1245184K
  class space    used 24373K, committed 25216K, reserved 1048576K
}
Event: 449.249 GC heap after
{Heap after GC invocations=77 (full 0):
 garbage-first heap   total 3719168K, used 1083855K [0x000000040d800000, 0x0000000800000000)
  region size 8192K, 4 young (32768K), 4 survivors (32768K)
 Metaspace       used 160994K, committed 162880K, reserved 1245184K
  class space    used 24373K, committed 25216K, reserved 1048576K
}
Event: 449.335 GC heap before
{Heap before GC invocations=77 (full 0):
 garbage-first heap   total 3719168K, used 1231311K [0x000000040d800000, 0x0000000800000000)
  region size 8192K, 22 young (180224K), 4 survivors (32768K)
 Metaspace       used 160995K, committed 162880K, reserved 1245184K
  class space    used 24373K, committed 25216K, reserved 1048576K
}
Event: 449.339 GC heap after
{Heap after GC invocations=78 (full 0):
 garbage-first heap   total 3719168K, used 1039800K [0x000000040d800000, 0x0000000800000000)
  region size 8192K, 2 young (16384K), 2 survivors (16384K)
 Metaspace       used 160995K, committed 162880K, reserved 1245184K
  class space    used 24373K, committed 25216K, reserved 1048576K
}
Event: 460.318 GC heap before
{Heap before GC invocations=78 (full 0):
 garbage-first heap   total 3719168K, used 3046840K [0x000000040d800000, 0x0000000800000000)
  region size 8192K, 247 young (2023424K), 2 survivors (16384K)
 Metaspace       used 161236K, committed 163136K, reserved 1245184K
  class space    used 24401K, committed 25280K, reserved 1048576K
}

Dll operation events (16 events):
Event: 0.006 Loaded shared library C:\Users\paulm\.jdks\temurin-17.0.14\bin\java.dll
Event: 0.014 Loaded shared library C:\Users\paulm\.jdks\temurin-17.0.14\bin\jsvml.dll
Event: 0.085 Loaded shared library C:\Users\paulm\.jdks\temurin-17.0.14\bin\net.dll
Event: 0.086 Loaded shared library C:\Users\paulm\.jdks\temurin-17.0.14\bin\nio.dll
Event: 0.088 Loaded shared library C:\Users\paulm\.jdks\temurin-17.0.14\bin\zip.dll
Event: 0.118 Loaded shared library C:\Users\paulm\.jdks\temurin-17.0.14\bin\jimage.dll
Event: 0.312 Loaded shared library C:\Users\paulm\.jdks\temurin-17.0.14\bin\verify.dll
Event: 1.540 Loaded shared library C:\Users\paulm\.jdks\temurin-17.0.14\bin\management.dll
Event: 1.542 Loaded shared library C:\Users\paulm\.jdks\temurin-17.0.14\bin\management_ext.dll
Event: 2.190 Loaded shared library C:\Users\paulm\AppData\Local\Temp\lwjglpaulm\3.3.1-build-7\lwjgl.dll
Event: 2.451 Loaded shared library C:\Users\paulm\AppData\Local\Temp\lwjglpaulm\3.3.1-build-7\lwjgl_opengl.dll
Event: 2.520 Loaded shared library C:\Users\paulm\AppData\Local\Temp\lwjglpaulm\3.3.1-build-7\lwjgl_stb.dll
Event: 6.632 Loaded shared library C:\Users\paulm\AppData\Local\Temp\jna-106439973\jna691292103287240653.dll
Event: 11.096 Loaded shared library C:\Users\paulm\.jdks\temurin-17.0.14\bin\sunmscapi.dll
Event: 11.215 Loaded shared library C:\Users\paulm\.jdks\temurin-17.0.14\bin\extnet.dll
Event: 399.926 Loaded shared library C:\Users\paulm\.jdks\temurin-17.0.14\bin\awt.dll

Deoptimization events (20 events):
Event: 460.310 Thread 0x0000014acb5dc160 Uncommon trap: trap_request=0xffffff45 fr.pc=0x0000014a09c55b24 relative=0x0000000000003624
Event: 460.310 Thread 0x0000014acb5dc160 Uncommon trap: reason=unstable_if action=reinterpret pc=0x0000014a09c55b24 method=net.minecraft.world.entity.LivingEntity.canBeSeenByAnyone()Z @ 11 c2
Event: 460.310 Thread 0x0000014acb5dc160 DEOPT PACKING pc=0x0000014a09c55b24 sp=0x0000000e906fead0
Event: 460.310 Thread 0x0000014acb5dc160 DEOPT UNPACKING pc=0x0000014a0746a1a3 sp=0x0000000e906fe888 mode 2
Event: 460.310 Thread 0x0000014acb5dc160 Uncommon trap: trap_request=0xffffff45 fr.pc=0x0000014a09cd54bc relative=0x0000000000000bbc
Event: 460.310 Thread 0x0000014acb5dc160 Uncommon trap: reason=unstable_if action=reinterpret pc=0x0000014a09cd54bc method=net.minecraft.world.entity.LivingEntity.canBeSeenByAnyone()Z @ 11 c2
Event: 460.310 Thread 0x0000014acb5dc160 DEOPT PACKING pc=0x0000014a09cd54bc sp=0x0000000e906fe900
Event: 460.310 Thread 0x0000014acb5dc160 DEOPT UNPACKING pc=0x0000014a0746a1a3 sp=0x0000000e906fe858 mode 2
Event: 460.312 Thread 0x0000014acb5dc160 Uncommon trap: trap_request=0xffffff45 fr.pc=0x0000014a096de0c0 relative=0x00000000000008a0
Event: 460.312 Thread 0x0000014acb5dc160 Uncommon trap: reason=unstable_if action=reinterpret pc=0x0000014a096de0c0 method=net.minecraft.world.entity.LivingEntity.isAlive()Z @ 13 c2
Event: 460.312 Thread 0x0000014acb5dc160 DEOPT PACKING pc=0x0000014a096de0c0 sp=0x0000000e906fed60
Event: 460.312 Thread 0x0000014acb5dc160 DEOPT UNPACKING pc=0x0000014a0746a1a3 sp=0x0000000e906feb80 mode 2
Event: 460.312 Thread 0x0000014acb5dc160 Uncommon trap: trap_request=0xffffff45 fr.pc=0x0000014a096db070 relative=0x0000000000000850
Event: 460.312 Thread 0x0000014acb5dc160 Uncommon trap: reason=unstable_if action=reinterpret pc=0x0000014a096db070 method=net.minecraft.world.entity.LivingEntity.isAlive()Z @ 13 c2
Event: 460.312 Thread 0x0000014acb5dc160 DEOPT PACKING pc=0x0000014a096db070 sp=0x0000000e906feca0
Event: 460.312 Thread 0x0000014acb5dc160 DEOPT UNPACKING pc=0x0000014a0746a1a3 sp=0x0000000e906feb78 mode 2
Event: 460.313 Thread 0x0000014acb5dc160 Uncommon trap: trap_request=0xffffff66 fr.pc=0x0000014a09d5cda8 relative=0x0000000000002c68
Event: 460.313 Thread 0x0000014acb5dc160 Uncommon trap: reason=speculate_class_check action=maybe_recompile pc=0x0000014a09d5cda8 method=net.minecraft.world.entity.LivingEntity.baseTick()V @ 375 c2
Event: 460.313 Thread 0x0000014acb5dc160 DEOPT PACKING pc=0x0000014a09d5cda8 sp=0x0000000e906fe890
Event: 460.313 Thread 0x0000014acb5dc160 DEOPT UNPACKING pc=0x0000014a0746a1a3 sp=0x0000000e906fe850 mode 2

Classes loaded (20 events):
Event: 443.601 Loading class sun/nio/cs/Surrogate
Event: 443.601 Loading class sun/nio/cs/Surrogate done
Event: 444.588 Loading class java/util/stream/ReferencePipeline$6
Event: 444.588 Loading class java/util/stream/DoublePipeline$StatelessOp
Event: 444.588 Loading class java/util/stream/DoublePipeline
Event: 444.588 Loading class java/util/stream/DoubleStream
Event: 444.588 Loading class java/util/stream/DoubleStream done
Event: 444.588 Loading class java/util/stream/DoublePipeline done
Event: 444.588 Loading class java/util/stream/DoublePipeline$StatelessOp done
Event: 444.588 Loading class java/util/stream/ReferencePipeline$6 done
Event: 444.589 Loading class java/util/stream/Nodes$DoubleFixedNodeBuilder
Event: 444.589 Loading class java/util/stream/Node$Builder$OfDouble
Event: 444.589 Loading class java/util/stream/Sink$OfDouble
Event: 444.589 Loading class java/util/stream/Sink$OfDouble done
Event: 444.589 Loading class java/util/stream/Node$Builder$OfDouble done
Event: 444.589 Loading class java/util/stream/Nodes$DoubleArrayNode
Event: 444.589 Loading class java/util/stream/Nodes$DoubleArrayNode done
Event: 444.589 Loading class java/util/stream/Nodes$DoubleFixedNodeBuilder done
Event: 444.589 Loading class java/util/stream/ReferencePipeline$6$1
Event: 444.589 Loading class java/util/stream/ReferencePipeline$6$1 done

Classes unloaded (20 events):
Event: 397.834 Thread 0x0000014a31c023c0 Unloading class 0x0000014a824bb400 'java/lang/invoke/LambdaForm$DMH+0x0000014a824bb400'
Event: 397.834 Thread 0x0000014a31c023c0 Unloading class 0x0000014a824bb000 'java/lang/invoke/LambdaForm$DMH+0x0000014a824bb000'
Event: 397.834 Thread 0x0000014a31c023c0 Unloading class 0x0000014a824bac00 'java/lang/invoke/LambdaForm$DMH+0x0000014a824bac00'
Event: 397.834 Thread 0x0000014a31c023c0 Unloading class 0x0000014a824ba800 'java/lang/invoke/LambdaForm$DMH+0x0000014a824ba800'
Event: 397.834 Thread 0x0000014a31c023c0 Unloading class 0x0000014a824ba400 'java/lang/invoke/LambdaForm$DMH+0x0000014a824ba400'
Event: 397.834 Thread 0x0000014a31c023c0 Unloading class 0x0000014a824ba000 'java/lang/invoke/LambdaForm$DMH+0x0000014a824ba000'
Event: 397.834 Thread 0x0000014a31c023c0 Unloading class 0x0000014a824b9c00 'java/lang/invoke/LambdaForm$DMH+0x0000014a824b9c00'
Event: 397.834 Thread 0x0000014a31c023c0 Unloading class 0x0000014a824b9800 'java/lang/invoke/LambdaForm$DMH+0x0000014a824b9800'
Event: 397.834 Thread 0x0000014a31c023c0 Unloading class 0x0000014a824b9400 'java/lang/invoke/LambdaForm$DMH+0x0000014a824b9400'
Event: 397.834 Thread 0x0000014a31c023c0 Unloading class 0x0000014a824b9000 'java/lang/invoke/LambdaForm$DMH+0x0000014a824b9000'
Event: 397.834 Thread 0x0000014a31c023c0 Unloading class 0x0000014a824b8c00 'java/lang/invoke/LambdaForm$DMH+0x0000014a824b8c00'
Event: 397.834 Thread 0x0000014a31c023c0 Unloading class 0x0000014a824b8800 'java/lang/invoke/LambdaForm$DMH+0x0000014a824b8800'
Event: 397.834 Thread 0x0000014a31c023c0 Unloading class 0x0000014a824b5800 'java/lang/invoke/LambdaForm$DMH+0x0000014a824b5800'
Event: 397.834 Thread 0x0000014a31c023c0 Unloading class 0x0000014a824b8000 'java/lang/invoke/LambdaForm$DMH+0x0000014a824b8000'
Event: 397.834 Thread 0x0000014a31c023c0 Unloading class 0x0000014a824b8400 'java/lang/invoke/LambdaForm$DMH+0x0000014a824b8400'
Event: 397.834 Thread 0x0000014a31c023c0 Unloading class 0x0000014a824b5400 'java/lang/invoke/LambdaForm$DMH+0x0000014a824b5400'
Event: 397.834 Thread 0x0000014a31c023c0 Unloading class 0x0000014a824b5000 'java/lang/invoke/LambdaForm$DMH+0x0000014a824b5000'
Event: 397.834 Thread 0x0000014a31c023c0 Unloading class 0x0000014a824b4c00 'java/lang/invoke/LambdaForm$DMH+0x0000014a824b4c00'
Event: 397.834 Thread 0x0000014a31c023c0 Unloading class 0x0000014a824b4000 'java/lang/invoke/LambdaForm$DMH+0x0000014a824b4000'
Event: 397.834 Thread 0x0000014a31c023c0 Unloading class 0x0000014a824b4400 'java/lang/invoke/LambdaForm$DMH+0x0000014a824b4400'

Classes redefined (0 events):
No events

Internal exceptions (20 events):
Event: 460.278 Thread 0x0000014acb5dc160 Exception <a 'sun/nio/fs/WindowsException'{0x0000000475fcdc08}> (0x0000000475fcdc08) 
thrown [s\src\hotspot\share\prims\jni.cpp, line 516]
Event: 460.279 Thread 0x0000014acb5dc160 Exception <a 'sun/nio/fs/WindowsException'{0x0000000475fce190}> (0x0000000475fce190) 
thrown [s\src\hotspot\share\prims\jni.cpp, line 516]
Event: 460.279 Thread 0x0000014acb5dc160 Exception <a 'sun/nio/fs/WindowsException'{0x0000000475fce2e8}> (0x0000000475fce2e8) 
thrown [s\src\hotspot\share\prims\jni.cpp, line 516]
Event: 460.279 Thread 0x0000014acb5dc160 Exception <a 'sun/nio/fs/WindowsException'{0x0000000475fcedc8}> (0x0000000475fcedc8) 
thrown [s\src\hotspot\share\prims\jni.cpp, line 516]
Event: 460.282 Thread 0x0000014acb5dc160 Exception <a 'sun/nio/fs/WindowsException'{0x0000000475ffc420}> (0x0000000475ffc420) 
thrown [s\src\hotspot\share\prims\jni.cpp, line 516]
Event: 460.284 Thread 0x0000014acb5dc160 Exception <a 'sun/nio/fs/WindowsException'{0x0000000475010488}> (0x0000000475010488) 
thrown [s\src\hotspot\share\prims\jni.cpp, line 516]
Event: 460.285 Thread 0x0000014acb5dc160 Exception <a 'sun/nio/fs/WindowsException'{0x0000000475010a10}> (0x0000000475010a10) 
thrown [s\src\hotspot\share\prims\jni.cpp, line 516]
Event: 460.285 Thread 0x0000014acb5dc160 Exception <a 'sun/nio/fs/WindowsException'{0x0000000475010b68}> (0x0000000475010b68) 
thrown [s\src\hotspot\share\prims\jni.cpp, line 516]
Event: 460.285 Thread 0x0000014acb5dc160 Exception <a 'sun/nio/fs/WindowsException'{0x0000000475011648}> (0x0000000475011648) 
thrown [s\src\hotspot\share\prims\jni.cpp, line 516]
Event: 460.288 Thread 0x0000014acb5dc160 Exception <a 'sun/nio/fs/WindowsException'{0x0000000475041ff0}> (0x0000000475041ff0) 
thrown [s\src\hotspot\share\prims\jni.cpp, line 516]
Event: 460.290 Thread 0x0000014acb5dc160 Exception <a 'sun/nio/fs/WindowsException'{0x000000047505ed28}> (0x000000047505ed28) 
thrown [s\src\hotspot\share\prims\jni.cpp, line 516]
Event: 460.292 Thread 0x0000014acb5dc160 Exception <a 'sun/nio/fs/WindowsException'{0x000000047505f2b0}> (0x000000047505f2b0) 
thrown [s\src\hotspot\share\prims\jni.cpp, line 516]
Event: 460.292 Thread 0x0000014acb5dc160 Exception <a 'sun/nio/fs/WindowsException'{0x000000047505f408}> (0x000000047505f408) 
thrown [s\src\hotspot\share\prims\jni.cpp, line 516]
Event: 460.292 Thread 0x0000014acb5dc160 Exception <a 'sun/nio/fs/WindowsException'{0x000000047505fee8}> (0x000000047505fee8) 
thrown [s\src\hotspot\share\prims\jni.cpp, line 516]
Event: 460.294 Thread 0x0000014acb5dc160 Exception <a 'sun/nio/fs/WindowsException'{0x000000047508d358}> (0x000000047508d358) 
thrown [s\src\hotspot\share\prims\jni.cpp, line 516]
Event: 460.296 Thread 0x0000014acb5dc160 Exception <a 'sun/nio/fs/WindowsException'{0x00000004750a0398}> (0x00000004750a0398) 
thrown [s\src\hotspot\share\prims\jni.cpp, line 516]
Event: 460.298 Thread 0x0000014acb5dc160 Exception <a 'sun/nio/fs/WindowsException'{0x00000004750a0920}> (0x00000004750a0920) 
thrown [s\src\hotspot\share\prims\jni.cpp, line 516]
Event: 460.298 Thread 0x0000014acb5dc160 Exception <a 'sun/nio/fs/WindowsException'{0x00000004750a0a78}> (0x00000004750a0a78) 
thrown [s\src\hotspot\share\prims\jni.cpp, line 516]
Event: 460.298 Thread 0x0000014acb5dc160 Exception <a 'sun/nio/fs/WindowsException'{0x00000004750a1558}> (0x00000004750a1558) 
thrown [s\src\hotspot\share\prims\jni.cpp, line 516]
Event: 460.300 Thread 0x0000014acb5dc160 Exception <a 'sun/nio/fs/WindowsException'{0x00000004750d1f18}> (0x00000004750d1f18) 
thrown [s\src\hotspot\share\prims\jni.cpp, line 516]

VM Operations (20 events):
Event: 451.938 Executing VM operation: Cleanup done
Event: 452.939 Executing VM operation: Cleanup
Event: 452.939 Executing VM operation: Cleanup done
Event: 453.939 Executing VM operation: Cleanup
Event: 453.939 Executing VM operation: Cleanup done
Event: 454.940 Executing VM operation: Cleanup
Event: 454.940 Executing VM operation: Cleanup done
Event: 455.940 Executing VM operation: Cleanup
Event: 455.940 Executing VM operation: Cleanup done
Event: 456.941 Executing VM operation: Cleanup
Event: 456.941 Executing VM operation: Cleanup done
Event: 457.942 Executing VM operation: Cleanup
Event: 457.942 Executing VM operation: Cleanup done
Event: 458.942 Executing VM operation: Cleanup
Event: 458.942 Executing VM operation: Cleanup done
Event: 459.942 Executing VM operation: Cleanup
Event: 459.942 Executing VM operation: Cleanup done
Event: 460.267 Executing VM operation: HandshakeAllThreads
Event: 460.268 Executing VM operation: HandshakeAllThreads done
Event: 460.317 Executing VM operation: G1CollectForAllocation

Memory protections (0 events):
No events

Nmethod flushes (20 events):
Event: 460.290 Thread 0x0000014a31c33ec0 flushing  nmethod 0x0000014a02540510
Event: 460.291 Thread 0x0000014a31c33ec0 flushing  nmethod 0x0000014a025cff90
Event: 460.291 Thread 0x0000014a31c33ec0 flushing  nmethod 0x0000014a02629d10
Event: 460.291 Thread 0x0000014a31c33ec0 flushing  nmethod 0x0000014a0263b590
Event: 460.291 Thread 0x0000014a31c33ec0 flushing  nmethod 0x0000014a026c7e10
Event: 460.292 Thread 0x0000014a31c33ec0 flushing  nmethod 0x0000014a02701690
Event: 460.292 Thread 0x0000014a31c33ec0 flushing  nmethod 0x0000014a027b6b10
Event: 460.292 Thread 0x0000014a31c33ec0 flushing  nmethod 0x0000014a02876890
Event: 460.292 Thread 0x0000014a31c33ec0 flushing  nmethod 0x0000014a02898e90
Event: 460.292 Thread 0x0000014a31c33ec0 flushing  nmethod 0x0000014a028d5610
Event: 460.292 Thread 0x0000014a31c33ec0 flushing  nmethod 0x0000014a028e3690
Event: 460.292 Thread 0x0000014a31c33ec0 flushing  nmethod 0x0000014a028e7f90
Event: 460.293 Thread 0x0000014a31c33ec0 flushing  nmethod 0x0000014a0295cf10
Event: 460.293 Thread 0x0000014a31c33ec0 flushing  nmethod 0x0000014a029c5610
Event: 460.293 Thread 0x0000014a31c33ec0 flushing  nmethod 0x0000014a029c8c10
Event: 460.293 Thread 0x0000014a31c33ec0 flushing  nmethod 0x0000014a029c9190
Event: 460.293 Thread 0x0000014a31c33ec0 flushing  nmethod 0x0000014a029dd410
Event: 460.294 Thread 0x0000014a31c33ec0 flushing  nmethod 0x0000014a02bf2910
Event: 460.294 Thread 0x0000014a31c33ec0 flushing  nmethod 0x0000014a02c71f10
Event: 460.294 Thread 0x0000014a31c33ec0 flushing  nmethod 0x0000014a02d57d10

Events (20 events):
Event: 444.587 Thread 0x0000014b100b0920 Thread exited: 0x0000014b100b0920
Event: 444.640 Thread 0x0000014a31c256d0 Thread added: 0x0000014b100b0920
Event: 444.916 Thread 0x0000014b100b0920 Thread exited: 0x0000014b100b0920
Event: 445.818 Thread 0x0000014a31c335b0 Thread added: 0x0000014ac674db40
Event: 447.152 Thread 0x0000014ac674db40 Thread exited: 0x0000014ac674db40
Event: 449.399 Thread 0x0000014a31c256d0 Thread added: 0x0000014aca5334a0
Event: 449.868 Thread 0x0000014aca5334a0 Thread exited: 0x0000014aca5334a0
Event: 449.937 Thread 0x0000014a31c256d0 Thread added: 0x0000014aca5334a0
Event: 449.937 Thread 0x0000014a31c256d0 Thread added: 0x0000014aca533f40
Event: 450.052 Thread 0x0000014aca533f40 Thread exited: 0x0000014aca533f40
Event: 450.053 Thread 0x0000014aca5334a0 Thread exited: 0x0000014aca5334a0
Event: 452.887 Thread 0x0000014a31c335b0 Thread added: 0x0000014a36098820
Event: 453.470 Thread 0x0000014a36098820 Thread exited: 0x0000014a36098820
Event: 453.603 Thread 0x0000014a31c335b0 Thread added: 0x0000014a36097d80
Event: 453.603 Thread 0x0000014a31c335b0 Thread added: 0x0000014a36098820
Event: 454.218 Thread 0x0000014a36098820 Thread exited: 0x0000014a36098820
Event: 454.867 Thread 0x0000014a36097d80 Thread exited: 0x0000014a36097d80
Event: 457.988 Thread 0x0000014a31c335b0 Thread added: 0x0000014a36098820
Event: 460.290 Thread 0x0000014a36098820 Thread added: 0x0000014ac9cc0190
Event: 460.305 Thread 0x0000014a36098820 Thread added: 0x0000014ac9cc2170


Dynamic libraries:
0x00007ff7ead80000 - 0x00007ff7ead8e000 	C:\Users\paulm\.jdks\temurin-17.0.14\bin\java.exe
0x00007ffe1a080000 - 0x00007ffe1a2e6000 	C:\WINDOWS\SYSTEM32\ntdll.dll
0x00007ffe19410000 - 0x00007ffe194d9000 	C:\WINDOWS\System32\KERNEL32.DLL
0x00007ffe17210000 - 0x00007ffe175dc000 	C:\WINDOWS\System32\KERNELBASE.dll
0x00007ffe176c0000 - 0x00007ffe1780b000 	C:\WINDOWS\System32\ucrtbase.dll
0x00007ffe13250000 - 0x00007ffe13267000 	C:\Users\paulm\.jdks\temurin-17.0.14\bin\jli.dll
0x00007ffdee9c0000 - 0x00007ffdee9de000 	C:\Users\paulm\.jdks\temurin-17.0.14\bin\VCRUNTIME140.dll
0x00007ffe194e0000 - 0x00007ffe196aa000 	C:\WINDOWS\System32\USER32.dll
0x00007ffdf4e40000 - 0x00007ffdf50da000 	C:\WINDOWS\WinSxS\amd64_microsoft.windows.common-controls_6595b64144ccf1df_6.0.26100.3912_none_3e07963ce335137e\COMCTL32.dll
0x00007ffe17690000 - 0x00007ffe176b7000 	C:\WINDOWS\System32\win32u.dll
0x00007ffe19700000 - 0x00007ffe197a9000 	C:\WINDOWS\System32\msvcrt.dll
0x00007ffe19ff0000 - 0x00007ffe1a01b000 	C:\WINDOWS\System32\GDI32.dll
0x00007ffe17d00000 - 0x00007ffe17e32000 	C:\WINDOWS\System32\gdi32full.dll
0x00007ffe175e0000 - 0x00007ffe17683000 	C:\WINDOWS\System32\msvcp_win.dll
0x00007ffe19310000 - 0x00007ffe19340000 	C:\WINDOWS\System32\IMM32.DLL
0x00007ffde4090000 - 0x00007ffde409c000 	C:\Users\paulm\.jdks\temurin-17.0.14\bin\vcruntime140_1.dll
0x00007ffdd6e40000 - 0x00007ffdd6ecd000 	C:\Users\paulm\.jdks\temurin-17.0.14\bin\msvcp140.dll
0x00007ffd9dea0000 - 0x00007ffd9eb0b000 	C:\Users\paulm\.jdks\temurin-17.0.14\bin\server\jvm.dll
0x00007ffe19f30000 - 0x00007ffe19fe2000 	C:\WINDOWS\System32\ADVAPI32.dll
0x00007ffe197b0000 - 0x00007ffe19856000 	C:\WINDOWS\System32\sechost.dll
0x00007ffe17f90000 - 0x00007ffe180a6000 	C:\WINDOWS\System32\RPCRT4.dll
0x00007ffe17f00000 - 0x00007ffe17f74000 	C:\WINDOWS\System32\WS2_32.dll
0x00007ffe16060000 - 0x00007ffe160be000 	C:\WINDOWS\SYSTEM32\POWRPROF.dll
0x00007ffe0f3c0000 - 0x00007ffe0f3cb000 	C:\WINDOWS\SYSTEM32\VERSION.dll
0x00007ffe0f7d0000 - 0x00007ffe0f806000 	C:\WINDOWS\SYSTEM32\WINMM.dll
0x00007ffe16040000 - 0x00007ffe16054000 	C:\WINDOWS\SYSTEM32\UMPDC.dll
0x00007ffe160d0000 - 0x00007ffe160ea000 	C:\WINDOWS\SYSTEM32\kernel.appcore.dll
0x00007ffde4080000 - 0x00007ffde408a000 	C:\Users\paulm\.jdks\temurin-17.0.14\bin\jimage.dll
0x00007ffe14590000 - 0x00007ffe147d1000 	C:\WINDOWS\SYSTEM32\DBGHELP.DLL
0x00007ffe19b40000 - 0x00007ffe19ec4000 	C:\WINDOWS\System32\combase.dll
0x00007ffe18b10000 - 0x00007ffe18bf0000 	C:\WINDOWS\System32\OLEAUT32.dll
0x00007ffdf5520000 - 0x00007ffdf5559000 	C:\WINDOWS\SYSTEM32\dbgcore.DLL
0x00007ffe17ae0000 - 0x00007ffe17b79000 	C:\WINDOWS\System32\bcryptPrimitives.dll
0x00007ffdd1b10000 - 0x00007ffdd1b35000 	C:\Users\paulm\.jdks\temurin-17.0.14\bin\java.dll
0x00007ffda13a0000 - 0x00007ffda1477000 	C:\Users\paulm\.jdks\temurin-17.0.14\bin\jsvml.dll
0x00007ffe18260000 - 0x00007ffe1898d000 	C:\WINDOWS\System32\SHELL32.dll
0x00007ffe17b80000 - 0x00007ffe17cf4000 	C:\WINDOWS\System32\wintypes.dll
0x00007ffe14e60000 - 0x00007ffe156b6000 	C:\WINDOWS\SYSTEM32\windows.storage.dll
0x00007ffe19860000 - 0x00007ffe1994f000 	C:\WINDOWS\System32\SHCORE.dll
0x00007ffe18a90000 - 0x00007ffe18af9000 	C:\WINDOWS\System32\shlwapi.dll
0x00007ffe17120000 - 0x00007ffe1714f000 	C:\WINDOWS\SYSTEM32\profapi.dll
0x00007ffdc64f0000 - 0x00007ffdc6509000 	C:\Users\paulm\.jdks\temurin-17.0.14\bin\net.dll
0x00007ffe10440000 - 0x00007ffe1055e000 	C:\WINDOWS\SYSTEM32\WINHTTP.dll
0x00007ffe16660000 - 0x00007ffe166ca000 	C:\WINDOWS\system32\mswsock.dll
0x00007ffdc5bc0000 - 0x00007ffdc5bd6000 	C:\Users\paulm\.jdks\temurin-17.0.14\bin\nio.dll
0x00007ffdc6ac0000 - 0x00007ffdc6ad8000 	C:\Users\paulm\.jdks\temurin-17.0.14\bin\zip.dll
0x00007ffdc64e0000 - 0x00007ffdc64f0000 	C:\Users\paulm\.jdks\temurin-17.0.14\bin\verify.dll
0x00007ffdc5d90000 - 0x00007ffdc5d9a000 	C:\Users\paulm\.jdks\temurin-17.0.14\bin\management.dll
0x00007ffdc5b10000 - 0x00007ffdc5b1b000 	C:\Users\paulm\.jdks\temurin-17.0.14\bin\management_ext.dll
0x00007ffe17e40000 - 0x00007ffe17e48000 	C:\WINDOWS\System32\PSAPI.DLL
0x00007ffde18f0000 - 0x00007ffde1908000 	C:\WINDOWS\system32\napinsp.dll
0x00007ffe15aa0000 - 0x00007ffe15bc7000 	C:\WINDOWS\SYSTEM32\DNSAPI.dll
0x00007ffe15a00000 - 0x00007ffe15a33000 	C:\WINDOWS\SYSTEM32\IPHLPAPI.DLL
0x00007ffe17f80000 - 0x00007ffe17f8a000 	C:\WINDOWS\System32\NSI.dll
0x00007ffde1910000 - 0x00007ffde1922000 	C:\WINDOWS\System32\winrnr.dll
0x00007ffde1930000 - 0x00007ffde1960000 	C:\WINDOWS\system32\nlansp_c.dll
0x00007ffe0f4d0000 - 0x00007ffe0f4f0000 	C:\WINDOWS\system32\wshbth.dll
0x00007ffe0ee30000 - 0x00007ffe0ee3b000 	C:\Windows\System32\rasadhlp.dll
0x00007ffe0eff0000 - 0x00007ffe0f076000 	C:\WINDOWS\System32\fwpuclnt.dll
0x00007ffdcf990000 - 0x00007ffdcfa05000 	C:\Users\paulm\AppData\Local\Temp\lwjglpaulm\3.3.1-build-7\lwjgl.dll
0x00007ffdd6c70000 - 0x00007ffdd6cd1000 	C:\Users\paulm\AppData\Local\Temp\lwjglpaulm\3.3.1-build-7\glfw.dll
0x00007ffdcdc80000 - 0x00007ffdcdccb000 	C:\WINDOWS\SYSTEM32\dinput8.dll
0x00007ffd56400000 - 0x00007ffd56412000 	C:\WINDOWS\SYSTEM32\xinput1_4.dll
0x00007ffe16e80000 - 0x00007ffe16ed7000 	C:\WINDOWS\SYSTEM32\cfgmgr32.dll
0x00007ffe16e50000 - 0x00007ffe16e7d000 	C:\WINDOWS\SYSTEM32\DEVOBJ.dll
0x00007ffe13690000 - 0x00007ffe136c6000 	C:\WINDOWS\SYSTEM32\dwmapi.dll
0x00007ffde5980000 - 0x00007ffde5b61000 	C:\WINDOWS\SYSTEM32\inputhost.dll
0x00007ffe12f10000 - 0x00007ffe13036000 	C:\WINDOWS\SYSTEM32\CoreMessaging.dll
0x00007ffe13550000 - 0x00007ffe135ff000 	C:\WINDOWS\system32\uxtheme.dll
0x00007ffe16920000 - 0x00007ffe1692c000 	C:\WINDOWS\SYSTEM32\CRYPTBASE.DLL
0x00007ffe18d10000 - 0x00007ffe18e6f000 	C:\WINDOWS\System32\MSCTF.dll
0x00007ffd4c0a0000 - 0x00007ffd4c1ac000 	C:\WINDOWS\SYSTEM32\opengl32.dll
0x00007ffd50f90000 - 0x00007ffd50fbd000 	C:\WINDOWS\SYSTEM32\GLU32.dll
0x00007ffe138f0000 - 0x00007ffe13937000 	C:\WINDOWS\SYSTEM32\dxcore.dll
0x00007ffdf42e0000 - 0x00007ffdf42fa000 	C:\WINDOWS\SYSTEM32\windows.staterepositorycore.dll
0x00007ffd38ec0000 - 0x00007ffd3b4f8000 	C:\WINDOWS\System32\DriverStore\FileRepository\nv_dispi.inf_amd64_9425e4c3b1ac1c47\nvoglv64.dll
0x00007ffe18e80000 - 0x00007ffe19306000 	C:\WINDOWS\System32\SETUPAPI.dll
0x00007ffe180b0000 - 0x00007ffe1824f000 	C:\WINDOWS\System32\ole32.dll
0x00007ffe133b0000 - 0x00007ffe133c6000 	C:\WINDOWS\SYSTEM32\WTSAPI32.dll
0x00007ffe16970000 - 0x00007ffe16983000 	C:\WINDOWS\SYSTEM32\msasn1.dll
0x00007ffe0ec50000 - 0x00007ffe0ec8b000 	C:\WINDOWS\SYSTEM32\cryptnet.dll
0x00007ffe17810000 - 0x00007ffe17987000 	C:\WINDOWS\System32\CRYPT32.dll
0x00007ffe169e0000 - 0x00007ffe16a3d000 	C:\WINDOWS\SYSTEM32\wldp.dll
0x00007ffe0ead0000 - 0x00007ffe0ec4c000 	C:\WINDOWS\SYSTEM32\drvstore.dll
0x00007ffe17a50000 - 0x00007ffe17ad0000 	C:\WINDOWS\System32\WINTRUST.dll
0x00007ffe16210000 - 0x00007ffe16245000 	C:\WINDOWS\SYSTEM32\ntmarta.dll
0x00007ffe193e0000 - 0x00007ffe19400000 	C:\WINDOWS\System32\imagehlp.dll
0x00007ffe16900000 - 0x00007ffe1691c000 	C:\WINDOWS\SYSTEM32\CRYPTSP.dll
0x00007ffe15fa0000 - 0x00007ffe15fda000 	C:\WINDOWS\system32\rsaenh.dll
0x00007ffe170f0000 - 0x00007ffe17116000 	C:\WINDOWS\SYSTEM32\bcrypt.dll
0x00007ffe0ac10000 - 0x00007ffe0d920000 	C:\WINDOWS\System32\DriverStore\FileRepository\nv_dispi.inf_amd64_9425e4c3b1ac1c47\nvgpucomp64.dll
0x00007ffdd1050000 - 0x00007ffdd1356000 	C:\WINDOWS\system32\nvspcap64.dll
0x00007ffe15cc0000 - 0x00007ffe15d27000 	C:\WINDOWS\SYSTEM32\WINSTA.dll
0x00007ffda4540000 - 0x00007ffda4799000 	C:\Users\paulm\AppData\Local\Temp\lwjglpaulm\3.3.1-build-7\jemalloc.dll
0x00007ffde6450000 - 0x00007ffde659d000 	C:\WINDOWS\SYSTEM32\textinputframework.dll
0x00007ffe0f860000 - 0x00007ffe0fb43000 	C:\WINDOWS\SYSTEM32\CoreUIComponents.dll
0x00007ffdd3c70000 - 0x00007ffdd3ccd000 	C:\Users\paulm\AppData\Local\Temp\lwjglpaulm\3.3.1-build-7\lwjgl_opengl.dll
0x00007ffdcf3a0000 - 0x00007ffdcf421000 	C:\Users\paulm\AppData\Local\Temp\lwjglpaulm\3.3.1-build-7\lwjgl_stb.dll
0x00007ffe16700000 - 0x00007ffe1672b000 	C:\WINDOWS\SYSTEM32\USERENV.dll
0x00007ffe10720000 - 0x00007ffe1073f000 	C:\WINDOWS\SYSTEM32\dhcpcsvc6.DLL
0x00007ffe10110000 - 0x00007ffe10135000 	C:\WINDOWS\SYSTEM32\dhcpcsvc.DLL
0x00007ffdcf950000 - 0x00007ffdcf990000 	C:\Users\paulm\AppData\Local\Temp\jna-106439973\jna691292103287240653.dll
0x00007ffe17e50000 - 0x00007ffe17ef8000 	C:\WINDOWS\System32\clbcatq.dll
0x00007ffdf8a20000 - 0x00007ffdf8a3d000 	C:\WINDOWS\SYSTEM32\amsi.dll
0x00007ffd93000000 - 0x00007ffd930cb000 	C:\Program Files\Bitdefender\Bitdefender Security\bdamsi\dlls_267059357120000000\antimalware_provider64.dll
0x00007ffe014f0000 - 0x00007ffe0153e000 	C:\WINDOWS\SYSTEM32\Pdh.dll
0x00007ffde1480000 - 0x00007ffde1491000 	C:\WINDOWS\System32\perfos.dll
0x00007ffe13530000 - 0x00007ffe13542000 	C:\WINDOWS\SYSTEM32\pfclient.dll
0x00007ffdc5af0000 - 0x00007ffdc5afe000 	C:\Users\paulm\.jdks\temurin-17.0.14\bin\sunmscapi.dll
0x00007ffe16b10000 - 0x00007ffe16b40000 	C:\WINDOWS\SYSTEM32\ncrypt.dll
0x00007ffe16ac0000 - 0x00007ffe16aff000 	C:\WINDOWS\SYSTEM32\NTASN1.dll
0x00007ffdfcc60000 - 0x00007ffdfcd28000 	C:\WINDOWS\SYSTEM32\mscms.dll
0x00007ffdcccd0000 - 0x00007ffdccd19000 	C:\WINDOWS\SYSTEM32\icm32.dll
0x00007ffdc5b00000 - 0x00007ffdc5b09000 	C:\Users\paulm\.jdks\temurin-17.0.14\bin\extnet.dll
0x00007ffda15c0000 - 0x00007ffda1757000 	C:\Users\paulm\AppData\Local\Temp\lwjglpaulm\3.3.1-build-7\OpenAL.dll
0x00007ffe10320000 - 0x00007ffe103ba000 	C:\WINDOWS\System32\MMDevApi.dll
0x00007ffd8ffe0000 - 0x00007ffd90153000 	C:\WINDOWS\System32\Speech\Common\sapi.dll
0x00007ffde1ab0000 - 0x00007ffde1ab8000 	C:\WINDOWS\system32\wshunix.dll
0x00007ffdfa440000 - 0x00007ffdfa5fd000 	C:\WINDOWS\SYSTEM32\AUDIOSES.DLL
0x00007ffe14480000 - 0x00007ffe14494000 	C:\WINDOWS\SYSTEM32\resourcepolicyclient.dll
0x00007ffe01190000 - 0x00007ffe0136c000 	C:\WINDOWS\system32\urlmon.dll
0x00007ffe00bb0000 - 0x00007ffe00e7a000 	C:\WINDOWS\SYSTEM32\iertutil.dll
0x00007ffe15d30000 - 0x00007ffe15d3d000 	C:\WINDOWS\SYSTEM32\netutils.dll
0x00007ffe0a9c0000 - 0x00007ffe0a9e9000 	C:\WINDOWS\SYSTEM32\srvcli.dll
0x00007ffdcf710000 - 0x00007ffdcf8a0000 	C:\Users\paulm\.jdks\temurin-17.0.14\bin\awt.dll
0x00007ffe132f0000 - 0x00007ffe1338e000 	C:\WINDOWS\SYSTEM32\apphelp.dll

dbghelp: loaded successfully - version: 4.0.5 - missing functions: none
symbol engine: initialized successfully - sym options: 0x614 - pdb path: .;C:\Users\paulm\.jdks\temurin-17.0.14\bin;C:\WINDOWS\SYSTEM32;C:\WINDOWS\WinSxS\amd64_microsoft.windows.common-controls_6595b64144ccf1df_6.0.26100.3912_none_3e07963ce335137e;C:\Users\paulm\.jdks\temurin-17.0.14\bin\server;C:\Users\paulm\AppData\Local\Temp\lwjglpaulm\3.3.1-build-7;C:\WINDOWS\System32\DriverStore\FileRepository\nv_dispi.inf_amd64_9425e4c3b1ac1c47;C:\Users\paulm\AppData\Local\Temp\jna-106439973;C:\Program Files\Bitdefender\Bitdefender Security\bdamsi\dlls_267059357120000000;C:\WINDOWS\System32\Speech\Common

VM Arguments:
jvm_args: -Dforge.enableGameTest=true -Dforge.enabledGameTestNamespaces=minecolonytax -Dforge.logging.console.level=debug -Dforge.logging.markers=REGISTRIES -DignoreList=bootstraplauncher,securejarhandler,asm-commons,asm-util,asm-analysis,asm-tree,asm,JarJarFileSystems,client-extra,fmlcore,javafmllanguage,lowcodelanguage,mclanguage,forge- -Djava.net.preferIPv6Addresses=system -DlegacyClassPath.file=C:\Users\paulm\Desktop\MinecolonyTaxAddon - Kopie\build\classpath\runClient_minecraftClasspath.txt -DmergeModules=jna-5.10.0.jar,jna-platform-5.10.0.jar -Dmixin.env.refMapRemappingFile=C:\Users\paulm\Desktop\MinecolonyTaxAddon - Kopie/build/createSrgToMcp/output.srg -Dmixin.env.remapRefMap=true --module-path=C:\Users\paulm\.gradle\caches\modules-2\files-2.1\cpw.mods\bootstraplauncher\1.1.2\c546e00443d8432cda6baa1c860346980742628\bootstraplauncher-1.1.2.jar;C:\Users\paulm\.gradle\caches\modules-2\files-2.1\cpw.mods\securejarhandler\2.1.10\51e6a22c6c716beb11e244bf5b8be480f51dd6b5\securejarhandler-2.1.10.jar;C:\Users\paulm\.gradle\caches\modules-2\files-2.1\org.ow2.asm\asm-commons\9.7\e86dda4696d3c185fcc95d8d311904e7ce38a53f\asm-commons-9.7.jar;C:\Users\paulm\.gradle\caches\modules-2\files-2.1\org.ow2.asm\asm-util\9.7\c0655519f24d92af2202cb681cd7c1569df6ead6\asm-util-9.7.jar;C:\Users\paulm\.gradle\caches\modules-2\files-2.1\org.ow2.asm\asm-analysis\9.7\e4a258b7eb96107106c0599f0061cfc1832fe07a\asm-analysis-9.7.jar;C:\Users\paulm\.gradle\caches\modules-2\files-2.1\org.ow2.asm\asm-tree\9.7\e446a17b175bfb733b87c5c2560ccb4e57d69f1a\asm-tree-9.7.jar;C:\Users\paulm\.gradle\caches\modules-2\files-2.1\org.ow2.asm\asm\9.7\73d7b3086e14beb604ced229c302feff6449723\asm-9.7.jar;C:\Users\paulm\.gradle\caches\modules-2\files-2.1\net.minecraftforge\JarJarFileSystems\0.3.19\2464eb7d6b9ddb9db36a82cf8a95193e5c6fe020\JarJarFileSystems-0.3.19.jar --add-modules=ALL-MODULE-PATH --add-opens=java.base/java.util.jar=cpw.mods.securejarhandler --add-opens=java.base/java.lang.invoke=cpw.mods.securejarhandler --add-exports=java.base/sun.security.util=cpw.mods.securejarhandler --add-exports=jdk.naming.dns/com.sun.jndi.dns=java.naming -XX:HeapDumpPath=MojangTricksIntelDriversForPerformance_javaw.exe_minecraft.exe.heapdump -Dfile.encoding=UTF-8 -Duser.country=DE -Duser.language=de -Duser.variant 
java_command: cpw.mods.bootstraplauncher.BootstrapLauncher --launchTarget forgeclientuserdev --version MOD_DEV --assetIndex 5 --assetsDir C:\Users\paulm\.gradle\caches\forge_gradle\assets --gameDir . --fml.forgeVersion 47.3.10 --fml.mcVersion 1.20.1 --fml.forgeGroup net.minecraftforge --fml.mcpVersion 20230612.114412
java_class_path (initial): C:\Users\paulm\Desktop\MinecolonyTaxAddon - Kopie\build\classes\java\main;C:\Users\paulm\Desktop\MinecolonyTaxAddon - Kopie\build\resources\main;C:\Users\paulm\.gradle\caches\forge_gradle\deobf_dependencies\curse\maven\minecolonies-245506\5761248_mapped_parchment_2023.09.03-1.20.1\minecolonies-245506-5761248_mapped_parchment_2023.09.03-1.20.1.jar;C:\Users\paulm\.gradle\caches\forge_gradle\deobf_dependencies\curse\maven\sdm-shop-948942\5777543_mapped_parchment_2023.09.03-1.20.1\sdm-shop-948942-5777543_mapped_parchment_2023.09.03-1.20.1.jar;C:\Users\paulm\.gradle\caches\forge_gradle\deobf_dependencies\curse\maven\ftb-teams-forge-404468\5267190_mapped_parchment_2023.09.03-1.20.1\ftb-teams-forge-404468-5267190_mapped_parchment_2023.09.03-1.20.1.jar;C:\Users\paulm\.gradle\caches\forge_gradle\deobf_dependencies\curse\maven\recruits-523860\6500292_mapped_parchment_2023.09.03-1.20.1\recruits-523860-6500292_mapped_parchment_2023.09.03-1.20.1.jar;C:\Users\paulm\.gradle\caches\forge_gradle\minecraft_user_repo\net\minecraftforge\forge\1.20.1-47.3.10_mapped_parchment_2023.09.03-1.20.1\forge-1.20.1-47.3.10_mapped_parchment_2023.09.03-1.20.1.jar;C:\Users\paulm\.gradle\caches\forge_gradle\deobf_dependencies\curse\maven\blockui-522992\5658253_mapped_parchment_2023.09.03-1.20.1\blockui-522992-5658253_mapped_parchment_2023.09.03-1.20.1.jar;C:\Users\paulm\.gradle\caches\forge_gradle\deobf_dependencies\curse\maven\multi-piston-303278\5204918_mapped_parchment_2023.09.03-1.20.1\multi-piston-303278-5204918_mapped_parchment_2023.09.03-1.20.1.jar;C:\Users\paulm\.gradle\caches\forge_gradle\deobf_dependencies\curse\maven\domum-ornamentum-527361\5764067_mapped_parchment_2023.09.03-1.20.1\domum-ornamentum-527361-5764067_mapped_parchment_2023.09.03-1.20.1.jar;C:\Users\paulm\.gradle\caches\forge_gradle\deobf_dependencies\curse\maven\structurize-298744\5676596_mapped_parchment_2023.09.03-1.20.1\structurize-298744-5676596_mapped_parchment_2023.09.03-1.20.1.jar;C:\Users\p
Launcher Type: SUN_STANDARD

[Global flags]
     intx CICompilerCount                          = 15                                        {product} {ergonomic}
     uint ConcGCThreads                            = 6                                         {product} {ergonomic}
     uint G1ConcRefinementThreads                  = 23                                        {product} {ergonomic}
   size_t G1HeapRegionSize                         = 8388608                                   {product} {ergonomic}
    uintx GCDrainStackTargetSize                   = 64                                        {product} {ergonomic}
    ccstr HeapDumpPath                             = MojangTricksIntelDriversForPerformance_javaw.exe_minecraft.exe.heapdump         {manageable} {command line}
   size_t InitialHeapSize                          = 1065353216                                {product} {ergonomic}
   size_t MarkStackSize                            = 4194304                                   {product} {ergonomic}
   size_t MaxHeapSize                              = 16953376768                               {product} {ergonomic}
   size_t MaxNewSize                               = 10166992896                               {product} {ergonomic}
   size_t MinHeapDeltaBytes                        = 8388608                                   {product} {ergonomic}
   size_t MinHeapSize                              = 8388608                                   {product} {ergonomic}
    uintx NonNMethodCodeHeapSize                   = 8192380                                {pd product} {ergonomic}
    uintx NonProfiledCodeHeapSize                  = 121732930                              {pd product} {ergonomic}
    uintx ProfiledCodeHeapSize                     = 121732930                              {pd product} {ergonomic}
    uintx ReservedCodeCacheSize                    = 251658240                              {pd product} {ergonomic}
     bool SegmentedCodeCache                       = true                                      {product} {ergonomic}
   size_t SoftMaxHeapSize                          = 16953376768                            {manageable} {ergonomic}
     bool UseCompressedClassPointers               = true                           {product lp64_product} {ergonomic}
     bool UseCompressedOops                        = true                           {product lp64_product} {ergonomic}
     bool UseG1GC                                  = true                                      {product} {ergonomic}
     bool UseLargePagesIndividualAllocation        = false                                  {pd product} {ergonomic}

Logging:
Log output configuration:
 #0: stdout all=warning uptime,level,tags
 #1: stderr all=off uptime,level,tags

Environment Variables:
PATH=C:\Program Files (x86)\VMware\VMware Workstation\bin\;C:\Program Files\Common Files\Oracle\Java\javapath;C:\WINDOWS\system32;C:\WINDOWS;C:\WINDOWS\System32\Wbem;C:\WINDOWS\System32\WindowsPowerShell\v1.0\;C:\WINDOWS\System32\OpenSSH\;C:\Program Files\NVIDIA Corporation\NVIDIA app\NvDLISR;C:\Program Files (x86)\NVIDIA Corporation\PhysX\Common;C:\Program Files\dotnet\;C:\Program Files\Git\cmd;C:\Program Files\nodejs\;C:\ProgramData\chocolatey\bin;C:\Program Files\MySQL\MySQL Shell 8.4\bin\;C:\Users\paulm\AppData\Local\Programs\Python\Launcher\;C:\Users\paulm\AppData\Local\Microsoft\WindowsApps;C:\Users\paulm\AppData\Local\Programs\Microsoft VS Code\bin;C:\Users\paulm\.dotnet\tools;C:\Users\paulm\AppData\Local\GitHubDesktop\bin;C:\Users\paulm\AppData\Roaming\npm;C:\Users\paulm\AppData\Local\Programs\Windsurf\bin;C:\Users\paulm\AppData\Local\Programs\cursor\resources\app\bin
USERNAME=paulm
OS=Windows_NT
PROCESSOR_IDENTIFIER=AMD64 Family 25 Model 97 Stepping 2, AuthenticAMD
TMP=C:\Users\paulm\AppData\Local\Temp
TEMP=C:\Users\paulm\AppData\Local\Temp



Periodic native trim disabled


---------------  S Y S T E M  ---------------

OS:
 Windows 11 , 64 bit Build 26100 (10.0.26100.3912)
OS uptime: 3 days 16:03 hours
Hyper-V role detected

CPU: total 32 (initial active 32) (32 cores per cpu, 2 threads per core) family 25 model 97 stepping 2 microcode 0xa601209, cx8, cmov, fxsr, ht, mmx, 3dnowpref, sse, sse2, sse3, ssse3, sse4a, sse4.1, sse4.2, popcnt, lzcnt, tsc, tscinvbit, avx, avx2, aes, erms, clmul, bmi1, bmi2, adx, avx512f, avx512dq, avx512cd, avx512bw, avx512vl, sha, fma, vzeroupper, avx512_vpopcntdq, avx512_vpclmulqdq, avx512_vaes, avx512_vnni, clflush, clflushopt, avx512_vbmi2, avx512_vbmi, hv
Processor Information for all 32 processors :
  Max Mhz: 4501, Current Mhz: 4501, Mhz Limit: 4501

Memory: 4k page, system-wide physical 64650M (10699M free)
TotalPageFile size 89214M (AvailPageFile size 349M)
current process WorkingSet (physical memory assigned to process): 4492M, peak: 4498M
current process commit charge ("private bytes"): 6804M, peak: 7432M

vm_info: OpenJDK 64-Bit Server VM (17.0.14+7) for windows-amd64 JRE (17.0.14+7), built on Jan 21 2025 23:40:15 by "admin" with MS VC++ 17.7 (VS2022)

END.
