JvmtiExport can_access_local_variables 0
JvmtiExport can_hotswap_or_post_breakpoint 0
JvmtiExport can_post_on_exceptions 0
# 300 ciObject found
instanceKlass net/minecraft/server/packs/linkfs/LinkFSPath
ciInstanceKlass java/lang/Cloneable 1 0 7 100 1 100 1 1 1
instanceKlass com/minecolonies/core/colony/requestsystem/resolvers/StandardPlayerRequestResolver
instanceKlass com/minecolonies/api/colony/requestsystem/manager/IRequestManager
instanceKlass jdk/internal/net/http/websocket/RawChannel
instanceKlass jdk/internal/net/http/HttpResponseImpl$RawChannelProvider
instanceKlass com/minecolonies/core/colony/requestsystem/resolvers/factory/StandardPlayerRequestResolverFactory
instanceKlass jdk/internal/net/http/HttpResponseImpl
instanceKlass jdk/internal/net/http/websocket/RawChannel$Provider
instanceKlass com/minecolonies/core/colony/requestsystem/resolvers/factory/StationRequestResolverFactory
instanceKlass jdk/internal/net/http/ResponseSubscribers
instanceKlass jdk/internal/net/http/ResponseSubscribers$TrustedSubscriber
instanceKlass com/minecolonies/core/colony/requestsystem/resolvers/factory/BuildingRequestResolverFactory
instanceKlass java/net/http/HttpResponse$BodySubscribers
instanceKlass jdk/internal/net/http/ResponseInfoImpl
instanceKlass com/minecolonies/core/colony/requestsystem/resolvers/factory/PublicWorkerCraftingProductionResolverFactory
instanceKlass java/util/stream/Sink$OfLong
instanceKlass com/minecolonies/api/colony/requestsystem/requestable/crafting/AbstractCrafting
instanceKlass com/minecolonies/core/colony/requestsystem/resolvers/factory/PrivateWorkerCraftingProductionResolverFactory
instanceKlass jdk/internal/net/http/hpack/Decoder$1
instanceKlass com/minecolonies/core/colony/requestsystem/resolvers/factory/PublicWorkerCraftingRequestResolverFactory
instanceKlass com/minecolonies/core/colony/requestsystem/resolvers/factory/PrivateWorkerCraftingRequestResolverFactory
instanceKlass com/minecolonies/core/colony/requestsystem/resolvers/factory/WarehouseConcreteRequestResolverFactory
instanceKlass com/minecolonies/core/colony/requestsystem/resolvers/factory/WarehouseRequestResolverFactory
instanceKlass com/minecolonies/core/colony/requestsystem/resolvers/factory/PickupRequestResolverFactory
instanceKlass com/minecolonies/core/colony/requestsystem/resolvers/core/AbstractRequestResolver
instanceKlass com/minecolonies/core/colony/requestsystem/resolvers/factory/DeliveryRequestResolverFactory
instanceKlass com/minecolonies/api/colony/requestsystem/resolver/IRequestResolverFactory
instanceKlass com/minecolonies/core/colony/requestsystem/requesters/BuildingBasedRequester
instanceKlass com/minecolonies/core/colony/requestsystem/requesters/IBuildingBasedRequester
instanceKlass com/minecolonies/core/colony/requestsystem/requesters/factories/BuildingBasedRequesterFactory
instanceKlass com/minecolonies/core/colony/requestsystem/requests/StandardRequestFactories$MinimumStackRequestFactory
instanceKlass com/minecolonies/api/colony/requestsystem/requestable/Burnable
instanceKlass com/minecolonies/core/colony/requestsystem/requests/StandardRequestFactories$BurnableRequestFactory
instanceKlass com/minecolonies/core/colony/requestable/SmeltableOre
instanceKlass com/minecolonies/core/colony/requestsystem/requests/StandardRequestFactories$SmeltableOreRequestFactory
instanceKlass com/minecolonies/api/colony/requestsystem/requestable/Food
instanceKlass com/minecolonies/core/colony/requestsystem/requests/StandardRequestFactories$FoodRequestFactory
instanceKlass com/minecolonies/core/colony/requestsystem/requests/StandardRequestFactories$ToolRequestFactory
instanceKlass com/minecolonies/core/colony/requestsystem/requests/StandardRequestFactories$PickupRequestFactory
instanceKlass com/minecolonies/api/colony/requestsystem/requestable/IStackBasedTask
instanceKlass com/minecolonies/core/colony/requestsystem/requests/StandardRequestFactories$DeliveryRequestFactory
instanceKlass com/minecolonies/core/colony/requestsystem/requests/StandardRequestFactories$ItemTagRequestFactory
instanceKlass com/minecolonies/api/colony/requestsystem/requestable/StackList
instanceKlass com/minecolonies/api/colony/requestsystem/requestable/INonExhaustiveDeliverable
instanceKlass com/minecolonies/core/colony/requestsystem/requests/StandardRequestFactories$ItemStackListRequestFactory
instanceKlass com/minecolonies/core/colony/requestsystem/requests/AbstractRequest
instanceKlass com/minecolonies/api/colony/requestsystem/requestable/Stack
instanceKlass com/minecolonies/api/colony/requestsystem/requestable/IConcreteDeliverable
instanceKlass com/minecolonies/api/colony/requestsystem/request/IRequest
instanceKlass com/minecolonies/core/colony/requestsystem/requests/StandardRequestFactories$ItemStackRequestFactory
instanceKlass com/minecolonies/api/colony/requestsystem/request/IRequestFactory
instanceKlass com/minecolonies/core/colony/requestsystem/locations/EntityLocation
instanceKlass com/minecolonies/core/colony/requestsystem/locations/EntityLocation$Factory
instanceKlass com/minecolonies/core/colony/requestsystem/locations/StaticLocation
instanceKlass com/minecolonies/core/colony/requestsystem/locations/StaticLocation$Factory
instanceKlass com/minecolonies/api/colony/requestsystem/location/ILocationFactory
instanceKlass sun/reflect/generics/tree/IntSignature
instanceKlass com/google/common/reflect/Types$ClassOwnership$1LocalClass
instanceKlass com/google/common/reflect/Types$ParameterizedTypeImpl
instanceKlass com/google/common/reflect/Types
instanceKlass com/google/common/reflect/TypeResolver$TypeVariableKey
instanceKlass com/google/common/reflect/TypeResolver$TypeTable
instanceKlass com/google/common/reflect/TypeResolver
instanceKlass com/google/common/reflect/TypeVisitor
instanceKlass com/google/common/reflect/TypeToken$TypeCollector
instanceKlass com/minecolonies/api/util/ReflectionUtils
instanceKlass com/minecolonies/api/colony/requestsystem/requestable/Tool
instanceKlass com/minecolonies/api/colony/requestsystem/requestable/deliveryman/AbstractDeliverymanRequestable
instanceKlass com/minecolonies/api/colony/requestsystem/requestable/deliveryman/IDeliverymanRequestable
instanceKlass com/minecolonies/api/colony/requestsystem/token/StandardToken
instanceKlass com/minecolonies/api/colony/requestsystem/data/IRequestSystemCrafterJobDataStore
instanceKlass com/minecolonies/api/colony/requestsystem/data/IRequestSystemDeliveryManJobDataStore
instanceKlass com/minecolonies/api/colony/requestsystem/data/IRequestSystemBuildingDataStore
instanceKlass com/minecolonies/api/colony/requestsystem/data/IDataStoreManager
instanceKlass com/minecolonies/api/colony/requestsystem/data/IRequestableTypeRequestResolverAssignmentDataStore
instanceKlass com/minecolonies/api/colony/requestsystem/data/IRequestResolverRequestAssignmentDataStore
instanceKlass com/minecolonies/api/colony/requestsystem/data/IProviderResolverAssignmentDataStore
instanceKlass com/minecolonies/api/colony/requestsystem/data/ITokenTokenAssignmentDataStore
instanceKlass com/minecolonies/api/colony/requestsystem/data/IAssignmentDataStore
instanceKlass com/minecolonies/api/colony/requestsystem/data/IRequestResolverIdentitiesDataStore
instanceKlass com/minecolonies/api/colony/requestsystem/data/IRequestIdentitiesDataStore
instanceKlass com/minecolonies/api/colony/requestsystem/data/IIdentitiesDataStore
instanceKlass com/minecolonies/api/colony/requestsystem/data/IDataStore
instanceKlass com/minecolonies/api/colony/requestsystem/resolver/retrying/IRetryingRequestResolver
instanceKlass jdk/internal/net/http/common/ValidatingHeadersConsumer
instanceKlass com/minecolonies/api/colony/requestsystem/resolver/player/IPlayerRequestResolver
instanceKlass com/minecolonies/api/colony/requestsystem/resolver/IQueuedRequestResolver
instanceKlass com/minecolonies/api/colony/requestsystem/resolver/IRequestResolver
instanceKlass com/minecolonies/api/crafting/ItemStorage
instanceKlass com/minecolonies/api/colony/requestsystem/requestable/RequestTag
instanceKlass jdk/internal/net/http/HttpConnection$PlainHttpPublisher$HttpWriteSubscription
instanceKlass com/minecolonies/api/colony/requestsystem/requestable/IDeliverable
instanceKlass com/minecolonies/api/crafting/RecipeStorage
instanceKlass jdk/internal/net/http/common/SSLTube$DelegateWrapper
instanceKlass jdk/internal/net/http/WindowUpdateSender
instanceKlass com/minecolonies/api/colony/requestsystem/requestable/IRetryable
instanceKlass com/minecolonies/api/colony/requestsystem/factory/FactoryVoidInput
instanceKlass jdk/internal/net/http/hpack/ISO_8859_1$Reader
instanceKlass com/minecolonies/api/util/constant/TypeConstants
instanceKlass jdk/internal/net/http/hpack/QuickHuffman$ImmutableNode
instanceKlass com/minecolonies/api/colony/requestsystem/token/AbstractTokenFactory
instanceKlass com/minecolonies/api/colony/requestsystem/token/ITokenFactory
instanceKlass jdk/internal/net/http/hpack/QuickHuffman$TemporaryNode
instanceKlass com/minecolonies/api/colony/requestsystem/StandardFactoryController
instanceKlass jdk/internal/net/http/hpack/QuickHuffman$Node
instanceKlass jdk/internal/net/http/hpack/QuickHuffman$Reader
instanceKlass com/minecolonies/api/colony/requestsystem/factory/IFactoryController
instanceKlass jdk/internal/net/http/hpack/Huffman$Reader
instanceKlass jdk/internal/net/http/hpack/StringReader
instanceKlass com/minecolonies/api/colony/requestsystem/factory/ITypeOverrideHandler
instanceKlass com/minecolonies/api/colony/requestsystem/factory/IFactory
instanceKlass com/minecolonies/core/colony/requestsystem/init/StandardFactoryControllerInitializer
instanceKlass jdk/internal/net/http/hpack/IntegerReader
instanceKlass jdk/internal/net/http/hpack/Decoder
instanceKlass jdk/internal/net/http/hpack/SimpleHeaderTable$CircularBuffer
instanceKlass jdk/internal/net/http/hpack/SimpleHeaderTable$HeaderField
instanceKlass jdk/internal/net/http/hpack/SimpleHeaderTable
instanceKlass jdk/internal/net/http/hpack/HPACK$Logger
instanceKlass jdk/internal/net/http/hpack/HPACK
instanceKlass jdk/internal/net/http/hpack/BulkSizeUpdateWriter
instanceKlass jdk/internal/net/http/hpack/SizeUpdateWriter
instanceKlass jdk/internal/net/http/hpack/ISO_8859_1
instanceKlass jdk/internal/net/http/hpack/ISO_8859_1$Writer
instanceKlass jdk/internal/net/http/hpack/StringWriter
instanceKlass jdk/internal/net/http/hpack/IndexNameValueWriter
instanceKlass jdk/internal/net/http/hpack/IntegerWriter
instanceKlass jdk/internal/net/http/hpack/IndexedWriter
instanceKlass jdk/internal/net/http/hpack/QuickHuffman
instanceKlass jdk/internal/net/http/hpack/HPACK$BufferUpdateConsumer
instanceKlass jdk/internal/net/http/hpack/QuickHuffman$Writer
instanceKlass jdk/internal/net/http/hpack/Huffman$Writer
instanceKlass jdk/internal/net/http/hpack/BinaryRepresentationWriter
instanceKlass jdk/internal/net/http/hpack/Encoder
instanceKlass jdk/internal/net/http/frame/FramesDecoder$FrameProcessor
instanceKlass jdk/internal/net/http/frame/FramesDecoder
instanceKlass jdk/internal/net/http/Http2Connection$Http2TubeSubscriber
instanceKlass jdk/internal/net/http/Http2Connection$FramesController
instanceKlass jdk/internal/net/http/WindowController
instanceKlass jdk/internal/net/http/frame/FramesEncoder
instanceKlass sun/security/ssl/CipherSuite$1
instanceKlass net/minecraft/client/renderer/block/model/multipart/OrCondition
instanceKlass sun/security/util/DomainName$RegisteredDomainImpl
instanceKlass sun/security/util/DomainName$CommonMatch
instanceKlass sun/security/util/DomainName$Match
instanceKlass sun/security/util/DomainName$1
instanceKlass java/util/LinkedList$DescendingIterator
instanceKlass sun/security/util/DomainName$Rule
instanceKlass sun/security/util/DomainName$Rules$RuleSet
instanceKlass sun/security/util/DomainName$Rules$1
instanceKlass sun/security/util/DomainName$Rules
instanceKlass net/minecraft/advancements/critereon/AbstractCriterionTriggerInstance
instanceKlass sun/security/util/DomainName
instanceKlass sun/security/util/RegisteredDomain
instanceKlass net/minecraft/advancements/critereon/SimpleCriterionTrigger
instanceKlass net/minecraft/advancements/critereon/ImpossibleTrigger
instanceKlass net/minecraft/advancements/CriteriaTriggers
instanceKlass sun/security/ec/ECDSAOperations
instanceKlass net/minecraft/client/renderer/block/model/multipart/AndCondition
instanceKlass net/minecraft/client/renderer/block/model/multipart/KeyValueCondition
instanceKlass sun/security/ssl/XDHKeyExchange$XDHEKAGenerator
instanceKlass sun/security/ssl/XDHKeyExchange
instanceKlass java/security/spec/XECPublicKeySpec
instanceKlass sun/security/ssl/XDHKeyExchange$XDHECredentials
instanceKlass sun/security/ssl/SSLEngineImpl$DelegatedTask$DelegatedAction
instanceKlass sun/security/ssl/SSLEngineImpl$DelegatedTask
instanceKlass net/minecraft/server/PlayerAdvancements
instanceKlass com/minecolonies/api/advancements/CriterionListeners
instanceKlass net/minecraft/advancements/CriterionTriggerInstance
instanceKlass com/minecolonies/api/advancements/AbstractCriterionTrigger
instanceKlass net/minecraft/advancements/CriterionTrigger
instanceKlass com/minecolonies/api/advancements/AdvancementTriggers
instanceKlass com/minecolonies/core/network/messages/server/SwitchRecipeCraftingTeachingMessage
instanceKlass com/minecolonies/core/network/messages/server/ResourceScrollSaveWarehouseSnapshotMessage
instanceKlass com/minecolonies/core/network/messages/client/colony/ColonyListMessage
instanceKlass sun/nio/ch/IOVecWrapper$Deallocator
instanceKlass sun/nio/ch/NativeObject
instanceKlass com/minecolonies/core/colony/crafting/CustomRecipeManagerMessage
instanceKlass sun/nio/ch/IOVecWrapper
instanceKlass jdk/internal/net/http/common/SSLFlowDelegate$EngineResult
instanceKlass com/minecolonies/core/research/GlobalResearchTreeMessage
instanceKlass jdk/internal/net/http/common/SSLFlowDelegate$1
instanceKlass javax/net/ssl/SSLEngineResult
instanceKlass it/unimi/dsi/fastutil/booleans/BooleanArrayList$1
instanceKlass com/minecolonies/core/network/messages/server/ToggleBannerRallyGuardsMessage
instanceKlass sun/security/ssl/Ciphertext
instanceKlass sun/security/ssl/SSLEngineOutputRecord$RecordMemo
instanceKlass sun/security/ssl/SSLEngineOutputRecord$HandshakeFragment
instanceKlass com/minecolonies/core/network/messages/server/RemoveFromRallyingListMessage
instanceKlass jdk/internal/net/http/common/SubscriberWrapper$1
instanceKlass it/unimi/dsi/fastutil/booleans/BooleanListIterator
instanceKlass sun/security/ssl/AlpnExtension$AlpnSpec
instanceKlass it/unimi/dsi/fastutil/booleans/BooleanBidirectionalIterator
instanceKlass jdk/internal/net/http/SocketTube$InternalWriteSubscriber$WriteSubscription
instanceKlass it/unimi/dsi/fastutil/booleans/BooleanSpliterator
instanceKlass com/minecolonies/core/network/messages/server/ClickGuiButtonTriggerMessage
instanceKlass it/unimi/dsi/fastutil/booleans/BooleanIterator
instanceKlass java/util/function/LongBinaryOperator
instanceKlass jdk/internal/net/http/SocketTube$SSLDirectBufferSource
instanceKlass com/minecolonies/core/network/messages/server/OpenGuiWindowTriggerMessage
instanceKlass jdk/internal/net/http/SocketTube$InternalReadPublisher$ReadSubscription
instanceKlass com/minecolonies/core/network/messages/server/TransferRecipeCraftingTeachingMessage
instanceKlass jdk/internal/net/http/common/FlowTube$AbstractTubePublisher
instanceKlass com/minecolonies/core/network/messages/client/OpenReactivateColonyMessage
instanceKlass com/minecolonies/core/network/messages/client/OpenDeleteAbandonColonyMessage
instanceKlass it/unimi/dsi/fastutil/booleans/BooleanStack
instanceKlass com/minecolonies/core/network/messages/client/OpenCantFoundColonyWarningMessage
instanceKlass jdk/internal/net/http/common/SSLFlowDelegate$Reader$ReaderDownstreamPusher
instanceKlass com/minecolonies/core/network/messages/client/colony/OpenBuildingUIMessage
instanceKlass jdk/internal/net/http/common/SubscriptionBase
instanceKlass com/minecolonies/core/network/messages/client/OpenColonyFoundingCovenantMessage
instanceKlass jdk/internal/net/http/common/SequentialScheduler$CompleteRestartableTask
instanceKlass jdk/internal/net/http/common/SubscriberWrapper$DownstreamPusher
instanceKlass com/minecolonies/core/network/messages/client/GlobalQuestSyncMessage
instanceKlass com/minecolonies/core/network/messages/client/SaveStructureNBTMessage
instanceKlass jdk/internal/net/http/common/SubscriberWrapper
instanceKlass com/minecolonies/core/network/messages/client/OpenBuildWindowMessage
instanceKlass java/util/concurrent/Flow$Processor
instanceKlass it/unimi/dsi/fastutil/booleans/BooleanList
instanceKlass it/unimi/dsi/fastutil/booleans/BooleanCollection
instanceKlass it/unimi/dsi/fastutil/booleans/BooleanIterable
instanceKlass com/minecolonies/core/network/messages/client/colony/PlaySoundForCitizenMessage
instanceKlass com/minecolonies/core/network/messages/server/ReactivateBuildingMessage
instanceKlass jdk/internal/net/http/common/SSLTube$SSLSubscriberWrapper
instanceKlass com/minecolonies/core/network/messages/client/SyncPathReachedMessage
instanceKlass jdk/internal/net/http/common/SSLTube$SSLSubscriptionWrapper
instanceKlass com/minecolonies/core/network/messages/client/SyncPathMessage
instanceKlass net/minecraft/client/resources/model/ModelBakery$ModelGroupKey
instanceKlass com/minecolonies/core/network/messages/client/colony/ColonyVisitorViewDataMessage
instanceKlass jdk/internal/net/http/common/SSLFlowDelegate
instanceKlass jdk/internal/net/http/common/SSLTube
instanceKlass com/minecolonies/core/network/messages/client/colony/PlayMusicAtPosMessage
instanceKlass jdk/internal/net/http/common/Pair
instanceKlass it/unimi/dsi/fastutil/ints/IntIterators$UnmodifiableIterator
instanceKlass com/minecolonies/core/network/messages/client/PlayAudioMessage
instanceKlass it/unimi/dsi/fastutil/ints/IntOpenHashSet$SetIterator
instanceKlass net/minecraft/client/renderer/block/model/multipart/Condition
instanceKlass net/minecraft/client/renderer/block/model/multipart/Selector$Deserializer
instanceKlass com/minecolonies/core/network/messages/client/StopMusicMessage
instanceKlass net/minecraft/client/renderer/block/model/multipart/Selector
instanceKlass com/minecolonies/core/network/messages/client/VanillaParticleMessage
instanceKlass net/minecraft/client/renderer/block/model/multipart/MultiPart$Deserializer
instanceKlass net/minecraft/client/renderer/block/model/multipart/MultiPart
instanceKlass com/minecolonies/core/network/messages/client/SleepingParticleMessage
instanceKlass net/minecraft/client/renderer/block/model/MultiVariant$Deserializer
instanceKlass com/minecolonies/core/network/messages/client/StreamParticleEffectMessage
instanceKlass net/minecraft/client/renderer/block/model/MultiVariant
instanceKlass com/minecolonies/core/network/messages/client/CircleParticleEffectMessage
instanceKlass net/minecraft/client/renderer/block/model/Variant$Deserializer
instanceKlass net/minecraft/client/renderer/block/model/Variant
instanceKlass com/minecolonies/core/network/messages/client/UpdateClientWithCompatibilityMessage
instanceKlass net/minecraft/client/renderer/block/model/BlockModelDefinition$Deserializer
instanceKlass com/minecolonies/core/network/messages/client/OpenSuggestionWindowMessage
instanceKlass net/minecraft/client/renderer/block/model/BlockModelDefinition
instanceKlass net/minecraft/util/DependencySorter
instanceKlass com/minecolonies/core/network/messages/client/UpdateChunkRangeCapabilityMessage
instanceKlass java/lang/invoke/ConstantBootstraps
instanceKlass net/minecraft/client/renderer/block/model/BlockModelDefinition$Context
instanceKlass java/nio/channels/SelectionKey
instanceKlass com/minecolonies/core/network/messages/client/LocalizedParticleEffectMessage
instanceKlass jdk/internal/net/http/HttpClientImpl$SelectorAttachment
instanceKlass com/minecolonies/core/network/messages/client/ItemParticleEffectMessage
instanceKlass com/minecolonies/core/network/messages/client/CompostParticleMessage
instanceKlass net/minecraftforge/client/model/SeparateTransformsModel
instanceKlass jdk/internal/net/http/SocketTube$InternalWriteSubscriber
instanceKlass net/minecraft/client/gui/font/CodepointMap$Output
instanceKlass com/minecolonies/core/network/messages/client/BlockParticleEffectMessage
instanceKlass com/minecolonies/core/network/messages/server/MarkStoryReadOnItem
instanceKlass jdk/internal/net/http/SocketTube$SocketFlowTask
instanceKlass com/minecolonies/core/network/messages/server/PickupBlockMessage
instanceKlass jdk/internal/net/http/common/Demand
instanceKlass com/minecolonies/core/network/messages/server/GetColonyInfoMessage
instanceKlass jdk/internal/net/http/SocketTube$InternalReadPublisher$InternalReadSubscription
instanceKlass jdk/internal/net/http/SocketTube$InternalReadPublisher
instanceKlass jdk/internal/net/http/SocketTube$SliceBufferSource
instanceKlass jdk/internal/net/http/SocketTube$BufferSource
instanceKlass jdk/internal/net/http/SocketTube
instanceKlass net/minecraft/client/renderer/block/model/ItemOverride$Predicate
instanceKlass sun/nio/ch/SocketChannelImpl$DefaultOptionsHolder
instanceKlass jdk/internal/net/http/common/SequentialScheduler$SchedulableTask
instanceKlass jdk/internal/net/http/common/SequentialScheduler$RestartableTask
instanceKlass jdk/internal/net/http/common/SequentialScheduler$DeferredCompleter
instanceKlass jdk/internal/net/http/common/SequentialScheduler
instanceKlass jdk/internal/net/http/HttpConnection$PlainHttpPublisher
instanceKlass com/minecolonies/core/network/messages/server/PlantationFieldBuildRequestMessage
instanceKlass jdk/internal/net/http/AsyncEvent
instanceKlass sun/security/ssl/SSLConfiguration$CustomizedServerSignatureSchemes
instanceKlass jdk/internal/net/http/HttpConnection$TrailingOperations
instanceKlass com/minecolonies/core/network/messages/server/SwitchBuildingWithToolMessage
instanceKlass jdk/internal/net/http/common/Utils$ServerName
instanceKlass jdk/internal/net/http/HttpConnection$HttpPublisher
instanceKlass jdk/internal/net/http/common/FlowTube
instanceKlass jdk/internal/net/http/hpack/DecodingCallback
instanceKlass jdk/internal/net/http/frame/Http2Frame
instanceKlass jdk/internal/net/http/Http2Connection
instanceKlass com/minecolonies/core/network/messages/server/DirectPlaceMessage
instanceKlass com/minecolonies/core/network/messages/server/DecorationBuildRequestMessage
instanceKlass jdk/internal/net/http/HttpConnection
instanceKlass jdk/internal/net/http/AuthenticationFilter$Cache
instanceKlass com/minecolonies/core/event/TextureReloadListener$TexturePacks
instanceKlass jdk/internal/net/http/Response
instanceKlass jdk/internal/net/http/MultiExchange$CancelableRef
instanceKlass jdk/internal/net/http/Exchange$ConnectionAborter
instanceKlass jdk/internal/net/http/ExchangeImpl
instanceKlass jdk/internal/net/http/Exchange
instanceKlass jdk/internal/net/http/MultiExchange$ConnectTimeoutTracker
instanceKlass java/util/concurrent/Flow$Subscription
instanceKlass jdk/internal/net/http/TimeoutEvent
instanceKlass jdk/internal/net/http/MultiExchange
instanceKlass jdk/internal/net/http/common/Cancelable
instanceKlass com/ldtteam/structurize/client/model/OverlaidGeometry
instanceKlass net/minecraft/client/GraphicsStatus$1
instanceKlass jdk/internal/net/http/websocket/WebSocketRequest
instanceKlass java/net/http/HttpResponse
instanceKlass java/net/http/HttpResponse$BodySubscriber
instanceKlass java/net/http/HttpResponse$ResponseInfo
instanceKlass java/net/http/HttpResponse$BodyHandler
instanceKlass it/unimi/dsi/fastutil/objects/Object2ObjectLinkedOpenHashMap$MapIterator
instanceKlass java/net/http/HttpResponse$BodyHandlers
instanceKlass java/net/http/HttpHeaders
instanceKlass jdk/internal/net/http/common/HttpHeadersBuilder
instanceKlass net/minecraft/client/gui/components/toasts/ToastComponent$ToastInstance
instanceKlass jdk/internal/net/http/HttpRequestBuilderImpl
instanceKlass com/minecolonies/core/network/messages/server/colony/ColonyAbandonOwnMessage
instanceKlass java/nio/channels/spi/AbstractSelector$1
instanceKlass jdk/internal/net/http/common/Log
instanceKlass java/net/http/HttpRequest$Builder
instanceKlass java/net/http/HttpRequest
instanceKlass net/minecraft/client/renderer/texture/MipmapGenerator
instanceKlass jdk/internal/net/http/RedirectFilter
instanceKlass com/minecolonies/core/network/messages/client/colony/ColonyViewRemoveMessage
instanceKlass net/minecraftforge/client/model/CompositeModel
instanceKlass it/unimi/dsi/fastutil/ints/Int2IntMap$FastEntrySet
instanceKlass net/minecraft/client/gui/GuiGraphics$ScissorStack
instanceKlass jdk/internal/net/http/AuthenticationFilter
instanceKlass net/minecraft/client/renderer/texture/SpriteTicker
instanceKlass net/minecraft/client/renderer/texture/SpriteContents$AnimatedTexture
instanceKlass com/minecolonies/core/network/messages/server/colony/ColonyDeleteOwnMessage
instanceKlass it/unimi/dsi/fastutil/ints/AbstractInt2IntFunction
instanceKlass jdk/internal/net/http/HeaderFilter
instanceKlass org/joml/Runtime
instanceKlass net/minecraft/client/renderer/texture/Stitcher$SpriteLoader
instanceKlass jdk/internal/net/http/FilterFactory
instanceKlass net/minecraft/client/renderer/texture/Stitcher$Region
instanceKlass com/minecolonies/core/network/messages/server/CreateColonyMessage
instanceKlass it/unimi/dsi/fastutil/bytes/ByteListIterator
instanceKlass it/unimi/dsi/fastutil/bytes/ByteBidirectionalIterator
instanceKlass org/joml/Math
instanceKlass java/nio/BufferMismatch
instanceKlass it/unimi/dsi/fastutil/bytes/ByteSpliterator
instanceKlass it/unimi/dsi/fastutil/bytes/ByteIterator
instanceKlass net/minecraft/client/renderer/texture/Stitcher
instanceKlass net/minecraftforge/client/textures/ForgeTextureMetadata$Serializer
instanceKlass net/minecraftforge/client/textures/ForgeTextureMetadata
instanceKlass com/mojang/blaze3d/platform/Lighting
instanceKlass net/minecraft/client/renderer/block/model/BlockElement$1
instanceKlass com/minecolonies/api/colony/buildings/views/IBuildingView
instanceKlass sun/nio/ch/SelChImpl
instanceKlass net/minecraft/client/renderer/texture/atlas/sources/LazyLoadedImage
instanceKlass it/unimi/dsi/fastutil/bytes/ByteStack
instanceKlass net/minecraft/client/renderer/FogRenderer$DarknessFogFunction
instanceKlass com/minecolonies/api/colony/buildings/views/IModuleContainerView
instanceKlass java/nio/channels/NetworkChannel
instanceKlass net/minecraft/client/renderer/FogRenderer$BlindnessFogFunction
instanceKlass net/minecraft/client/renderer/FogRenderer$MobEffectFogFunction
instanceKlass it/unimi/dsi/fastutil/bytes/ByteList
instanceKlass it/unimi/dsi/fastutil/bytes/ByteCollection
instanceKlass sun/nio/ch/UnixDomainSocketsUtil
instanceKlass it/unimi/dsi/fastutil/bytes/ByteIterable
instanceKlass net/minecraft/client/renderer/FogRenderer
instanceKlass sun/nio/ch/UnixDomainSockets
instanceKlass sun/nio/ch/PipeImpl$Initializer$LoopbackConnector
instanceKlass sun/nio/ch/PipeImpl$Initializer
instanceKlass net/minecraft/client/gui/font/providers/UnihexProvider$ReaderOutput
instanceKlass java/nio/channels/Pipe
instanceKlass net/minecraft/client/renderer/texture/atlas/SpriteResourceLoader$1
instanceKlass com/mojang/blaze3d/Blaze3D
instanceKlass sun/nio/ch/WEPoll
instanceKlass sun/nio/ch/Util$2
instanceKlass net/minecraft/client/gui/font/providers/UnihexProvider$LineData
instanceKlass com/mojang/blaze3d/font/GlyphInfo$SpaceGlyphInfo
instanceKlass net/minecraft/client/resources/sounds/TickableSoundInstance
instanceKlass sun/nio/ch/DefaultSelectorProvider
instanceKlass java/nio/channels/spi/SelectorProvider$Holder
instanceKlass java/nio/channels/spi/SelectorProvider
instanceKlass java/nio/channels/Selector
instanceKlass net/minecraft/sounds/Musics
instanceKlass net/minecraft/Optionull
instanceKlass net/minecraft/client/gui/font/providers/GlyphProviderDefinition$Loader
instanceKlass net/minecraft/client/renderer/texture/atlas/sources/PalettedPermutations
instanceKlass jdk/internal/net/http/ConnectionPool$ExpiryList
instanceKlass com/mojang/blaze3d/pipeline/RenderCall
instanceKlass net/minecraft/util/profiling/SingleTickProfiler
instanceKlass jdk/internal/net/http/common/FlowTube$TubePublisher
instanceKlass java/util/concurrent/Flow$Publisher
instanceKlass jdk/internal/net/http/common/FlowTube$TubeSubscriber
instanceKlass java/util/concurrent/Flow$Subscriber
instanceKlass jdk/internal/net/http/ConnectionPool
instanceKlass net/minecraft/client/quickplay/QuickPlayLog
instanceKlass java/lang/StringUTF16$CodePointsSpliterator
instanceKlass net/minecraft/client/renderer/GpuWarnlistManager$Preparations
instanceKlass com/ldtteam/structurize/network/messages/AbsorbBlockMessage
instanceKlass com/minecolonies/core/network/messages/server/AbstractColonyServerMessage
instanceKlass com/ldtteam/structurize/network/messages/ScanToolTeleportMessage
instanceKlass net/minecraft/client/renderer/texture/atlas/SpriteSource$SpriteSupplier
instanceKlass net/minecraft/client/renderer/texture/atlas/sources/Unstitcher
instanceKlass jdk/internal/net/http/Http2ClientImpl
instanceKlass com/mojang/serialization/JsonOps$1
instanceKlass com/ldtteam/structurize/network/messages/ItemMiddleMouseMessage
instanceKlass net/minecraft/client/particle/ParticleDescription
instanceKlass com/minecolonies/core/network/messages/PermissionsMessage$SetSubscriber
instanceKlass com/ldtteam/structurize/network/messages/SyncPreviewCacheToClient
instanceKlass net/minecraft/client/renderer/texture/atlas/sources/SourceFilter
instanceKlass jdk/internal/net/http/HttpClientImpl$DelegatingExecutor
instanceKlass com/minecolonies/core/network/messages/PermissionsMessage$EditRankType
instanceKlass com/ldtteam/structurize/network/messages/ClientBlueprintRequestMessage
instanceKlass jdk/internal/net/http/HttpClientImpl$DefaultThreadFactory
instanceKlass com/minecolonies/core/network/messages/PermissionsMessage$RemoveRank
instanceKlass net/minecraft/client/renderer/texture/atlas/sources/DirectoryLister
instanceKlass com/ldtteam/structurize/network/messages/TransferStructurePackToClient
instanceKlass jdk/internal/net/http/HttpClientImpl$SSLDirectBufferSupplier
instanceKlass com/minecolonies/core/network/messages/PermissionsMessage$AddRank
instanceKlass com/ldtteam/structurize/network/messages/NotifyClientAboutStructurePacksMessage
instanceKlass com/minecolonies/core/network/messages/PermissionsMessage$AddPlayerOrFakePlayer
instanceKlass com/ldtteam/structurize/network/messages/SyncPreviewCacheToServer
instanceKlass jdk/internal/net/http/common/DebugLogger
instanceKlass com/ldtteam/structurize/network/messages/SyncSettingsToServer
instanceKlass com/minecolonies/core/network/messages/PermissionsMessage$ChangePlayerRank
instanceKlass net/minecraft/client/renderer/texture/atlas/sources/SingleFile
instanceKlass net/minecraft/client/resources/model/AtlasSet$StitchResult
instanceKlass net/minecraft/client/renderer/texture/atlas/SpriteSource
instanceKlass com/ldtteam/structurize/network/messages/BlueprintSyncMessage
instanceKlass jdk/internal/net/http/HttpClientImpl$SingleFacadeFactory
instanceKlass com/minecolonies/core/network/messages/PermissionsMessage$RemovePlayer
instanceKlass net/minecraft/client/renderer/texture/atlas/SpriteSources
instanceKlass com/ldtteam/structurize/network/messages/NotifyServerAboutStructurePacksMessage
instanceKlass com/minecolonies/core/network/messages/PermissionsMessage$AddPlayer
instanceKlass net/minecraft/client/renderer/texture/atlas/SpriteSource$Output
instanceKlass net/minecraft/client/renderer/texture/atlas/SpriteResourceLoader
instanceKlass com/ldtteam/structurize/network/messages/OperationHistoryMessage
instanceKlass com/minecolonies/core/network/messages/PermissionsMessage$Permission
instanceKlass com/ldtteam/structurize/network/messages/SetTagInTool
instanceKlass net/minecraft/client/renderer/texture/SpriteLoader
instanceKlass com/minecolonies/core/network/messages/client/colony/ColonyViewResearchManagerViewMessage
instanceKlass com/ldtteam/structurize/network/messages/AddRemoveTagMessage
instanceKlass com/minecolonies/core/network/messages/client/UpdateChunkCapabilityMessage
instanceKlass com/ldtteam/structurize/network/messages/ShowScanMessage
instanceKlass jdk/internal/net/http/common/Logger
instanceKlass net/minecraft/client/gui/font/providers/UnihexProvider
instanceKlass jdk/internal/net/http/common/Utils
instanceKlass com/ldtteam/structurize/network/messages/BuildToolPlacementMessage
instanceKlass com/minecolonies/core/network/messages/client/colony/ColonyViewRemoveWorkOrderMessage
instanceKlass com/ldtteam/structurize/network/messages/UpdateClientRender
instanceKlass net/minecraft/client/gui/font/providers/UnihexProvider$Definition
instanceKlass com/minecolonies/core/network/messages/client/colony/ColonyViewWorkOrderMessage
instanceKlass com/ldtteam/structurize/network/messages/UpdateScanToolMessage
instanceKlass net/minecraftforge/client/model/SeparateTransformsModel$Loader
instanceKlass com/minecolonies/core/network/messages/PermissionsMessage$View
instanceKlass net/minecraftforge/client/model/ItemLayerModel$Loader
instanceKlass com/ldtteam/structurize/network/messages/UndoRedoMessage
instanceKlass net/minecraftforge/client/model/CompositeModel$Loader
instanceKlass com/mojang/blaze3d/font/SpaceProvider
instanceKlass com/minecolonies/core/network/messages/client/colony/ColonyViewFieldsUpdateMessage
instanceKlass net/minecraftforge/client/model/DynamicFluidContainerModel$Loader
instanceKlass com/ldtteam/structurize/network/messages/ServerUUIDMessage
instanceKlass net/minecraftforge/client/model/ElementsModel$Loader
instanceKlass com/minecolonies/core/network/messages/client/colony/ColonyViewRemoveBuildingMessage
instanceKlass com/ldtteam/structurize/network/messages/ScanOnServerMessage
instanceKlass net/minecraft/client/renderer/block/model/ItemOverrides$BakedOverride
instanceKlass com/ldtteam/structurize/network/messages/FillTopPlaceholderMessage
instanceKlass com/minecolonies/core/network/messages/client/colony/ColonyViewBuildingViewMessage
instanceKlass net/minecraft/client/renderer/block/model/ItemOverrides
instanceKlass jdk/internal/net/http/common/BufferSupplier
instanceKlass net/minecraft/client/sounds/SoundManager$Preparations$1
instanceKlass jdk/internal/net/http/common/OperationTrackers$Tracker
instanceKlass java/net/http/WebSocket$Builder
instanceKlass com/ldtteam/structurize/network/messages/ReplaceBlockMessage
instanceKlass net/minecraft/client/renderer/texture/SpriteContents$FrameInfo
instanceKlass com/minecolonies/core/network/messages/client/colony/ColonyViewRemoveCitizenMessage
instanceKlass net/minecraft/client/sounds/SoundManager$2
instanceKlass net/minecraft/client/resources/metadata/animation/AnimationMetadataSection$FrameOutput
instanceKlass com/ldtteam/structurize/network/messages/SaveScanMessage
instanceKlass com/minecolonies/core/network/messages/client/colony/ColonyViewCitizenViewMessage
instanceKlass com/ldtteam/structurize/network/messages/RemoveEntityMessage
instanceKlass com/minecolonies/core/network/NetworkChannel$NetworkingMessageEntry
instanceKlass net/minecraft/client/renderer/texture/SpriteContents
instanceKlass com/ldtteam/structurize/network/NetworkChannel$NetworkingMessageEntry
instanceKlass com/minecolonies/core/network/messages/client/colony/ColonyViewMessage
instanceKlass com/ldtteam/structurize/util/ITickedWorldOperation
instanceKlass jdk/internal/net/http/common/OperationTrackers$Trackable
instanceKlass com/ldtteam/structurize/network/messages/RemoveBlockMessage
instanceKlass jdk/internal/net/http/HttpClientBuilderImpl
instanceKlass net/minecraft/client/renderer/texture/Stitcher$Entry
instanceKlass com/google/common/collect/Lists$ReverseList$1
instanceKlass com/minecolonies/core/network/messages/splitting/SplitPacketMessage
instanceKlass net/minecraft/client/renderer/texture/TextureAtlasSprite$Ticker
instanceKlass com/ldtteam/structurize/network/messages/splitting/SplitPacketMessage
instanceKlass net/minecraftforge/network/filters/VanillaPacketSplitter
instanceKlass java/net/http/HttpClient$Builder
instanceKlass java/net/http/HttpClient
instanceKlass net/minecraft/client/resources/model/SimpleBakedModel
instanceKlass com/ldtteam/multipiston/network/MultiPistonChangeMessage
instanceKlass com/minecolonies/core/network/NetworkChannel
instanceKlass com/ldtteam/domumornamentum/network/messages/CreativeSetArchitectCutterSlotMessage
instanceKlass com/ldtteam/multipiston/network/IMessage
instanceKlass net/minecraft/client/gui/font/providers/BitmapProvider
instanceKlass com/ldtteam/structurize/network/NetworkChannel
instanceKlass com/ldtteam/domumornamentum/network/messages/IMessage
instanceKlass com/ldtteam/multipiston/network/NetworkChannel
instanceKlass net/minecraftforge/client/model/geometry/SimpleUnbakedGeometry
instanceKlass net/minecraft/util/FastColor$ABGR32
instanceKlass mezz/jei/common/network/packets/IServerPacketHandler
instanceKlass com/ldtteam/structurize/client/model/OverlaidModelLoader
instanceKlass com/ldtteam/domumornamentum/network/NetworkChannel
instanceKlass com/ldtteam/multipiston/network/Network
instanceKlass mezz/jei/common/network/ServerPacketRouter
instanceKlass net/minecraftforge/fml/VersionChecker
instanceKlass com/minecolonies/core/Network
instanceKlass net/minecraftforge/client/model/geometry/GeometryLoaderManager
instanceKlass net/minecraft/client/resources/LegacyStuffWrapper
instanceKlass com/ldtteam/structurize/Network
instanceKlass com/ldtteam/domumornamentum/Network
instanceKlass mezz/jei/forge/network/ConnectionToClient
instanceKlass com/google/common/reflect/AbstractInvocationHandler
instanceKlass net/minecraft/client/gui/font/providers/GlyphProviderDefinition
instanceKlass java/util/concurrent/LinkedBlockingDeque$Node
instanceKlass net/minecraft/client/sounds/SoundManager$Preparations
instanceKlass net/minecraft/server/packs/resources/ResourceMetadata$2
instanceKlass com/electronwill/nightconfig/core/utils/AbstractObserved
instanceKlass net/minecraft/server/packs/PackResources$ResourceOutput
instanceKlass com/electronwill/nightconfig/core/ConfigSpec$CorrectionListener
instanceKlass com/electronwill/nightconfig/core/file/FileWatcher$WatchedFile
instanceKlass net/minecraft/client/gui/components/LogoRenderer
instanceKlass net/minecraft/client/renderer/CubeMap
instanceKlass com/electronwill/nightconfig/core/file/FileWatcher$WatchedDir
instanceKlass net/minecraftforge/fml/config/ConfigFileTypeHandler$ConfigWatcher
instanceKlass com/electronwill/nightconfig/core/file/FileWatcher
instanceKlass net/minecraft/client/gui/navigation/FocusNavigationEvent
instanceKlass net/minecraftforge/fml/ModWorkManager$WrappingExecutor
instanceKlass net/minecraft/server/packs/resources/SimpleReloadInstance$1
instanceKlass net/minecraft/server/packs/resources/SimpleReloadInstance$StateFactory
instanceKlass net/minecraft/server/packs/resources/SimpleReloadInstance
instanceKlass net/minecraft/server/packs/resources/ReloadInstance
instanceKlass net/minecraft/server/packs/resources/FallbackResourceManager
instanceKlass net/minecraft/util/ResourceLocationPattern
instanceKlass net/minecraft/server/packs/resources/ResourceFilterSection
instanceKlass com/mojang/logging/LogUtils$1ToString
instanceKlass net/minecraft/client/ResourceLoadStateTracker$ReloadState
instanceKlass net/minecraft/client/resources/metadata/texture/TextureMetadataSectionSerializer
instanceKlass net/minecraft/client/resources/metadata/texture/TextureMetadataSection
instanceKlass net/minecraft/client/renderer/texture/SimpleTexture$TextureImage
instanceKlass net/minecraft/client/multiplayer/chat/report/AbuseReportSender
instanceKlass net/minecraft/client/multiplayer/chat/ChatLog
instanceKlass net/minecraft/client/multiplayer/chat/report/ReportingContext
instanceKlass net/minecraft/client/multiplayer/chat/report/ReportEnvironment$Server
instanceKlass net/minecraft/client/multiplayer/chat/LoggedChatEvent
instanceKlass net/minecraft/client/multiplayer/chat/ChatListener
instanceKlass com/mojang/text2speech/Narrator$2
instanceKlass com/mojang/text2speech/Narrator$1
instanceKlass com/mojang/text2speech/Narrator
instanceKlass net/minecraft/network/chat/CommonComponents
instanceKlass net/minecraft/util/eventlog/EventLogDirectory$FileList
instanceKlass net/minecraft/client/GameNarrator
instanceKlass net/minecraft/util/eventlog/EventLogDirectory$File
instanceKlass net/minecraft/client/Realms32BitWarningStatus
instanceKlass net/minecraft/util/eventlog/EventLogDirectory
instanceKlass net/minecraft/client/multiplayer/ProfileKeyPairManager$1
instanceKlass net/minecraft/client/multiplayer/ProfileKeyPairManager
instanceKlass net/minecraft/client/telemetry/TelemetryLogManager
instanceKlass it/unimi/dsi/fastutil/objects/Reference2ObjectMap$FastEntrySet
instanceKlass it/unimi/dsi/fastutil/objects/AbstractReference2ObjectFunction
instanceKlass it/unimi/dsi/fastutil/objects/Reference2ObjectMap
instanceKlass it/unimi/dsi/fastutil/objects/Reference2ObjectFunction
instanceKlass net/minecraft/client/telemetry/TelemetryPropertyMap$Builder
instanceKlass net/minecraft/client/telemetry/TelemetryPropertyMap
instanceKlass net/minecraft/client/telemetry/TelemetryEventSender
instanceKlass net/minecraft/client/telemetry/ClientTelemetryManager
instanceKlass net/minecraft/util/StringUtil
instanceKlass com/mojang/blaze3d/shaders/ProgramManager
instanceKlass com/mojang/blaze3d/preprocessor/GlslPreprocessor$Context
instanceKlass com/mojang/blaze3d/shaders/Program
instanceKlass org/apache/commons/io/FilenameUtils
instanceKlass com/mojang/blaze3d/shaders/BlendMode
instanceKlass net/minecraft/server/packs/resources/ResourceMetadata$1
instanceKlass net/minecraft/server/packs/resources/ResourceMetadata
instanceKlass net/minecraft/server/packs/resources/Resource
instanceKlass com/mojang/blaze3d/shaders/AbstractUniform
instanceKlass com/mojang/blaze3d/preprocessor/GlslPreprocessor
instanceKlass net/minecraft/world/level/levelgen/presets/WorldPresets
instanceKlass net/minecraft/client/gui/screens/worldselection/PresetEditor
instanceKlass net/minecraftforge/client/PresetEditorManager
instanceKlass com/minecolonies/core/client/render/ClipBoardDecorator
instanceKlass net/minecraftforge/client/ItemDecoratorHandler
instanceKlass net/minecraftforge/client/ColorResolverManager
instanceKlass net/minecraftforge/client/NamedRenderTypeManager
instanceKlass net/minecraft/client/renderer/DimensionSpecialEffects
instanceKlass net/minecraftforge/client/extensions/IForgeDimensionSpecialEffects
instanceKlass net/minecraftforge/client/DimensionSpecialEffectsManager
instanceKlass net/minecraftforge/client/gui/overlay/IGuiOverlay
instanceKlass net/minecraftforge/client/gui/overlay/GuiOverlayManager
instanceKlass net/minecraftforge/client/RecipeBookManager
instanceKlass com/minecolonies/api/client/ModKeyMappings
instanceKlass com/ldtteam/structurize/client/ModKeyMappings$1
instanceKlass com/ldtteam/structurize/client/ModKeyMappings
instanceKlass net/minecraftforge/client/EntitySpectatorShaderManager
instanceKlass com/ldtteam/structurize/client/ClientItemStackTooltip
instanceKlass com/ldtteam/structurize/items/ItemStackTooltip
instanceKlass mezz/jei/library/gui/ingredients/TagContentTooltipComponent
instanceKlass mezz/jei/gui/overlay/bookmarks/PreviewTooltipComponent
instanceKlass mezz/jei/gui/overlay/bookmarks/IngredientsTooltipComponent
instanceKlass net/minecraft/world/inventory/tooltip/TooltipComponent
instanceKlass net/minecraft/client/gui/screens/inventory/tooltip/ClientTooltipComponent
instanceKlass net/minecraftforge/client/gui/ClientTooltipComponentManager
instanceKlass net/minecraftforge/client/textures/TextureAtlasSpriteLoaderManager
instanceKlass net/minecraft/client/renderer/item/CompassItemPropertyFunction$CompassWobble
instanceKlass net/minecraft/client/renderer/item/CompassItemPropertyFunction$CompassTarget
instanceKlass net/minecraft/client/renderer/item/CompassItemPropertyFunction
instanceKlass net/minecraft/client/renderer/item/ItemProperties$1
instanceKlass net/minecraft/data/models/ItemModelGenerators
instanceKlass net/minecraft/client/renderer/item/ClampedItemPropertyFunction
instanceKlass net/minecraft/client/renderer/item/ItemProperties
instanceKlass net/minecraft/client/renderer/item/ItemPropertyFunction
instanceKlass com/minecolonies/core/client/render/TileEntityDecoControllerRenderer
instanceKlass com/minecolonies/core/client/render/TileEntityNamedGraveRenderer
instanceKlass com/minecolonies/core/client/render/TileEntityColonyFlagRenderer
instanceKlass com/minecolonies/core/client/render/TileEntityEnchanterRenderer
instanceKlass com/minecolonies/core/client/render/TileEntityScarecrowRenderer
instanceKlass com/minecolonies/core/client/render/EmptyTileEntitySpecialRenderer
instanceKlass net/minecraft/client/model/VillagerHeadModel
instanceKlass net/minecraft/client/renderer/entity/EntityRenderers
instanceKlass net/minecraft/client/renderer/entity/layers/RenderLayer
instanceKlass net/minecraft/client/renderer/entity/RenderLayerParent
instanceKlass net/minecraft/client/renderer/entity/EntityRendererProvider$Context
instanceKlass net/minecraft/client/renderer/entity/EntityRendererProvider
instanceKlass net/minecraftforge/client/ChunkRenderTypeSet
instanceKlass net/minecraft/client/renderer/ItemBlockRenderTypes
instanceKlass net/minecraft/client/renderer/blockentity/DecoratedPotRenderer
instanceKlass net/minecraft/client/renderer/blockentity/BrushableBlockRenderer
instanceKlass net/minecraft/client/renderer/blockentity/CampfireRenderer
instanceKlass net/minecraft/client/renderer/blockentity/BellRenderer
instanceKlass net/minecraft/client/renderer/blockentity/ConduitRenderer
instanceKlass net/minecraft/client/renderer/blockentity/BedRenderer
instanceKlass net/minecraft/client/renderer/blockentity/ShulkerBoxRenderer
instanceKlass net/minecraft/client/renderer/blockentity/StructureBlockRenderer
instanceKlass net/minecraft/client/renderer/blockentity/BannerRenderer
instanceKlass net/minecraft/client/renderer/blockentity/SkullBlockRenderer
instanceKlass net/minecraft/client/renderer/blockentity/BeaconRenderer
instanceKlass net/minecraft/client/renderer/blockentity/LecternRenderer
instanceKlass net/minecraft/client/renderer/blockentity/EnchantTableRenderer
instanceKlass net/minecraft/client/renderer/blockentity/ChestRenderer
instanceKlass net/minecraft/client/renderer/blockentity/PistonHeadRenderer
instanceKlass net/minecraft/client/renderer/blockentity/SpawnerRenderer
instanceKlass net/minecraft/client/renderer/blockentity/SignRenderer
instanceKlass net/minecraft/client/renderer/blockentity/BlockEntityRenderers
instanceKlass net/minecraft/client/renderer/blockentity/BlockEntityRendererProvider$Context
instanceKlass net/minecraft/client/renderer/blockentity/BlockEntityRendererProvider
instanceKlass net/minecraft/client/model/geom/builders/LayerDefinition
instanceKlass net/minecraft/client/model/geom/ModelLayerLocation
instanceKlass com/ldtteam/blockui/util/records/Pos2i
instanceKlass com/ldtteam/blockui/controls/TextField$Filter
instanceKlass com/ldtteam/blockui/views/ScrollingList$DataProvider
instanceKlass com/ldtteam/blockui/PaneParams
instanceKlass net/minecraftforge/client/model/obj/ObjLoader
instanceKlass mezz/jei/common/gui/elements/HighResolutionDrawable
instanceKlass mezz/jei/common/gui/elements/DrawableNineSliceTexture
instanceKlass mezz/jei/api/gui/drawable/IScalableDrawable
instanceKlass mezz/jei/common/gui/elements/DrawableSprite
instanceKlass mezz/jei/api/gui/drawable/IDrawableStatic
instanceKlass mezz/jei/api/gui/drawable/IDrawable
instanceKlass mezz/jei/common/gui/textures/Textures
instanceKlass net/minecraftforge/gametest/GameTestHolder
instanceKlass net/minecraftforge/gametest/ForgeGameTestHooks
instanceKlass com/mojang/realmsclient/gui/task/RepeatedDelayStrategy$2
instanceKlass com/mojang/realmsclient/dto/ValueObject
instanceKlass com/mojang/realmsclient/gui/task/DataFetcher$Task
instanceKlass com/mojang/realmsclient/gui/task/RepeatedDelayStrategy$1
instanceKlass com/mojang/realmsclient/gui/task/RepeatedDelayStrategy
instanceKlass com/mojang/realmsclient/util/RealmsPersistence$RealmsPersistenceData
instanceKlass com/mojang/realmsclient/util/RealmsPersistence
instanceKlass com/mojang/realmsclient/gui/RealmsNewsManager
instanceKlass com/mojang/realmsclient/gui/task/DataFetcher
instanceKlass com/mojang/realmsclient/gui/RealmsDataFetcher
instanceKlass com/mojang/realmsclient/client/RealmsClientConfig
instanceKlass com/mojang/realmsclient/dto/GuardedSerializer
instanceKlass com/mojang/realmsclient/dto/ReflectionBasedSerialization
instanceKlass com/mojang/realmsclient/client/RealmsClient
instanceKlass net/minecraft/client/renderer/debug/LightSectionDebugRenderer
instanceKlass net/minecraft/client/renderer/debug/GameEventListenerRenderer
instanceKlass net/minecraft/client/renderer/debug/GameTestDebugRenderer
instanceKlass net/minecraft/client/renderer/debug/GoalSelectorDebugRenderer
instanceKlass net/minecraft/client/renderer/debug/RaidDebugRenderer
instanceKlass net/minecraft/client/renderer/debug/BeeDebugRenderer
instanceKlass net/minecraft/client/renderer/debug/VillageSectionsDebugRenderer
instanceKlass net/minecraft/client/renderer/debug/BrainDebugRenderer
instanceKlass net/minecraft/client/renderer/debug/ChunkDebugRenderer
instanceKlass net/minecraft/client/renderer/debug/SolidFaceRenderer
instanceKlass net/minecraft/client/renderer/debug/WorldGenAttemptRenderer
instanceKlass net/minecraft/client/renderer/debug/LightDebugRenderer
instanceKlass net/minecraft/client/renderer/debug/StructureRenderer
instanceKlass net/minecraft/client/renderer/debug/NeighborsUpdateRenderer
instanceKlass net/minecraft/client/renderer/debug/SupportBlockRenderer
instanceKlass net/minecraft/client/renderer/debug/CollisionBoxRenderer
instanceKlass net/minecraft/client/renderer/debug/HeightMapRenderer
instanceKlass net/minecraft/client/renderer/debug/ChunkBorderRenderer
instanceKlass net/minecraft/client/renderer/debug/WaterDebugRenderer
instanceKlass net/minecraft/client/renderer/debug/PathfindingRenderer
instanceKlass net/minecraft/client/renderer/debug/DebugRenderer$SimpleDebugRenderer
instanceKlass net/minecraft/client/renderer/debug/DebugRenderer
instanceKlass org/lwjgl/glfw/GLFWCharModsCallbackI
instanceKlass org/lwjgl/glfw/GLFWKeyCallbackI
instanceKlass org/lwjgl/glfw/GLFWDropCallbackI
instanceKlass org/lwjgl/glfw/GLFWScrollCallbackI
instanceKlass org/lwjgl/glfw/GLFWMouseButtonCallbackI
instanceKlass org/lwjgl/glfw/GLFWCursorPosCallbackI
instanceKlass net/minecraft/client/gui/components/SubtitleOverlay
instanceKlass net/minecraft/client/sounds/SoundEventListener
instanceKlass net/minecraft/world/BossEvent
instanceKlass net/minecraft/network/protocol/game/ClientboundBossEventPacket$Handler
instanceKlass net/minecraft/client/gui/components/BossHealthOverlay
instanceKlass net/minecraft/client/multiplayer/PlayerInfo
instanceKlass net/minecraft/client/gui/components/PlayerTabOverlay
instanceKlass net/minecraft/client/gui/components/spectator/SpectatorGui
instanceKlass net/minecraft/client/gui/spectator/SpectatorMenuListener
instanceKlass net/minecraft/client/gui/components/DebugScreenOverlay$AllocationRateCalculator
instanceKlass net/minecraft/client/gui/components/DebugScreenOverlay
instanceKlass net/minecraft/client/resources/TextureAtlasHolder
instanceKlass com/minecolonies/core/client/particles/SleepingParticle$Factory
instanceKlass dev/architectury/registry/client/particle/forge/ParticleProviderRegistryImpl$ParticleProviderRegistrar$1
instanceKlass dev/architectury/registry/client/particle/forge/ParticleProviderRegistryImpl$ParticleProviderRegistrar
instanceKlass net/minecraft/client/particle/SuspendedTownParticle$EggCrackProvider
instanceKlass net/minecraft/client/particle/ShriekParticle$Provider
instanceKlass net/minecraft/client/particle/GlowParticle$ScrapeProvider
instanceKlass net/minecraft/client/particle/GlowParticle$ElectricSparkProvider
instanceKlass net/minecraft/client/particle/GlowParticle$WaxOffProvider
instanceKlass net/minecraft/client/particle/GlowParticle$WaxOnProvider
instanceKlass net/minecraft/client/particle/GlowParticle$GlowSquidProvider
instanceKlass net/minecraft/client/particle/SquidInkParticle$GlowInkProvider
instanceKlass net/minecraft/client/particle/VibrationSignalParticle$Provider
instanceKlass net/minecraft/client/particle/FlameParticle$SmallFlameProvider
instanceKlass net/minecraft/client/particle/WhiteAshParticle$Provider
instanceKlass net/minecraft/client/particle/ReversePortalParticle$ReversePortalProvider
instanceKlass net/minecraft/client/particle/SuspendedParticle$WarpedSporeProvider
instanceKlass net/minecraft/client/particle/SuspendedParticle$CrimsonSporeProvider
instanceKlass net/minecraft/client/particle/AshParticle$Provider
instanceKlass net/minecraft/client/particle/SuspendedParticle$SporeBlossomAirProvider
instanceKlass net/minecraft/client/particle/SpellParticle$WitchProvider
instanceKlass net/minecraft/client/particle/SplashParticle$Provider
instanceKlass net/minecraft/client/particle/SuspendedParticle$UnderwaterProvider
instanceKlass net/minecraft/client/particle/SquidInkParticle$Provider
instanceKlass net/minecraft/client/particle/TotemParticle$Provider
instanceKlass net/minecraft/client/particle/AttackSweepParticle$Provider
instanceKlass net/minecraft/client/particle/SpitParticle$Provider
instanceKlass net/minecraft/client/particle/SnowflakeParticle$Provider
instanceKlass net/minecraft/client/particle/PlayerCloudParticle$SneezeProvider
instanceKlass net/minecraft/client/particle/SmokeParticle$Provider
instanceKlass net/minecraft/client/particle/WaterDropParticle$Provider
instanceKlass net/minecraft/client/particle/PortalParticle$Provider
instanceKlass net/minecraft/client/particle/ExplodeParticle$Provider
instanceKlass net/minecraft/client/particle/NoteParticle$Provider
instanceKlass net/minecraft/client/particle/EnchantmentTableParticle$NautilusProvider
instanceKlass net/minecraft/client/particle/SuspendedTownParticle$Provider
instanceKlass net/minecraft/client/particle/LavaParticle$Provider
instanceKlass net/minecraft/client/particle/LargeSmokeParticle$Provider
instanceKlass net/minecraft/client/particle/BreakingItemParticle$SnowballProvider
instanceKlass net/minecraft/client/particle/BreakingItemParticle$SlimeProvider
instanceKlass net/minecraft/client/particle/BreakingItemParticle$Provider
instanceKlass net/minecraft/client/particle/SpellParticle$InstantProvider
instanceKlass net/minecraft/client/particle/HeartParticle$Provider
instanceKlass net/minecraft/client/particle/SuspendedTownParticle$HappyVillagerProvider
instanceKlass net/minecraft/client/particle/FireworkParticles$FlashProvider
instanceKlass net/minecraft/client/particle/SoulParticle$Provider
instanceKlass net/minecraft/client/particle/SoulParticle$EmissiveProvider
instanceKlass net/minecraft/client/particle/FlameParticle$Provider
instanceKlass net/minecraft/client/particle/WakeParticle$Provider
instanceKlass net/minecraft/client/particle/FireworkParticles$SparkProvider
instanceKlass net/minecraft/client/particle/FallingDustParticle$Provider
instanceKlass net/minecraft/client/particle/SonicBoomParticle$Provider
instanceKlass net/minecraft/client/particle/HugeExplosionParticle$Provider
instanceKlass net/minecraft/client/particle/HugeExplosionSeedParticle$Provider
instanceKlass net/minecraft/client/particle/SpellParticle$MobProvider
instanceKlass net/minecraft/client/particle/EndRodParticle$Provider
instanceKlass net/minecraft/client/particle/EnchantmentTableParticle$Provider
instanceKlass net/minecraft/client/particle/CritParticle$MagicProvider
instanceKlass net/minecraft/client/particle/MobAppearanceParticle$Provider
instanceKlass net/minecraft/client/particle/SpellParticle$Provider
instanceKlass net/minecraft/client/particle/DustColorTransitionParticle$Provider
instanceKlass net/minecraft/client/particle/DustParticle$Provider
instanceKlass net/minecraft/client/particle/ParticleProvider$Sprite
instanceKlass net/minecraft/client/particle/SuspendedTownParticle$DolphinSpeedProvider
instanceKlass net/minecraft/client/particle/DragonBreathParticle$Provider
instanceKlass net/minecraft/client/particle/CritParticle$DamageIndicatorProvider
instanceKlass net/minecraft/client/particle/WaterCurrentDownParticle$Provider
instanceKlass net/minecraft/client/particle/CritParticle$Provider
instanceKlass net/minecraft/client/particle/SuspendedTownParticle$ComposterFillProvider
instanceKlass net/minecraft/client/particle/PlayerCloudParticle$Provider
instanceKlass net/minecraft/client/particle/CampfireSmokeParticle$SignalProvider
instanceKlass net/minecraft/client/particle/CampfireSmokeParticle$CosyProvider
instanceKlass net/minecraft/client/particle/BubblePopParticle$Provider
instanceKlass net/minecraft/client/particle/BubbleColumnUpParticle$Provider
instanceKlass net/minecraft/client/particle/BubbleParticle$Provider
instanceKlass net/minecraft/client/particle/TerrainParticle$Provider
instanceKlass net/minecraft/client/particle/BlockMarker$Provider
instanceKlass net/minecraft/client/particle/HeartParticle$AngryVillagerProvider
instanceKlass net/minecraft/client/particle/ParticleEngine$MutableSpriteSet
instanceKlass net/minecraft/client/particle/SpellParticle$AmbientMobProvider
instanceKlass net/minecraft/client/particle/ParticleEngine$SpriteParticleRegistration
instanceKlass net/minecraft/client/particle/ParticleRenderType$6
instanceKlass net/minecraft/client/particle/ParticleRenderType$5
instanceKlass net/minecraft/client/particle/ParticleRenderType$4
instanceKlass net/minecraft/client/particle/ParticleRenderType$3
instanceKlass net/minecraft/client/particle/ParticleRenderType$2
instanceKlass net/minecraft/client/particle/ParticleRenderType$1
instanceKlass net/minecraft/client/particle/ParticleRenderType
instanceKlass net/minecraft/client/particle/Particle
instanceKlass com/mojang/blaze3d/systems/RenderSystem$1
instanceKlass com/mojang/blaze3d/vertex/BufferUploader
instanceKlass com/mojang/blaze3d/vertex/BufferBuilder$RenderedBuffer
instanceKlass com/mojang/blaze3d/vertex/VertexFormat$1
instanceKlass com/mojang/blaze3d/vertex/VertexBuffer
instanceKlass org/joml/Vector3d
instanceKlass org/joml/Vector3dc
instanceKlass net/minecraft/client/renderer/RunningTrimmedMean
instanceKlass net/minecraft/client/renderer/LightTexture
instanceKlass net/minecraft/client/gui/MapRenderer
instanceKlass net/minecraft/client/renderer/texture/OverlayTexture
instanceKlass net/minecraft/client/renderer/ItemInHandRenderer
instanceKlass net/minecraft/client/renderer/texture/TextureAtlasSprite
instanceKlass net/minecraft/client/renderer/block/LiquidBlockRenderer
instanceKlass it/unimi/dsi/fastutil/longs/AbstractLong2IntFunction
instanceKlass it/unimi/dsi/fastutil/longs/Long2IntSortedMap
instanceKlass it/unimi/dsi/fastutil/longs/Long2IntMap
instanceKlass it/unimi/dsi/fastutil/longs/Long2IntFunction
instanceKlass java/util/function/LongToIntFunction
instanceKlass net/minecraft/client/renderer/block/ModelBlockRenderer$Cache
instanceKlass net/minecraftforge/client/model/lighting/QuadLighter
instanceKlass net/minecraft/client/renderer/block/ModelBlockRenderer
instanceKlass net/minecraft/client/gui/screens/social/PlayerSocialManager
instanceKlass net/minecraft/client/renderer/OutlineBufferSource
instanceKlass net/minecraft/client/renderer/MultiBufferSource$BufferSource
instanceKlass net/minecraft/client/renderer/block/model/ItemModelGenerator
instanceKlass net/minecraftforge/client/model/geometry/BlockGeometryBakingContext$VisibilityData
instanceKlass net/minecraftforge/client/model/geometry/BlockGeometryBakingContext
instanceKlass net/minecraftforge/common/util/TransformationHelper$Deserializer
instanceKlass com/mojang/math/Transformation
instanceKlass net/minecraftforge/common/extensions/IForgeTransformation
instanceKlass net/minecraft/client/renderer/block/model/ItemOverride$Deserializer
instanceKlass net/minecraft/client/renderer/block/model/ItemOverride
instanceKlass net/minecraft/client/renderer/block/model/ItemTransforms$Deserializer
instanceKlass net/minecraft/client/renderer/block/model/ItemTransforms
instanceKlass net/minecraft/client/renderer/block/model/ItemTransform$Deserializer
instanceKlass net/minecraft/client/renderer/block/model/ItemTransform
instanceKlass net/minecraft/client/renderer/block/model/BlockFaceUV$Deserializer
instanceKlass net/minecraft/client/renderer/block/model/BlockFaceUV
instanceKlass net/minecraft/client/renderer/block/model/BlockElementFace$Deserializer
instanceKlass net/minecraft/client/renderer/block/model/BlockElementFace
instanceKlass net/minecraft/client/renderer/block/model/BlockElement$Deserializer
instanceKlass net/minecraft/client/renderer/block/model/BlockElement
instanceKlass net/minecraft/client/renderer/block/model/BlockModel$Deserializer
instanceKlass net/minecraft/client/renderer/block/model/FaceBakery
instanceKlass net/minecraftforge/client/model/geometry/IGeometryBakingContext
instanceKlass net/minecraft/client/resources/model/BakedModel
instanceKlass net/minecraftforge/client/extensions/IForgeBakedModel
instanceKlass net/minecraft/client/renderer/block/model/BlockModel
instanceKlass net/minecraft/client/resources/metadata/animation/AnimationFrame
instanceKlass net/minecraft/client/resources/metadata/animation/AnimationMetadataSectionSerializer
instanceKlass net/minecraft/client/resources/metadata/animation/AnimationMetadataSection
instanceKlass net/minecraft/client/renderer/texture/MissingTextureAtlasSprite
instanceKlass net/minecraft/client/resources/model/ModelState
instanceKlass net/minecraft/client/resources/model/UnbakedModel
instanceKlass net/minecraft/client/resources/model/ModelBakery
instanceKlass it/unimi/dsi/fastutil/objects/Object2ObjectSortedMap$FastSortedEntrySet
instanceKlass it/unimi/dsi/fastutil/objects/Object2ObjectSortedMap
instanceKlass net/minecraft/client/renderer/ChunkBufferBuilderPack
instanceKlass net/minecraft/client/renderer/RenderBuffers
instanceKlass net/minecraft/world/level/block/entity/ChestLidController
instanceKlass net/minecraft/world/LockCode
instanceKlass net/minecraftforge/event/ForgeEventFactory
instanceKlass java/util/stream/Nodes$IntArrayNode
instanceKlass java/util/stream/Node$Builder$OfInt
instanceKlass net/minecraft/client/renderer/entity/EntityRenderDispatcher
instanceKlass net/minecraft/client/renderer/block/BlockRenderDispatcher
instanceKlass net/minecraft/client/renderer/blockentity/BlockEntityRenderDispatcher
instanceKlass net/minecraft/client/model/geom/EntityModelSet
instanceKlass net/minecraft/client/resources/model/AtlasSet
instanceKlass net/minecraft/client/renderer/block/BlockModelShaper
instanceKlass it/unimi/dsi/fastutil/objects/ObjectArraySet$Spliterator
instanceKlass net/minecraft/client/resources/model/Material
instanceKlass net/minecraft/client/renderer/Sheets
instanceKlass net/minecraft/client/resources/model/ModelManager
instanceKlass com/ldtteam/domumornamentum/client/color/MateriallyTexturedBlockItemColor
instanceKlass com/ldtteam/domumornamentum/client/color/MateriallyTexturedBlockBlockColor
instanceKlass net/minecraft/client/StringSplitter$WidthProvider
instanceKlass net/minecraft/network/chat/FormattedText$StyledContentConsumer
instanceKlass net/minecraft/client/StringSplitter
instanceKlass it/unimi/dsi/fastutil/ints/IntIterators$EmptyIterator
instanceKlass it/unimi/dsi/fastutil/ints/IntIterators
instanceKlass it/unimi/dsi/fastutil/ints/IntCollections$UnmodifiableCollection
instanceKlass it/unimi/dsi/fastutil/ints/IntSets
instanceKlass net/minecraft/client/gui/font/FontTexture$Node
instanceKlass net/minecraftforge/common/util/NonNullLazy
instanceKlass net/minecraftforge/common/util/NonNullSupplier
instanceKlass net/minecraft/client/renderer/blockentity/TheEndPortalRenderer
instanceKlass net/minecraft/client/renderer/RenderStateShard$MultiTextureStateShard$Builder
instanceKlass net/minecraft/client/renderer/ItemModelShaper
instanceKlass net/minecraft/client/renderer/entity/ItemRenderer
instanceKlass net/minecraft/Util$10
instanceKlass net/minecraft/Util$11
instanceKlass net/minecraft/client/renderer/RenderType$CompositeState$CompositeStateBuilder
instanceKlass net/minecraft/client/renderer/RenderType$CompositeState
instanceKlass com/mojang/blaze3d/vertex/VertexFormat
instanceKlass com/mojang/blaze3d/vertex/VertexFormatElement$Usage$ClearState
instanceKlass com/mojang/blaze3d/vertex/VertexFormatElement$Usage$SetupState
instanceKlass com/mojang/blaze3d/vertex/VertexFormatElement
instanceKlass com/mojang/blaze3d/vertex/DefaultVertexFormat
instanceKlass java/util/OptionalDouble
instanceKlass net/minecraft/client/renderer/GameRenderer
instanceKlass net/minecraft/client/renderer/RenderStateShard
instanceKlass net/minecraft/client/gui/font/glyphs/SpecialGlyphs$1
instanceKlass com/mojang/blaze3d/font/SheetGlyphInfo
instanceKlass net/minecraft/client/gui/font/glyphs/SpecialGlyphs$PixelProvider
instanceKlass net/minecraft/client/gui/font/AllMissingGlyphProvider
instanceKlass net/minecraft/client/gui/font/glyphs/BakedGlyph
instanceKlass net/minecraft/client/gui/font/CodepointMap
instanceKlass com/mojang/blaze3d/font/GlyphInfo
instanceKlass net/minecraft/client/gui/font/FontSet
instanceKlass net/minecraft/util/DependencySorter$Entry
instanceKlass com/mojang/blaze3d/font/GlyphProvider
instanceKlass net/minecraft/client/gui/font/FontManager
instanceKlass net/minecraft/client/sounds/MusicManager
instanceKlass net/minecraft/client/sounds/AudioStream
instanceKlass net/minecraft/client/sounds/SoundBufferLibrary
instanceKlass net/minecraft/client/sounds/ChannelAccess
instanceKlass org/lwjgl/openal/ALUtil
instanceKlass org/lwjgl/openal/AL$ICDStatic
instanceKlass org/lwjgl/openal/AL$ICD
instanceKlass org/lwjgl/openal/AL
instanceKlass org/lwjgl/openal/ALCCapabilities
instanceKlass org/lwjgl/openal/ALC$1
instanceKlass org/lwjgl/openal/ALC$ICD
instanceKlass org/lwjgl/system/FunctionProviderLocal
instanceKlass org/lwjgl/openal/ALC
instanceKlass org/lwjgl/openal/ALC10
instanceKlass com/mojang/blaze3d/audio/Listener
instanceKlass com/mojang/blaze3d/audio/Library$1
instanceKlass com/mojang/blaze3d/audio/Library$ChannelPool
instanceKlass com/mojang/blaze3d/audio/Library
instanceKlass net/minecraft/client/resources/sounds/SoundEventRegistrationSerializer
instanceKlass net/minecraft/client/resources/sounds/SoundEventRegistration
instanceKlass net/minecraft/client/sounds/WeighedSoundEvents
instanceKlass net/minecraft/resources/FileToIdConverter
instanceKlass net/minecraft/client/resources/sounds/Sound
instanceKlass net/minecraft/client/sounds/Weighted
instanceKlass net/minecraft/world/level/validation/DirectoryValidator
instanceKlass net/minecraft/world/level/validation/PathAllowList
instanceKlass net/minecraft/nbt/StreamTagVisitor
instanceKlass net/minecraft/world/level/storage/LevelSummary
instanceKlass net/minecraft/world/level/storage/LevelStorageSource
instanceKlass net/minecraft/client/resources/SkinManager
instanceKlass net/minecraft/client/renderer/texture/TextureManager
instanceKlass net/minecraft/client/resources/language/LanguageManager
instanceKlass com/google/gson/internal/bind/JsonTreeReader$2
instanceKlass net/minecraft/util/LowerCaseEnumTypeAdapterFactory
instanceKlass net/minecraft/network/chat/Style$Serializer
instanceKlass net/minecraft/server/packs/linkfs/LinkFSProvider$1
instanceKlass net/minecraft/server/packs/metadata/MetadataSectionType$1
instanceKlass net/minecraft/server/packs/repository/Pack$ResourcesSupplier
instanceKlass net/minecraft/server/packs/repository/Pack
instanceKlass net/minecraft/world/level/DataPackConfig
instanceKlass net/minecraftforge/resource/ResourcePackLoader
instanceKlass net/minecraft/client/searchtree/SearchRegistry$TreeEntry
instanceKlass net/minecraft/client/searchtree/SearchRegistry$TreeBuilderSupplier
instanceKlass net/minecraftforge/client/CreativeModeTabSearchRegistry
instanceKlass net/minecraftforge/server/ServerLifecycleHooks
instanceKlass it/unimi/dsi/fastutil/booleans/BooleanConsumer
instanceKlass net/minecraftforge/common/CreativeModeTabRegistry
instanceKlass net/minecraftforge/event/entity/SpawnPlacementRegisterEvent$MergedSpawnPredicate
instanceKlass net/minecraft/world/entity/SpawnPlacements$Data
instanceKlass net/minecraft/world/entity/SpawnPlacements$SpawnPredicate
instanceKlass net/minecraft/world/entity/SpawnPlacements
instanceKlass net/minecraft/world/entity/animal/Parrot$1
instanceKlass java/util/function/DoubleSupplier
instanceKlass net/minecraft/util/TimeUtil
instanceKlass net/minecraft/world/entity/ai/targeting/TargetingConditions
instanceKlass net/minecraft/world/entity/ai/attributes/DefaultAttributes
instanceKlass net/minecraft/world/entity/ai/attributes/AttributeInstance
instanceKlass net/minecraft/world/entity/ai/attributes/AttributeSupplier$Builder
instanceKlass net/minecraft/world/entity/ai/attributes/AttributeSupplier
instanceKlass net/minecraftforge/common/util/Lazy$Concurrent
instanceKlass net/minecraftforge/common/ForgeHooks
instanceKlass com/minecolonies/core/research/ResearchResearchRequirement
instanceKlass com/minecolonies/core/research/BuildingResearchRequirement
instanceKlass com/minecolonies/core/research/AlternateBuildingResearchRequirement
instanceKlass com/minecolonies/api/research/IResearchRequirement
instanceKlass com/minecolonies/api/research/registry/ResearchRequirementEntry$Builder
instanceKlass com/minecolonies/core/research/GlobalResearchEffect
instanceKlass com/minecolonies/api/research/effects/IResearchEffect
instanceKlass com/minecolonies/api/research/effects/registry/ResearchEffectEntry$Builder
instanceKlass com/minecolonies/core/research/costs/TagItemCost
instanceKlass com/minecolonies/core/research/costs/ListItemCost
instanceKlass com/minecolonies/core/research/costs/SimpleItemCost
instanceKlass com/minecolonies/api/research/costs/IResearchCost
instanceKlass com/minecolonies/api/crafting/IRecipeStorage
instanceKlass com/minecolonies/api/crafting/AbstractRecipeType
instanceKlass com/minecolonies/api/crafting/registry/RecipeTypeEntry$Builder
instanceKlass com/minecolonies/core/quests/triggers/WorldDifficultyTriggerTemplate
instanceKlass com/minecolonies/core/quests/triggers/QuestReputationTriggerTemplate
instanceKlass com/minecolonies/core/quests/triggers/UnlockQuestTriggerTemplate
instanceKlass com/minecolonies/core/quests/triggers/CitizenQuestTriggerTemplate
instanceKlass com/minecolonies/core/quests/triggers/StateQuestTriggerTemplate
instanceKlass com/minecolonies/api/quests/ITriggerReturnData
instanceKlass com/minecolonies/core/quests/triggers/RandomQuestTriggerTemplate
instanceKlass com/minecolonies/api/quests/IQuestTriggerTemplate
instanceKlass com/minecolonies/core/quests/rewards/QuestReputationRewardTemplate
instanceKlass com/minecolonies/core/quests/rewards/UnlockQuestRewardTemplate
instanceKlass com/minecolonies/core/quests/rewards/HappinessRewardTemplate
instanceKlass com/minecolonies/core/quests/rewards/RelationshipRewardTemplate
instanceKlass com/minecolonies/core/quests/rewards/RaidAdjustmentRewardTemplate
instanceKlass com/minecolonies/core/quests/rewards/ResearchCompleteRewardTemplate
instanceKlass com/minecolonies/core/quests/rewards/SkillRewardTemplate
instanceKlass com/minecolonies/core/quests/rewards/ItemRewardTemplate
instanceKlass com/minecolonies/api/quests/IQuestRewardTemplate
instanceKlass com/minecolonies/core/quests/objectives/IResearchObjectiveTemplate
instanceKlass com/minecolonies/core/quests/objectives/IBuildingUpgradeObjectiveTemplate
instanceKlass com/minecolonies/core/quests/objectives/IPlaceBlockObjectiveTemplate
instanceKlass com/minecolonies/core/quests/objectives/IBreakBlockObjectiveTemplate
instanceKlass com/minecolonies/api/quests/IObjectiveInstance
instanceKlass com/minecolonies/core/quests/objectives/IKillEntityObjectiveTemplate
instanceKlass com/minecolonies/api/quests/IQuestDeliveryObjective
instanceKlass com/minecolonies/core/quests/objectives/DialogueObjectiveTemplateTemplate
instanceKlass com/minecolonies/api/quests/IDialogueObjectiveTemplate
instanceKlass com/minecolonies/api/quests/IQuestObjectiveTemplate
instanceKlass com/minecolonies/api/quests/IQuestDialogueAnswer$NextObjectiveDialogueAnswer
instanceKlass com/minecolonies/api/quests/IQuestPositiveDialogueAnswer
instanceKlass com/minecolonies/api/quests/IFinalQuestDialogueAnswer
instanceKlass com/minecolonies/api/quests/IDialogueObjectiveTemplate$DialogueElement
instanceKlass com/minecolonies/api/colony/jobs/IJobWithExternalWorkStations
instanceKlass com/minecolonies/core/entity/ai/workers/AbstractAISkeleton
instanceKlass com/minecolonies/api/entity/ai/ITickingStateAI
instanceKlass com/minecolonies/api/colony/jobs/registry/JobEntry$Builder
instanceKlass com/ldtteam/blockui/controls/ButtonHandler
instanceKlass com/minecolonies/api/colony/interactionhandling/AbstractInteractionResponseHandler
instanceKlass com/minecolonies/api/colony/interactionhandling/registry/InteractionResponseHandlerEntry$Builder
instanceKlass com/minecolonies/api/entity/citizen/happiness/ITimeBasedHappinessModifier
instanceKlass com/minecolonies/api/entity/citizen/happiness/AbstractHappinessModifier
instanceKlass com/minecolonies/core/colony/jobs/AbstractJob
instanceKlass com/minecolonies/api/colony/jobs/IJob
instanceKlass com/minecolonies/api/colony/guardtype/GuardType$Builder
instanceKlass com/minecolonies/api/colony/buildings/IMysticalSite
instanceKlass com/minecolonies/api/colony/buildings/IRSComponent
instanceKlass com/minecolonies/api/colony/buildings/workerbuildings/IWareHouse
instanceKlass com/minecolonies/api/colony/buildings/workerbuildings/ITownHall
instanceKlass com/minecolonies/api/colony/buildings/workerbuildings/IBuildingDeliveryman
instanceKlass com/minecolonies/core/entity/pathfinding/pathjobs/AbstractPathJob
instanceKlass com/minecolonies/api/entity/pathfinding/IPathJob
instanceKlass com/minecolonies/api/colony/buildings/IGuardBuilding
instanceKlass com/minecolonies/api/colony/buildings/modules/IDefinesCoreBuildingStatsModule
instanceKlass com/minecolonies/api/colony/buildings/modules/IAssignsJob
instanceKlass com/minecolonies/api/colony/buildings/modules/IAssignsCitizen
instanceKlass com/minecolonies/api/colony/buildings/modules/IHasRequiredItemsModule
instanceKlass com/minecolonies/api/colony/managers/interfaces/IStatisticsManager
instanceKlass com/minecolonies/api/colony/buildings/modules/IBuildingEventsModule
instanceKlass com/minecolonies/api/colony/buildings/modules/IModuleWithExternalBlocks
instanceKlass com/minecolonies/api/colony/buildings/modules/IAltersRequiredItems
instanceKlass com/minecolonies/api/colony/buildings/modules/ITickingModule
instanceKlass com/minecolonies/api/colony/buildings/modules/IPersistentModule
instanceKlass com/minecolonies/api/colony/buildings/modules/IMinimumStockModule
instanceKlass com/minecolonies/api/colony/buildings/modules/AbstractBuildingModule
instanceKlass com/minecolonies/api/colony/buildings/registry/BuildingEntry$ModuleProducer
instanceKlass com/minecolonies/api/colony/buildings/modules/IBuildingModuleView
instanceKlass com/minecolonies/api/colony/buildings/modules/IBuildingModule
instanceKlass com/minecolonies/api/util/IHasDirty
instanceKlass com/minecolonies/api/colony/buildings/modules/settings/ISetting
instanceKlass com/minecolonies/core/colony/buildings/modules/BuildingModules
instanceKlass com/minecolonies/api/colony/requestsystem/requestable/IRequestable
instanceKlass com/minecolonies/api/colony/workorders/IWorkOrder
instanceKlass com/minecolonies/api/colony/buildings/modules/settings/ISettingKey
instanceKlass com/minecolonies/core/colony/buildings/AbstractSchematicProvider
instanceKlass com/minecolonies/api/colony/buildings/registry/BuildingEntry$Builder
instanceKlass net/minecraftforge/common/world/NoneStructureModifier
instanceKlass net/minecraftforge/registries/holdersets/NotHolderSet
instanceKlass net/minecraftforge/registries/holdersets/CompositeHolderSet
instanceKlass net/minecraftforge/common/ForgeMod$3$1
instanceKlass net/minecraftforge/client/extensions/common/IClientFluidTypeExtensions$1
instanceKlass net/minecraftforge/common/ForgeMod$2$1
instanceKlass net/minecraftforge/common/SoundAction
instanceKlass net/minecraftforge/common/SoundActions
instanceKlass net/minecraftforge/client/extensions/common/IClientFluidTypeExtensions
instanceKlass net/minecraftforge/fluids/FluidType$Properties
instanceKlass net/minecraftforge/common/world/NoneBiomeModifier
instanceKlass dev/architectury/hooks/level/biome/BiomeProperties$Mutable
instanceKlass dev/architectury/hooks/level/biome/BiomeProperties
instanceKlass dev/architectury/registry/level/biome/forge/BiomeModificationsImpl$BiomeModifierImpl
instanceKlass com/minecolonies/api/loot/ResearchUnlocked$Serializer
instanceKlass com/minecolonies/api/loot/EntityInBiomeTag$Serializer
instanceKlass net/minecraftforge/common/loot/CanToolPerformAction$Serializer
instanceKlass net/minecraftforge/common/loot/CanToolPerformAction
instanceKlass net/minecraftforge/common/loot/LootTableIdCondition$Serializer
instanceKlass net/minecraftforge/common/loot/LootTableIdCondition
instanceKlass net/minecraftforge/server/command/ModIdArgument
instanceKlass net/minecraftforge/server/command/EnumArgument
instanceKlass dev/ftb/mods/ftbteams/api/property/TeamPropertyArgument
instanceKlass dev/ftb/mods/ftbteams/data/TeamArgument
instanceKlass com/minecolonies/core/recipes/PlantIngredient$Serializer
instanceKlass net/minecraftforge/common/util/Lazy$Fast
instanceKlass net/minecraftforge/common/util/Lazy
instanceKlass com/minecolonies/core/recipes/FoodIngredient$Serializer
instanceKlass com/minecolonies/api/crafting/CountedIngredient$Serializer
instanceKlass net/minecraftforge/common/crafting/ConditionalRecipe$Serializer
instanceKlass net/minecraftforge/common/crafting/VanillaIngredientSerializer
instanceKlass net/minecraftforge/common/crafting/IntersectionIngredient$Serializer
instanceKlass net/minecraftforge/common/crafting/DifferenceIngredient$Serializer
instanceKlass net/minecraftforge/common/crafting/PartialNBTIngredient$Serializer
instanceKlass net/minecraftforge/common/crafting/StrictNBTIngredient$Serializer
instanceKlass net/minecraftforge/common/crafting/CompoundIngredient$Serializer
instanceKlass net/minecraftforge/common/crafting/conditions/TagEmptyCondition
instanceKlass net/minecraftforge/common/crafting/conditions/TagEmptyCondition$Serializer
instanceKlass net/minecraftforge/common/crafting/conditions/TrueCondition
instanceKlass net/minecraftforge/common/crafting/conditions/TrueCondition$Serializer
instanceKlass net/minecraftforge/common/crafting/conditions/OrCondition
instanceKlass net/minecraftforge/common/crafting/conditions/OrCondition$Serializer
instanceKlass net/minecraftforge/common/crafting/conditions/NotCondition
instanceKlass net/minecraftforge/common/crafting/conditions/NotCondition$Serializer
instanceKlass net/minecraftforge/common/crafting/conditions/ModLoadedCondition
instanceKlass net/minecraftforge/common/crafting/conditions/ModLoadedCondition$Serializer
instanceKlass net/minecraftforge/common/crafting/conditions/ItemExistsCondition
instanceKlass net/minecraftforge/common/crafting/conditions/ItemExistsCondition$Serializer
instanceKlass net/minecraftforge/common/crafting/conditions/FalseCondition
instanceKlass net/minecraftforge/common/crafting/conditions/FalseCondition$Serializer
instanceKlass net/minecraftforge/common/crafting/conditions/AndCondition
instanceKlass net/minecraftforge/common/crafting/CraftingHelper
instanceKlass net/minecraftforge/common/crafting/conditions/ICondition
instanceKlass net/minecraftforge/common/crafting/conditions/AndCondition$Serializer
instanceKlass net/minecraft/world/item/crafting/RecipeType$2
instanceKlass net/minecraftforge/network/IContainerFactory
instanceKlass com/minecolonies/api/colony/IGraveData
instanceKlass net/minecraftforge/items/ItemStackHandler
instanceKlass dev/architectury/registry/registries/forge/RegistrarManagerImpl$VanillaBackedRegistryImpl
instanceKlass com/minecolonies/api/entity/mobs/vikings/INorsemenChiefEntity
instanceKlass com/minecolonies/api/entity/mobs/vikings/IArcherNorsemenEntity
instanceKlass com/minecolonies/api/entity/mobs/vikings/IMeleeNorsemenEntity
instanceKlass com/minecolonies/api/entity/mobs/vikings/INorsemenEntity
instanceKlass com/minecolonies/api/entity/mobs/amazons/IAmazonChief
instanceKlass com/minecolonies/api/entity/mobs/amazons/IAmazonSpearman
instanceKlass com/minecolonies/api/entity/mobs/ISpearmanMobEntity
instanceKlass com/minecolonies/api/entity/mobs/amazons/IArcherAmazon
instanceKlass com/minecolonies/api/entity/mobs/amazons/IAmazonEntity
instanceKlass com/minecolonies/api/entity/mobs/egyptians/IPharaoEntity
instanceKlass com/minecolonies/api/entity/mobs/egyptians/IArcherMummyEntity
instanceKlass com/minecolonies/api/entity/mobs/egyptians/IMeleeMummyEntity
instanceKlass com/minecolonies/api/entity/mobs/egyptians/IEgyptianEntity
instanceKlass com/minecolonies/api/entity/mobs/pirates/ICaptainPirateEntity
instanceKlass com/minecolonies/api/entity/mobs/pirates/IArcherPirateEntity
instanceKlass com/minecolonies/api/entity/mobs/pirates/IMeleePirateEntity
instanceKlass com/minecolonies/api/entity/mobs/pirates/IPirateEntity
instanceKlass com/minecolonies/api/entity/mobs/barbarians/IChiefBarbarianEntity
instanceKlass com/minecolonies/api/entity/mobs/IChiefMobEntity
instanceKlass com/minecolonies/api/entity/mobs/barbarians/IArcherBarbarianEntity
instanceKlass com/minecolonies/api/entity/mobs/IArcherMobEntity
instanceKlass com/minecolonies/api/entity/mobs/IRangedMobEntity
instanceKlass com/minecolonies/api/entity/mobs/barbarians/IMeleeBarbarianEntity
instanceKlass com/minecolonies/api/entity/mobs/barbarians/IBarbarianEntity
instanceKlass com/minecolonies/api/entity/mobs/IMeleeMobEntity
instanceKlass com/minecolonies/api/colony/IColonyRelated
instanceKlass net/minecraftforge/entity/IEntityAdditionalSpawnData
instanceKlass com/minecolonies/api/entity/ModEntities
instanceKlass net/minecraft/world/damagesource/CombatTracker
instanceKlass com/minecolonies/api/entity/pathfinding/proxy/IWalkToProxy
instanceKlass com/minecolonies/api/entity/citizen/citizenhandlers/ICitizenDiseaseHandler
instanceKlass com/minecolonies/api/entity/citizen/citizenhandlers/ICitizenSleepHandler
instanceKlass com/minecolonies/api/entity/citizen/citizenhandlers/ICitizenJobHandler
instanceKlass com/minecolonies/api/entity/citizen/citizenhandlers/ICitizenColonyHandler
instanceKlass com/minecolonies/api/entity/citizen/citizenhandlers/ICitizenInventoryHandler
instanceKlass com/minecolonies/api/entity/citizen/citizenhandlers/ICitizenItemHandler
instanceKlass com/minecolonies/api/entity/citizen/citizenhandlers/ICitizenExperienceHandler
instanceKlass net/minecraft/world/entity/ai/goal/GoalSelector
instanceKlass com/minecolonies/api/entity/pathfinding/IStuckHandler
instanceKlass com/minecolonies/api/entity/ai/statemachine/tickratestatemachine/ITickRateStateMachine
instanceKlass com/minecolonies/api/entity/ai/statemachine/basestatemachine/IStateMachine
instanceKlass com/minecolonies/core/items/MineColoniesArmorMaterial
instanceKlass com/minecolonies/api/entity/ai/statemachine/transitions/IStateMachineOneTimeEvent
instanceKlass com/minecolonies/api/entity/ai/statemachine/transitions/IStateMachineEvent
instanceKlass com/minecolonies/api/entity/ai/statemachine/tickratestatemachine/ITickingTransition
instanceKlass com/minecolonies/api/entity/ai/statemachine/basestatemachine/BasicTransition
instanceKlass com/minecolonies/api/entity/ai/statemachine/transitions/IStateMachineTransition
instanceKlass com/minecolonies/api/entity/ai/statemachine/states/IState
instanceKlass com/minecolonies/core/items/ItemSpear$1
instanceKlass com/minecolonies/api/entity/mobs/ICustomAttackSound
instanceKlass com/minecolonies/api/items/ModItems
instanceKlass net/minecraftforge/client/extensions/common/IClientItemExtensions$1
instanceKlass net/minecraft/client/renderer/blockentity/BlockEntityRenderer
instanceKlass net/minecraft/client/renderer/BlockEntityWithoutLevelRenderer
instanceKlass net/minecraft/client/model/HeadedModel
instanceKlass net/minecraft/client/model/ArmedModel
instanceKlass net/minecraft/client/model/Model
instanceKlass com/ldtteam/structurize/items/ItemTagSubstitution$1
instanceKlass com/minecolonies/api/util/constant/TagConstants
instanceKlass com/minecolonies/api/items/ModTags
instanceKlass com/minecolonies/api/blocks/interfaces/IRSComponentBlock
instanceKlass com/minecolonies/api/blocks/ModBlocks
instanceKlass com/minecolonies/api/tileentities/ITickable
instanceKlass com/ldtteam/structurize/placement/structure/AbstractStructureHandler
instanceKlass com/ldtteam/structurize/placement/structure/IStructureHandler
instanceKlass com/ldtteam/domumornamentum/tag/ModTags
instanceKlass com/ldtteam/domumornamentum/block/components/SimpleRetexturableComponent
instanceKlass com/google/common/collect/AbstractMapBasedMultimap$AsMap$AsMapIterator
instanceKlass com/minecolonies/core/colony/IColonyManagerCapability
instanceKlass com/minecolonies/api/colony/IChunkmanagerCapability
instanceKlass com/minecolonies/api/colony/IColonyTagCapability
instanceKlass net/minecraftforge/common/crafting/ConditionalRecipe
instanceKlass net/minecraftforge/registries/ObjectHolderRef
instanceKlass net/minecraft/world/level/levelgen/presets/WorldPreset
instanceKlass net/minecraft/network/chat/ChatTypeDecoration$Parameter$Selector
instanceKlass net/minecraft/resources/RegistryDataLoader
instanceKlass net/minecraftforge/registries/DataPackRegistriesHooks
instanceKlass net/minecraftforge/common/world/StructureModifier
instanceKlass net/minecraftforge/common/world/BiomeModifier
instanceKlass net/minecraftforge/registries/NewRegistryEvent$RegistryHolder
instanceKlass com/minecolonies/apiimp/initializer/__EntityInitializer_registerEntities_RegisterEvent
instanceKlass com/minecolonies/apiimp/initializer/EntityInitializer
instanceKlass com/minecolonies/apiimp/initializer/__ModBlocksInitializer_registerItems_RegisterEvent
instanceKlass com/minecolonies/apiimp/initializer/__ModBlocksInitializer_registerBlocks_RegisterEvent
instanceKlass com/minecolonies/apiimp/initializer/ModBlocksInitializer
instanceKlass com/minecolonies/apiimp/initializer/__ModContainerInitializers_doClientStuff_FMLClientSetupEvent
instanceKlass com/minecolonies/apiimp/initializer/__ModItemsInitializer_registerItems_RegisterEvent
instanceKlass com/minecolonies/api/items/IMinecoloniesFoodItem
instanceKlass com/minecolonies/api/items/IChiefSwordItem
instanceKlass com/minecolonies/api/items/ISupplyItem
instanceKlass com/minecolonies/api/items/IBlockOverlayItem
instanceKlass com/minecolonies/apiimp/initializer/ModItemsInitializer
instanceKlass com/minecolonies/apiimp/initializer/__ClientRegistration_registerParticleFactories_RegisterParticleProvidersEvent
instanceKlass com/minecolonies/apiimp/initializer/ModParticleTypesInitializer$ClientRegistration
instanceKlass com/minecolonies/apiimp/initializer/__CommonRegistration_registerParticles_RegisterEvent
instanceKlass com/minecolonies/apiimp/initializer/ModParticleTypesInitializer
instanceKlass com/minecolonies/apiimp/initializer/ModParticleTypesInitializer$CommonRegistration
instanceKlass com/minecolonies/core/event/__ColonyStoryListener_modInitClient_RegisterClientReloadListenersEvent
instanceKlass com/minecolonies/core/event/__QuestObjectiveEventHandler_on_BreakEvent
instanceKlass com/minecolonies/core/event/__QuestObjectiveEventHandler_on_EntityPlaceEvent
instanceKlass com/minecolonies/core/event/__QuestObjectiveEventHandler_on_LivingDeathEvent
instanceKlass com/minecolonies/api/quests/IQuestInstance
instanceKlass com/minecolonies/core/event/QuestObjectiveEventHandler
instanceKlass com/minecolonies/core/event/__TextureReloadListener_modInitClient_RegisterClientReloadListenersEvent
instanceKlass net/minecraft/server/packs/resources/PreparableReloadListener$PreparationBarrier
instanceKlass com/minecolonies/core/placementhandlers/main/SuppliesHandler
instanceKlass com/ldtteam/structurize/storage/SurvivalBlueprintHandlers
instanceKlass com/minecolonies/core/placementhandlers/main/SurvivalHandler
instanceKlass com/minecolonies/core/structures/MineColoniesStructures
instanceKlass com/minecolonies/core/client/render/modeltype/registry/ModelTypeRegistry
instanceKlass com/minecolonies/core/colony/interactionhandling/registry/InteractionResponseHandlerManager
instanceKlass com/minecolonies/core/colony/buildings/registry/GuardTypeDataManager
instanceKlass com/minecolonies/core/colony/jobs/registry/JobDataManager
instanceKlass com/minecolonies/core/colony/buildings/registry/BuildingDataManager
instanceKlass com/minecolonies/core/entity/pathfinding/navigation/IDynamicHeuristicNavigator
instanceKlass com/minecolonies/core/entity/pathfinding/registry/PathNavigateRegistry
instanceKlass com/minecolonies/core/entity/mobs/registry/MobAIRegistry$TaskInformationWrapper
instanceKlass com/minecolonies/api/entity/ai/IStateAI
instanceKlass com/minecolonies/core/entity/mobs/registry/MobAIRegistry
instanceKlass com/minecolonies/api/colony/ICitizenDataView
instanceKlass com/minecolonies/core/colony/CitizenDataManager
instanceKlass com/minecolonies/api/compatibility/dynamictrees/DynamicTreeProxy
instanceKlass com/minecolonies/api/compatibility/tinkers/SlimeTreeProxy
instanceKlass com/minecolonies/api/compatibility/tinkers/TinkersToolProxy
instanceKlass com/minecolonies/api/compatibility/resourcefulbees/IBeehiveCompat
instanceKlass com/minecolonies/api/compatibility/CompatibilityManager
instanceKlass com/minecolonies/core/colony/requestsystem/management/manager/StandardRecipeManager
instanceKlass com/minecolonies/api/colony/IColonyView
instanceKlass com/minecolonies/api/compatibility/ICompatibilityManager
instanceKlass com/minecolonies/api/crafting/IRecipeManager
instanceKlass com/minecolonies/core/colony/ColonyManager
instanceKlass com/minecolonies/api/research/IGlobalResearchBranch
instanceKlass com/minecolonies/core/research/GlobalResearchTree
instanceKlass com/minecolonies/api/client/render/modeltype/registry/IModelTypeRegistry
instanceKlass com/minecolonies/api/compatibility/IFurnaceRecipes
instanceKlass com/minecolonies/api/research/IGlobalResearchTree
instanceKlass com/minecolonies/api/colony/interactionhandling/registry/IInteractionResponseHandlerDataManager
instanceKlass com/minecolonies/api/colony/guardtype/registry/IGuardTypeDataManager
instanceKlass com/minecolonies/api/colony/jobs/registry/IJobDataManager
instanceKlass com/minecolonies/api/colony/buildings/registry/IBuildingDataManager
instanceKlass com/minecolonies/api/entity/pathfinding/registry/IPathNavigateRegistry
instanceKlass com/minecolonies/api/entity/mobs/registry/IMobAIRegistry
instanceKlass com/minecolonies/api/colony/ICitizenDataManager
instanceKlass com/minecolonies/api/colony/IColonyManager
instanceKlass com/minecolonies/apiimp/CommonMinecoloniesAPIImpl
instanceKlass com/minecolonies/api/MinecoloniesAPIProxy
instanceKlass com/minecolonies/api/colony/requestsystem/token/IToken
instanceKlass com/minecolonies/api/colony/interactionhandling/InteractionValidatorRegistry
instanceKlass com/minecolonies/api/colony/ICitizenData
instanceKlass com/minecolonies/api/quests/IQuestGiver
instanceKlass com/minecolonies/api/quests/IQuestParticipant
instanceKlass com/minecolonies/apiimp/initializer/InteractionValidatorInitializer
instanceKlass com/minecolonies/core/event/__ClientRegistryHandler_registerKeys_RegisterKeyMappingsEvent
instanceKlass com/minecolonies/core/event/__ClientRegistryHandler_doClientStuff_RegisterRenderers
instanceKlass com/minecolonies/core/event/__ClientRegistryHandler_registerRecipeBookCategories_RegisterRecipeBookCategoriesEvent
instanceKlass com/minecolonies/core/event/__ClientRegistryHandler_registerLayerDefinitions_RegisterLayerDefinitions
instanceKlass com/minecolonies/core/event/__ClientRegistryHandler_onRegisterItemDecorations_RegisterItemDecorationsEvent
instanceKlass net/minecraft/client/renderer/entity/EntityRenderer
instanceKlass net/minecraftforge/client/IItemDecorator
instanceKlass com/minecolonies/core/event/ClientRegistryHandler
instanceKlass com/minecolonies/core/__MineColonies_onLoadComplete_FMLLoadCompleteEvent
instanceKlass com/minecolonies/core/__MineColonies_registerCaps_RegisterCapabilitiesEvent
instanceKlass com/minecolonies/core/__MineColonies_registerNewRegistries_NewRegistryEvent
instanceKlass com/minecolonies/core/__MineColonies_createEntityAttribute_EntityAttributeCreationEvent
instanceKlass com/minecolonies/core/__MineColonies_registerRecipeSerializers_RegisterEvent
instanceKlass com/minecolonies/core/__MineColonies_preInit_FMLCommonSetupEvent
instanceKlass net/minecraft/data/tags/TagsProvider
instanceKlass com/minecolonies/core/event/GatherDataHandler
instanceKlass com/minecolonies/core/event/__ClientEvents_onRecipesLoaded_RecipesUpdatedEvent
instanceKlass com/minecolonies/core/event/DataPackSyncEventHandler$ClientEvents
instanceKlass net/minecraft/server/players/PlayerList
instanceKlass com/minecolonies/core/event/__ServerEvents_onDataPackSync_OnDatapackSyncEvent
instanceKlass com/minecolonies/core/event/__ServerEvents_onServerStarted_ServerStartedEvent
instanceKlass com/minecolonies/core/event/DataPackSyncEventHandler
instanceKlass com/minecolonies/core/event/DataPackSyncEventHandler$ServerEvents
instanceKlass com/minecolonies/core/event/__ClientEventHandler_onUseItem_RightClickItem
instanceKlass com/minecolonies/core/event/__ClientEventHandler_onDebugOverlay_DebugText
instanceKlass com/minecolonies/core/event/__ClientEventHandler_onPlayerLogout_LoggingOut
instanceKlass com/minecolonies/core/event/__ClientEventHandler_onwWorldTick_LevelTickEvent
instanceKlass com/minecolonies/core/event/__ClientEventHandler_onItemTooltipEvent_ItemTooltipEvent
instanceKlass net/minecraft/client/sounds/SoundEngine
instanceKlass com/minecolonies/core/event/__ClientEventHandler_onPlaySoundEvent_PlaySoundEvent
instanceKlass com/minecolonies/core/event/__ClientEventHandler_renderWorldLastEvent_RenderLevelStageEvent
instanceKlass com/minecolonies/core/event/ClientEventHandler
instanceKlass com/minecolonies/core/event/__FMLEventHandler_onServerAboutToStart_ServerAboutToStartEvent
instanceKlass com/minecolonies/core/event/__FMLEventHandler_onAddReloadListenerEvent_AddReloadListenerEvent
instanceKlass com/minecolonies/core/event/__FMLEventHandler_onPlayerLogin_PlayerLoggedInEvent
instanceKlass com/minecolonies/core/event/__FMLEventHandler_onWorldTick_LevelTickEvent
instanceKlass com/minecolonies/core/event/__FMLEventHandler_onServerStopped_ServerStoppingEvent
instanceKlass com/minecolonies/core/event/__FMLEventHandler_onServerStarted_ServerStartedEvent
instanceKlass com/minecolonies/core/event/__FMLEventHandler_onClientTick_ClientTickEvent
instanceKlass com/minecolonies/core/event/__FMLEventHandler_onServerTick_ServerTickEvent
instanceKlass com/minecolonies/core/event/FMLEventHandler
instanceKlass com/minecolonies/core/event/__EventHandler_onAttachingCapabilitiesChunk_AttachCapabilitiesEvent
instanceKlass com/minecolonies/core/event/__EventHandler_onAttachingCapabilitiesWorld_AttachCapabilitiesEvent
instanceKlass com/minecolonies/core/event/__EventHandler_onEntityTravelToDimensionEvent_EntityTravelToDimensionEvent
instanceKlass com/minecolonies/core/event/__EventHandler_onCommandsRegister_RegisterCommandsEvent
instanceKlass com/minecolonies/core/event/__EventHandler_onCropTrample_FarmlandTrampleEvent
instanceKlass com/minecolonies/core/event/__EventHandler_onEntityConverted_Pre
instanceKlass com/minecolonies/core/event/__EventHandler_onBlockBreak_BreakEvent
instanceKlass com/minecolonies/core/event/__EventHandler_onPlayerInteract_RightClickBlock
instanceKlass com/minecolonies/core/event/__EventHandler_onPlayerLeaveWorld_PlayerLoggedOutEvent
instanceKlass com/minecolonies/core/event/__EventHandler_onPlayerEnterWorld_PlayerLoggedInEvent
instanceKlass com/minecolonies/core/event/__EventHandler_playerChangeDim_PlayerChangedDimensionEvent
instanceKlass com/minecolonies/core/event/__EventHandler_onChunkLoad_Load
instanceKlass com/minecolonies/core/event/__EventHandler_onChunkUnLoad_Unload
instanceKlass com/minecolonies/core/event/__EventHandler_onEnteringChunk_PlayerTickEvent
instanceKlass com/minecolonies/core/event/__EventHandler_onEntityAdded_EntityJoinLevelEvent
instanceKlass com/minecolonies/core/event/__EventHandler_onLootTableLoad_LootTableLoadEvent
instanceKlass com/minecolonies/core/event/__EventHandler_onWorldUnload_Unload
instanceKlass com/minecolonies/core/event/__EventHandler_onWorldLoad_Load
instanceKlass com/minecolonies/core/event/__EventHandler_onServerTick_ServerTickEvent
instanceKlass com/minecolonies/core/event/__EventHandler_on_PositionCheck
instanceKlass com/minecolonies/api/colony/interactionhandling/IInteractionResponseHandler
instanceKlass com/minecolonies/api/colony/interactionhandling/IChatPriority
instanceKlass com/minecolonies/api/colony/ICivilianData
instanceKlass com/minecolonies/api/colony/ICitizen
instanceKlass com/minecolonies/api/colony/requestsystem/location/ILocation
instanceKlass com/minecolonies/api/network/IMessage
instanceKlass com/minecolonies/core/event/EventHandler
instanceKlass net/minecraftforge/client/__ClientForgeMod_onRegisterReloadListeners_RegisterClientReloadListenersEvent
instanceKlass net/minecraftforge/client/__ClientForgeMod_onRegisterGeometryLoaders_RegisterGeometryLoaders
instanceKlass net/minecraftforge/client/__ClientForgeMod_onRegisterNamedRenderTypes_RegisterNamedRenderTypesEvent
instanceKlass net/minecraftforge/client/ClientForgeMod
instanceKlass net/minecraftforge/client/__ClientEvents_registerShaders_RegisterShadersEvent
instanceKlass net/minecraftforge/client/ForgeHooksClient
instanceKlass com/minecolonies/api/configuration/AbstractConfiguration
instanceKlass com/minecolonies/api/configuration/Configuration
instanceKlass net/minecraft/client/renderer/ShaderInstance
instanceKlass com/minecolonies/apiimp/initializer/ModEnchantInitializer
instanceKlass com/mojang/blaze3d/shaders/Shader
instanceKlass com/minecolonies/api/creativetab/ModCreativeTabs
instanceKlass net/minecraftforge/client/ForgeHooksClient$ClientEvents
instanceKlass net/minecraftforge/client/model/data/__ModelDataManager_onChunkUnload_Unload
instanceKlass net/minecraftforge/client/model/data/ModelData
instanceKlass net/minecraftforge/client/model/data/ModelDataManager
instanceKlass com/minecolonies/api/entity/citizen/happiness/HappinessRegistry$HappinessFunctionEntry
instanceKlass net/minecraftforge/common/__ColorRegisterHandler_registerSpawnEggColors_Item
instanceKlass net/minecraftforge/common/ForgeSpawnEggItem$ColorRegisterHandler
instanceKlass com/minecolonies/api/entity/citizen/happiness/HappinessRegistry$HappinessFactorTypeEntry
instanceKlass net/minecraftforge/common/__CommonHandler_onCommonSetup_FMLCommonSetupEvent
instanceKlass com/minecolonies/api/entity/citizen/happiness/HappinessRegistry
instanceKlass com/minecolonies/apiimp/initializer/ModHappinessFactorTypeInitializer
instanceKlass net/minecraftforge/common/ForgeSpawnEggItem$CommonHandler
instanceKlass com/minecolonies/api/quests/registries/QuestRegistries$DialogueAnswerEntry
instanceKlass net/minecraftforge/common/__ForgeInternalHandler_onDimensionUnload_Unload
instanceKlass mezz/jei/forge/startup/StartEventObserver
instanceKlass net/minecraftforge/common/__ForgeInternalHandler_onEntityJoinWorld_EntityJoinLevelEvent
instanceKlass net/minecraftforge/common/__ForgeInternalHandler_onCommandsRegister_RegisterCommandsEvent
instanceKlass net/minecraftforge/common/__ForgeInternalHandler_onResourceReload_AddReloadListenerEvent
instanceKlass com/google/common/base/Stopwatch$1
instanceKlass net/minecraftforge/common/__ForgeInternalHandler_tagsUpdated_TagsUpdatedEvent
instanceKlass com/minecolonies/api/quests/registries/QuestRegistries$RewardEntry
instanceKlass net/minecraftforge/common/__ForgeInternalHandler_builtinMobSpawnBlocker_EntityJoinLevelEvent
instanceKlass net/minecraftforge/common/__ForgeInternalHandler_resourceReloadListeners_AddReloadListenerEvent
instanceKlass mezz/jei/library/load/PluginCallerTimerRunnable
instanceKlass net/minecraftforge/common/__ForgeInternalHandler_onChunkUnload_Unload
instanceKlass net/minecraftforge/common/__ForgeInternalHandler_playerLogin_PlayerLoggedInEvent
instanceKlass com/minecolonies/api/quests/registries/QuestRegistries$TriggerEntry
instanceKlass net/minecraftforge/common/__ForgeInternalHandler_checkSettings_ClientTickEvent
instanceKlass mezz/jei/library/load/PluginCallerTimer
instanceKlass net/minecraftforge/common/__ForgeInternalHandler_onServerTick_ServerTickEvent
instanceKlass mezz/jei/library/load/PluginCaller
instanceKlass com/minecolonies/api/quests/registries/QuestRegistries$ObjectiveEntry
instanceKlass mezz/jei/common/config/sorting/serializers/SortingSerializers$1
instanceKlass com/minecolonies/api/quests/registries/QuestRegistries
instanceKlass mezz/jei/common/config/sorting/serializers/ISortingSerializer
instanceKlass mezz/jei/common/config/sorting/serializers/SortingSerializers
instanceKlass net/minecraftforge/common/VillagerTradingManager
instanceKlass com/minecolonies/api/quests/IQuestDialogueAnswer
instanceKlass com/minecolonies/apiimp/initializer/ModQuestInitializer
instanceKlass com/google/common/base/Ascii
instanceKlass mezz/jei/common/config/sorting/SortingConfig
instanceKlass sun/nio/fs/WindowsWatchService$FileKey
instanceKlass sun/nio/fs/AbstractPoller$2
instanceKlass sun/nio/fs/AbstractPoller$Request
instanceKlass java/nio/file/WatchEvent$Modifier
instanceKlass com/minecolonies/api/items/ModBannerPatterns
instanceKlass net/minecraftforge/registries/ForgeDeferredRegistriesSetup
instanceKlass net/minecraftforge/common/__ForgeConfig_onLoad_Loading
instanceKlass net/minecraftforge/common/__ForgeConfig_onFileChange_Reloading
instanceKlass net/minecraftforge/common/loot/LootModifier
instanceKlass mezz/jei/common/config/IngredientGridConfig
instanceKlass net/minecraftforge/common/ForgeConfig$Server
instanceKlass net/minecraftforge/common/loot/IGlobalLootModifier
instanceKlass net/minecraftforge/common/ForgeConfig$Common
instanceKlass mezz/jei/common/config/IngredientFilterConfig
instanceKlass com/minecolonies/api/loot/ModLootConditions
instanceKlass net/minecraftforge/common/ForgeConfig$Client
instanceKlass net/minecraftforge/common/ForgeConfig
instanceKlass com/minecolonies/api/research/ModResearchCostTypes$ResearchCostType
instanceKlass com/minecolonies/api/research/ModResearchCostTypes
instanceKlass com/minecolonies/apiimp/initializer/ModResearchCostTypeInitializer
instanceKlass mezz/jei/common/config/file/serializers/EnumSerializer
instanceKlass com/minecolonies/api/research/effects/registry/ResearchEffectEntry
instanceKlass com/minecolonies/api/research/effects/ModResearchEffects
instanceKlass mezz/jei/common/config/file/serializers/IntegerSerializer
instanceKlass com/minecolonies/apiimp/initializer/ModResearchEffectInitializer
instanceKlass mezz/jei/common/config/ClientConfig
instanceKlass com/minecolonies/api/colony/interactionhandling/registry/InteractionResponseHandlerEntry
instanceKlass com/ldtteam/domumornamentum/client/event/handlers/__ClientTickEventHandler_onTickClientTick_ClientTickEvent
instanceKlass com/minecolonies/api/colony/interactionhandling/ModInteractionResponseHandlers
instanceKlass com/ldtteam/domumornamentum/client/event/handlers/ClientTickEventHandler
instanceKlass com/minecolonies/apiimp/initializer/ModInteractionsInitializer
instanceKlass mezz/jei/common/config/IIngredientGridConfig
instanceKlass mezz/jei/common/config/IIngredientFilterConfig
instanceKlass mezz/jei/common/config/IClientConfig
instanceKlass mezz/jei/common/config/JeiClientConfigs
instanceKlass com/ldtteam/domumornamentum/client/event/handlers/__MateriallyTexturedBlockPreviewRenderHandler_onRenderLevelStage_RenderLevelStageEvent
instanceKlass com/ldtteam/domumornamentum/client/event/handlers/MateriallyTexturedBlockPreviewRenderHandler
instanceKlass com/ldtteam/domumornamentum/client/event/handlers/__ModBusEventHandler_onFMLClientSetup_FMLClientSetupEvent
instanceKlass com/minecolonies/api/sounds/MercenarySounds
instanceKlass com/ldtteam/domumornamentum/client/event/handlers/ModBusEventHandler
instanceKlass net/minecraftforge/network/MCRegisterPacketHandler
instanceKlass net/minecraft/client/color/item/ItemColors
instanceKlass com/minecolonies/api/sounds/RaidSounds
instanceKlass com/minecolonies/api/sounds/RaiderSounds
instanceKlass mezz/jei/library/config/serializers/ColorNameSerializer
instanceKlass com/ldtteam/domumornamentum/client/event/handlers/__RegisterColorHandlersEventHandler_onRegisterColorHandlersItem_Item
instanceKlass com/ldtteam/domumornamentum/client/event/handlers/__RegisterColorHandlersEventHandler_onRegisterColorHandlersBlock_Block
instanceKlass dev/architectury/networking/forge/__NetworkManagerImpl_loggedOut_PlayerLoggedOutEvent
instanceKlass dev/architectury/networking/forge/__NetworkManagerImpl_loggedIn_PlayerLoggedInEvent
instanceKlass mezz/jei/common/config/file/serializers/ListSerializer
instanceKlass net/minecraftforge/network/PlayMessages$OpenContainer
instanceKlass dev/architectury/registry/client/keymappings/forge/__KeyMappingRegistryImpl_event_RegisterKeyMappingsEvent
instanceKlass net/minecraft/client/color/item/ItemColor
instanceKlass net/minecraft/client/color/block/BlockColor
instanceKlass net/minecraft/client/particle/ParticleEngine
instanceKlass com/ldtteam/domumornamentum/client/event/handlers/RegisterColorHandlersEventHandler
instanceKlass com/ldtteam/domumornamentum/client/model/loader/__MateriallyTexturedModelLoader_onModelRegistry_RegisterGeometryLoaders
instanceKlass com/ldtteam/domumornamentum/client/model/geometry/MateriallyTexturedGeometry
instanceKlass com/minecolonies/api/sounds/TavernSounds
instanceKlass mezz/jei/library/config/ColorNameConfig
instanceKlass net/minecraftforge/client/model/geometry/IUnbakedGeometry
instanceKlass com/ldtteam/domumornamentum/client/model/loader/MateriallyTexturedModelLoader
instanceKlass net/minecraftforge/network/PlayMessages$SpawnEntity
instanceKlass com/ldtteam/domumornamentum/event/handlers/__ModBusEventHandler_dataGeneratorSetup_GatherDataEvent
instanceKlass com/ldtteam/domumornamentum/event/handlers/__ModBusEventHandler_onModInit_FMLCommonSetupEvent
instanceKlass com/ldtteam/domumornamentum/event/handlers/ModBusEventHandler
instanceKlass dev/architectury/registry/client/particle/forge/__ParticleProviderRegistryImpl_onParticleFactoryRegister_RegisterParticleProvidersEvent
instanceKlass mezz/jei/core/util/function/CachedFunction
instanceKlass com/ldtteam/domumornamentum/block/ModCreativeTabs
instanceKlass dev/architectury/registry/client/particle/ParticleProviderRegistry$DeferredParticleProvider
instanceKlass mezz/jei/core/util/function/CachedSupplierTransformer
instanceKlass net/minecraft/client/particle/ParticleProvider
instanceKlass com/ldtteam/domumornamentum/recipe/architectscutter/ArchitectsCutterRecipeSerializer
instanceKlass dev/architectury/registry/client/particle/ParticleProviderRegistry$ExtendedSpriteSet
instanceKlass net/minecraft/client/particle/SpriteSet
instanceKlass mezz/jei/library/config/serializers/ChatFormattingSerializer$ChatFormattingValueSerializer
instanceKlass dev/architectury/registry/client/particle/forge/ParticleProviderRegistryImpl
instanceKlass com/ldtteam/domumornamentum/recipe/ModRecipeSerializers
instanceKlass mezz/jei/library/config/serializers/ChatFormattingSerializer
instanceKlass net/minecraftforge/common/util/MutableHashedLinkedMap
instanceKlass com/ldtteam/domumornamentum/recipe/ModRecipeTypes
instanceKlass mezz/jei/api/runtime/config/IJeiConfigListValueSerializer
instanceKlass com/ldtteam/domumornamentum/container/ModContainerTypes
instanceKlass mezz/jei/library/config/ModIdFormatConfig
instanceKlass net/minecraftforge/network/ConfigSync
instanceKlass dev/architectury/registry/forge/__CreativeTabRegistryImpl_event_BuildCreativeModeTabContentsEvent
instanceKlass com/ldtteam/domumornamentum/entity/block/ModBlockEntityTypes
instanceKlass dev/architectury/registry/CreativeTabRegistry$ModifyTabCallback
instanceKlass com/minecolonies/api/util/Tuple
instanceKlass java/nio/file/TempFileHelper
instanceKlass mezz/jei/core/util/PathUtil
instanceKlass com/google/common/collect/MultimapBuilder$ArrayListSupplier
instanceKlass mezz/jei/common/config/file/serializers/DeserializeResult
instanceKlass com/google/common/collect/MultimapBuilder$MultimapBuilderWithKeys
instanceKlass com/google/common/collect/MultimapBuilder
instanceKlass mezz/jei/common/config/file/ConfigSerializer
instanceKlass com/minecolonies/api/sounds/ModSoundEvents
instanceKlass dev/architectury/registry/CreativeTabOutput
instanceKlass dev/architectury/registry/forge/CreativeTabRegistryImpl
instanceKlass mezz/jei/common/config/file/ConfigCategory
instanceKlass com/minecolonies/api/entity/ai/combat/threat/IThreatTableEntity
instanceKlass net/minecraft/server/ReloadableServerResources
instanceKlass mezz/jei/api/runtime/config/IJeiConfigCategory
instanceKlass com/minecolonies/api/entity/pathfinding/IStuckHandlerEntity
instanceKlass com/minecolonies/api/entity/mobs/RaiderMobUtils
instanceKlass mezz/jei/common/util/DeduplicatingRunner
instanceKlass mezz/jei/common/config/file/ConfigSchema
instanceKlass dev/architectury/registry/forge/__ReloadListenerRegistryImpl_addReloadListeners_AddReloadListenerEvent
instanceKlass com/minecolonies/api/crafting/registry/RecipeTypeEntry
instanceKlass com/minecolonies/api/crafting/ModRecipeTypes
instanceKlass mezz/jei/api/runtime/config/IJeiConfigValueSerializer$IDeserializeResult
instanceKlass mezz/jei/common/config/file/serializers/BooleanSerializer
instanceKlass dev/architectury/registry/level/entity/trade/forge/__TradeRegistryImpl_onWanderingTradeRegistering_WandererTradesEvent
instanceKlass com/minecolonies/apiimp/initializer/ModRecipeTypesInitializer
instanceKlass dev/architectury/registry/level/entity/trade/forge/__TradeRegistryImpl_onTradeRegistering_VillagerTradesEvent
instanceKlass mezz/jei/common/config/file/ConfigValue
instanceKlass net/minecraft/world/entity/npc/VillagerTrades$ItemListing
instanceKlass mezz/jei/api/runtime/config/IJeiConfigValue
instanceKlass dev/architectury/registry/level/entity/trade/forge/TradeRegistryImpl
instanceKlass mezz/jei/api/runtime/config/IJeiConfigValueSerializer
instanceKlass mezz/jei/common/config/file/ConfigCategoryBuilder
instanceKlass mezz/jei/common/config/DebugConfig
instanceKlass dev/architectury/registry/level/biome/BiomeModifications$BiomeContext
instanceKlass dev/architectury/registry/level/biome/forge/BiomeModificationsImpl
instanceKlass mezz/jei/common/config/file/IConfigCategoryBuilder
instanceKlass mezz/jei/common/config/file/IConfigSchema
instanceKlass mezz/jei/api/runtime/config/IJeiConfigFile
instanceKlass mezz/jei/common/config/file/ConfigSchemaBuilder
instanceKlass dev/architectury/event/forge/__ModBasedEventHandler_event_FMLCommonSetupEvent
instanceKlass mezz/jei/common/config/ConfigManager
instanceKlass dev/architectury/event/forge/EventHandlerImplCommon$ModBasedEventHandler
instanceKlass dev/architectury/event/forge/__EventHandlerImplCommon_eventWorldEvent_Save
instanceKlass mezz/jei/library/load/PluginHelper
instanceKlass dev/architectury/event/forge/__EventHandlerImplCommon_eventWorldEvent_Load
instanceKlass dev/architectury/event/forge/__EventHandlerImplCommon_eventWorldEvent_Unload
instanceKlass dev/architectury/event/forge/__EventHandlerImplCommon_eventChunkDataEvent_Save
instanceKlass sun/nio/fs/AbstractPoller$1
instanceKlass net/minecraftforge/network/LoginWrapper
instanceKlass sun/nio/fs/AbstractPoller
instanceKlass dev/architectury/event/forge/__EventHandlerImplCommon_eventChunkDataEvent_Load
instanceKlass java/nio/file/StandardWatchEventKinds$StdWatchEventKind
instanceKlass java/nio/file/WatchEvent$Kind
instanceKlass dev/architectury/event/forge/__EventHandlerImplCommon_eventPlayerContainerEvent_Close
instanceKlass java/nio/file/StandardWatchEventKinds
instanceKlass sun/nio/fs/AbstractWatchKey$Event
instanceKlass java/nio/file/WatchEvent
instanceKlass dev/architectury/event/forge/__EventHandlerImplCommon_eventPlayerContainerEvent_Open
instanceKlass sun/nio/fs/AbstractWatchKey
instanceKlass java/nio/file/WatchKey
instanceKlass dev/architectury/event/forge/__EventHandlerImplCommon_eventExplosionEvent_Start
instanceKlass sun/nio/fs/AbstractWatchService
instanceKlass java/nio/file/WatchService
instanceKlass net/minecraftforge/network/HandshakeHandler
instanceKlass net/minecraft/world/level/Explosion
instanceKlass mezz/jei/common/config/file/FileWatcher
instanceKlass dev/architectury/event/events/client/ClientLifecycleEvent$ClientLevelState
instanceKlass dev/architectury/event/events/client/ClientLifecycleEvent$ClientState
instanceKlass com/minecolonies/api/colony/jobs/registry/JobEntry
instanceKlass mezz/jei/api/registration/IRuntimeRegistration
instanceKlass dev/architectury/event/events/client/ClientLifecycleEvent
instanceKlass mezz/jei/api/runtime/IJeiRuntime
instanceKlass mezz/jei/api/recipe/IRecipeManager
instanceKlass dev/architectury/event/forge/__EventHandlerImplCommon_eventExplosionEvent_Detonate
instanceKlass mezz/jei/api/runtime/IEditModeConfig
instanceKlass mezz/jei/api/helpers/IJeiHelpers
instanceKlass net/minecraftforge/network/HandshakeHandler$HandshakeConsumer
instanceKlass mezz/jei/library/config/IModIdFormatConfig
instanceKlass mezz/jei/library/config/EditModeConfig$ISerializer
instanceKlass mezz/jei/api/helpers/IColorHelper
instanceKlass mezz/jei/common/config/IJeiClientConfigs
instanceKlass mezz/jei/common/config/file/IConfigSchemaBuilder
instanceKlass mezz/jei/api/runtime/config/IJeiConfigManager
instanceKlass mezz/jei/library/startup/JeiStarter
instanceKlass net/minecraft/world/DifficultyInstance
instanceKlass net/sixik/sdmshoprework/SDMShopClient
instanceKlass com/minecolonies/api/colony/jobs/ModJobs
instanceKlass com/minecolonies/apiimp/initializer/ModJobsInitializer
instanceKlass net/minecraftforge/network/simple/SimpleChannel$MessageBuilder
instanceKlass dev/architectury/event/forge/__EventHandlerImplCommon_eventLivingSpawnEvent_FinalizeSpawn
instanceKlass net/sixik/sdmshoprework/common/register/SoundRegister
instanceKlass dev/architectury/event/forge/__EventHandlerImplCommon_eventPlayerInteractEvent_LeftClickBlock
instanceKlass com/minecolonies/core/compatibility/jei/JobBasedRecipeCategory
instanceKlass net/sixik/sdmshoprework/common/integration/SDMShopRIntegration
instanceKlass dev/architectury/event/forge/__EventHandlerImplCommon_eventPlayerInteractEvent_RightClickItem
instanceKlass com/minecolonies/core/compatibility/jei/JEIPlugin
instanceKlass dev/architectury/event/forge/__EventHandlerImplCommon_eventPlayerInteractEvent_RightClickBlock
instanceKlass net/minecraftforge/network/HandshakeMessages$LoginIndexedMessage
instanceKlass dev/architectury/event/forge/__EventHandlerImplCommon_eventPlayerInteractEvent_EntityInteract
instanceKlass net/sixik/sdmshoprework/SDMShopCommands
instanceKlass dev/architectury/event/forge/__EventHandlerImplCommon_eventPlayerEvent_Clone
instanceKlass dev/architectury/event/forge/__EventHandlerImplCommon_eventAfter_ServerChatEvent
instanceKlass dev/architectury/event/forge/__EventHandlerImplCommon_event_ServerStoppingEvent
instanceKlass com/ldtteam/domumornamentum/jei/JEIPlugin
instanceKlass dev/architectury/event/forge/__EventHandlerImplCommon_event_ServerStoppedEvent
instanceKlass com/minecolonies/api/crafting/ModCraftingTypes
instanceKlass dev/architectury/event/forge/__EventHandlerImplCommon_event_LevelTickEvent
instanceKlass dev/architectury/event/forge/__EventHandlerImplCommon_event_ServerStartingEvent
instanceKlass net/minecraftforge/network/NetworkRegistry$ChannelBuilder
instanceKlass dev/architectury/event/forge/__EventHandlerImplCommon_event_ServerStartedEvent
instanceKlass mezz/jei/common/util/ErrorUtil
instanceKlass com/minecolonies/api/crafting/registry/CraftingType
instanceKlass com/minecolonies/apiimp/initializer/ModCraftingTypesInitializer
instanceKlass dev/architectury/event/forge/__EventHandlerImplCommon_event_LivingDeathEvent
instanceKlass dev/architectury/event/forge/__EventHandlerImplCommon_event_PlayerLoggedOutEvent
instanceKlass dev/architectury/event/forge/__EventHandlerImplCommon_event_PlayerRespawnEvent
instanceKlass net/minecraftforge/network/NetworkInitialization
instanceKlass dev/architectury/event/forge/__EventHandlerImplCommon_event_CommandEvent
instanceKlass net/sixik/sdmshoprework/common/config/ConfigFile
instanceKlass dev/architectury/event/forge/__EventHandlerImplCommon_event_RegisterCommandsEvent
instanceKlass dev/architectury/event/forge/__EventHandlerImplCommon_event_PlayerLoggedInEvent
instanceKlass dev/architectury/event/forge/__EventHandlerImplCommon_event_ServerChatEvent
instanceKlass dev/architectury/event/forge/__EventHandlerImplCommon_event_PlayerTickEvent
instanceKlass mezz/jei/forge/events/RuntimeEventSubscriptions
instanceKlass net/minecraftforge/common/util/BlockSnapshot
instanceKlass mezz/jei/forge/plugins/forge/ForgeGuiPlugin
instanceKlass io/netty/util/internal/PlatformDependent$4
instanceKlass mezz/jei/gui/plugins/JeiGuiPlugin
instanceKlass io/netty/util/internal/CleanerJava9$1
instanceKlass dev/architectury/event/forge/__EventHandlerImplCommon_event_EntityPlaceEvent
instanceKlass mezz/jei/api/recipe/advanced/ISimpleRecipeManagerPlugin
instanceKlass mezz/jei/api/recipe/category/extensions/IRecipeCategoryDecorator
instanceKlass mezz/jei/api/gui/handlers/IGhostIngredientHandler
instanceKlass dev/architectury/event/forge/__EventHandlerImplCommon_event_BreakEvent
instanceKlass io/netty/util/internal/CleanerJava9
instanceKlass mezz/jei/library/plugins/debug/JeiDebugPlugin
instanceKlass dev/architectury/event/forge/__EventHandlerImplCommon_event_ItemTossEvent
instanceKlass dev/architectury/event/forge/__EventHandlerImplCommon_event_ItemPickupEvent
instanceKlass dev/architectury/event/forge/__EventHandlerImplCommon_event_EntityJoinLevelEvent
instanceKlass io/netty/util/internal/PlatformDependent$2
instanceKlass dev/architectury/event/forge/__EventHandlerImplCommon_event_AttackEntityEvent
instanceKlass mezz/jei/library/plugins/jei/JeiInternalPlugin
instanceKlass net/minecraft/world/level/storage/loot/LootTable
instanceKlass io/netty/util/internal/PlatformDependent$1
instanceKlass mezz/jei/api/recipe/category/IRecipeCategory
instanceKlass dev/ftb/mods/ftblibrary/icon/IResourceIcon
instanceKlass mezz/jei/api/ingredients/IIngredientHelper
instanceKlass mezz/jei/api/gui/handlers/IGuiContainerHandler
instanceKlass mezz/jei/api/recipe/category/extensions/vanilla/smithing/ISmithingCategoryExtension
instanceKlass mezz/jei/api/recipe/transfer/IRecipeTransferHandler
instanceKlass mezz/jei/library/plugins/vanilla/VanillaPlugin
instanceKlass io/netty/util/internal/PlatformDependent0$9
instanceKlass dev/architectury/event/forge/__EventHandlerImplCommon_event_LootTableLoadEvent
instanceKlass dev/architectury/event/forge/__EventHandlerImplCommon_event_PlayerChangedDimensionEvent
instanceKlass net/sixik/sdmshoprework/common/theme/ShopTheme
instanceKlass dev/architectury/event/forge/__EventHandlerImplCommon_event_ServerAboutToStartEvent
instanceKlass io/netty/util/internal/PlatformDependent0$7
instanceKlass dev/ftb/mods/ftblibrary/config/ui/ResourceSearchMode$3
instanceKlass dev/architectury/event/forge/__EventHandlerImplCommon_event_FarmlandTrampleEvent
instanceKlass dev/architectury/event/forge/__EventHandlerImplCommon_event_ServerTickEvent
instanceKlass io/netty/util/internal/PlatformDependent0$6
instanceKlass dev/ftb/mods/ftblibrary/config/ui/ResourceSearchMode$2
instanceKlass dev/architectury/event/forge/__EventHandlerImplCommon_event_LivingAttackEvent
instanceKlass net/minecraft/advancements/Advancement
instanceKlass dev/ftb/mods/ftblibrary/config/ui/ResourceSearchMode$1
instanceKlass io/netty/util/internal/PlatformDependent0$5
instanceKlass dev/ftb/mods/ftblibrary/math/Bits
instanceKlass io/netty/util/internal/PlatformDependent0$4
instanceKlass dev/ftb/mods/ftblibrary/config/ui/SearchModeIndex
instanceKlass com/ldtteam/structurize/blueprints/v1/DataFixerUtils
instanceKlass io/netty/util/internal/PlatformDependent0$3
instanceKlass com/ldtteam/structurize/__Structurize_preInit_FMLCommonSetupEvent
instanceKlass dev/architectury/event/forge/__EventHandlerImplCommon_event_AdvancementEarnEvent
instanceKlass com/ldtteam/structurize/storage/__ServerFutureProcessor_onWorldTick_LevelTickEvent
instanceKlass io/netty/util/internal/PlatformDependent0$2
instanceKlass dev/architectury/event/forge/__EventHandlerImplCommon_event_EntityItemPickupEvent
instanceKlass io/netty/util/internal/ReflectionUtil
instanceKlass dev/architectury/event/forge/__EventHandlerImplCommon_event_ItemSmeltedEvent
instanceKlass dev/architectury/event/forge/__EventHandlerImplCommon_event_ItemCraftedEvent
instanceKlass dev/ftb/mods/ftblibrary/ui/IFocusableWidget
instanceKlass io/netty/util/internal/PlatformDependent0$1
instanceKlass com/minecolonies/api/entity/citizen/happiness/IHappinessModifier
instanceKlass com/minecolonies/api/entity/citizen/happiness/IHappinessSupplierWrapper
instanceKlass dev/architectury/event/forge/__EventHandlerImplCommon_event_AnimalTameEvent
instanceKlass dev/architectury/event/forge/__EventHandlerImplCommon_event_FillBucketEvent
instanceKlass io/netty/util/internal/PlatformDependent0
instanceKlass com/minecolonies/core/colony/events/raid/HordeRaidEvent
instanceKlass com/ldtteam/structurize/storage/ServerFutureProcessor
instanceKlass com/ldtteam/structurize/storage/rendering/__ServerPreviewDistributor_onLogout_PlayerLoggedOutEvent
instanceKlass com/ldtteam/structurize/storage/rendering/types/BlueprintPreviewData
instanceKlass com/minecolonies/api/colony/colonyEvents/IColonyCampFireRaidEvent
instanceKlass com/minecolonies/api/colony/colonyEvents/registry/ColonyEventTypeRegistryEntry
instanceKlass dev/ftb/mods/ftblibrary/icon/Icon
instanceKlass it/unimi/dsi/fastutil/objects/Object2BooleanMap
instanceKlass com/ldtteam/domumornamentum/block/IMateriallyTexturedBlockComponent
instanceKlass dev/ftb/mods/ftblibrary/icon/Drawable
instanceKlass com/minecolonies/core/colony/events/raid/AbstractShipRaidEvent
instanceKlass com/ldtteam/structurize/storage/rendering/ServerPreviewDistributor
instanceKlass dev/ftb/mods/ftblibrary/config/NameMap$Builder
instanceKlass com/ldtteam/structurize/storage/__ServerStructurePackLoader_onWorldTick_LevelTickEvent
instanceKlass java/nio/file/FileVisitor
instanceKlass com/ldtteam/structurize/storage/ServerStructurePackLoader
instanceKlass dev/ftb/mods/ftblibrary/config/NameMap
instanceKlass com/minecolonies/api/colony/colonyEvents/IColonyStructureSpawnEvent
instanceKlass com/minecolonies/api/colony/colonyEvents/IColonyRaidEvent
instanceKlass com/minecolonies/api/colony/colonyEvents/IColonyEntitySpawnEvent
instanceKlass io/netty/util/internal/shaded/org/jctools/queues/SupportsIterator
instanceKlass io/netty/util/internal/shaded/org/jctools/queues/QueueProgressIndicators
instanceKlass io/netty/util/internal/shaded/org/jctools/queues/IndexedQueueSizeUtil$IndexedQueue
instanceKlass com/minecolonies/api/colony/colonyEvents/IColonySpawnEvent
instanceKlass com/ldtteam/structurize/event/__ClientEventSubscriber_onClientTickEvent_ClientTickEvent
instanceKlass com/minecolonies/api/colony/colonyEvents/IColonyEvent
instanceKlass com/ldtteam/structurize/event/__ClientEventSubscriber_renderWorldLastEvent_Pre
instanceKlass net/sixik/sdmshoprework/common/config/Config
instanceKlass com/minecolonies/apiimp/initializer/ModColonyEventTypeInitializer
instanceKlass net/minecraft/client/renderer/culling/Frustum
instanceKlass com/minecolonies/api/crafting/registry/ModRecipeSerializer
instanceKlass net/sixik/sdmshoprework/SDMShopPaths
instanceKlass net/minecraft/client/Camera
instanceKlass io/netty/util/internal/shaded/org/jctools/queues/MessagePassingQueue
instanceKlass dev/architectury/registry/registries/forge/RegistrarManagerImpl$ForgeBackedRegistryImpl$2
instanceKlass com/minecolonies/api/crafting/CompostRecipe$Serializer
instanceKlass io/netty/util/internal/LongCounter
instanceKlass dev/architectury/registry/forge/ReloadListenerRegistryImpl
instanceKlass com/minecolonies/apiimp/initializer/ModRecipeSerializerInitializer
instanceKlass net/machiavelli/minecolonytax/__TaxManager_onServerStopping_ServerStoppingEvent
instanceKlass io/netty/util/internal/PlatformDependent$ThreadLocalRandomProvider
instanceKlass io/netty/util/internal/Cleaner
instanceKlass dev/architectury/registry/ReloadListenerRegistry
instanceKlass dev/ftb/mods/ftblibrary/ui/Widget
instanceKlass net/minecraft/client/renderer/LevelRenderer
instanceKlass dev/architectury/registry/registries/forge/RegistrarManagerImpl$ForgeBackedRegistryImpl
instanceKlass com/minecolonies/api/research/registry/ResearchRequirementEntry
instanceKlass io/netty/util/internal/PlatformDependent
instanceKlass net/machiavelli/minecolonytax/TaxManager
instanceKlass com/minecolonies/api/research/ModResearchRequirements
instanceKlass dev/architectury/registry/registries/forge/__EventListener_handleEventPost_RegisterEvent
instanceKlass com/minecolonies/apiimp/initializer/ModResearchRequirementInitializer
instanceKlass dev/architectury/event/events/client/ClientTickEvent$ClientLevel
instanceKlass dev/architectury/event/events/client/ClientTickEvent$Client
instanceKlass dev/architectury/registry/registries/forge/__EventListener_handleEvent_RegisterEvent
instanceKlass dev/architectury/event/events/client/ClientTickEvent
instanceKlass dev/ftb/mods/ftblibrary/ui/IScreenWrapper
instanceKlass dev/architectury/registry/registries/forge/__EventListener_handleEvent_NewRegistryEvent
instanceKlass dev/architectury/event/events/client/ClientGuiEvent$SetScreen
instanceKlass dev/ftb/mods/ftblibrary/ui/IOpenableScreen
instanceKlass dev/architectury/event/events/client/ClientGuiEvent$ContainerScreenRenderForeground
instanceKlass net/minecraftforge/registries/RegisterEvent$RegisterHelper
instanceKlass dev/architectury/event/events/client/ClientGuiEvent$ContainerScreenRenderBackground
instanceKlass dev/architectury/event/events/client/ClientGuiEvent$ScreenRenderPost
instanceKlass dev/architectury/event/events/client/ClientGuiEvent$ScreenRenderPre
instanceKlass dev/architectury/event/events/client/ClientGuiEvent$ScreenInitPost
instanceKlass dev/architectury/registry/registries/forge/RegistrarManagerImpl$Data
instanceKlass dev/architectury/event/events/client/ClientGuiEvent$ScreenInitPre
instanceKlass dev/architectury/event/events/client/ClientGuiEvent$DebugText
instanceKlass dev/architectury/event/events/client/ClientGuiEvent$RenderHud
instanceKlass net/machiavelli/minecolonytax/TaxConfig
instanceKlass dev/architectury/event/events/client/ClientGuiEvent
instanceKlass dev/architectury/registry/registries/forge/RegistrarManagerImpl$RegistryProviderImpl$EventListener
instanceKlass dev/ftb/mods/ftblibrary/integration/forge/JEIIntegration$1
instanceKlass net/minecraft/nbt/EndTag
instanceKlass net/machiavelli/minecolonytax/event/__WarEventHandler_onPlayerDeath_LivingDeathEvent
instanceKlass mezz/jei/api/ingredients/IIngredientType
instanceKlass dev/ftb/mods/ftblibrary/config/ui/ResourceSearchMode
instanceKlass net/machiavelli/minecolonytax/event/__WarEventHandler_onPlayerRespawn_PlayerRespawnEvent
instanceKlass net/machiavelli/minecolonytax/event/__WarEventHandler_onCitizenDeath_LivingDeathEvent
instanceKlass dev/architectury/registry/registries/RegistrarBuilder
instanceKlass dev/architectury/registry/registries/Registrar
instanceKlass dev/ftb/mods/ftblibrary/integration/forge/JEIIntegration
instanceKlass dev/ftb/mods/ftblibrary/snbt/SNBTBuilder
instanceKlass dev/architectury/registry/registries/forge/RegistrarManagerImpl$RegistryProviderImpl
instanceKlass com/minecolonies/core/colony/eventhooks/buildingEvents/AbstractBuildingEvent
instanceKlass dev/architectury/event/events/common/ChatEvent$ChatComponent
instanceKlass mezz/jei/api/gui/handlers/IGlobalGuiHandler
instanceKlass dev/architectury/utils/value/IntValue
instanceKlass dev/architectury/utils/value/Value
instanceKlass dev/architectury/event/events/common/LootEvent$LootTableModificationContext
instanceKlass net/machiavelli/minecolonytax/event/WarEventHandler
instanceKlass dev/architectury/event/forge/EventHandlerImplCommon
instanceKlass dev/ftb/mods/ftblibrary/snbt/SNBTTagProperties
instanceKlass dev/architectury/registry/registries/RegistrarManager$RegistryProvider
instanceKlass dev/architectury/registry/registries/forge/RegistrarManagerImpl
instanceKlass com/minecolonies/api/colony/colonyEvents/descriptions/IBuildingEventDescription
instanceKlass net/minecraft/nbt/FloatTag$1
instanceKlass net/machiavelli/minecolonytax/event/__RaidLoginNotifier_onPlayerLogin_PlayerLoggedInEvent
instanceKlass dev/architectury/registry/registries/DeferredRegister$Entry
instanceKlass io/netty/util/ConstantPool
instanceKlass mezz/jei/api/IModPlugin
instanceKlass net/machiavelli/minecolonytax/event/RaidLoginNotifier
instanceKlass net/minecraftforge/client/event/RenderLevelStageEvent$Stage
instanceKlass io/netty/util/AbstractConstant
instanceKlass mezz/jei/api/JeiPlugin
instanceKlass net/machiavelli/minecolonytax/event/__ColonyEventListener_onServerTick_ServerTickEvent
instanceKlass com/ldtteam/structurize/event/__ClientEventSubscriber_renderWorldLastEvent_RenderLevelStageEvent
instanceKlass mezz/jei/forge/startup/ForgePluginFinder
instanceKlass net/machiavelli/minecolonytax/event/ColonyEventListener
instanceKlass com/ldtteam/structurize/event/__ClientEventSubscriber_onMouseWheel_MouseScrollingEvent
instanceKlass net/minecraft/nbt/DoubleTag$1
instanceKlass io/netty/util/Constant
instanceKlass com/ldtteam/structurize/event/__ClientEventSubscriber_onPreClientTickEvent_ClientTickEvent
instanceKlass dev/architectury/registry/registries/RegistrarManager
instanceKlass com/minecolonies/api/colony/IColony
instanceKlass net/minecraftforge/network/NetworkConstants
instanceKlass net/machiavelli/minecolonytax/commands/WarCommands$RaidData
instanceKlass net/minecraft/client/renderer/texture/Tickable
instanceKlass dev/architectury/registry/registries/RegistrySupplier
instanceKlass mezz/jei/common/network/packets/PacketJei
instanceKlass dev/architectury/registry/registries/DeferredSupplier
instanceKlass dev/architectury/utils/OptionalSupplier
instanceKlass net/minecraft/client/renderer/texture/Dumpable
instanceKlass net/minecraftforge/network/DualStackUtils
instanceKlass dev/architectury/registry/registries/DeferredRegister
instanceKlass net/minecraft/client/renderer/MultiBufferSource
instanceKlass com/ldtteam/structurize/event/ClientEventSubscriber
instanceKlass com/minecolonies/api/colony/colonyEvents/registry/ColonyEventDescriptionTypeRegistryEntry
instanceKlass dev/architectury/event/forge/__ModBasedEventHandler_eventTextureStitchEvent_Post
instanceKlass mezz/jei/common/network/packets/IClientPacketHandler
instanceKlass net/minecraft/nbt/ByteTag$Cache
instanceKlass dev/architectury/event/forge/__ModBasedEventHandler_event_FMLClientSetupEvent
instanceKlass net/sixik/sdmshoprework/common/register/ItemsRegister
instanceKlass mezz/jei/common/network/IPacketId
instanceKlass dev/architectury/event/forge/__ModBasedEventHandler_event_RegisterShadersEvent
instanceKlass com/ldtteam/structurize/event/__ClientLifecycleSubscriber_onConfigLoad_Loading
instanceKlass mezz/jei/common/network/ClientPacketRouter
instanceKlass net/minecraft/nbt/ByteTag$1
instanceKlass com/mojang/brigadier/tree/CommandNode
instanceKlass com/ldtteam/structurize/event/__ClientLifecycleSubscriber_registerKeys_RegisterKeyMappingsEvent
instanceKlass net/minecraftforge/client/ClientCommandHandler
instanceKlass com/ldtteam/structurize/event/__ClientLifecycleSubscriber_doClientStuff_RegisterRenderers
instanceKlass com/minecolonies/core/colony/eventhooks/citizenEvents/AbstractCitizenEvent
instanceKlass mezz/jei/common/input/keys/JeiMultiKeyMapping
instanceKlass java/lang/annotation/Repeatable
instanceKlass com/ldtteam/structurize/event/__ClientLifecycleSubscriber_registerTooltips_RegisterClientTooltipComponentFactoriesEvent
instanceKlass dev/architectury/event/forge/EventHandlerImplClient$ModBasedEventHandler
instanceKlass com/minecolonies/api/colony/colonyEvents/descriptions/ICitizenEventDescription
instanceKlass net/minecraft/network/chat/HoverEvent$EntityTooltipInfo
instanceKlass com/ldtteam/structurize/event/__ClientLifecycleSubscriber_registerGeometry_RegisterGeometryLoaders
instanceKlass net/minecraftforge/common/TierSortingRegistry$ClientEvents
instanceKlass com/minecolonies/api/colony/colonyEvents/descriptions/IColonyEventDescription
instanceKlass com/ldtteam/structurize/event/__ClientLifecycleSubscriber_registerRenderers_RegisterRenderers
instanceKlass dev/architectury/event/forge/__EventHandlerImplClient_eventInputEvent_Pre
instanceKlass com/minecolonies/apiimp/initializer/ModColonyEventDescriptionTypeInitializer
instanceKlass net/minecraftforge/network/simple/IndexedMessageCodec$MessageHandler
instanceKlass dev/ftb/mods/ftblibrary/snbt/SpecialTag
instanceKlass dev/architectury/event/forge/__EventHandlerImplClient_eventInputEvent_Post
instanceKlass dev/architectury/event/forge/__EventHandlerImplClient_eventInputEvent_Key
instanceKlass net/minecraft/nbt/IntArrayTag$1
instanceKlass it/unimi/dsi/fastutil/objects/Reference2ReferenceMap$FastEntrySet
instanceKlass dev/architectury/event/forge/__EventHandlerImplClient_eventInputEvent_MouseScrollingEvent
instanceKlass it/unimi/dsi/fastutil/objects/ReferenceSet
instanceKlass it/unimi/dsi/fastutil/objects/ReferenceCollection
instanceKlass dev/architectury/event/forge/__EventHandlerImplClient_eventWorldEvent_Load
instanceKlass com/minecolonies/api/colony/guardtype/GuardType
instanceKlass dev/architectury/event/forge/__EventHandlerImplClient_eventKeyboardCharTypedEvent_Pre
instanceKlass net/minecraft/network/chat/HoverEvent$ItemStackInfo
instanceKlass it/unimi/dsi/fastutil/objects/AbstractReference2ReferenceFunction
instanceKlass mezz/jei/forge/input/ForgeJeiKeyMapping
instanceKlass dev/architectury/event/forge/__EventHandlerImplClient_eventKeyboardCharTypedEvent_Post
instanceKlass com/minecolonies/api/colony/guardtype/registry/ModGuardTypes
instanceKlass dev/architectury/event/forge/__EventHandlerImplClient_eventKeyboardKeyPressedEvent_Pre
instanceKlass com/minecolonies/apiimp/initializer/ModGuardTypesInitializer
instanceKlass dev/architectury/event/forge/__EventHandlerImplClient_eventKeyboardKeyPressedEvent_Post
instanceKlass com/ldtteam/structurize/event/__ClientLifecycleSubscriber_onConfigEdit_Reloading
instanceKlass it/unimi/dsi/fastutil/objects/Reference2ReferenceMap
instanceKlass com/ldtteam/structurize/event/__ClientLifecycleSubscriber_onClientInit_FMLClientSetupEvent
instanceKlass dev/architectury/event/forge/__EventHandlerImplClient_eventMouseReleasedEvent_Pre
instanceKlass dev/ftb/mods/ftblibrary/snbt/SNBTParser
instanceKlass net/minecraft/network/chat/contents/DataSource
instanceKlass dev/architectury/event/forge/__EventHandlerImplClient_eventMouseReleasedEvent_Post
instanceKlass net/minecraft/network/chat/Component$Serializer
instanceKlass com/ldtteam/structurize/api/util/Log
instanceKlass dev/architectury/event/forge/__EventHandlerImplClient_eventMouseDragEvent_Post
instanceKlass it/unimi/dsi/fastutil/objects/Reference2ReferenceFunction
instanceKlass dev/architectury/event/forge/__EventHandlerImplClient_eventMouseDragEvent_Pre
instanceKlass com/ldtteam/structurize/storage/StructurePackMeta
instanceKlass dev/architectury/event/forge/__EventHandlerImplClient_eventKeyboardKeyReleasedEvent_Pre
instanceKlass dev/ftb/mods/ftblibrary/snbt/SNBT
instanceKlass mezz/jei/forge/input/ForgeJeiKeyMappingBuilder$1
instanceKlass dev/architectury/event/forge/__EventHandlerImplClient_eventKeyboardKeyReleasedEvent_Post
instanceKlass dev/architectury/event/forge/__EventHandlerImplClient_eventRenderTooltipEvent_Color
instanceKlass net/minecraft/network/chat/HoverEvent$Action
instanceKlass net/minecraft/client/gui/screens/inventory/tooltip/ClientTooltipPositioner
instanceKlass com/ldtteam/structurize/util/ManualBarrier
instanceKlass net/minecraft/client/gui/Font
instanceKlass net/sixik/sdmshoprework/api/shop/AbstractShopTab
instanceKlass net/minecraft/world/level/storage/LevelResource
instanceKlass com/ldtteam/structurize/storage/StructurePacks
instanceKlass net/minecraft/network/chat/HoverEvent
instanceKlass net/minecraftforge/client/model/geometry/IGeometryLoader
instanceKlass com/ldtteam/structurize/event/ClientLifecycleSubscriber
instanceKlass dev/ftb/mods/ftblibrary/snbt/config/ConfigUtil
instanceKlass com/ldtteam/structurize/storage/__ClientFutureProcessor_onWorldTick_ClientTickEvent
instanceKlass net/minecraftforge/client/extensions/IForgeFont
instanceKlass dev/ftb/mods/ftblibrary/snbt/SNBTUtils
instanceKlass mezz/jei/common/input/keys/IJeiKeyMappingInternal
instanceKlass dev/architectury/event/forge/__EventHandlerImplClient_eventRenderTooltipEvent_Pre
instanceKlass net/minecraft/network/chat/ClickEvent
instanceKlass dev/architectury/event/forge/__EventHandlerImplClient_eventInitScreenEvent_Pre
instanceKlass com/ldtteam/structurize/storage/ClientFutureProcessor
instanceKlass mezz/jei/common/input/keys/AbstractJeiKeyMappingBuilder
instanceKlass dev/architectury/event/forge/__EventHandlerImplClient_eventInitScreenEvent_Post
instanceKlass net/minecraft/network/protocol/login/ClientboundCustomQueryPacket
instanceKlass dev/architectury/event/forge/__EventHandlerImplClient_eventContainerScreenEvent_Background
instanceKlass com/ldtteam/structurize/storage/__ClientStructurePackLoader_onWorldTick_ClientTickEvent
instanceKlass mezz/jei/common/input/keys/IJeiKeyMappingBuilder
instanceKlass mezz/jei/forge/input/ForgeJeiKeyMappingCategoryBuilder
instanceKlass dev/architectury/event/forge/__EventHandlerImplClient_eventContainerScreenEvent_Foreground
instanceKlass net/minecraft/client/resources/language/I18n
instanceKlass com/ldtteam/structurize/util/IOPool$StructurizeThreadFactory
instanceKlass dev/architectury/event/forge/__EventHandlerImplClient_eventRenderGameOverlayEvent_DebugText
instanceKlass com/ldtteam/structurize/util/IOPool
instanceKlass net/machiavelli/minecolonytax/commands/WarCommands
instanceKlass dev/architectury/event/forge/__EventHandlerImplClient_eventRenderGameOverlayEvent_Post
instanceKlass dev/architectury/event/forge/__EventHandlerImplClient_eventPlayerInteractEvent_RightClickEmpty
instanceKlass mezz/jei/forge/platform/ModHelper
instanceKlass dev/ftb/mods/ftblibrary/snbt/config/BaseValue
instanceKlass dev/architectury/event/forge/__EventHandlerImplClient_eventPlayerInteractEvent_LeftClickEmpty
instanceKlass net/minecraft/network/protocol/login/ServerboundCustomQueryPacket
instanceKlass dev/architectury/event/forge/__EventHandlerImplClient_eventDrawScreenEvent_Post
instanceKlass com/ldtteam/structurize/storage/ClientStructurePackLoader
instanceKlass dev/architectury/event/forge/__EventHandlerImplClient_eventDrawScreenEvent_Pre
instanceKlass mezz/jei/forge/platform/IngredientHelper
instanceKlass dev/ftb/mods/ftblibrary/config/FTBLibraryClientConfig
instanceKlass dev/architectury/event/forge/__EventHandlerImplClient_eventMouseClickedEvent_Post
instanceKlass net/machiavelli/minecolonytax/commands/__TaxDebtCommand_onRegisterCommands_RegisterCommandsEvent
instanceKlass dev/architectury/event/forge/__EventHandlerImplClient_eventMouseClickedEvent_Pre
instanceKlass net/machiavelli/minecolonytax/commands/TaxDebtCommand
instanceKlass dev/architectury/event/forge/__EventHandlerImplClient_eventMouseScrollEvent_Post
instanceKlass mezz/jei/forge/platform/ScreenHelper
instanceKlass dev/ftb/mods/ftblibrary/FTBLibraryClient
instanceKlass net/minecraft/network/protocol/game/ClientboundCustomPayloadPacket
instanceKlass dev/architectury/event/forge/__EventHandlerImplClient_eventMouseScrollEvent_Pre
instanceKlass com/ldtteam/structurize/event/__EventSubscriber_onPlayerLogin_PlayerLoggedInEvent
instanceKlass dev/architectury/event/forge/__EventHandlerImplClient_event_LoggingIn
instanceKlass com/ldtteam/structurize/event/__EventSubscriber_onWorldTick_LevelTickEvent
instanceKlass net/machiavelli/minecolonytax/commands/__PvPArenaCommand_onPlayerDeath_LivingDeathEvent
instanceKlass com/minecolonies/api/colony/fields/registry/FieldRegistries$FieldEntry
instanceKlass dev/architectury/event/forge/__EventHandlerImplClient_event_Clone
instanceKlass com/ldtteam/structurize/event/__EventSubscriber_onServerStopped_ServerStoppingEvent
instanceKlass com/mojang/brigadier/ParseResults
instanceKlass dev/architectury/event/forge/__EventHandlerImplClient_event_LoggingOut
instanceKlass mezz/jei/common/input/keys/IJeiKeyMappingCategoryBuilder
instanceKlass com/ldtteam/structurize/event/__EventSubscriber_onRegisterCommands_RegisterCommandsEvent
instanceKlass dev/architectury/event/forge/__EventHandlerImplClient_event_ClientTickEvent
instanceKlass net/sixik/sdmshoprework/network/ShopNetwork
instanceKlass mezz/jei/forge/platform/InputHelper
instanceKlass dev/architectury/event/forge/__EventHandlerImplClient_event_Opening
instanceKlass net/machiavelli/minecolonytax/commands/__PvPArenaCommand_onCommandExecution_CommandEvent
instanceKlass net/machiavelli/minecolonytax/commands/__PvPArenaCommand_onRegisterCommands_RegisterCommandsEvent
instanceKlass dev/architectury/event/forge/__EventHandlerImplClient_event_ItemTooltipEvent
instanceKlass net/minecraftforge/network/NetworkDirection$Factory
instanceKlass net/minecraft/world/damagesource/DamageSource
instanceKlass net/minecraft/network/protocol/game/ServerboundCustomPayloadPacket
instanceKlass net/sixik/sdm_economy/adv/PlayerMoneyData
instanceKlass mezz/jei/forge/platform/ConfigHelper
instanceKlass net/sixik/sdmshoprework/common/ModEvents
instanceKlass dev/ftb/mods/ftbteams/api/property/TeamPropertyCollection
instanceKlass com/ldtteam/structurize/event/EventSubscriber
instanceKlass dev/architectury/event/forge/__EventHandlerImplClient_event_ClientChatReceivedEvent
instanceKlass net/machiavelli/minecolonytax/commands/__PvPArenaCommand_onLivingDamage_LivingDamageEvent
instanceKlass dev/architectury/event/forge/__EventHandlerImplClient_event_ClientChatEvent
instanceKlass net/machiavelli/minecolonytax/commands/__PvPArenaCommand_onServerTick_ServerTickEvent
instanceKlass com/ldtteam/structurize/event/__LifecycleSubscriber_onLoadComplete_FMLLoadCompleteEvent
instanceKlass dev/architectury/event/forge/__EventHandlerImplClient_event_RegisterClientCommandsEvent
instanceKlass net/minecraftforge/common/data/ExistingFileHelper
instanceKlass mezz/jei/forge/platform/RecipeHelper
instanceKlass net/sixik/sdm_economy/events/ModEvents
instanceKlass com/minecolonies/core/colony/fields/AbstractField
instanceKlass net/minecraftforge/data/event/GatherDataEvent$DataGeneratorConfig
instanceKlass net/sixik/sdmshoprework/common/shop/type/ShopXPLevelEntryType$Constructor
instanceKlass mezz/jei/forge/platform/RenderHelper
instanceKlass net/minecraft/data/DataGenerator
instanceKlass com/minecolonies/api/colony/fields/IField
instanceKlass net/machiavelli/minecolonytax/commands/PvPArenaCommand
instanceKlass dev/architectury/networking/transformers/PacketTransformer$1
instanceKlass com/minecolonies/api/colony/fields/registry/FieldRegistries$FieldEntry$Builder
instanceKlass com/ldtteam/structurize/event/__LifecycleSubscriber_onDatagen_GatherDataEvent
instanceKlass com/ldtteam/structurize/event/__LifecycleSubscriber_onModInit_FMLCommonSetupEvent
instanceKlass mezz/jei/api/ingredients/subtypes/IIngredientSubtypeInterpreter
instanceKlass dev/architectury/networking/transformers/PacketTransformer
instanceKlass mezz/jei/api/ingredients/IIngredientRenderer
instanceKlass dev/architectury/event/forge/__EventHandlerImplClient_event_RecipesUpdatedEvent
instanceKlass net/sixik/sdmshoprework/common/shop/type/ShopXPEntryType$Constructor
instanceKlass com/minecolonies/api/colony/fields/registry/FieldRegistries
instanceKlass mezz/jei/forge/platform/FluidHelper
instanceKlass com/minecolonies/api/colony/fields/modules/IFieldModule
instanceKlass com/minecolonies/apiimp/initializer/ModFieldsInitializer
instanceKlass io/netty/channel/ChannelHandlerAdapter
instanceKlass com/ldtteam/structurize/event/LifecycleSubscriber
instanceKlass it/unimi/dsi/fastutil/shorts/ShortArrays$ArrayHashStrategy
instanceKlass net/sixik/sdmshoprework/common/shop/type/ShopLocateBetaEntryType$Constructor
instanceKlass it/unimi/dsi/fastutil/shorts/ShortArrays$Segment
instanceKlass com/ldtteam/structurize/items/ModItemGroups
instanceKlass io/netty/channel/ChannelInboundHandler
instanceKlass io/netty/channel/ChannelHandler
instanceKlass mezz/jei/common/platform/IPlatformFluidHelperInternal
instanceKlass mezz/jei/api/helpers/IPlatformFluidHelper
instanceKlass net/machiavelli/minecolonytax/commands/__ClaimTaxCommand_onRegisterCommands_RegisterCommandsEvent
instanceKlass com/ldtteam/structurize/blockentities/ModBlockEntities
instanceKlass com/mojang/brigadier/suggestion/SuggestionsBuilder
instanceKlass mezz/jei/forge/platform/ItemStackHelper
instanceKlass it/unimi/dsi/fastutil/shorts/ShortArrays
instanceKlass com/ldtteam/structurize/blockentities/interfaces/IBlueprintDataProviderBE
instanceKlass net/sixik/sdmshoprework/common/shop/type/ShopCommandEntryType$Constructor
instanceKlass mezz/jei/core/util/function/LazySupplier
instanceKlass com/mojang/brigadier/context/CommandContext
instanceKlass mezz/jei/common/platform/IPlatformIngredientHelper
instanceKlass mezz/jei/common/platform/IPlatformScreenHelper
instanceKlass mezz/jei/common/platform/IPlatformConfigHelper
instanceKlass net/sixik/sdmshoprework/common/shop/type/ShopAdvancementEntryType$Constructor
instanceKlass mezz/jei/common/platform/IPlatformRecipeHelper
instanceKlass mezz/jei/common/platform/IPlatformModHelper
instanceKlass mezz/jei/common/platform/IPlatformRenderHelper
instanceKlass mezz/jei/common/platform/IPlatformItemStackHelper
instanceKlass mezz/jei/common/platform/IPlatformInputHelper
instanceKlass mezz/jei/forge/platform/PlatformHelper
instanceKlass com/mojang/brigadier/suggestion/SuggestionProvider
instanceKlass net/machiavelli/minecolonytax/commands/ClaimTaxCommand
instanceKlass mezz/jei/common/platform/IPlatformHelper
instanceKlass net/sixik/sdmshoprework/common/shop/type/ShopItemEntryType$Constructor
instanceKlass mezz/jei/common/platform/Services
instanceKlass net/minecraft/client/multiplayer/MultiPlayerGameMode
instanceKlass net/sixik/sdmshoprework/SDMShopRework
instanceKlass net/machiavelli/minecolonytax/commands/__CheckTaxRevenueCommand_onRegisterCommands_RegisterCommandsEvent
instanceKlass mezz/jei/api/runtime/IJeiKeyMapping
instanceKlass net/machiavelli/minecolonytax/commands/CheckTaxRevenueCommand
instanceKlass mezz/jei/gui/config/InternalKeyMappings
instanceKlass net/machiavelli/minecolonytax/commands/__AdminTaxGenCommand_onRegisterCommands_RegisterCommandsEvent
instanceKlass net/sixik/sdmshoprework/forge/shop/condition/ManaAndArtifice/ShopMNALevelCondition$Constructor
instanceKlass net/machiavelli/minecolonytax/commands/AdminTaxGenCommand
instanceKlass it/unimi/dsi/fastutil/shorts/Short2ObjectMap$FastEntrySet
instanceKlass net/machiavelli/minecolonytax/capability/__PlayerWarDataCapability_onPlayerClone_Clone
instanceKlass it/unimi/dsi/fastutil/shorts/ShortSet
instanceKlass dev/ftb/mods/ftbteams/net/FTBTeamsNet
instanceKlass net/sixik/sdmshoprework/forge/shop/condition/ManaAndArtifice/ShopMNAFactionCondition$Constructor
instanceKlass it/unimi/dsi/fastutil/shorts/ShortCollection
instanceKlass it/unimi/dsi/fastutil/shorts/ShortIterable
instanceKlass net/machiavelli/minecolonytax/capability/__PlayerWarDataCapability_onPlayerLoad_LoadFromFile
instanceKlass dev/architectury/event/events/client/ClientRawInputEvent$KeyPressed
instanceKlass mezz/jei/common/JeiFeatures
instanceKlass dev/architectury/event/events/client/ClientRawInputEvent$MouseClicked
instanceKlass dev/architectury/event/events/client/ClientRawInputEvent$MouseScrolled
instanceKlass net/machiavelli/minecolonytax/capability/__PlayerWarDataCapability_onPlayerSave_SaveToFile
instanceKlass mezz/jei/api/runtime/IJeiFeatures
instanceKlass dev/architectury/event/events/client/ClientRawInputEvent
instanceKlass it/unimi/dsi/fastutil/shorts/AbstractShort2ObjectFunction
instanceKlass mezz/jei/common/config/IClientToggleState
instanceKlass dev/architectury/networking/forge/__ClientNetworkingManager_loggedOut_LoggingOut
instanceKlass mezz/jei/common/Internal
instanceKlass dev/architectury/event/EventResult
instanceKlass net/sixik/sdmshoprework/forge/shop/condition/ManaAndArtifice/ShopMNATierCondition$Constructor
instanceKlass net/machiavelli/minecolonytax/capability/__PlayerWarDataCapability_onPlayerChangeDimension_PlayerChangedDimensionEvent
instanceKlass net/minecraft/resources/ResourceLocation$Dummy
instanceKlass com/ldtteam/structurize/api/util/ISpecialBlockPickItem
instanceKlass com/ldtteam/structurize/api/util/IScrollableItem
instanceKlass mezz/jei/forge/network/ConnectionToServer
instanceKlass net/machiavelli/minecolonytax/capability/__PlayerWarDataCapability_attachCapability_AttachCapabilitiesEvent
instanceKlass dev/architectury/annotations/ForgeEventCancellable
instanceKlass dev/architectury/event/EventActor
instanceKlass mezz/jei/common/input/IInternalKeyMappings
instanceKlass mezz/jei/api/runtime/IJeiKeyMappings
instanceKlass mezz/jei/common/network/IConnectionToServer
instanceKlass dev/architectury/networking/forge/ClientNetworkingManager
instanceKlass mezz/jei/forge/JustEnoughItemsClient
instanceKlass net/minecraftforge/common/util/LazyOptional
instanceKlass net/sixik/sdmshoprework/api/shop/AbstractShopEntryCondition
instanceKlass com/minecolonies/api/colony/buildings/ModBuildings
instanceKlass dev/architectury/registry/client/keymappings/forge/KeyMappingRegistryImpl
instanceKlass net/sixik/sdmshoprework/forge/shop/condition/ShopGameStagesCondition$Constructor
instanceKlass com/minecolonies/api/colony/buildings/registry/BuildingEntry
instanceKlass dev/architectury/registry/client/keymappings/KeyMappingRegistry
instanceKlass net/minecraftforge/fml/DistExecutor$SafeRunnable
instanceKlass com/ldtteam/domumornamentum/entity/block/IMateriallyTexturedBlockEntity
instanceKlass net/minecraftforge/network/simple/IndexedMessageCodec
instanceKlass mezz/jei/forge/JustEnoughItemsClientSafeRunner
instanceKlass dev/ftb/mods/ftbteams/client/FTBTeamsClient
instanceKlass com/minecolonies/api/colony/buildings/IBuilding
instanceKlass com/ldtteam/structurize/items/ModItems
instanceKlass com/minecolonies/api/colony/requestsystem/requester/IRequester
instanceKlass mezz/jei/common/network/IConnectionToClient
instanceKlass com/minecolonies/api/colony/requestsystem/resolver/IRequestResolverProvider
instanceKlass mezz/jei/forge/JustEnoughItemsCommon
instanceKlass com/minecolonies/api/colony/modules/IModuleContainer
instanceKlass dev/architectury/utils/EnvExecutor
instanceKlass com/minecolonies/api/colony/buildings/IBuildingContainer
instanceKlass com/minecolonies/api/colony/buildings/ISchematicProvider
instanceKlass com/minecolonies/apiimp/initializer/ModBuildingsInitializer
instanceKlass net/sixik/sdmshoprework/forge/shop/type/ManaAndArtifice/ShopMNATierEntryType$Constructor
instanceKlass net/minecraftforge/network/simple/SimpleChannel
instanceKlass net/minecraftforge/network/NetworkInstance
instanceKlass dev/architectury/event/events/common/PlayerEvent$AttackEntity
instanceKlass com/ldtteam/structurize/blocks/ModBlocks
instanceKlass net/machiavelli/minecolonytax/data/PlayerWarData
instanceKlass dev/architectury/event/events/common/PlayerEvent$FillBucket
instanceKlass dev/architectury/event/events/common/PlayerEvent$CloseMenu
instanceKlass dev/architectury/event/events/common/PlayerEvent$OpenMenu
instanceKlass dev/architectury/event/events/common/PlayerEvent$DropItem
instanceKlass dev/architectury/event/events/common/PlayerEvent$ChangeDimension
instanceKlass dev/architectury/event/events/common/PlayerEvent$PickupItem
instanceKlass net/minecraftforge/network/event/EventNetworkChannel
instanceKlass com/ldtteam/structurize/config/AbstractConfiguration$ConfigWatcher
instanceKlass dev/architectury/event/events/common/PlayerEvent$PickupItemPredicate
instanceKlass dev/architectury/event/events/common/PlayerEvent$SmeltItem
instanceKlass dev/architectury/event/events/common/PlayerEvent$CraftItem
instanceKlass com/minecolonies/api/inventory/ModContainers
instanceKlass dev/architectury/event/events/common/PlayerEvent$PlayerClone
instanceKlass dev/architectury/event/events/common/PlayerEvent$PlayerAdvancement
instanceKlass com/google/common/collect/AbstractMapBasedMultimap$Itr
instanceKlass net/sixik/sdmshoprework/forge/shop/type/ManaAndArtifice/ShopMNAProgressionEntryType$Constructor
instanceKlass dev/architectury/event/events/common/PlayerEvent$PlayerRespawn
instanceKlass com/ldtteam/structurize/config/AbstractConfiguration$ConfigListener
instanceKlass dev/architectury/event/events/common/PlayerEvent$PlayerQuit
instanceKlass com/minecolonies/apiimp/initializer/ModContainerInitializers
instanceKlass dev/architectury/event/events/common/PlayerEvent$PlayerJoin
instanceKlass dev/architectury/event/events/common/PlayerEvent
instanceKlass com/minecolonies/api/enchants/ModEnchants
instanceKlass net/sixik/sdmshoprework/forge/shop/type/ManaAndArtifice/ShopMNALevelEntryType$Constructor
instanceKlass dev/ftb/mods/ftbteams/api/event/ClientTeamPropertiesChangedEvent
instanceKlass net/machiavelli/minecolonytax/capability/PlayerWarDataCapability
instanceKlass dev/architectury/networking/forge/NetworkManagerImpl
instanceKlass com/ldtteam/structurize/client/BlueprintHandler
instanceKlass net/minecraftforge/common/TierSortingRegistry
instanceKlass com/minecolonies/api/tileentities/MinecoloniesTileEntities
instanceKlass net/sixik/sdmshoprework/forge/shop/type/ManaAndArtifice/ShopMNAFactionEntryType$Constructor
instanceKlass net/minecraftforge/eventbus/NamedEventListener
instanceKlass dev/architectury/networking/NetworkManager$PacketContext
instanceKlass net/minecraftforge/network/NetworkRegistry
instanceKlass dev/architectury/networking/NetworkManager$NetworkReceiver
instanceKlass com/ldtteam/structurize/network/messages/IMessage
instanceKlass com/minecolonies/api/blocks/interfaces/IBuildingBrowsableBlock
instanceKlass com/ldtteam/structurize/blocks/interfaces/ISpecialCreativeHandlerAnchorBlock
instanceKlass com/google/gson/internal/ConstructorConstructor$17
instanceKlass com/ldtteam/structurize/blocks/interfaces/IInvisibleBlueprintAnchorBlock
instanceKlass dev/architectury/networking/transformers/PacketSink
instanceKlass com/ldtteam/structurize/blocks/interfaces/IRequirementsBlueprintAnchorBlock
instanceKlass dev/architectury/networking/NetworkManager
instanceKlass dev/ftb/mods/ftbteams/api/event/TeamCollectPropertiesEvent
instanceKlass com/ldtteam/structurize/blocks/interfaces/ILeveledBlueprintAnchorBlock
instanceKlass com/ldtteam/blockui/mod/__ClientEventSubscriber_renderOverlay_RenderGuiOverlayEvent
instanceKlass com/ldtteam/domumornamentum/item/interfaces/IDoItem
instanceKlass com/google/common/reflect/Invokable
instanceKlass net/jodah/typetools/TypeResolver$Unknown
instanceKlass com/ldtteam/structurize/blocks/interfaces/INamedBlueprintAnchorBlock
instanceKlass com/google/common/reflect/TypeCapture
instanceKlass com/ldtteam/blockui/mod/__ClientEventSubscriber_onMouseScrollEvent_MouseScrollingEvent
instanceKlass net/sixik/sdmshoprework/forge/shop/type/ShopSkillTreeEntryType$Constructor
instanceKlass com/minecolonies/api/blocks/interfaces/ITickableBlockMinecolonies
instanceKlass dev/architectury/networking/simple/MessageType
instanceKlass com/ldtteam/structurize/blocks/interfaces/IAnchorBlock
instanceKlass dev/architectury/annotations/ForgeEvent
instanceKlass com/minecolonies/api/entity/ai/workers/util/IBuilderUndestroyable
instanceKlass com/ldtteam/blockui/mod/__ClientEventSubscriber_onModMismatch_ModMismatchEvent
instanceKlass dev/architectury/event/events/client/ClientTooltipEvent$ColorContext
instanceKlass com/minecolonies/api/blocks/interfaces/IBlockMinecolonies
instanceKlass dev/architectury/event/events/client/ClientTooltipEvent$PositionContext
instanceKlass mezz/jei/api/recipe/RecipeType
instanceKlass com/ldtteam/blockui/mod/__ClientEventSubscriber_onTagsUpdated_TagsUpdatedEvent
instanceKlass dev/architectury/hooks/client/screen/ScreenAccess
instanceKlass dev/architectury/event/forge/EventHandlerImplClient
instanceKlass com/minecolonies/apiimp/initializer/TileEntityInitializer
instanceKlass dev/ftb/mods/ftbteams/api/event/TeamEvent
instanceKlass dev/ftb/mods/ftblibrary/net/FTBLibraryNet
instanceKlass jdk/internal/access/JavaxCryptoSealedObjectAccess
instanceKlass mezz/jei/common/Constants
instanceKlass jdk/internal/access/JavaObjectInputFilterAccess
instanceKlass jdk/internal/access/JavaObjectInputStreamReadString
instanceKlass jdk/internal/access/JavaBeansAccess
instanceKlass jdk/internal/access/JavaAWTFontAccess
instanceKlass jdk/internal/access/JavaAWTAccess
instanceKlass jdk/internal/access/JavaNetHttpCookieAccess
instanceKlass mezz/jei/forge/network/NetworkHandler
instanceKlass net/minecraft/world/level/storage/loot/functions/FunctionUserBuilder
instanceKlass jdk/internal/access/JavaObjectInputStreamAccess
instanceKlass jdk/internal/access/JavaIOAccess
instanceKlass net/jodah/typetools/TypeResolver$4
instanceKlass net/sixik/sdmshoprework/forge/shop/type/ShopTagEntryType$Constructor
instanceKlass net/minecraft/world/level/storage/loot/entries/LootPoolEntryContainer$Builder
instanceKlass net/minecraft/world/level/storage/loot/predicates/ConditionUserBuilder
instanceKlass net/minecraft/world/level/storage/loot/functions/LootItemFunction$Builder
instanceKlass com/ldtteam/blockui/mod/__ClientEventSubscriber_onClientTickEvent_ClientTickEvent
instanceKlass net/minecraft/world/level/storage/loot/providers/number/NumberProvider
instanceKlass net/jodah/typetools/TypeResolver$1
instanceKlass dev/architectury/event/events/common/LifecycleEvent$ServerLevelState
instanceKlass dev/architectury/event/events/common/LifecycleEvent$LevelState
instanceKlass net/minecraftforge/common/ForgeConfigSpec$Range
instanceKlass dev/ftb/mods/ftblibrary/FTBLibraryCommands
instanceKlass dev/architectury/networking/simple/Message
instanceKlass net/jodah/typetools/TypeResolver$AccessMaker
instanceKlass net/jodah/typetools/TypeResolver
instanceKlass dev/architectury/networking/simple/MessageDecoder
instanceKlass net/minecraftforge/common/UsernameCache
instanceKlass net/minecraftforge/fml/config/ConfigTracker
instanceKlass dev/architectury/event/events/common/LifecycleEvent$ServerState
instanceKlass dev/architectury/event/events/common/LifecycleEvent$InstanceState
instanceKlass dev/ftb/mods/ftblibrary/config/ConfigValue
instanceKlass dev/architectury/event/forge/EventHandlerImpl
instanceKlass dev/architectury/networking/simple/SimpleNetworkManager
instanceKlass net/sixik/sdmshoprework/api/register/ShopContentRegister
instanceKlass dev/architectury/event/events/common/LifecycleEvent
instanceKlass net/minecraftforge/versions/mcp/MCPVersion
instanceKlass net/minecraftforge/fml/config/ConfigFileTypeHandler
instanceKlass dev/architectury/event/EventFactory$EventImpl
instanceKlass dev/ftb/mods/ftbteams/api/FTBTeamsAPI
instanceKlass net/sixik/sdm_economy/network/EconomyNetwork
instanceKlass net/minecraftforge/versions/forge/ForgeVersion
instanceKlass net/minecraftforge/fml/config/ModConfig
instanceKlass com/mojang/brigadier/CommandDispatcher
instanceKlass dev/ftb/mods/ftbteams/api/TeamMessage
instanceKlass dev/architectury/platform/forge/PlatformImpl
instanceKlass com/ldtteam/structurize/util/LanguageHandler$LanguageCache
instanceKlass dev/architectury/event/Event
instanceKlass dev/architectury/event/EventFactory
instanceKlass dev/architectury/platform/Platform
instanceKlass net/sixik/sdmshoprework/api/shop/AbstractShopEntryType
instanceKlass com/ldtteam/structurize/util/LanguageHandler
instanceKlass net/sixik/sdm_economy/common/currency/AbstractCurrency$Constructor
instanceKlass net/minecraftforge/eventbus/api/IEventBusInvokeDispatcher
instanceKlass net/minecraftforge/server/permission/nodes/PermissionDynamicContext
instanceKlass dev/architectury/event/EventHandler
instanceKlass net/sixik/sdm_economy/common/currency/AbstractCurrency
instanceKlass net/minecraftforge/server/permission/nodes/PermissionNode$PermissionResolver
instanceKlass dev/ftb/mods/ftbteams/api/property/TeamProperty
instanceKlass net/machiavelli/minecolonytax/__MineColonyTax_onRegisterCommands_RegisterCommandsEvent
instanceKlass dev/ftb/mods/ftbteams/api/TeamManager
instanceKlass net/minecraftforge/server/permission/nodes/PermissionType
instanceKlass net/sixik/sdmshoprework/api/IModIdentifier
instanceKlass dev/architectury/event/events/common/CommandRegistrationEvent
instanceKlass dev/ftb/mods/ftbteams/api/FTBTeamsAPI$API
instanceKlass com/ldtteam/structurize/config/AbstractConfiguration
instanceKlass net/sixik/sdm_economy/api/CurrencyHelper
instanceKlass com/google/common/collect/Streams
instanceKlass net/sixik/sdmshoprework/api/IIdentifier
instanceKlass net/minecraftforge/fml/common/Mod$EventBusSubscriber
instanceKlass net/minecraftforge/fml/javafmlmod/AutomaticEventSubscriber
instanceKlass net/minecraftforge/common/ForgeConfigSpec$ConfigValue
instanceKlass dev/ftb/mods/ftbteams/FTBTeams
instanceKlass net/sixik/sdm_economy/common/currency/CurrencyRegister
instanceKlass net/sixik/sdmshoprework/api/INBTSerializable
instanceKlass dev/ftb/mods/ftblibrary/FTBLibrary
instanceKlass net/minecraftforge/server/permission/nodes/PermissionTypes
instanceKlass com/ldtteam/multipiston/__LifeCycleEvents_onModInit_FMLCommonSetupEvent
instanceKlass net/sixik/sdm_economy/SDMEconomy
instanceKlass com/ldtteam/multipiston/LifeCycleEvents
instanceKlass net/sdm/sdm_core/SDMCore
instanceKlass net/sixik/sdmshoprework/forge/shop/type/ShopGameStagesEntryType$Constructor
instanceKlass com/ldtteam/blockui/UiRenderMacros
instanceKlass net/sixik/sdmuilib/SDMUILib
instanceKlass net/minecraftforge/server/permission/nodes/PermissionNode
instanceKlass com/ldtteam/blockui/mod/ClientEventSubscriber
instanceKlass com/google/common/collect/LinkedListMultimap$ValueForKeyIterator
instanceKlass com/ldtteam/multipiston/ModTileEntities
instanceKlass net/minecraftforge/common/ForgeConfigSpec$BuilderContext
instanceKlass net/minecraftforge/registries/__EventDispatcher_handleEvent_RegisterEvent
instanceKlass net/minecraftforge/registries/DeferredRegister$EventDispatcher
instanceKlass com/ldtteam/blockui/mod/__ClientLifecycleSubscriber_onRegisterReloadListeners_RegisterClientReloadListenersEvent
instanceKlass com/minecolonies/api/equipment/registry/EquipmentTypeEntry
instanceKlass net/minecraft/client/color/block/BlockColors
instanceKlass com/ldtteam/structurize/api/util/IRotatableBlockEntity
instanceKlass com/minecolonies/api/equipment/registry/EquipmentTypeEntry$Builder
instanceKlass com/ldtteam/domumornamentum/block/ICachedItemGroupBlock
instanceKlass com/ldtteam/domumornamentum/block/IMateriallyTexturedBlock
instanceKlass net/minecraftforge/common/ForgeConfigSpec$ValueSpec
instanceKlass net/minecraftforge/common/ForgeConfigSpec$Builder
instanceKlass dev/ftb/mods/ftbteams/api/property/TeamPropertyArgument$Info
instanceKlass com/ldtteam/multipiston/ModBlocks
instanceKlass com/minecolonies/api/equipment/ModEquipmentTypes
instanceKlass com/ldtteam/domumornamentum/block/interfaces/IDOBlock
instanceKlass com/ldtteam/domumornamentum/block/ModBlocks
instanceKlass com/ldtteam/blockui/mod/__ClientLifecycleSubscriber_onRegisterBlockColor_Block
instanceKlass net/machiavelli/minecolonytax/__MineColonyTax_onServerStarting_ServerStartingEvent
instanceKlass com/google/common/collect/Synchronized$SynchronizedObject
instanceKlass net/minecraftforge/registries/ObjectHolder
instanceKlass net/minecraftforge/eventbus/api/IGenericEvent
instanceKlass net/minecraftforge/registries/ObjectHolderRegistry
instanceKlass net/minecraftforge/eventbus/ASMEventHandler
instanceKlass com/ldtteam/blockui/mod/ClientLifecycleSubscriber
instanceKlass net/minecraftforge/eventbus/api/SubscribeEvent
instanceKlass net/minecraftforge/registries/RegistryObject$1
instanceKlass com/google/common/collect/Synchronized
instanceKlass net/minecraftforge/fml/common/Mod
instanceKlass net/minecraftforge/common/capabilities/Capability
instanceKlass com/ldtteam/structurize/config/Configuration
instanceKlass net/minecraftforge/registries/RegistryObject
instanceKlass net/minecraftforge/fml/I18NParser
instanceKlass net/minecraftforge/internal/ForgeBindings
instanceKlass net/minecraftforge/common/capabilities/AutoRegisterCapability
instanceKlass net/minecraftforge/fml/IBindingsProvider
instanceKlass mezz/jei/forge/config/ServerConfig
instanceKlass net/minecraftforge/fml/Bindings
instanceKlass com/ldtteam/structurize/proxy/ServerProxy
instanceKlass java/lang/invoke/SerializedLambda
instanceKlass mezz/jei/common/config/IServerConfig
instanceKlass net/minecraftforge/server/command/EnumArgument$Info
instanceKlass net/minecraftforge/fml/common/asm/CapabilityTokenSubclass$Holder
instanceKlass net/minecraftforge/common/capabilities/CapabilityToken
instanceKlass com/ldtteam/structurize/proxy/ClientProxy
instanceKlass mezz/jei/forge/events/PermanentEventSubscriptions
instanceKlass com/ldtteam/structurize/storage/ISurvivalBlueprintHandler
instanceKlass com/minecolonies/api/IMinecoloniesAPI
instanceKlass com/ldtteam/domumornamentum/IDomumOrnamentumApi$Holder
instanceKlass com/ldtteam/structurize/proxy/IProxy
instanceKlass net/minecraftforge/common/ForgeInternalHandler
instanceKlass dev/ftb/mods/ftbteams/data/TeamArgument$Info
instanceKlass net/minecraftforge/fluids/FluidType
instanceKlass com/ldtteam/domumornamentum/block/IModBlocks
instanceKlass net/minecraftforge/common/crafting/conditions/IConditionSerializer
instanceKlass net/sixik/sdmshoprework/api/IConstructor
instanceKlass com/ldtteam/domumornamentum/block/IMateriallyTexturedBlockManager
instanceKlass net/minecraft/data/DataProvider
instanceKlass mezz/jei/common/util/Translator
instanceKlass net/minecraftforge/fml/config/IConfigSpec
instanceKlass com/ldtteam/domumornamentum/api/DomumOrnamentumAPI
instanceKlass net/minecraftforge/fml/DistExecutor$SafeSupplier
instanceKlass net/minecraftforge/fml/DistExecutor$SafeReferent
instanceKlass mezz/jei/common/util/MinecraftLocaleSupplier
instanceKlass com/ldtteam/domumornamentum/IDomumOrnamentumApi
instanceKlass net/minecraftforge/common/MinecraftForge
instanceKlass net/minecraftforge/eventbus/ListenerList$ListenerListInst
instanceKlass dev/architectury/platform/forge/EventBuses
instanceKlass net/minecraftforge/eventbus/api/EventListenerHelper
instanceKlass java/util/concurrent/ForkJoinPool$DefaultForkJoinWorkerThreadFactory$1
instanceKlass net/minecraftforge/fml/IModStateTransition$EventGenerator
instanceKlass cpw/mods/modlauncher/api/LamdbaExceptionUtils$Function_WithExceptions
instanceKlass net/minecraftforge/fml/StartupMessageManager
instanceKlass com/ldtteam/multipiston/MultiPiston
instanceKlass com/minecolonies/core/MineColonies
instanceKlass com/ldtteam/blockui/mod/BlockUI
instanceKlass net/sixik/sdmshoprework/forge/SDMShopReworkForge
instanceKlass net/sixik/sdmuilib/forge/SDMUILibForge
instanceKlass net/minecraftforge/common/ForgeMod
instanceKlass dev/ftb/mods/ftbteams/forge/FTBTeamsForge
instanceKlass com/ldtteam/structurize/Structurize
instanceKlass com/ldtteam/domumornamentum/DomumOrnamentum
instanceKlass mezz/jei/forge/JustEnoughItems
instanceKlass net/sixik/sdm_economy/forge/SDMEconomyForge
instanceKlass net/machiavelli/minecolonytax/MineColonyTax
instanceKlass dev/ftb/mods/ftblibrary/forge/FTBLibraryForge
instanceKlass net/sdm/sdm_core/forge/SDMCoreForge
instanceKlass dev/architectury/forge/ArchitecturyForge
instanceKlass net/minecraftforge/fml/config/IConfigEvent
instanceKlass net/minecraftforge/eventbus/ListenerList
instanceKlass net/minecraftforge/eventbus/EventBus
instanceKlass net/minecraftforge/eventbus/api/IEventExceptionHandler
instanceKlass net/minecraftforge/eventbus/api/IEventBus
instanceKlass net/minecraftforge/eventbus/BusBuilderImpl
instanceKlass net/minecraftforge/eventbus/api/BusBuilder
instanceKlass net/minecraftforge/fml/IExtensionPoint
instanceKlass net/minecraftforge/forgespi/locating/ForgeFeature
instanceKlass net/minecraftforge/fml/ModWorkManager$SyncExecutor
instanceKlass net/minecraftforge/fml/ModWorkManager$DrivenExecutor
instanceKlass net/minecraftforge/fml/ModWorkManager
instanceKlass net/minecraftforge/fml/CrashReportCallables$1
instanceKlass net/minecraftforge/common/ForgeStatesProvider
instanceKlass net/minecraftforge/fml/DistExecutor$1
instanceKlass net/minecraftforge/fml/DistExecutor
instanceKlass net/minecraftforge/fml/DeferredWorkQueue
instanceKlass net/minecraftforge/fml/ModList
instanceKlass net/minecraftforge/fml/IModStateTransition
instanceKlass net/minecraftforge/fml/core/ModStateProvider
instanceKlass net/minecraftforge/fml/IModLoadingState
instanceKlass net/minecraftforge/fml/IModStateProvider
instanceKlass net/minecraftforge/fml/ModStateManager
instanceKlass net/minecraftforge/fml/ModLoadingWarning
instanceKlass net/minecraftforge/forgespi/locating/ForgeFeature$IFeatureTest
instanceKlass net/minecraftforge/fml/ModContainer
instanceKlass net/minecraftforge/fml/ModLoader
instanceKlass net/minecraftforge/common/util/LogicalSidedProvider
instanceKlass net/minecraftforge/client/loading/ClientModLoader
instanceKlass net/minecraft/server/packs/resources/MultiPackResourceManager
instanceKlass net/minecraft/server/packs/resources/CloseableResourceManager
instanceKlass net/minecraft/server/packs/resources/ReloadableResourceManager
instanceKlass com/mojang/blaze3d/pipeline/MainTarget$Dimension
instanceKlass com/mojang/blaze3d/platform/GlStateManager$ColorMask
instanceKlass com/mojang/blaze3d/platform/GlStateManager$TextureState
instanceKlass com/mojang/blaze3d/platform/GlStateManager$ScissorState
instanceKlass com/mojang/blaze3d/platform/GlStateManager$StencilFunc
instanceKlass com/mojang/blaze3d/platform/GlStateManager$StencilState
instanceKlass com/mojang/blaze3d/platform/GlStateManager$ColorLogicState
instanceKlass com/mojang/blaze3d/platform/GlStateManager$PolygonOffsetState
instanceKlass com/mojang/blaze3d/platform/GlStateManager$CullState
instanceKlass com/mojang/blaze3d/platform/GlStateManager$DepthState
instanceKlass com/mojang/blaze3d/platform/GlStateManager$BooleanState
instanceKlass com/mojang/blaze3d/platform/GlStateManager$BlendState
instanceKlass com/mojang/blaze3d/platform/GlStateManager
instanceKlass org/lwjgl/system/MemoryUtil$MemoryAllocationReport
instanceKlass org/lwjgl/system/MemoryManage$DebugAllocator
instanceKlass jdk/internal/vm/annotation/ForceInline
instanceKlass com/google/gson/internal/UnsafeAllocator
instanceKlass com/mojang/blaze3d/platform/DebugMemoryUntracker
instanceKlass java/lang/Class$EnclosingMethodInfo
instanceKlass org/lwjgl/opengl/GLDebugMessageCallbackI
instanceKlass javax/annotation/Nonnull
instanceKlass javax/annotation/Nullable
instanceKlass org/lwjgl/opengl/GL$ICDStatic$WriteOnce
instanceKlass com/google/gson/internal/ConstructorConstructor$19
instanceKlass sun/net/www/http/KeepAliveEntry
instanceKlass sun/net/www/http/KeepAliveCache$1
instanceKlass org/apache/commons/io/Charsets
instanceKlass sun/net/www/http/KeepAliveStreamCleaner$2
instanceKlass sun/net/www/http/KeepAliveStreamCleaner$1
instanceKlass sun/net/www/http/Hurryable
instanceKlass sun/net/www/HeaderParser
instanceKlass org/lwjgl/opengl/KHRDebug
instanceKlass org/lwjgl/opengl/GL11
instanceKlass sun/net/www/protocol/http/AuthCacheImpl
instanceKlass sun/net/www/protocol/http/AuthCache
instanceKlass sun/net/www/protocol/http/AuthCacheValue
instanceKlass sun/net/DefaultProgressMeteringPolicy
instanceKlass sun/net/ProgressMeteringPolicy
instanceKlass sun/net/ProgressMonitor
instanceKlass sun/security/ssl/TransportContext$NotifyHandshake$1
instanceKlass sun/security/ssl/TransportContext$NotifyHandshake
instanceKlass com/sun/crypto/provider/GaloisCounterMode$GCTRGHASH
instanceKlass sun/security/ssl/SSLBasicKeyDerivation$SecretSizeSpec
instanceKlass sun/security/ssl/SSLBasicKeyDerivation
instanceKlass sun/security/ssl/Finished$1
instanceKlass sun/security/ssl/Finished$T13VerifyDataGenerator
instanceKlass sun/security/ssl/Finished$T12VerifyDataGenerator
instanceKlass sun/security/ssl/Finished$T10VerifyDataGenerator
instanceKlass sun/security/ssl/Finished$S30VerifyDataGenerator
instanceKlass sun/security/ssl/Finished$VerifyDataGenerator
instanceKlass sun/security/rsa/MGF1
instanceKlass sun/security/ssl/X509Authentication$X509Credentials
instanceKlass sun/security/util/HostnameChecker
instanceKlass sun/security/util/AnchorCertificates$1
instanceKlass sun/security/util/AnchorCertificates
instanceKlass sun/security/validator/EntrustTLSPolicy
instanceKlass sun/security/validator/SymantecTLSPolicy
instanceKlass sun/security/validator/CADistrustPolicy$3
instanceKlass java/util/Vector$Itr
instanceKlass com/mojang/blaze3d/platform/GlDebug
instanceKlass java/security/cert/PKIXCertPathValidatorResult
instanceKlass java/security/cert/CertPathValidatorResult
instanceKlass java/security/interfaces/DSAPublicKey
instanceKlass java/security/interfaces/DSAKey
instanceKlass sun/security/provider/certpath/CertPathConstraintsParameters
instanceKlass sun/security/provider/certpath/PKIXMasterCertPathValidator
instanceKlass sun/security/provider/certpath/PolicyNodeImpl
instanceKlass java/security/cert/PolicyNode
instanceKlass sun/security/util/UntrustedCertificates$1
instanceKlass sun/security/util/UntrustedCertificates
instanceKlass java/security/cert/X509CertSelector
instanceKlass java/security/cert/CertSelector
instanceKlass sun/security/provider/certpath/PKIX$ValidatorParams
instanceKlass sun/security/provider/certpath/PKIX
instanceKlass java/security/cert/CertPathValidatorSpi
instanceKlass java/security/cert/CertPathValidator
instanceKlass sun/security/util/DisabledAlgorithmConstraints$CertPathHolder
instanceKlass java/security/cert/PKIXCertPathChecker
instanceKlass java/security/cert/CertPathChecker
instanceKlass sun/security/ssl/SSLAlgorithmConstraints$SupportedSignatureAlgorithmConstraints
instanceKlass jdk/internal/icu/impl/NormalizerImpl$ReorderingBuffer
instanceKlass jdk/internal/icu/impl/NormalizerImpl$UTF16Plus
instanceKlass java/security/cert/PKIXParameters
instanceKlass java/security/cert/CertPathParameters
instanceKlass sun/security/provider/certpath/CertPathHelper
instanceKlass java/security/cert/TrustAnchor
instanceKlass sun/security/validator/EndEntityChecker
instanceKlass sun/security/validator/Validator
instanceKlass javax/net/ssl/SSLEngine
instanceKlass sun/security/provider/certpath/CertId
instanceKlass sun/security/provider/certpath/OCSPResponse$SingleResponse
instanceKlass sun/security/provider/certpath/OCSP$RevocationStatus
instanceKlass sun/security/provider/certpath/ResponderId
instanceKlass sun/security/provider/certpath/OCSPResponse
instanceKlass sun/security/ssl/CertStatusExtension$CertStatusResponse
instanceKlass sun/security/ssl/CertStatusExtension$CertStatusResponseSpec
instanceKlass sun/security/ssl/CertificateMessage$CertificateEntry
instanceKlass sun/security/ssl/ServerNameExtension$SHServerNamesSpec
instanceKlass com/sun/crypto/provider/GHASH
instanceKlass com/sun/crypto/provider/GCM
instanceKlass com/sun/crypto/provider/GaloisCounterMode$GCMEngine
instanceKlass javax/crypto/spec/GCMParameterSpec
instanceKlass sun/security/ssl/ChangeCipherSpec$T13ChangeCipherSpecConsumer
instanceKlass sun/security/ssl/ChangeCipherSpec$T10ChangeCipherSpecProducer
instanceKlass sun/security/ssl/ChangeCipherSpec$T10ChangeCipherSpecConsumer
instanceKlass sun/security/ssl/ChangeCipherSpec
instanceKlass javax/crypto/spec/IvParameterSpec
instanceKlass sun/security/ssl/SSLTrafficKeyDerivation$T13TrafficKeyDerivation
instanceKlass sun/security/ssl/SSLTrafficKeyDerivation$1
instanceKlass sun/security/ssl/SSLTrafficKeyDerivation$T13TrafficKeyDerivationGenerator
instanceKlass sun/security/ssl/SSLTrafficKeyDerivation$T12TrafficKeyDerivationGenerator
instanceKlass sun/security/ssl/SSLTrafficKeyDerivation$T10TrafficKeyDerivationGenerator
instanceKlass sun/security/ssl/SSLTrafficKeyDerivation$S30TrafficKeyDerivationGenerator
instanceKlass sun/security/ssl/SSLKeyDerivationGenerator
instanceKlass sun/security/ssl/SSLSecretDerivation
instanceKlass javax/crypto/MacSpi
instanceKlass javax/crypto/Mac
instanceKlass sun/security/ssl/HKDF
instanceKlass javax/crypto/spec/SecretKeySpec$1
instanceKlass jdk/internal/access/JavaxCryptoSpecAccess
instanceKlass javax/crypto/spec/SecretKeySpec
instanceKlass javax/crypto/KeyAgreementSpi
instanceKlass sun/security/ssl/KAKeyDerivation
instanceKlass java/security/spec/ECPublicKeySpec
instanceKlass sun/security/ssl/ECDHKeyExchange$ECDHECredentials
instanceKlass sun/security/ssl/NamedGroupCredentials
instanceKlass sun/security/ssl/KeyShareExtension$SHKeyShareSpec
instanceKlass sun/security/ssl/HandshakeHash$CloneableHash
instanceKlass sun/security/ssl/HandshakeHash$T13HandshakeHash
instanceKlass sun/security/ssl/SupportedVersionsExtension$SHSupportedVersionsSpec
instanceKlass sun/security/ssl/TransportContext$1
instanceKlass sun/security/ssl/Plaintext
instanceKlass com/mojang/blaze3d/platform/ClipboardManager
instanceKlass net/minecraft/client/KeyboardHandler
instanceKlass net/minecraft/util/SmoothDouble
instanceKlass net/minecraft/client/MouseHandler
instanceKlass org/apache/commons/io/IOUtils
instanceKlass com/mojang/blaze3d/platform/TextureUtil
instanceKlass sun/security/ssl/OutputRecord$T13PaddingHolder
instanceKlass sun/security/ssl/KeyShareExtension$CHKeyShareSpec
instanceKlass sun/security/util/ArrayUtil
instanceKlass java/security/interfaces/ECPrivateKey
instanceKlass com/mojang/blaze3d/platform/NativeImage
instanceKlass sun/security/ec/ECOperations
instanceKlass net/minecraft/server/packs/resources/IoSupplier
instanceKlass sun/security/ssl/ECDHKeyExchange$ECDHEPossession
instanceKlass sun/security/ssl/KeyShareExtension$KeyShareEntry
instanceKlass sun/security/ssl/XDHKeyExchange$1
instanceKlass net/minecraft/server/packs/AbstractPackResources
instanceKlass java/security/interfaces/XECPrivateKey
instanceKlass java/security/interfaces/XECPublicKey
instanceKlass java/security/KeyPair
instanceKlass net/minecraft/FileUtil
instanceKlass sun/security/util/math/MutableIntegerModuloP
instanceKlass sun/security/jca/JCAUtil$CachedSecureRandomHolder
instanceKlass sun/security/ec/XECOperations
instanceKlass sun/security/ec/XECParameters
instanceKlass org/lwjgl/glfw/GLFWCursorEnterCallbackI
instanceKlass sun/security/ssl/XDHKeyExchange$XDHEPossession
instanceKlass sun/security/ssl/ECDHKeyExchange$ECDHEXDHKAGenerator
instanceKlass sun/security/ssl/ECDHKeyExchange$ECDHEKAGenerator
instanceKlass sun/security/ssl/ECDHKeyExchange$ECDHKAGenerator
instanceKlass sun/security/ssl/ECDHKeyExchange$ECDHEPossessionGenerator
instanceKlass sun/security/ssl/ECDHKeyExchange
instanceKlass sun/security/ssl/DHKeyExchange$DHEKAGenerator
instanceKlass sun/security/ssl/DHKeyExchange$DHEPossessionGenerator
instanceKlass org/lwjgl/glfw/GLFWWindowFocusCallbackI
instanceKlass sun/security/ssl/DHKeyExchange
instanceKlass sun/security/ssl/RSAKeyExchange$RSAKAGenerator
instanceKlass sun/security/ssl/RSAKeyExchange$EphemeralRSAPossessionGenerator
instanceKlass sun/security/ssl/RSAKeyExchange
instanceKlass sun/security/ssl/SSLKeyExchange$T13KeyAgreement
instanceKlass sun/security/ssl/SSLKeyAgreement
instanceKlass sun/security/ssl/SSLPossessionGenerator
instanceKlass sun/security/ssl/SSLKeyExchange
instanceKlass sun/security/ssl/SSLHandshakeBinding
instanceKlass sun/security/ssl/SSLKeyAgreementGenerator
instanceKlass sun/security/ssl/PskKeyExchangeModesExtension$PskKeyExchangeModesSpec
instanceKlass sun/security/ssl/SupportedVersionsExtension$CHSupportedVersionsSpec
instanceKlass sun/security/ssl/SignatureAlgorithmsExtension$SignatureSchemesSpec
instanceKlass sun/security/ssl/ExtendedMasterSecretExtension$ExtendedMasterSecretSpec
instanceKlass sun/security/ssl/CertStatusExtension$CertStatusRequestV2Spec
instanceKlass sun/security/ssl/ECPointFormatsExtension$ECPointFormatsSpec
instanceKlass sun/security/ssl/SupportedGroupsExtension$SupportedGroupsSpec
instanceKlass sun/security/ssl/CertStatusExtension$CertStatusRequest
instanceKlass sun/security/ssl/CertStatusExtension$CertStatusRequestSpec
instanceKlass sun/security/ssl/ServerNameExtension$CHServerNamesSpec
instanceKlass sun/security/ssl/SSLExtension$SSLExtensionSpec
instanceKlass sun/security/ssl/SSLExtension$ClientExtensions
instanceKlass sun/security/ssl/PreSharedKeyExtension$SHPreSharedKeyStringizer
instanceKlass sun/security/ssl/PreSharedKeyExtension$SHPreSharedKeyAbsence
instanceKlass sun/security/ssl/PreSharedKeyExtension$SHPreSharedKeyConsumer
instanceKlass sun/security/ssl/PreSharedKeyExtension$SHPreSharedKeyProducer
instanceKlass sun/security/ssl/PreSharedKeyExtension$CHPreSharedKeyStringizer
instanceKlass sun/security/ssl/PreSharedKeyExtension$CHPreSharedKeyOnTradeAbsence
instanceKlass sun/security/ssl/PreSharedKeyExtension$CHPreSharedKeyUpdate
instanceKlass sun/security/ssl/PreSharedKeyExtension$CHPreSharedKeyOnLoadAbsence
instanceKlass sun/security/ssl/PreSharedKeyExtension$CHPreSharedKeyConsumer
instanceKlass sun/security/ssl/PreSharedKeyExtension$CHPreSharedKeyProducer
instanceKlass sun/security/ssl/PreSharedKeyExtension
instanceKlass sun/security/ssl/RenegoInfoExtension$RenegotiationInfoStringizer
instanceKlass sun/security/ssl/RenegoInfoExtension$SHRenegotiationInfoAbsence
instanceKlass sun/security/ssl/RenegoInfoExtension$SHRenegotiationInfoConsumer
instanceKlass sun/security/ssl/RenegoInfoExtension$SHRenegotiationInfoProducer
instanceKlass sun/security/ssl/RenegoInfoExtension$CHRenegotiationInfoAbsence
instanceKlass sun/security/ssl/RenegoInfoExtension$CHRenegotiationInfoConsumer
instanceKlass sun/security/ssl/RenegoInfoExtension$CHRenegotiationInfoProducer
instanceKlass sun/security/ssl/RenegoInfoExtension
instanceKlass sun/security/ssl/KeyShareExtension$HRRKeyShareStringizer
instanceKlass sun/security/ssl/KeyShareExtension$HRRKeyShareReproducer
instanceKlass sun/security/ssl/KeyShareExtension$HRRKeyShareConsumer
instanceKlass sun/security/ssl/KeyShareExtension$HRRKeyShareProducer
instanceKlass sun/security/ssl/KeyShareExtension$SHKeyShareStringizer
instanceKlass sun/security/ssl/KeyShareExtension$SHKeyShareAbsence
instanceKlass sun/security/ssl/KeyShareExtension$SHKeyShareConsumer
instanceKlass sun/security/ssl/KeyShareExtension$SHKeyShareProducer
instanceKlass sun/security/ssl/KeyShareExtension$CHKeyShareStringizer
instanceKlass sun/security/ssl/KeyShareExtension$CHKeyShareOnTradeAbsence
instanceKlass sun/security/ssl/KeyShareExtension$CHKeyShareConsumer
instanceKlass sun/security/ssl/KeyShareExtension$CHKeyShareProducer
instanceKlass sun/security/ssl/KeyShareExtension
instanceKlass sun/security/ssl/CertSignAlgsExtension$CertSignatureSchemesStringizer
instanceKlass sun/security/ssl/CertSignAlgsExtension$CRCertSignatureSchemesUpdate
instanceKlass sun/security/ssl/CertSignAlgsExtension$CRCertSignatureSchemesConsumer
instanceKlass sun/security/ssl/CertSignAlgsExtension$CRCertSignatureSchemesProducer
instanceKlass sun/security/ssl/CertSignAlgsExtension$CHCertSignatureSchemesUpdate
instanceKlass sun/security/ssl/CertSignAlgsExtension$CHCertSignatureSchemesConsumer
instanceKlass sun/security/ssl/CertSignAlgsExtension$CHCertSignatureSchemesProducer
instanceKlass sun/security/ssl/CertSignAlgsExtension
instanceKlass sun/security/ssl/CertificateAuthoritiesExtension$CertificateAuthoritiesStringizer
instanceKlass sun/security/ssl/CertificateAuthoritiesExtension$CRCertificateAuthoritiesConsumer
instanceKlass sun/security/ssl/CertificateAuthoritiesExtension$CRCertificateAuthoritiesProducer
instanceKlass sun/security/ssl/CertificateAuthoritiesExtension$CHCertificateAuthoritiesConsumer
instanceKlass sun/security/ssl/CertificateAuthoritiesExtension$CHCertificateAuthoritiesProducer
instanceKlass sun/security/ssl/CertificateAuthoritiesExtension
instanceKlass sun/security/ssl/PskKeyExchangeModesExtension$PskKeyExchangeModesStringizer
instanceKlass sun/security/ssl/PskKeyExchangeModesExtension$PskKeyExchangeModesOnTradeAbsence
instanceKlass sun/security/ssl/PskKeyExchangeModesExtension$PskKeyExchangeModesOnLoadAbsence
instanceKlass sun/security/ssl/PskKeyExchangeModesExtension$PskKeyExchangeModesConsumer
instanceKlass sun/security/ssl/PskKeyExchangeModesExtension$PskKeyExchangeModesProducer
instanceKlass sun/security/ssl/PskKeyExchangeModesExtension
instanceKlass sun/security/ssl/CookieExtension$CookieStringizer
instanceKlass sun/security/ssl/CookieExtension$HRRCookieReproducer
instanceKlass sun/security/ssl/CookieExtension$HRRCookieConsumer
instanceKlass sun/security/ssl/CookieExtension$HRRCookieProducer
instanceKlass sun/security/ssl/CookieExtension$CHCookieUpdate
instanceKlass sun/security/ssl/CookieExtension$CHCookieConsumer
instanceKlass sun/security/ssl/CookieExtension$CHCookieProducer
instanceKlass sun/security/ssl/CookieExtension
instanceKlass sun/security/ssl/SupportedVersionsExtension$HRRSupportedVersionsReproducer
instanceKlass sun/security/ssl/SupportedVersionsExtension$HRRSupportedVersionsConsumer
instanceKlass sun/security/ssl/SupportedVersionsExtension$HRRSupportedVersionsProducer
instanceKlass sun/security/ssl/SupportedVersionsExtension$SHSupportedVersionsStringizer
instanceKlass sun/security/ssl/SupportedVersionsExtension$SHSupportedVersionsConsumer
instanceKlass sun/security/ssl/SupportedVersionsExtension$SHSupportedVersionsProducer
instanceKlass sun/security/ssl/SupportedVersionsExtension$CHSupportedVersionsStringizer
instanceKlass sun/security/ssl/SupportedVersionsExtension$CHSupportedVersionsConsumer
instanceKlass sun/security/ssl/SupportedVersionsExtension$CHSupportedVersionsProducer
instanceKlass sun/security/ssl/SupportedVersionsExtension
instanceKlass sun/security/ssl/SignatureAlgorithmsExtension$SignatureSchemesStringizer
instanceKlass sun/security/ssl/SignatureAlgorithmsExtension$CRSignatureSchemesUpdate
instanceKlass sun/security/ssl/SignatureAlgorithmsExtension$CRSignatureSchemesAbsence
instanceKlass sun/security/ssl/SignatureAlgorithmsExtension$CRSignatureSchemesConsumer
instanceKlass sun/security/ssl/SignatureAlgorithmsExtension$CRSignatureSchemesProducer
instanceKlass sun/security/ssl/SignatureAlgorithmsExtension$CHSignatureSchemesOnTradeAbsence
instanceKlass sun/security/ssl/SignatureAlgorithmsExtension$CHSignatureSchemesUpdate
instanceKlass sun/security/ssl/SignatureAlgorithmsExtension$CHSignatureSchemesOnLoadAbsence
instanceKlass sun/security/ssl/SignatureAlgorithmsExtension$CHSignatureSchemesConsumer
instanceKlass sun/security/ssl/SignatureAlgorithmsExtension$CHSignatureSchemesProducer
instanceKlass sun/security/ssl/SignatureAlgorithmsExtension
instanceKlass sun/security/ssl/SessionTicketExtension$SessionTicketStringizer
instanceKlass sun/security/ssl/SessionTicketExtension$T12SHSessionTicketConsumer
instanceKlass sun/security/ssl/SessionTicketExtension$T12CHSessionTicketConsumer
instanceKlass sun/security/ssl/SessionTicketExtension
instanceKlass sun/security/ssl/ExtendedMasterSecretExtension$ExtendedMasterSecretStringizer
instanceKlass sun/security/ssl/ExtendedMasterSecretExtension$SHExtendedMasterSecretAbsence
instanceKlass sun/security/ssl/ExtendedMasterSecretExtension$SHExtendedMasterSecretConsumer
instanceKlass sun/security/ssl/ExtendedMasterSecretExtension$SHExtendedMasterSecretProducer
instanceKlass sun/security/ssl/ExtendedMasterSecretExtension$CHExtendedMasterSecretAbsence
instanceKlass sun/security/ssl/ExtendedMasterSecretExtension$CHExtendedMasterSecretConsumer
instanceKlass sun/security/ssl/ExtendedMasterSecretExtension$CHExtendedMasterSecretProducer
instanceKlass sun/security/ssl/ExtendedMasterSecretExtension
instanceKlass sun/security/ssl/AlpnExtension$AlpnStringizer
instanceKlass sun/security/ssl/AlpnExtension$SHAlpnAbsence
instanceKlass sun/security/ssl/AlpnExtension$SHAlpnConsumer
instanceKlass sun/security/ssl/AlpnExtension$SHAlpnProducer
instanceKlass java/util/Locale$1
instanceKlass sun/security/ssl/AlpnExtension$CHAlpnAbsence
instanceKlass sun/security/ssl/AlpnExtension$CHAlpnConsumer
instanceKlass sun/security/ssl/AlpnExtension$CHAlpnProducer
instanceKlass sun/security/ssl/AlpnExtension
instanceKlass sun/security/ssl/ECPointFormatsExtension$ECPointFormatsStringizer
instanceKlass sun/security/ssl/ECPointFormatsExtension$SHECPointFormatsConsumer
instanceKlass sun/security/ssl/ECPointFormatsExtension$CHECPointFormatsConsumer
instanceKlass sun/security/ssl/ECPointFormatsExtension$CHECPointFormatsProducer
instanceKlass sun/security/ssl/ECPointFormatsExtension
instanceKlass sun/security/ssl/SupportedGroupsExtension$EESupportedGroupsConsumer
instanceKlass sun/security/ssl/SupportedGroupsExtension$SupportedGroupsStringizer
instanceKlass sun/security/ssl/SupportedGroupsExtension$CHSupportedGroupsOnTradeAbsence
instanceKlass sun/security/ssl/SupportedGroupsExtension$CHSupportedGroupsConsumer
instanceKlass sun/security/ssl/SupportedGroupsExtension
instanceKlass sun/security/ssl/CertStatusExtension$CertStatusRespStringizer
instanceKlass sun/security/ssl/CertStatusExtension$CertStatusRequestsStringizer
instanceKlass sun/security/ssl/CertStatusExtension$SHCertStatusReqV2Consumer
instanceKlass sun/security/ssl/CertStatusExtension$SHCertStatusReqV2Producer
instanceKlass sun/security/ssl/CertStatusExtension$CHCertStatusReqV2Consumer
instanceKlass sun/security/ssl/CertStatusExtension$CHCertStatusReqV2Producer
instanceKlass sun/security/ssl/CertStatusExtension$CertStatusRequestStringizer
instanceKlass sun/security/ssl/CertStatusExtension$CTCertStatusResponseConsumer
instanceKlass sun/security/ssl/CertStatusExtension$CTCertStatusResponseProducer
instanceKlass sun/security/ssl/CertStatusExtension$SHCertStatusReqConsumer
instanceKlass sun/security/ssl/CertStatusExtension$SHCertStatusReqProducer
instanceKlass sun/security/ssl/CertStatusExtension$CHCertStatusReqConsumer
instanceKlass sun/security/ssl/CertStatusExtension$CHCertStatusReqProducer
instanceKlass sun/security/ssl/CertStatusExtension
instanceKlass sun/security/ssl/MaxFragExtension$MaxFragLenStringizer
instanceKlass sun/security/ssl/MaxFragExtension$EEMaxFragmentLengthUpdate
instanceKlass sun/security/ssl/MaxFragExtension$EEMaxFragmentLengthConsumer
instanceKlass sun/security/ssl/MaxFragExtension$EEMaxFragmentLengthProducer
instanceKlass sun/security/ssl/MaxFragExtension$SHMaxFragmentLengthUpdate
instanceKlass sun/security/ssl/MaxFragExtension$SHMaxFragmentLengthConsumer
instanceKlass sun/security/ssl/MaxFragExtension$SHMaxFragmentLengthProducer
instanceKlass sun/security/ssl/MaxFragExtension$CHMaxFragmentLengthConsumer
instanceKlass sun/security/ssl/MaxFragExtension$CHMaxFragmentLengthProducer
instanceKlass sun/security/ssl/MaxFragExtension
instanceKlass sun/security/ssl/ServerNameExtension$EEServerNameConsumer
instanceKlass sun/security/ssl/ServerNameExtension$EEServerNameProducer
instanceKlass sun/security/ssl/ServerNameExtension$SHServerNamesStringizer
instanceKlass sun/security/ssl/ServerNameExtension$SHServerNameConsumer
instanceKlass sun/security/ssl/ServerNameExtension$SHServerNameProducer
instanceKlass sun/security/ssl/ServerNameExtension$CHServerNamesStringizer
instanceKlass sun/security/ssl/ServerNameExtension$CHServerNameConsumer
instanceKlass sun/security/ssl/SSLExtension$ExtensionConsumer
instanceKlass sun/security/ssl/ServerNameExtension$CHServerNameProducer
instanceKlass sun/security/ssl/ServerNameExtension
instanceKlass sun/security/ssl/SSLStringizer
instanceKlass sun/security/ssl/SSLExtensions
instanceKlass net/minecraftforge/internal/BrandingControl
instanceKlass sun/security/ssl/SSLHandshake$HandshakeMessage
instanceKlass sun/security/ssl/RandomCookie
instanceKlass sun/security/ssl/SupportedGroupsExtension$SupportedGroups
instanceKlass sun/security/ssl/SSLKeyDerivation
instanceKlass sun/security/ssl/SSLCredentials
instanceKlass sun/security/ssl/NamedGroupPossession
instanceKlass sun/security/ssl/SSLPossession
instanceKlass net/minecraft/client/ClientBrandRetriever
instanceKlass sun/security/ssl/HandshakeContext
instanceKlass sun/security/ssl/SSLConfiguration$1
instanceKlass javax/net/ssl/SSLParameters
instanceKlass sun/net/www/protocol/http/AuthenticatorKeys
instanceKlass sun/nio/ch/ExtendedSocketOption$1
instanceKlass sun/nio/ch/ExtendedSocketOption
instanceKlass sun/nio/ch/OptionKey
instanceKlass sun/nio/ch/SocketOptionRegistry$LazyInitialization
instanceKlass sun/nio/ch/SocketOptionRegistry$RegistryKey
instanceKlass sun/nio/ch/SocketOptionRegistry
instanceKlass java/net/StandardSocketOptions$StdSocketOption
instanceKlass java/net/StandardSocketOptions
instanceKlass jdk/internal/icu/impl/Trie2$UTrie2Header
instanceKlass jdk/internal/icu/impl/Trie2$1
instanceKlass jdk/internal/icu/impl/Trie2$ValueMapper
instanceKlass jdk/internal/icu/impl/Trie2
instanceKlass jdk/internal/icu/impl/UCharacterProperty$IsAcceptable
instanceKlass jdk/internal/icu/impl/UCharacterProperty$IntProperty
instanceKlass jdk/internal/icu/impl/UCharacterProperty
instanceKlass jdk/internal/icu/lang/UCharacter
instanceKlass jdk/internal/icu/impl/Trie
instanceKlass jdk/internal/icu/text/StringPrep$StringPrepTrieImpl
instanceKlass jdk/internal/icu/impl/Trie$DataManipulate
instanceKlass jdk/internal/icu/impl/StringPrepDataReader
instanceKlass jdk/internal/icu/text/StringPrep
instanceKlass java/net/IDN
instanceKlass javax/net/ssl/SNIServerName
instanceKlass com/mojang/blaze3d/platform/VideoMode
instanceKlass sun/net/NetHooks
instanceKlass sun/net/spi/DefaultProxySelector$3
instanceKlass sun/net/spi/DefaultProxySelector$NonProxyInfo
instanceKlass sun/net/spi/DefaultProxySelector$1
instanceKlass java/net/ProxySelector
instanceKlass java/net/SocksSocketImpl$3
instanceKlass jdk/net/ExtendedSocketOptions$PlatformSocketOptions$1
instanceKlass jdk/net/ExtendedSocketOptions$PlatformSocketOptions
instanceKlass jdk/net/ExtendedSocketOptions$ExtSocketOption
instanceKlass java/net/SocketOption
instanceKlass jdk/net/ExtendedSocketOptions
instanceKlass sun/net/ext/ExtendedSocketOptions
instanceKlass sun/nio/ch/Net$1
instanceKlass java/net/ProtocolFamily
instanceKlass sun/nio/ch/Net
instanceKlass java/net/InetSocketAddress$InetSocketAddressHolder
instanceKlass org/lwjgl/glfw/GLFWMonitorCallbackI
instanceKlass sun/security/ssl/DTLSRecord
instanceKlass com/mojang/blaze3d/platform/Monitor
instanceKlass sun/security/ssl/SessionId
instanceKlass com/mojang/blaze3d/platform/MonitorCreator
instanceKlass com/mojang/blaze3d/platform/ScreenManager
instanceKlass net/minecraft/client/renderer/VirtualScreen
instanceKlass java/security/spec/MGF1ParameterSpec
instanceKlass sun/security/ec/ParametersMap$1
instanceKlass sun/security/ec/ed/EdDSAParameters$SHAKE256DigesterFactory
instanceKlass sun/security/ec/point/ProjectivePoint
instanceKlass com/mojang/blaze3d/platform/Window
instanceKlass sun/security/ec/ed/EdDSAParameters$Digester
instanceKlass sun/security/ec/ed/EdDSAParameters$SHA512DigesterFactory
instanceKlass sun/security/ec/point/ExtendedHomogeneousPoint
instanceKlass sun/security/ec/point/AffinePoint
instanceKlass sun/security/util/math/intpoly/IntegerPolynomial$Limb
instanceKlass sun/security/util/math/SmallValue
instanceKlass sun/security/ec/point/MutablePoint
instanceKlass sun/security/ec/point/ImmutablePoint
instanceKlass sun/security/util/math/intpoly/IntegerPolynomial$Element
instanceKlass sun/security/util/math/ImmutableIntegerModuloP
instanceKlass sun/security/util/math/IntegerModuloP
instanceKlass sun/security/util/math/intpoly/IntegerPolynomial
instanceKlass org/lwjgl/glfw/GLFWErrorCallbackI
instanceKlass sun/security/ec/ParametersMap
instanceKlass com/mojang/blaze3d/platform/GLX
instanceKlass sun/security/ec/ed/EdECOperations
instanceKlass sun/security/ec/ed/EdDSAParameters$DigesterFactory
instanceKlass sun/security/util/math/IntegerFieldModuloP
instanceKlass sun/security/ec/ed/EdDSAParameters
instanceKlass java/security/spec/EdDSAParameterSpec
instanceKlass sun/security/ec/ed/EdDSASignature$MessageAccumulator
instanceKlass javax/crypto/spec/DHParameterSpec
instanceKlass sun/security/ssl/PredefinedDHParameterSpecs$1
instanceKlass sun/security/ssl/PredefinedDHParameterSpecs
instanceKlass net/minecraft/client/HotbarManager
instanceKlass com/sun/security/sasl/Provider$1
instanceKlass net/minecraft/client/tutorial/BundleTutorial
instanceKlass sun/security/jgss/SunProvider$1
instanceKlass com/sun/security/sasl/gsskerb/JdkSASL$1
instanceKlass org/jcp/xml/dsig/internal/dom/XMLDSigRI$2
instanceKlass org/jcp/xml/dsig/internal/dom/XMLDSigRI$1
instanceKlass javax/net/ssl/ExtendedSSLSession
instanceKlass javax/net/ssl/SSLSession
instanceKlass sun/security/ssl/SSLConfiguration$CustomizedClientSignatureSchemes
instanceKlass javax/crypto/KeyGeneratorSpi
instanceKlass javax/crypto/KeyGenerator
instanceKlass sun/security/ssl/SSLConfiguration
instanceKlass sun/security/ssl/SSLCipher$SSLWriteCipher
instanceKlass sun/security/ssl/KeyUpdate$KeyUpdateProducer
instanceKlass sun/security/ssl/KeyUpdate$KeyUpdateConsumer
instanceKlass sun/security/ssl/KeyUpdate$KeyUpdateKickstartProducer
instanceKlass sun/security/ssl/KeyUpdate
instanceKlass sun/security/ssl/CertificateStatus$CertificateStatusAbsence
instanceKlass sun/security/ssl/HandshakeAbsence
instanceKlass sun/security/ssl/CertificateStatus$CertificateStatusProducer
instanceKlass sun/security/ssl/CertificateStatus$CertificateStatusConsumer
instanceKlass sun/security/ssl/CertificateStatus
instanceKlass sun/security/ssl/Finished$T13FinishedProducer
instanceKlass sun/security/ssl/Finished$T13FinishedConsumer
instanceKlass sun/security/ssl/Finished$T12FinishedProducer
instanceKlass sun/security/ssl/Finished$T12FinishedConsumer
instanceKlass sun/security/ssl/Finished
instanceKlass sun/security/ssl/ClientKeyExchange$ClientKeyExchangeProducer
instanceKlass sun/security/ssl/ClientKeyExchange$ClientKeyExchangeConsumer
instanceKlass sun/security/ssl/ClientKeyExchange
instanceKlass sun/security/ssl/CertificateVerify$T13CertificateVerifyProducer
instanceKlass sun/security/ssl/CertificateVerify$T13CertificateVerifyConsumer
instanceKlass sun/security/ssl/CertificateVerify$T12CertificateVerifyProducer
instanceKlass sun/security/ssl/CertificateVerify$T12CertificateVerifyConsumer
instanceKlass sun/security/ssl/CertificateVerify$T10CertificateVerifyProducer
instanceKlass sun/security/ssl/CertificateVerify$T10CertificateVerifyConsumer
instanceKlass sun/security/ssl/CertificateVerify$S30CertificateVerifyProducer
instanceKlass sun/security/ssl/CertificateVerify$S30CertificateVerifyConsumer
instanceKlass sun/security/ssl/CertificateVerify
instanceKlass sun/security/ssl/ServerHelloDone$ServerHelloDoneProducer
instanceKlass sun/security/ssl/ServerHelloDone$ServerHelloDoneConsumer
instanceKlass sun/security/ssl/ServerHelloDone
instanceKlass com/mojang/serialization/JsonOps
instanceKlass sun/security/ssl/CertificateRequest$T13CertificateRequestProducer
instanceKlass sun/security/ssl/CertificateRequest$T13CertificateRequestConsumer
instanceKlass sun/security/ssl/CertificateRequest$T12CertificateRequestProducer
instanceKlass sun/security/ssl/CertificateRequest$T12CertificateRequestConsumer
instanceKlass sun/security/ssl/CertificateRequest$T10CertificateRequestProducer
instanceKlass sun/security/ssl/CertificateRequest$T10CertificateRequestConsumer
instanceKlass sun/security/ssl/CertificateRequest
instanceKlass sun/security/ssl/ServerKeyExchange$ServerKeyExchangeProducer
instanceKlass sun/security/ssl/ServerKeyExchange$ServerKeyExchangeConsumer
instanceKlass sun/security/ssl/ServerKeyExchange
instanceKlass sun/security/ssl/CertificateMessage$T13CertificateProducer
instanceKlass sun/security/ssl/CertificateMessage$T13CertificateConsumer
instanceKlass sun/security/ssl/CertificateMessage$T12CertificateProducer
instanceKlass com/google/gson/JsonParser
instanceKlass sun/security/ssl/CertificateMessage$T12CertificateConsumer
instanceKlass sun/security/ssl/CertificateMessage
instanceKlass net/minecraft/client/Options$2
instanceKlass sun/security/ssl/EncryptedExtensions$EncryptedExtensionsConsumer
instanceKlass sun/security/ssl/EncryptedExtensions$EncryptedExtensionsProducer
instanceKlass sun/security/ssl/EncryptedExtensions
instanceKlass sun/security/ssl/NewSessionTicket$T12NewSessionTicketProducer
instanceKlass sun/security/ssl/NewSessionTicket$T13NewSessionTicketProducer
instanceKlass sun/security/ssl/NewSessionTicket$T12NewSessionTicketConsumer
instanceKlass sun/security/ssl/NewSessionTicket$T13NewSessionTicketConsumer
instanceKlass sun/security/ssl/NewSessionTicket
instanceKlass sun/security/ssl/HelloVerifyRequest$HelloVerifyRequestProducer
instanceKlass sun/security/ssl/HelloVerifyRequest$HelloVerifyRequestConsumer
instanceKlass sun/security/ssl/HelloVerifyRequest
instanceKlass sun/security/ssl/ServerHello$T13HelloRetryRequestConsumer
instanceKlass sun/security/ssl/ServerHello$T13ServerHelloConsumer
instanceKlass com/google/common/base/Splitter$5
instanceKlass sun/security/ssl/ServerHello$T12ServerHelloConsumer
instanceKlass sun/security/ssl/ServerHello$T13HelloRetryRequestReproducer
instanceKlass sun/security/ssl/ServerHello$T13HelloRetryRequestProducer
instanceKlass sun/security/ssl/ServerHello$T13ServerHelloProducer
instanceKlass sun/security/ssl/ServerHello$T12ServerHelloProducer
instanceKlass sun/security/ssl/ServerHello$ServerHelloConsumer
instanceKlass sun/security/ssl/ServerHello
instanceKlass sun/security/ssl/ClientHello$D13ClientHelloConsumer
instanceKlass sun/security/ssl/ClientHello$D12ClientHelloConsumer
instanceKlass sun/security/ssl/ClientHello$T13ClientHelloConsumer
instanceKlass sun/security/ssl/ClientHello$T12ClientHelloConsumer
instanceKlass sun/security/ssl/HandshakeConsumer
instanceKlass sun/security/ssl/ClientHello$ClientHelloProducer
instanceKlass sun/security/ssl/ClientHello$ClientHelloConsumer
instanceKlass sun/security/ssl/ClientHello$ClientHelloKickstartProducer
instanceKlass sun/security/ssl/ClientHello
instanceKlass sun/security/ssl/HelloRequest$HelloRequestProducer
instanceKlass sun/security/ssl/HelloRequest$HelloRequestConsumer
instanceKlass sun/security/ssl/HelloRequest$HelloRequestKickstartProducer
instanceKlass sun/security/ssl/SSLProducer
instanceKlass sun/security/ssl/HelloRequest
instanceKlass sun/security/ssl/HandshakeProducer
instanceKlass sun/security/ssl/SSLConsumer
instanceKlass sun/security/ssl/Authenticator$MacImpl
instanceKlass sun/security/ssl/Authenticator$MAC
instanceKlass sun/security/ssl/Authenticator
instanceKlass sun/security/ssl/SSLCipher$SSLReadCipher
instanceKlass sun/security/ssl/InputRecord
instanceKlass sun/security/ssl/SSLRecord
instanceKlass sun/security/ssl/Record
instanceKlass sun/security/ssl/TransportContext
instanceKlass sun/security/ssl/ConnectionContext
instanceKlass sun/security/ssl/HandshakeHash$CacheOnlyHash
instanceKlass sun/security/ssl/HandshakeHash$TranscriptHash
instanceKlass sun/security/ssl/HandshakeHash
instanceKlass java/net/SocksConsts
instanceKlass net/minecraft/client/OptionInstance$SliderableOrCyclableValueSet
instanceKlass sun/net/PlatformSocketImpl
instanceKlass java/net/SocketImpl
instanceKlass java/net/SocketOptions
instanceKlass java/net/Socket
instanceKlass sun/security/ssl/SSLTransport
instanceKlass sun/net/www/http/KeepAliveKey
instanceKlass net/minecraft/client/OptionInstance$UnitDouble$1
instanceKlass sun/net/NetworkClient$1
instanceKlass sun/net/NetworkClient
instanceKlass java/util/function/DoubleFunction
instanceKlass javax/net/ssl/HandshakeCompletedListener
instanceKlass java/net/ResponseCache
instanceKlass sun/net/www/protocol/http/HttpURLConnection$3
instanceKlass java/net/CookieHandler
instanceKlass sun/net/www/protocol/http/HttpURLConnection$2
instanceKlass sun/net/NetProperties$1
instanceKlass sun/net/NetProperties
instanceKlass javax/net/ssl/X509ExtendedKeyManager
instanceKlass javax/net/ssl/X509KeyManager
instanceKlass javax/net/ssl/KeyManager
instanceKlass javax/net/ssl/KeyManagerFactorySpi
instanceKlass javax/net/ssl/KeyManagerFactory$1
instanceKlass javax/net/ssl/KeyManagerFactory
instanceKlass sun/security/ssl/SSLContextImpl$DefaultManagersHolder$1
instanceKlass javax/net/ssl/X509ExtendedTrustManager
instanceKlass javax/net/ssl/X509TrustManager
instanceKlass javax/net/ssl/TrustManager
instanceKlass sun/security/validator/TrustStoreUtil
instanceKlass com/mojang/blaze3d/platform/InputConstants
instanceKlass com/mojang/blaze3d/platform/InputConstants$Key
instanceKlass net/minecraftforge/client/settings/KeyMappingLookup
instanceKlass java/security/interfaces/ECPublicKey
instanceKlass sun/security/provider/JavaKeyStore$TrustedCertEntry
instanceKlass net/minecraft/client/tutorial/CompletedTutorialStepInstance
instanceKlass sun/security/action/OpenFileInputStreamAction
instanceKlass net/minecraft/client/tutorial/CraftPlanksTutorialStep
instanceKlass net/minecraft/client/tutorial/OpenInventoryTutorialStep
instanceKlass net/minecraft/client/tutorial/PunchTreeTutorialStepInstance
instanceKlass net/minecraft/client/tutorial/FindTreeTutorialStepInstance
instanceKlass java/security/KeyStoreSpi
instanceKlass net/minecraft/client/tutorial/Tutorial
instanceKlass java/security/KeyStore$1
instanceKlass net/minecraft/client/gui/components/toasts/Toast
instanceKlass java/security/KeyStore
instanceKlass net/minecraft/client/tutorial/MovementTutorialStepInstance
instanceKlass net/minecraft/client/tutorial/TutorialStepInstance
instanceKlass sun/security/ssl/TrustStoreManager$TrustStoreDescriptor$1
instanceKlass sun/security/util/FilePaths
instanceKlass sun/security/ssl/TrustStoreManager$TrustStoreDescriptor
instanceKlass sun/security/ssl/TrustStoreManager$TrustAnchorManager
instanceKlass sun/security/ssl/TrustStoreManager
instanceKlass javax/net/ssl/TrustManagerFactorySpi
instanceKlass javax/net/ssl/TrustManagerFactory$1
instanceKlass javax/net/ssl/TrustManagerFactory
instanceKlass sun/security/ssl/SSLContextImpl$DefaultManagersHolder
instanceKlass sun/security/ssl/SSLSessionContextImpl
instanceKlass javax/net/ssl/SSLSessionContext
instanceKlass sun/security/ssl/EphemeralKeyManager$EphemeralKeyPair
instanceKlass sun/security/ssl/EphemeralKeyManager
instanceKlass sun/security/ssl/SSLContextImpl$CustomizedSSLProtocols
instanceKlass java/security/spec/NamedParameterSpec
instanceKlass sun/security/util/ECKeySizeParameterSpec
instanceKlass java/security/AlgorithmParametersSpi
instanceKlass java/security/AlgorithmParameters
instanceKlass sun/security/util/ECUtil
instanceKlass net/minecraft/client/gui/components/ChatComponent
instanceKlass sun/security/ec/point/Point
instanceKlass java/security/KeyPairGeneratorSpi
instanceKlass javax/crypto/KeyAgreement
instanceKlass sun/security/ssl/JsseJce$EcAvailability
instanceKlass sun/security/ssl/SSLAlgorithmDecomposer$1
instanceKlass sun/security/ssl/Utilities
instanceKlass sun/security/ssl/JsseJce
instanceKlass sun/security/ssl/NamedGroup$XDHScheme
instanceKlass sun/security/ssl/NamedGroup$FFDHEScheme
instanceKlass sun/security/ssl/NamedGroup$ECDHEScheme
instanceKlass sun/security/ssl/NamedGroup$NamedGroupScheme
instanceKlass net/minecraft/client/OptionInstance$CycleableValueSet$ValueSetter
instanceKlass sun/security/ssl/SSLCipher$1
instanceKlass sun/security/ssl/SSLCipher$T13CC20P1305WriteCipherGenerator
instanceKlass sun/security/ssl/SSLCipher$T12CC20P1305WriteCipherGenerator
instanceKlass sun/security/ssl/SSLCipher$T13CC20P1305ReadCipherGenerator
instanceKlass sun/security/ssl/SSLCipher$T12CC20P1305ReadCipherGenerator
instanceKlass sun/security/ssl/SSLCipher$T13GcmWriteCipherGenerator
instanceKlass sun/security/ssl/SSLCipher$T13GcmReadCipherGenerator
instanceKlass sun/security/ssl/SSLCipher$T12GcmWriteCipherGenerator
instanceKlass sun/security/ssl/SSLCipher$T12GcmReadCipherGenerator
instanceKlass net/minecraft/util/OptionEnum
instanceKlass net/minecraft/client/OptionInstance$IntRangeBase$1
instanceKlass net/minecraft/client/OptionInstance$IntRangeBase
instanceKlass com/sun/crypto/provider/AESConstants
instanceKlass javax/crypto/JceSecurityManager$1
instanceKlass sun/security/ssl/SSLCipher$T11BlockWriteCipherGenerator
instanceKlass sun/security/ssl/SSLCipher$T11BlockReadCipherGenerator
instanceKlass com/sun/crypto/provider/PKCS5Padding
instanceKlass com/sun/crypto/provider/Padding
instanceKlass com/sun/crypto/provider/FeedbackCipher
instanceKlass com/sun/crypto/provider/SymmetricCipher
instanceKlass com/sun/crypto/provider/DESConstants
instanceKlass net/minecraft/client/OptionInstance$SliderableValueSet
instanceKlass com/sun/crypto/provider/CipherCore
instanceKlass sun/security/ssl/SSLCipher$T10BlockWriteCipherGenerator
instanceKlass sun/security/ssl/SSLCipher$T10BlockReadCipherGenerator
instanceKlass javax/crypto/CipherSpi
instanceKlass javax/crypto/ProviderVerifier
instanceKlass javax/crypto/JceSecurity$3
instanceKlass javax/crypto/JceSecurity$2
instanceKlass net/minecraft/client/gui/components/Tooltip
instanceKlass net/minecraft/client/OptionInstance$TooltipSupplier
instanceKlass net/minecraft/client/OptionInstance$CaptionBasedToString
instanceKlass java/util/Vector$1
instanceKlass javax/crypto/CryptoPolicyParser$CryptoPermissionEntry
instanceKlass javax/crypto/CryptoPolicyParser$GrantEntry
instanceKlass java/io/StreamTokenizer
instanceKlass javax/crypto/CryptoPolicyParser
instanceKlass net/minecraft/client/gui/components/AbstractWidget
instanceKlass net/minecraft/client/gui/narration/NarratableEntry
instanceKlass net/minecraft/client/gui/narration/NarrationSupplier
instanceKlass net/minecraft/client/gui/layouts/LayoutElement
instanceKlass java/nio/file/Files$1
instanceKlass sun/nio/fs/WindowsFileSystem$2
instanceKlass java/nio/file/PathMatcher
instanceKlass sun/nio/fs/Globs
instanceKlass net/minecraft/client/OptionInstance$CycleableValueSet
instanceKlass javax/crypto/JceSecurity$1
instanceKlass javax/crypto/JceSecurity
instanceKlass net/minecraft/client/OptionInstance
instanceKlass javax/crypto/Cipher$Transform
instanceKlass javax/crypto/Cipher
instanceKlass net/minecraft/client/resources/sounds/SoundInstance
instanceKlass sun/security/ssl/SSLCipher$StreamWriteCipherGenerator
instanceKlass sun/security/ssl/SSLCipher$StreamReadCipherGenerator
instanceKlass sun/security/ssl/SSLCipher$NullWriteCipherGenerator
instanceKlass sun/security/ssl/SSLCipher$WriteCipherGenerator
instanceKlass sun/security/ssl/SSLCipher$NullReadCipherGenerator
instanceKlass sun/security/ssl/SSLCipher$ReadCipherGenerator
instanceKlass net/minecraft/client/Options$FieldAccess
instanceKlass net/minecraft/client/OptionInstance$ValueSet
instanceKlass net/minecraft/client/Options
instanceKlass sun/security/ssl/SSLAlgorithmConstraints
instanceKlass sun/security/ssl/SSLLogger
instanceKlass sun/security/ec/SunEC$1
instanceKlass sun/security/mscapi/SunMSCAPI$2
instanceKlass net/minecraft/client/gui/components/toasts/ToastComponent
instanceKlass net/minecraft/network/chat/contents/KeybindResolver
instanceKlass net/minecraftforge/client/settings/IKeyConflictContext
instanceKlass sun/security/mscapi/SunMSCAPI$1
instanceKlass net/minecraft/client/KeyMapping
instanceKlass sun/security/pkcs11/SunPKCS11$Descriptor
instanceKlass javax/security/auth/callback/CallbackHandler
instanceKlass javax/security/auth/Subject
instanceKlass net/minecraftforge/client/extensions/IForgeKeyMapping
instanceKlass com/mojang/authlib/minecraft/UserApiService$1
instanceKlass sun/security/smartcardio/SunPCSC$1
instanceKlass sun/security/jca/ProviderConfig$ProviderLoader
instanceKlass sun/security/jca/ProviderConfig$3
instanceKlass javax/net/ssl/SSLContextSpi
instanceKlass javax/net/ssl/SSLContext
instanceKlass javax/net/ssl/SSLSocketFactory$1
instanceKlass javax/net/ssl/SSLSocketFactory$DefaultFactoryHolder
instanceKlass javax/net/SocketFactory
instanceKlass com/mojang/authlib/minecraft/BaseMinecraftSessionService
instanceKlass javax/net/ssl/HttpsURLConnection$DefaultHostnameVerifier
instanceKlass javax/net/ssl/HostnameVerifier
instanceKlass com/mojang/authlib/yggdrasil/ServicesKeySet
instanceKlass com/mojang/authlib/yggdrasil/YggdrasilServicesKeyInfo
instanceKlass com/mojang/authlib/yggdrasil/ServicesKeyInfo
instanceKlass com/mojang/authlib/yggdrasil/response/ProfileSearchResultsResponse$Serializer
instanceKlass com/mojang/authlib/yggdrasil/response/Response
instanceKlass com/mojang/authlib/GameProfile$Serializer
instanceKlass com/google/gson/internal/bind/TypeAdapters$30
instanceKlass com/mojang/authlib/minecraft/client/ObjectMapper
instanceKlass com/mojang/authlib/Environment$1
instanceKlass com/mojang/authlib/Environment
instanceKlass com/mojang/authlib/EnvironmentParser
instanceKlass com/mojang/authlib/UserAuthentication
instanceKlass com/mojang/authlib/GameProfileRepository
instanceKlass com/mojang/authlib/minecraft/UserApiService
instanceKlass com/mojang/authlib/minecraft/MinecraftSessionService
instanceKlass com/mojang/authlib/BaseAuthenticationService
instanceKlass com/mojang/authlib/AuthenticationService
instanceKlass net/minecraft/server/packs/repository/PackRepository
instanceKlass net/minecraft/server/packs/repository/PackSource$1
instanceKlass net/minecraft/server/packs/repository/PackSource
instanceKlass net/minecraft/server/packs/repository/FolderRepositorySource
instanceKlass net/minecraft/client/resources/DownloadedPackSource
instanceKlass net/minecraft/server/packs/linkfs/PathContents$2
instanceKlass net/minecraft/server/packs/linkfs/PathContents$1
instanceKlass net/minecraft/server/packs/VanillaPackResources
instanceKlass net/minecraft/server/packs/VanillaPackResourcesBuilder
instanceKlass net/minecraft/server/packs/linkfs/DummyFileAttributes
instanceKlass net/minecraft/server/packs/linkfs/LinkFSPath
instanceKlass com/google/common/base/NullnessCasts
instanceKlass com/google/common/base/AbstractIterator$1
instanceKlass net/minecraft/server/packs/linkfs/LinkFileSystem$Builder
instanceKlass net/minecraft/server/packs/linkfs/PathContents
instanceKlass net/minecraft/client/resources/IndexedAssetSource
instanceKlass net/minecraft/server/packs/BuiltInMetadata
instanceKlass net/minecraft/server/packs/metadata/pack/PackMetadataSectionSerializer
instanceKlass net/minecraft/server/packs/metadata/MetadataSectionType
instanceKlass net/minecraft/server/packs/metadata/pack/PackMetadataSection
instanceKlass net/minecraft/server/packs/metadata/MetadataSectionSerializer
instanceKlass net/minecraft/server/packs/repository/BuiltInPackSource
instanceKlass net/minecraft/server/packs/repository/RepositorySource
instanceKlass net/minecraft/client/ResourceLoadStateTracker
instanceKlass net/minecraft/util/profiling/metrics/profiling/InactiveMetricsRecorder
instanceKlass java/util/function/IntSupplier
instanceKlass net/minecraft/util/profiling/ContinuousProfiler
instanceKlass net/minecraft/util/profiling/ProfileResults
instanceKlass net/minecraft/util/profiling/InactiveProfiler
instanceKlass net/minecraft/util/profiling/ProfileCollector
instanceKlass it/unimi/dsi/fastutil/objects/Object2BooleanFunction
instanceKlass net/minecraft/server/packs/resources/SimplePreparableReloadListener
instanceKlass net/minecraft/util/FrameTimer
instanceKlass net/minecraft/client/searchtree/SearchRegistry$Key
instanceKlass net/minecraft/client/searchtree/SearchRegistry
instanceKlass net/minecraft/server/packs/resources/ResourceManagerReloadListener
instanceKlass net/minecraft/client/Timer
instanceKlass net/minecraft/util/profiling/metrics/MetricSampler
instanceKlass net/minecraft/util/profiling/metrics/MetricsRegistry
instanceKlass net/minecraft/core/RegistryAccess
instanceKlass net/minecraft/client/multiplayer/ClientAdvancements$Listener
instanceKlass net/minecraft/advancements/AdvancementList$Listener
instanceKlass net/minecraft/client/gui/screens/inventory/MenuAccess
instanceKlass net/minecraft/client/gui/screens/recipebook/RecipeUpdateListener
instanceKlass net/minecraft/world/item/TooltipFlag
instanceKlass net/minecraft/server/level/progress/ChunkProgressListener
instanceKlass net/minecraft/util/profiling/metrics/profiling/MetricsRecorder
instanceKlass net/minecraft/util/profiling/metrics/MetricsSamplerProvider
instanceKlass net/minecraft/client/searchtree/RefreshableSearchTree
instanceKlass net/minecraft/client/searchtree/SearchTree
instanceKlass net/minecraft/util/ProgressListener
instanceKlass dev/architectury/event/forge/EventHandlerImplCommon$LevelEventAttachment
instanceKlass net/minecraft/client/gui/Gui
instanceKlass net/minecraft/server/packs/resources/PreparableReloadListener
instanceKlass com/mojang/blaze3d/pipeline/RenderTarget
instanceKlass net/minecraft/server/packs/PackResources
instanceKlass net/minecraftforge/common/extensions/IForgePackResources
instanceKlass net/minecraft/util/profiling/ProfilerFiller
instanceKlass net/minecraft/client/gui/components/events/AbstractContainerEventHandler
instanceKlass net/minecraft/client/gui/components/events/ContainerEventHandler
instanceKlass net/minecraft/client/gui/components/events/GuiEventListener
instanceKlass net/minecraft/client/gui/components/TabOrderedElement
instanceKlass net/sixik/sdmuilib/mixin/ScreenAccessor
instanceKlass com/mojang/blaze3d/vertex/PoseStack$Pose
instanceKlass com/mojang/blaze3d/vertex/PoseStack
instanceKlass net/minecraftforge/client/extensions/IForgePoseStack
instanceKlass com/mojang/blaze3d/vertex/VertexSorting$DistanceFunction
instanceKlass com/mojang/blaze3d/vertex/VertexSorting
instanceKlass org/joml/Vector2i
instanceKlass org/joml/Vector2ic
instanceKlass org/joml/Vector2f
instanceKlass org/joml/Vector2fc
instanceKlass org/joml/Vector3i
instanceKlass org/joml/Vector3ic
instanceKlass org/joml/Vector4i
instanceKlass org/joml/Vector4ic
instanceKlass org/joml/Vector4f
instanceKlass org/joml/Matrix2f
instanceKlass org/joml/Matrix2fc
instanceKlass org/joml/Matrix3x2f
instanceKlass org/joml/Matrix3x2fc
instanceKlass org/joml/Matrix3d
instanceKlass org/joml/Matrix3dc
instanceKlass org/joml/Matrix4x3f
instanceKlass org/joml/Matrix4x3fc
instanceKlass org/joml/Matrix4d
instanceKlass org/joml/Matrix4dc
instanceKlass org/joml/Options
instanceKlass org/joml/MemUtil
instanceKlass org/joml/Matrix3f
instanceKlass it/unimi/dsi/fastutil/ints/IntConsumer
instanceKlass com/mojang/blaze3d/systems/RenderSystem$AutoStorageIndexBuffer$IndexGenerator
instanceKlass com/mojang/blaze3d/systems/RenderSystem$AutoStorageIndexBuffer
instanceKlass com/mojang/blaze3d/platform/MemoryTracker
instanceKlass com/mojang/blaze3d/vertex/DefaultedVertexConsumer
instanceKlass com/mojang/blaze3d/vertex/Tesselator
instanceKlass com/google/common/collect/Queues
instanceKlass org/joml/Matrix3fc
instanceKlass com/mojang/blaze3d/systems/RenderSystem
instanceKlass net/minecraft/client/main/GameConfig$GameData
instanceKlass net/minecraft/client/main/GameConfig$FolderData
instanceKlass com/mojang/blaze3d/platform/DisplayData
instanceKlass net/minecraft/client/main/GameConfig$UserData
instanceKlass net/minecraft/client/main/GameConfig
instanceKlass net/minecraft/DefaultUncaughtExceptionHandler
instanceKlass com/google/common/collect/AbstractMapBasedMultimap$WrappedCollection$WrappedIterator
instanceKlass com/google/common/collect/HashBiMap$Itr
instanceKlass org/apache/commons/lang3/LocaleUtils
instanceKlass org/apache/commons/lang3/text/FormatFactory
instanceKlass net/minecraftforge/common/ForgeI18n
instanceKlass net/minecraftforge/internal/TextComponentMessageFormatHandler
instanceKlass net/minecraft/server/packs/resources/ResourceManager
instanceKlass net/minecraft/server/packs/resources/ResourceProvider
instanceKlass net/minecraftforge/server/LanguageHook
instanceKlass net/minecraft/locale/Language
instanceKlass net/minecraft/network/chat/FormattedText$ContentConsumer
instanceKlass java/util/IdentityHashMap$IdentityHashMapSpliterator
instanceKlass it/unimi/dsi/fastutil/objects/ObjectArrayList$Spliterator
instanceKlass net/minecraft/world/item/ItemStackLinkedSet$1
instanceKlass net/minecraft/world/item/ItemStackLinkedSet
instanceKlass net/minecraft/world/item/CreativeModeTab$DisplayItemsGenerator
instanceKlass net/minecraft/world/item/CreativeModeTab$Builder
instanceKlass net/minecraft/world/item/CreativeModeTab$Output
instanceKlass net/minecraft/util/CubicSpline
instanceKlass net/minecraft/util/ToFloatFunction$1
instanceKlass it/unimi/dsi/fastutil/floats/Float2FloatFunction
instanceKlass net/minecraft/util/ToFloatFunction
instanceKlass net/minecraft/world/level/levelgen/DensityFunctions$TwoArgumentSimpleFunction
instanceKlass net/minecraft/world/level/levelgen/DensityFunctions$PureTransformer
instanceKlass net/minecraft/world/level/levelgen/DensityFunctions$ShiftNoise
instanceKlass net/minecraft/world/level/levelgen/NoiseRouterData$QuantizedSpaghettiRarity
instanceKlass it/unimi/dsi/fastutil/doubles/Double2DoubleFunction
instanceKlass net/minecraft/world/level/levelgen/DensityFunctions$TransformerWithContext
instanceKlass net/minecraft/world/level/levelgen/DensityFunctions$EndIslandDensityFunction
instanceKlass net/minecraft/world/level/levelgen/DensityFunctions$MarkerOrMarked
instanceKlass net/minecraft/world/level/levelgen/synth/BlendedNoise
instanceKlass net/minecraft/world/level/levelgen/SurfaceRules$SurfaceRule
instanceKlass net/minecraft/world/level/levelgen/SurfaceRules$Condition
instanceKlass net/minecraft/world/level/levelgen/SurfaceRules$BiomeConditionSource
instanceKlass net/minecraft/data/worldgen/placement/PlacementUtils
instanceKlass net/minecraft/data/worldgen/placement/MiscOverworldPlacements
instanceKlass com/mojang/serialization/MapCodec$7
instanceKlass net/minecraft/world/level/levelgen/flat/FlatLayerInfo
instanceKlass net/minecraft/world/level/levelgen/flat/FlatLevelGeneratorSettings
instanceKlass net/minecraft/world/level/levelgen/SurfaceRules
instanceKlass net/minecraft/world/level/levelgen/DensityFunctions$BeardifierOrMarker
instanceKlass net/minecraft/world/level/levelgen/DensityFunction$SimpleFunction
instanceKlass net/minecraft/resources/RegistryOps$RegistryInfoLookup
instanceKlass net/minecraft/resources/DelegatingOps
instanceKlass net/minecraft/world/level/biome/MultiNoiseBiomeSourceParameterList$Preset$2
instanceKlass net/minecraft/world/level/biome/MultiNoiseBiomeSourceParameterList$Preset$1
instanceKlass net/minecraft/world/level/biome/MultiNoiseBiomeSourceParameterList$Preset$SourceProvider
instanceKlass net/minecraft/world/level/biome/MultiNoiseBiomeSourceParameterList
instanceKlass net/minecraft/world/level/biome/Climate
instanceKlass net/minecraft/world/level/biome/Climate$ParameterList
instanceKlass net/minecraft/world/level/levelgen/synth/SimplexNoise
instanceKlass it/unimi/dsi/fastutil/ints/IntRBTreeSet$Entry
instanceKlass net/minecraft/world/level/levelgen/synth/PerlinSimplexNoise
instanceKlass net/minecraft/world/level/biome/MobSpawnSettings$Builder
instanceKlass com/mojang/serialization/Decoder$3
instanceKlass net/minecraft/world/level/biome/BiomeGenerationSettings
instanceKlass com/mojang/datafixers/util/Function12
instanceKlass com/mojang/datafixers/Products$P12
instanceKlass net/minecraft/sounds/Music
instanceKlass net/minecraft/world/level/biome/AmbientAdditionsSettings
instanceKlass net/minecraft/world/level/biome/AmbientMoodSettings
instanceKlass net/minecraft/world/level/biome/AmbientParticleSettings
instanceKlass net/minecraft/world/level/biome/BiomeSpecialEffects
instanceKlass it/unimi/dsi/fastutil/longs/AbstractLong2FloatFunction
instanceKlass it/unimi/dsi/fastutil/longs/Long2FloatSortedMap
instanceKlass it/unimi/dsi/fastutil/longs/Long2FloatMap
instanceKlass it/unimi/dsi/fastutil/longs/Long2FloatFunction
instanceKlass java/util/function/LongToDoubleFunction
instanceKlass net/minecraft/world/level/biome/Biome
instanceKlass net/minecraft/world/level/biome/BiomeSource
instanceKlass net/minecraft/world/level/biome/BiomeResolver
instanceKlass net/minecraft/world/level/levelgen/synth/NormalNoise
instanceKlass net/minecraft/world/level/levelgen/structure/pools/StructurePoolElement
instanceKlass net/minecraft/world/level/levelgen/structure/pools/StructureTemplatePool
instanceKlass net/minecraft/util/random/WeightedRandom
instanceKlass net/minecraft/world/level/levelgen/structure/StructurePieceAccessor
instanceKlass net/minecraft/world/level/levelgen/GenerationStep
instanceKlass net/minecraft/util/StringRepresentable$1
instanceKlass net/minecraft/world/level/biome/MobSpawnSettings
instanceKlass net/minecraft/util/random/WeightedEntry$IntrusiveBase
instanceKlass net/minecraft/core/HolderLookup$Provider
instanceKlass net/minecraft/world/level/levelgen/structure/pieces/StructurePieceType$StructureTemplateType
instanceKlass net/minecraft/world/level/levelgen/structure/StructurePiece$BlockSelector
instanceKlass net/minecraft/world/level/levelgen/structure/StructurePiece
instanceKlass net/minecraft/world/level/levelgen/structure/pieces/StructurePieceType$ContextlessType
instanceKlass com/mojang/datafixers/Products
instanceKlass net/minecraft/world/level/levelgen/structure/Structure
instanceKlass net/minecraft/world/level/levelgen/structure/placement/StructurePlacement$FrequencyReducer
instanceKlass net/minecraft/world/level/levelgen/structure/placement/StructurePlacement
instanceKlass net/minecraft/world/level/levelgen/feature/configurations/PointedDripstoneConfiguration
instanceKlass com/mojang/datafixers/util/Function9
instanceKlass com/mojang/datafixers/Products$P9
instanceKlass net/minecraft/world/level/levelgen/feature/configurations/LargeDripstoneConfiguration
instanceKlass com/mojang/datafixers/util/Function11
instanceKlass com/mojang/datafixers/Products$P11
instanceKlass net/minecraft/world/level/levelgen/feature/configurations/DripstoneClusterConfiguration
instanceKlass net/minecraft/world/level/levelgen/GeodeCrackSettings
instanceKlass net/minecraft/world/level/levelgen/GeodeLayerSettings
instanceKlass net/minecraft/world/level/levelgen/GeodeBlockSettings
instanceKlass net/minecraft/world/level/levelgen/feature/configurations/GeodeConfiguration
instanceKlass net/minecraft/world/level/levelgen/feature/configurations/RandomBooleanFeatureConfiguration
instanceKlass net/minecraft/world/level/levelgen/feature/configurations/SimpleRandomFeatureConfiguration
instanceKlass net/minecraft/world/level/levelgen/feature/WeightedPlacedFeature
instanceKlass net/minecraft/world/level/levelgen/feature/configurations/RandomFeatureConfiguration
instanceKlass net/minecraft/world/level/levelgen/feature/configurations/LayerConfiguration
instanceKlass net/minecraft/world/level/levelgen/feature/configurations/ReplaceSphereConfiguration
instanceKlass net/minecraft/world/level/levelgen/feature/configurations/DeltaFeatureConfiguration
instanceKlass net/minecraft/world/level/levelgen/feature/configurations/ColumnFeatureConfiguration
instanceKlass net/minecraft/world/level/levelgen/feature/HugeFungusConfiguration
instanceKlass net/minecraft/world/level/levelgen/feature/configurations/CountConfiguration
instanceKlass net/minecraft/world/level/levelgen/feature/configurations/EndGatewayConfiguration
instanceKlass net/minecraft/world/level/levelgen/feature/SpikeFeature$EndSpike
instanceKlass net/minecraft/world/level/levelgen/feature/configurations/SpikeConfiguration
instanceKlass net/minecraft/world/level/levelgen/feature/configurations/BlockStateConfiguration
instanceKlass net/minecraft/world/level/levelgen/feature/configurations/UnderwaterMagmaConfiguration
instanceKlass com/mojang/datafixers/Products$P7
instanceKlass net/minecraft/world/level/levelgen/feature/configurations/MultifaceGrowthConfiguration
instanceKlass com/mojang/datafixers/util/Function13
instanceKlass com/mojang/datafixers/Products$P13
instanceKlass net/minecraft/world/level/levelgen/feature/configurations/RootSystemConfiguration
instanceKlass net/minecraft/world/level/levelgen/feature/configurations/VegetationPatchConfiguration
instanceKlass net/minecraft/world/level/levelgen/feature/configurations/HugeMushroomFeatureConfiguration
instanceKlass net/minecraft/world/level/levelgen/structure/templatesystem/ProcessorRule
instanceKlass net/minecraft/world/level/levelgen/structure/templatesystem/StructureProcessorList
instanceKlass net/minecraft/world/level/levelgen/feature/FossilFeatureConfiguration
instanceKlass net/minecraft/world/level/block/state/predicate/BlockStatePredicate
instanceKlass net/minecraft/world/level/ChunkPos
instanceKlass net/minecraft/world/level/levelgen/feature/configurations/OreConfiguration
instanceKlass net/minecraft/world/level/levelgen/feature/configurations/OreConfiguration$TargetBlockState
instanceKlass net/minecraft/world/level/levelgen/feature/configurations/ReplaceBlockConfiguration
instanceKlass net/minecraft/world/level/levelgen/feature/configurations/SpringConfiguration
instanceKlass net/minecraft/world/level/levelgen/feature/configurations/BlockPileConfiguration
instanceKlass net/minecraft/world/level/levelgen/placement/PlacementModifier
instanceKlass com/mojang/datafixers/util/Function10
instanceKlass com/mojang/datafixers/Products$P10
instanceKlass net/minecraft/world/level/levelgen/feature/treedecorators/TreeDecorator
instanceKlass net/minecraft/world/level/levelgen/feature/rootplacers/RootPlacer
instanceKlass net/minecraft/world/level/levelgen/feature/configurations/TreeConfiguration
instanceKlass net/minecraft/world/level/levelgen/feature/foliageplacers/FoliagePlacer$FoliageSetter
instanceKlass net/minecraft/world/level/levelgen/carver/CanyonCarverConfiguration$CanyonShapeConfiguration
instanceKlass com/mojang/datafixers/util/Function6
instanceKlass com/mojang/datafixers/Products$P6
instanceKlass net/minecraft/world/level/levelgen/carver/CarverDebugSettings
instanceKlass net/minecraft/world/level/levelgen/feature/configurations/NoneFeatureConfiguration
instanceKlass net/minecraft/world/level/levelgen/feature/configurations/ProbabilityFeatureConfiguration
instanceKlass net/minecraft/world/level/levelgen/DensityFunction$FunctionContext
instanceKlass net/minecraft/world/level/levelgen/WorldGenerationContext
instanceKlass net/minecraft/world/level/levelgen/blockpredicates/TrueBlockPredicate
instanceKlass net/minecraft/world/level/levelgen/blockpredicates/NotPredicate
instanceKlass net/minecraft/core/HolderSet$ListBacked
instanceKlass net/minecraft/world/level/levelgen/blockpredicates/CombiningPredicate
instanceKlass net/minecraft/world/level/levelgen/blockpredicates/InsideWorldBoundsPredicate
instanceKlass net/minecraft/world/level/levelgen/blockpredicates/WouldSurvivePredicate
instanceKlass net/minecraft/world/level/levelgen/blockpredicates/HasSturdyFacePredicate
instanceKlass net/minecraft/util/ExtraCodecs$EitherCodec
instanceKlass net/minecraftforge/registries/holdersets/HolderSetType
instanceKlass net/minecraftforge/registries/holdersets/ICustomHolderSet
instanceKlass net/minecraft/resources/HolderSetCodec
instanceKlass net/minecraft/resources/RegistryFixedCodec
instanceKlass net/minecraft/core/RegistryCodecs
instanceKlass net/minecraft/world/level/levelgen/blockpredicates/StateTestingPredicate
instanceKlass net/minecraft/world/level/levelgen/blockpredicates/BlockPredicate
instanceKlass net/minecraft/util/ExtraCodecs$XorCodec
instanceKlass net/minecraft/util/ExtraCodecs$4
instanceKlass com/mojang/datafixers/util/Function7
instanceKlass com/mojang/datafixers/util/Function15
instanceKlass com/mojang/datafixers/Products$P15
instanceKlass net/minecraft/world/level/dimension/BuiltinDimensionTypes
instanceKlass net/minecraft/world/level/levelgen/VerticalAnchor
instanceKlass net/minecraft/world/level/levelgen/heightproviders/HeightProvider
instanceKlass net/minecraft/util/random/Weight
instanceKlass net/minecraft/util/random/WeightedEntry$Wrapper
instanceKlass net/minecraft/util/random/WeightedEntry
instanceKlass net/minecraft/util/random/WeightedRandomList
instanceKlass net/minecraft/util/valueproviders/FloatProvider
instanceKlass net/minecraft/util/valueproviders/SampledFloat
instanceKlass net/minecraft/world/level/storage/loot/providers/score/ContextScoreboardNameProvider$Serializer
instanceKlass net/minecraft/world/level/storage/loot/providers/score/FixedScoreboardNameProvider$Serializer
instanceKlass net/minecraft/world/level/storage/loot/providers/score/ScoreboardNameProviders
instanceKlass net/minecraft/world/level/storage/loot/providers/nbt/ContextNbtProvider$Serializer
instanceKlass net/minecraft/world/level/storage/loot/providers/nbt/StorageNbtProvider$Serializer
instanceKlass net/minecraft/world/level/storage/loot/providers/nbt/NbtProviders
instanceKlass net/minecraft/world/level/storage/loot/providers/number/ScoreboardValue$Serializer
instanceKlass net/minecraft/world/level/storage/loot/providers/number/BinomialDistributionGenerator$Serializer
instanceKlass net/minecraft/world/level/storage/loot/providers/number/UniformGenerator$Serializer
instanceKlass net/minecraft/world/level/storage/loot/providers/number/ConstantValue$Serializer
instanceKlass net/minecraft/world/level/storage/loot/GsonAdapterFactory$InlineSerializer
instanceKlass net/minecraft/world/level/storage/loot/providers/number/NumberProviders
instanceKlass net/minecraft/world/level/storage/loot/predicates/ValueCheckCondition$Serializer
instanceKlass net/minecraft/world/level/storage/loot/predicates/TimeCheck$Serializer
instanceKlass net/minecraft/world/level/storage/loot/predicates/ConditionReference$Serializer
instanceKlass net/minecraft/world/level/storage/loot/predicates/WeatherCheck$Serializer
instanceKlass net/minecraft/world/level/storage/loot/predicates/LocationCheck$Serializer
instanceKlass net/minecraft/world/level/storage/loot/predicates/DamageSourceCondition$Serializer
instanceKlass net/minecraft/world/level/storage/loot/predicates/ExplosionCondition$Serializer
instanceKlass net/minecraft/world/level/storage/loot/predicates/BonusLevelTableCondition$Serializer
instanceKlass net/minecraft/world/level/storage/loot/predicates/MatchTool$Serializer
instanceKlass net/minecraft/world/level/storage/loot/predicates/LootItemBlockStatePropertyCondition$Serializer
instanceKlass net/minecraft/world/level/storage/loot/predicates/EntityHasScoreCondition$Serializer
instanceKlass net/minecraft/world/level/storage/loot/predicates/LootItemKilledByPlayerCondition$Serializer
instanceKlass net/minecraft/world/level/storage/loot/predicates/LootItemEntityPropertyCondition$Serializer
instanceKlass net/minecraft/world/level/storage/loot/predicates/LootItemRandomChanceWithLootingCondition$Serializer
instanceKlass net/minecraft/world/level/storage/loot/predicates/LootItemRandomChanceCondition$Serializer
instanceKlass net/minecraft/world/level/storage/loot/predicates/CompositeLootItemCondition
instanceKlass net/minecraft/world/level/storage/loot/predicates/CompositeLootItemCondition$Serializer
instanceKlass net/minecraft/world/level/storage/loot/predicates/InvertedLootItemCondition$Serializer
instanceKlass net/minecraft/world/level/storage/loot/predicates/LootItemConditions
instanceKlass net/minecraft/world/level/storage/loot/functions/LootItemConditionalFunction
instanceKlass net/minecraft/world/level/storage/loot/functions/LootItemFunction
instanceKlass net/minecraft/world/level/storage/loot/functions/LootItemConditionalFunction$Serializer
instanceKlass net/minecraft/world/level/storage/loot/functions/LootItemFunctions
instanceKlass net/minecraft/world/level/storage/loot/LootContext
instanceKlass net/minecraft/world/level/storage/loot/predicates/LootItemCondition
instanceKlass net/minecraft/world/level/storage/loot/LootContextUser
instanceKlass net/minecraft/world/level/storage/loot/entries/CompositeEntryBase$CompositeEntryConstructor
instanceKlass net/minecraft/world/level/storage/loot/entries/LootPoolEntryContainer
instanceKlass net/minecraft/world/level/storage/loot/entries/ComposableEntryContainer
instanceKlass net/minecraft/world/level/storage/loot/entries/LootPoolEntryContainer$Serializer
instanceKlass net/minecraft/world/level/storage/loot/Serializer
instanceKlass net/minecraft/world/level/storage/loot/entries/LootPoolEntries
instanceKlass net/minecraft/world/entity/schedule/Keyframe
instanceKlass net/minecraft/world/entity/schedule/Timeline
instanceKlass net/minecraft/world/entity/schedule/ScheduleBuilder$ActivityTransition
instanceKlass net/minecraft/world/entity/schedule/ScheduleBuilder
instanceKlass net/minecraft/world/level/biome/Biomes
instanceKlass net/minecraft/gametest/framework/TestClassNameArgument
instanceKlass net/minecraft/gametest/framework/TestFunctionArgument
instanceKlass net/minecraft/commands/arguments/UuidArgument
instanceKlass net/minecraft/commands/arguments/StringRepresentableArgument
instanceKlass net/minecraft/commands/arguments/ResourceKeyArgument$Info
instanceKlass net/minecraft/commands/arguments/ResourceKeyArgument
instanceKlass net/minecraft/commands/arguments/ResourceArgument$Info
instanceKlass net/minecraft/commands/arguments/ResourceArgument
instanceKlass net/minecraft/commands/arguments/ResourceOrTagKeyArgument$Info
instanceKlass net/minecraft/commands/arguments/ResourceOrTagKeyArgument
instanceKlass net/minecraft/commands/arguments/ResourceOrTagArgument$Info
instanceKlass net/minecraft/commands/arguments/ResourceOrTagArgument
instanceKlass net/minecraft/commands/arguments/TimeArgument$Info
instanceKlass net/minecraft/commands/arguments/TimeArgument
instanceKlass net/minecraft/commands/arguments/GameModeArgument
instanceKlass net/minecraft/commands/arguments/DimensionArgument
instanceKlass net/minecraft/commands/arguments/RangeArgument$Floats
instanceKlass net/minecraft/commands/arguments/RangeArgument$Ints
instanceKlass net/minecraft/commands/arguments/RangeArgument
instanceKlass net/minecraft/commands/arguments/EntityAnchorArgument
instanceKlass net/minecraft/commands/arguments/item/FunctionArgument$Result
instanceKlass net/minecraft/commands/arguments/item/FunctionArgument
instanceKlass net/minecraft/commands/arguments/ResourceLocationArgument
instanceKlass net/minecraft/commands/arguments/SlotArgument
instanceKlass net/minecraft/commands/arguments/TeamArgument
instanceKlass net/minecraft/commands/arguments/coordinates/SwizzleArgument
instanceKlass net/minecraft/commands/arguments/ScoreHolderArgument$Info
instanceKlass net/minecraft/commands/arguments/ScoreHolderArgument
instanceKlass net/minecraft/commands/arguments/ScoreboardSlotArgument
instanceKlass net/minecraft/commands/arguments/coordinates/RotationArgument
instanceKlass net/minecraft/commands/arguments/AngleArgument
instanceKlass net/minecraft/commands/arguments/ParticleArgument
instanceKlass net/minecraft/commands/arguments/OperationArgument$Operation
instanceKlass net/minecraft/commands/arguments/OperationArgument
instanceKlass net/minecraft/commands/arguments/ObjectiveCriteriaArgument
instanceKlass net/minecraft/commands/arguments/ObjectiveArgument
instanceKlass net/minecraft/commands/arguments/NbtPathArgument$Node
instanceKlass net/minecraft/commands/arguments/NbtPathArgument
instanceKlass net/minecraft/commands/arguments/NbtTagArgument
instanceKlass net/minecraft/commands/arguments/CompoundTagArgument
instanceKlass net/minecraft/commands/arguments/MessageArgument
instanceKlass net/minecraft/commands/arguments/SignedArgument
instanceKlass net/minecraft/commands/arguments/ComponentArgument
instanceKlass net/minecraft/commands/arguments/ColorArgument
instanceKlass net/minecraft/commands/arguments/item/ItemPredicateArgument
instanceKlass net/minecraft/commands/arguments/item/ItemArgument
instanceKlass net/minecraft/commands/arguments/blocks/BlockPredicateArgument$Result
instanceKlass net/minecraft/commands/arguments/blocks/BlockPredicateArgument
instanceKlass net/minecraft/commands/arguments/blocks/BlockStateArgument
instanceKlass net/minecraft/commands/arguments/coordinates/Vec2Argument
instanceKlass net/minecraft/commands/arguments/coordinates/Vec3Argument
instanceKlass net/minecraft/commands/arguments/coordinates/ColumnPosArgument
instanceKlass net/minecraft/commands/arguments/coordinates/Coordinates
instanceKlass net/minecraft/commands/arguments/coordinates/BlockPosArgument
instanceKlass net/minecraft/commands/arguments/GameProfileArgument$Result
instanceKlass net/minecraft/commands/arguments/GameProfileArgument
instanceKlass net/minecraft/commands/arguments/EntityArgument$Info
instanceKlass net/minecraft/commands/arguments/EntityArgument
instanceKlass net/minecraft/commands/synchronization/brigadier/StringArgumentSerializer
instanceKlass com/mojang/brigadier/arguments/StringArgumentType
instanceKlass net/minecraft/commands/synchronization/brigadier/LongArgumentInfo
instanceKlass com/mojang/brigadier/arguments/LongArgumentType
instanceKlass net/minecraft/commands/synchronization/brigadier/IntegerArgumentInfo
instanceKlass com/mojang/brigadier/arguments/IntegerArgumentType
instanceKlass net/minecraft/commands/synchronization/brigadier/DoubleArgumentInfo
instanceKlass com/mojang/brigadier/arguments/DoubleArgumentType
instanceKlass net/minecraft/commands/synchronization/brigadier/FloatArgumentInfo
instanceKlass com/mojang/brigadier/arguments/FloatArgumentType
instanceKlass net/minecraft/commands/synchronization/SingletonArgumentInfo$Template
instanceKlass net/minecraft/commands/CommandBuildContext
instanceKlass net/minecraft/commands/synchronization/ArgumentTypeInfo$Template
instanceKlass net/minecraft/commands/synchronization/SingletonArgumentInfo
instanceKlass com/mojang/brigadier/arguments/BoolArgumentType
instanceKlass com/mojang/brigadier/arguments/ArgumentType
instanceKlass net/minecraft/world/level/gameevent/EntityPositionSource$Type
instanceKlass net/minecraft/world/level/gameevent/BlockPositionSource$Type
instanceKlass net/minecraft/world/item/crafting/SmithingTrimRecipe$Serializer
instanceKlass net/minecraft/world/item/crafting/SmithingTransformRecipe$Serializer
instanceKlass net/minecraft/world/item/crafting/SingleItemRecipe
instanceKlass net/minecraft/world/item/crafting/SingleItemRecipe$Serializer$SingleItemMaker
instanceKlass net/minecraft/world/item/crafting/SingleItemRecipe$Serializer
instanceKlass net/minecraft/world/item/crafting/AbstractCookingRecipe
instanceKlass net/minecraft/world/item/crafting/SimpleCookingSerializer$CookieBaker
instanceKlass net/minecraft/world/item/crafting/SimpleCookingSerializer
instanceKlass net/minecraft/world/item/crafting/ShapedRecipe
instanceKlass net/minecraftforge/common/crafting/IShapedRecipe
instanceKlass net/minecraft/world/item/crafting/CustomRecipe
instanceKlass net/minecraft/world/item/crafting/CraftingRecipe
instanceKlass net/minecraft/world/item/crafting/SimpleCraftingRecipeSerializer$Factory
instanceKlass net/minecraft/world/item/crafting/SimpleCraftingRecipeSerializer
instanceKlass net/minecraft/world/item/crafting/ShapelessRecipe$Serializer
instanceKlass net/minecraft/world/item/crafting/ShapedRecipe$Serializer
instanceKlass net/minecraft/world/item/crafting/RecipeType$1
instanceKlass net/minecraft/world/inventory/ResultContainer
instanceKlass net/minecraft/world/item/crafting/Recipe
instanceKlass net/minecraft/world/inventory/Slot
instanceKlass net/minecraft/world/SimpleContainer
instanceKlass net/minecraft/world/entity/player/Inventory
instanceKlass net/minecraft/world/inventory/MenuType$MenuSupplier
instanceKlass com/mojang/datafixers/util/Function5
instanceKlass com/mojang/datafixers/Products$P5
instanceKlass com/mojang/datafixers/Products$P4
instanceKlass com/mojang/serialization/MapCodec$6
instanceKlass net/minecraft/world/level/levelgen/structure/templatesystem/PosRuleTest
instanceKlass net/minecraft/world/level/levelgen/structure/templatesystem/rule/blockentity/AppendLoot
instanceKlass net/minecraft/world/level/levelgen/structure/templatesystem/rule/blockentity/AppendStatic
instanceKlass net/minecraft/world/level/levelgen/structure/templatesystem/rule/blockentity/Passthrough
instanceKlass net/minecraft/world/level/levelgen/structure/templatesystem/rule/blockentity/Clear
instanceKlass net/minecraft/world/level/levelgen/structure/templatesystem/rule/blockentity/RuleBlockEntityModifier
instanceKlass net/minecraft/world/level/levelgen/structure/templatesystem/RuleTest
instanceKlass it/unimi/dsi/fastutil/ints/IntStack
instanceKlass net/minecraft/world/level/chunk/ChunkGenerator
instanceKlass net/minecraft/world/level/chunk/ChunkStatus$SimpleGenerationTask
instanceKlass net/minecraft/world/level/levelgen/structure/templatesystem/StructureTemplateManager
instanceKlass net/minecraft/world/level/chunk/ChunkStatus$LoadingTask
instanceKlass net/minecraft/util/BitStorage
instanceKlass net/minecraft/world/level/levelgen/Heightmap
instanceKlass net/minecraft/world/level/chunk/ChunkStatus$GenerationTask
instanceKlass net/minecraft/world/level/lighting/LevelLightEngine
instanceKlass net/minecraft/world/level/lighting/LightEventListener
instanceKlass net/minecraft/world/scores/criteria/ObjectiveCriteria
instanceKlass net/minecraft/stats/StatFormatter
instanceKlass net/minecraft/stats/Stats
instanceKlass net/minecraft/world/level/levelgen/structure/templatesystem/StructureProcessor
instanceKlass net/minecraftforge/items/IItemHandlerModifiable
instanceKlass net/minecraft/world/level/block/entity/ContainerOpenersCounter
instanceKlass net/minecraft/world/level/block/entity/BlockEntityType$Builder
instanceKlass net/minecraft/world/inventory/ContainerData
instanceKlass net/minecraftforge/items/IItemHandler
instanceKlass net/minecraft/world/level/block/entity/BlockEntityType$BlockEntitySupplier
instanceKlass net/minecraft/world/item/enchantment/Enchantments
instanceKlass net/minecraft/world/level/block/ShulkerBoxBlock$1
instanceKlass com/google/common/collect/FluentIterable
instanceKlass net/minecraft/core/dispenser/DispenseItemBehavior$8
instanceKlass net/minecraft/core/dispenser/DispenseItemBehavior$7
instanceKlass net/minecraft/commands/arguments/selector/EntitySelectorParser
instanceKlass net/minecraft/commands/arguments/selector/options/EntitySelectorOptions$Modifier
instanceKlass net/minecraft/world/scores/Scoreboard
instanceKlass net/minecraft/commands/arguments/selector/options/EntitySelectorOptions
instanceKlass net/minecraft/nbt/IntTag$Cache
instanceKlass net/minecraft/nbt/IntTag$1
instanceKlass net/minecraft/nbt/TagType$StaticSize
instanceKlass net/minecraft/nbt/NumericTag
instanceKlass net/minecraft/world/item/alchemy/Potions
instanceKlass net/minecraft/world/item/alchemy/PotionBrewing$Mix
instanceKlass net/minecraft/world/item/crafting/Ingredient$ItemValue
instanceKlass net/minecraftforge/common/crafting/IIngredientSerializer
instanceKlass net/minecraft/world/item/crafting/Ingredient$Value
instanceKlass net/minecraft/world/item/alchemy/PotionBrewing
instanceKlass net/minecraft/world/item/armortrim/TrimPatterns
instanceKlass net/minecraft/network/protocol/game/ServerboundInteractPacket$Handler
instanceKlass net/minecraft/commands/CommandSigningContext
instanceKlass net/minecraftforge/network/ICustomPacket
instanceKlass net/minecraft/server/network/ServerGamePacketListenerImpl
instanceKlass net/minecraft/network/protocol/game/ServerGamePacketListener
instanceKlass net/minecraft/network/protocol/game/ServerPacketListener
instanceKlass net/minecraft/network/TickablePacketListener
instanceKlass net/minecraft/network/PacketListener
instanceKlass net/minecraft/server/network/ServerPlayerConnection
instanceKlass net/minecraft/tags/InstrumentTags
instanceKlass net/minecraft/tags/BannerPatternTags
instanceKlass net/minecraft/util/FastColor$ARGB32
instanceKlass net/minecraft/network/chat/Style$1
instanceKlass net/minecraft/world/effect/MobEffectInstance
instanceKlass net/minecraftforge/common/extensions/IForgeMobEffectInstance
instanceKlass net/minecraft/world/food/FoodProperties
instanceKlass net/minecraft/world/food/FoodProperties$Builder
instanceKlass dev/architectury/extensions/injected/InjectedFoodPropertiesBuilderExtension
instanceKlass net/minecraft/world/food/Foods
instanceKlass net/minecraft/util/LazyLoadedValue
instanceKlass net/minecraft/world/item/crafting/Ingredient
instanceKlass net/minecraft/world/entity/EntitySelector
instanceKlass net/minecraft/world/item/trading/Merchant
instanceKlass net/minecraft/world/entity/npc/Npc
instanceKlass net/minecraft/world/entity/ReputationEventHandler
instanceKlass net/minecraft/world/entity/Display$IntInterpolator
instanceKlass net/minecraft/world/level/storage/LevelData
instanceKlass net/minecraft/world/level/chunk/ChunkAccess
instanceKlass net/minecraft/world/level/chunk/StructureAccess
instanceKlass net/minecraft/world/level/chunk/LightChunk
instanceKlass net/minecraft/world/level/redstone/NeighborUpdater
instanceKlass net/minecraft/world/level/border/WorldBorder
instanceKlass net/minecraft/world/entity/ai/memory/ExpirableValue
instanceKlass it/unimi/dsi/fastutil/longs/Long2LongMap
instanceKlass it/unimi/dsi/fastutil/longs/Long2LongFunction
instanceKlass net/minecraft/world/entity/ai/sensing/Sensor
instanceKlass net/minecraft/network/syncher/EntityDataAccessor
instanceKlass net/minecraft/network/syncher/SynchedEntityData
instanceKlass net/minecraft/core/Registry$1
instanceKlass net/minecraft/network/syncher/EntityDataSerializers$7
instanceKlass net/minecraft/network/syncher/EntityDataSerializers$6
instanceKlass net/minecraft/network/syncher/EntityDataSerializers$5
instanceKlass net/minecraft/core/GlobalPos
instanceKlass net/minecraft/network/syncher/EntityDataSerializers$4
instanceKlass net/minecraft/network/syncher/EntityDataSerializers$3
instanceKlass net/minecraft/network/syncher/EntityDataSerializers$2
instanceKlass net/minecraft/network/syncher/EntityDataSerializers$1
instanceKlass net/minecraft/network/syncher/EntityDataSerializer$1
instanceKlass net/minecraft/network/syncher/EntityDataSerializer$ForValueType
instanceKlass it/unimi/dsi/fastutil/ints/IntList
instanceKlass net/minecraft/network/FriendlyByteBuf$Reader
instanceKlass io/netty/buffer/ByteBuf
instanceKlass io/netty/buffer/ByteBufConvertible
instanceKlass io/netty/util/ReferenceCounted
instanceKlass net/minecraftforge/common/extensions/IForgeFriendlyByteBuf
instanceKlass net/minecraft/network/FriendlyByteBuf$Writer
instanceKlass net/minecraft/util/CrudeIncrementalIntIdentityHashBiMap
instanceKlass net/minecraft/network/syncher/EntityDataSerializer
instanceKlass net/minecraft/network/syncher/EntityDataSerializers
instanceKlass net/minecraft/commands/CommandSource$1
instanceKlass net/minecraft/world/level/BaseSpawner
instanceKlass net/minecraft/world/inventory/CraftingContainer
instanceKlass net/minecraft/world/entity/ai/control/JumpControl
instanceKlass net/minecraft/world/entity/monster/CrossbowAttackMob
instanceKlass net/minecraft/world/entity/ItemSteerable
instanceKlass net/minecraft/world/entity/monster/hoglin/HoglinBase
instanceKlass net/minecraft/world/item/context/UseOnContext
instanceKlass net/minecraft/world/entity/projectile/ItemSupplier
instanceKlass net/minecraft/world/entity/npc/VillagerDataHolder
instanceKlass net/minecraft/world/level/BaseCommandBlock
instanceKlass java/time/Instant$1
instanceKlass net/minecraft/world/entity/vehicle/ContainerEntity
instanceKlass com/mojang/datafixers/TypeRewriteRule$All
instanceKlass com/mojang/datafixers/TypeRewriteRule$OrElse
instanceKlass org/apache/commons/lang3/mutable/MutableObject
instanceKlass org/apache/commons/lang3/mutable/Mutable
instanceKlass net/minecraft/world/entity/ai/control/BodyRotationControl
instanceKlass net/minecraft/world/entity/SlotAccess
instanceKlass net/minecraft/world/entity/OwnableEntity
instanceKlass net/minecraft/world/entity/HasCustomInventoryScreen
instanceKlass net/minecraft/world/ContainerListener
instanceKlass net/minecraft/world/entity/Saddleable
instanceKlass net/minecraft/world/entity/RiderShieldingMount
instanceKlass net/minecraft/world/entity/PlayerRideableJumping
instanceKlass net/minecraft/world/entity/PlayerRideable
instanceKlass net/minecraftforge/common/extensions/IForgeBoat
instanceKlass net/minecraft/world/entity/Display$GenericInterpolator
instanceKlass net/minecraft/world/entity/Display$FloatInterpolator
instanceKlass org/apache/commons/lang3/text/translate/EntityArrays
instanceKlass org/apache/commons/lang3/text/translate/CharSequenceTranslator
instanceKlass org/apache/commons/lang3/StringEscapeUtils
instanceKlass net/minecraft/world/entity/ai/goal/Goal
instanceKlass net/minecraft/world/entity/animal/FlyingAnimal
instanceKlass net/minecraft/world/entity/ai/control/LookControl
instanceKlass net/minecraft/world/entity/SpawnGroupData
instanceKlass net/minecraft/world/entity/VariantHolder
instanceKlass net/minecraft/world/entity/LerpingModel
instanceKlass com/mojang/datafixers/TypeRewriteRule$Seq
instanceKlass com/mojang/datafixers/TypeRewriteRule$Everywhere
instanceKlass com/mojang/datafixers/TypeRewriteRule$IfSame
instanceKlass com/mojang/datafixers/functions/Functions
instanceKlass com/mojang/datafixers/kinds/App2
instanceKlass com/mojang/datafixers/DataFix$NamedFunctionWrapper
instanceKlass com/mojang/datafixers/Typed
instanceKlass com/mojang/datafixers/NamedChoiceFinder
instanceKlass com/mojang/datafixers/types/templates/Check$1
instanceKlass com/mojang/datafixers/TypeRewriteRule
instanceKlass it/unimi/dsi/fastutil/longs/Long2ObjectFunctions$SynchronizedFunction
instanceKlass it/unimi/dsi/fastutil/longs/Long2ObjectMaps
instanceKlass it/unimi/dsi/fastutil/longs/Long2ObjectMap$FastEntrySet
instanceKlass it/unimi/dsi/fastutil/longs/AbstractLong2ObjectFunction
instanceKlass it/unimi/dsi/fastutil/ints/IntAVLTreeSet$SetIterator
instanceKlass it/unimi/dsi/fastutil/ints/IntListIterator
instanceKlass it/unimi/dsi/fastutil/ints/Int2ObjectAVLTreeMap$TreeIterator
instanceKlass it/unimi/dsi/fastutil/ints/IntComparators$OppositeImplicitComparator
instanceKlass it/unimi/dsi/fastutil/ints/IntComparators$NaturalImplicitComparator
instanceKlass it/unimi/dsi/fastutil/ints/IntComparator
instanceKlass it/unimi/dsi/fastutil/ints/IntComparators
instanceKlass com/google/common/util/concurrent/ThreadFactoryBuilder$1
instanceKlass com/google/common/util/concurrent/ThreadFactoryBuilder
instanceKlass net/minecraft/util/datafix/fixes/CavesAndCliffsRenames
instanceKlass it/unimi/dsi/fastutil/ints/Int2IntMap
instanceKlass it/unimi/dsi/fastutil/ints/Int2IntFunction
instanceKlass java/util/function/IntUnaryOperator
instanceKlass net/minecraft/util/datafix/fixes/BiomeFix
instanceKlass net/minecraft/util/datafix/fixes/WorldGenSettingsFix$StructureFeatureConfiguration
instanceKlass net/minecraft/util/datafix/fixes/DyeItemRenameFix
instanceKlass net/minecraft/util/datafix/fixes/RenamedCoralFansFix
instanceKlass net/minecraft/util/datafix/fixes/RecipesRenameningFix
instanceKlass net/minecraft/util/datafix/fixes/RecipesFix
instanceKlass net/minecraft/util/datafix/fixes/RenamedCoralFix
instanceKlass org/apache/commons/lang3/tuple/Triple
instanceKlass it/unimi/dsi/fastutil/objects/Object2ObjectMaps$1
instanceKlass it/unimi/dsi/fastutil/objects/Object2ObjectMaps
instanceKlass net/minecraft/util/datafix/schemas/V1451_6$2
instanceKlass net/minecraft/util/datafix/schemas/V1451_6$1
instanceKlass com/google/common/base/AbstractIterator
instanceKlass com/google/common/base/Splitter$1
instanceKlass com/google/common/base/CharMatcher
instanceKlass com/google/common/base/Splitter$Strategy
instanceKlass com/google/common/base/Splitter
instanceKlass it/unimi/dsi/fastutil/ints/Int2ObjectOpenHashMap$MapEntry
instanceKlass it/unimi/dsi/fastutil/ints/IntObjectPair
instanceKlass it/unimi/dsi/fastutil/ints/Int2ObjectOpenHashMap$MapIterator
instanceKlass com/mojang/serialization/DataResult$PartialResult
instanceKlass net/minecraft/nbt/NbtOps$1
instanceKlass net/minecraft/nbt/StringTag$1
instanceKlass net/minecraft/nbt/StringTag
instanceKlass net/minecraft/nbt/CompoundTag$1
instanceKlass net/minecraft/nbt/TagType$VariableSize
instanceKlass net/minecraft/nbt/TagType
instanceKlass net/minecraft/nbt/CompoundTag
instanceKlass com/mojang/brigadier/StringReader
instanceKlass net/minecraft/nbt/TagParser
instanceKlass com/mojang/serialization/ListBuilder
instanceKlass net/minecraft/nbt/NbtOps
instanceKlass net/minecraft/util/datafix/fixes/BlockStateData
instanceKlass net/minecraft/util/datafix/schemas/V705$1
instanceKlass net/minecraft/util/datafix/schemas/V704$1
instanceKlass net/minecraft/world/level/levelgen/LegacyRandomSource
instanceKlass net/minecraft/util/datafix/fixes/BlockEntitySignTextStrictJsonFix$1
instanceKlass it/unimi/dsi/fastutil/objects/Object2ObjectOpenHashMap$MapEntry
instanceKlass it/unimi/dsi/fastutil/objects/Object2ObjectMap$Entry
instanceKlass it/unimi/dsi/fastutil/objects/Object2ObjectOpenHashMap$MapIterator
instanceKlass it/unimi/dsi/fastutil/ints/IntAVLTreeSet$Entry
instanceKlass com/mojang/datafixers/functions/PointFree
instanceKlass com/mojang/datafixers/functions/PointFreeRule$CompRewrite
instanceKlass com/mojang/datafixers/functions/PointFreeRule
instanceKlass it/unimi/dsi/fastutil/longs/Long2ObjectMap
instanceKlass it/unimi/dsi/fastutil/longs/Long2ObjectFunction
instanceKlass java/util/function/LongFunction
instanceKlass com/mojang/datafixers/DataFixerUpper
instanceKlass it/unimi/dsi/fastutil/ints/AbstractInt2ObjectMap$BasicEntry
instanceKlass it/unimi/dsi/fastutil/ints/Int2ObjectMap$Entry
instanceKlass com/mojang/datafixers/types/templates/RecursivePoint$1
instanceKlass com/mojang/datafixers/types/templates/List$1
instanceKlass com/mojang/datafixers/types/templates/Sum$1
instanceKlass com/mojang/datafixers/types/templates/Tag$1
instanceKlass com/mojang/datafixers/types/templates/Product$1
instanceKlass com/mojang/datafixers/types/templates/Const$1
instanceKlass it/unimi/dsi/fastutil/ints/Int2ObjectFunctions$SynchronizedFunction
instanceKlass com/mojang/datafixers/types/families/Algebra
instanceKlass com/mojang/datafixers/types/families/RecursiveTypeFamily
instanceKlass com/mojang/datafixers/types/templates/Hook$HookFunction$1
instanceKlass java/util/stream/ReduceOps$6ReducingSink
instanceKlass it/unimi/dsi/fastutil/objects/Object2ObjectOpenHashMap$MapSpliterator
instanceKlass com/mojang/datafixers/types/templates/TaggedChoice
instanceKlass org/apache/commons/lang3/ArrayUtils
instanceKlass net/minecraft/util/datafix/schemas/NamespacedSchema$1
instanceKlass com/mojang/datafixers/optics/Optic
instanceKlass com/mojang/datafixers/types/Type$TypeMatcher
instanceKlass com/mojang/datafixers/FieldFinder
instanceKlass com/mojang/datafixers/DSL$Instances
instanceKlass it/unimi/dsi/fastutil/objects/Object2IntOpenHashMap$MapEntry
instanceKlass it/unimi/dsi/fastutil/objects/ObjectIntPair
instanceKlass it/unimi/dsi/fastutil/Pair
instanceKlass it/unimi/dsi/fastutil/objects/Object2IntMap$Entry
instanceKlass it/unimi/dsi/fastutil/objects/Object2IntOpenHashMap$MapIterator
instanceKlass com/mojang/datafixers/OpticFinder
instanceKlass com/mojang/datafixers/DSL
instanceKlass net/minecraft/util/datafix/schemas/V99$1
instanceKlass com/mojang/datafixers/types/templates/TypeTemplate
instanceKlass com/mojang/datafixers/types/templates/Hook$HookFunction
instanceKlass it/unimi/dsi/fastutil/ints/IntBidirectionalIterator
instanceKlass it/unimi/dsi/fastutil/objects/ObjectSortedSet
instanceKlass it/unimi/dsi/fastutil/objects/ObjectBidirectionalIterable
instanceKlass com/mojang/datafixers/DataFixer
instanceKlass it/unimi/dsi/fastutil/ints/IntSortedSet
instanceKlass it/unimi/dsi/fastutil/ints/IntBidirectionalIterable
instanceKlass it/unimi/dsi/fastutil/ints/Int2ObjectSortedMap
instanceKlass com/mojang/datafixers/DataFixerBuilder
instanceKlass com/mojang/datafixers/types/Type
instanceKlass com/mojang/datafixers/types/families/TypeFamily
instanceKlass com/mojang/datafixers/schemas/Schema
instanceKlass com/mojang/datafixers/DataFix
instanceKlass net/minecraft/util/datafix/DataFixers
instanceKlass net/minecraft/world/entity/EntityDimensions
instanceKlass net/minecraft/world/entity/EntityType$Builder
instanceKlass net/minecraft/world/level/gameevent/GameEventListener
instanceKlass net/minecraft/world/level/gameevent/vibrations/VibrationSystem$User
instanceKlass net/minecraft/world/entity/ai/control/MoveControl
instanceKlass net/minecraft/world/entity/ai/control/Control
instanceKlass net/minecraft/world/entity/ai/navigation/PathNavigation
instanceKlass net/minecraftforge/event/entity/living/LivingChangeTargetEvent$ILivingTargetType
instanceKlass net/minecraftforge/common/util/ITeleporter
instanceKlass net/minecraft/world/scores/Team
instanceKlass net/minecraft/network/protocol/Packet
instanceKlass net/minecraft/world/phys/HitResult
instanceKlass it/unimi/dsi/fastutil/objects/Object2DoubleMap
instanceKlass it/unimi/dsi/fastutil/objects/Object2DoubleFunction
instanceKlass net/minecraft/world/entity/npc/InventoryCarrier
instanceKlass net/minecraft/world/entity/EntityType$EntityFactory
instanceKlass net/minecraftforge/common/extensions/IForgeAbstractMinecart
instanceKlass net/minecraftforge/client/extensions/common/IClientItemExtensions
instanceKlass net/minecraftforge/common/IExtensibleEnum
instanceKlass net/minecraft/world/item/Item$Properties
instanceKlass dev/architectury/impl/ItemPropertiesExtensionImpl
instanceKlass dev/architectury/extensions/injected/InjectedItemPropertiesExtension
instanceKlass net/minecraft/world/item/SignApplicator
instanceKlass dev/architectury/extensions/injected/InjectedBucketItemExtension
instanceKlass net/minecraft/world/item/DispensibleContainerItem
instanceKlass net/minecraftforge/common/extensions/IForgeDispensibleContainerItem
instanceKlass net/minecraft/world/item/DyeableLeatherItem
instanceKlass net/minecraft/world/item/Tier
instanceKlass net/minecraft/world/item/ArmorMaterial
instanceKlass net/minecraft/world/item/Items
instanceKlass net/minecraft/world/entity/animal/Bucketable
instanceKlass it/unimi/dsi/fastutil/ints/IntArrays$ArrayHashStrategy
instanceKlass it/unimi/dsi/fastutil/ints/IntArrays$Segment
instanceKlass it/unimi/dsi/fastutil/ints/IntArrays
instanceKlass com/google/common/base/Suppliers$MemoizingSupplier
instanceKlass com/google/common/base/Suppliers$NonSerializableMemoizingSupplier
instanceKlass net/minecraft/world/level/block/SculkBehaviour$1
instanceKlass net/minecraft/world/level/gameevent/vibrations/VibrationSystem
instanceKlass net/minecraft/world/level/gameevent/GameEventListener$Holder
instanceKlass it/unimi/dsi/fastutil/ints/Int2ObjectMaps
instanceKlass net/minecraft/world/level/ExplosionDamageCalculator
instanceKlass it/unimi/dsi/fastutil/objects/Object2FloatMap$FastEntrySet
instanceKlass it/unimi/dsi/fastutil/objects/AbstractObject2FloatFunction
instanceKlass it/unimi/dsi/fastutil/objects/Object2FloatMap
instanceKlass it/unimi/dsi/fastutil/objects/Object2FloatFunction
instanceKlass java/util/function/ToDoubleFunction
instanceKlass net/minecraft/nbt/Tag
instanceKlass net/minecraft/world/level/block/entity/Hopper
instanceKlass net/minecraft/world/entity/PowerableMob
instanceKlass net/minecraftforge/common/extensions/IForgeItemStack
instanceKlass net/minecraft/core/cauldron/CauldronInteraction
instanceKlass it/unimi/dsi/fastutil/longs/LongSet
instanceKlass net/minecraft/world/level/block/MultifaceSpreader$DefaultSpreaderConfig
instanceKlass net/minecraft/world/level/block/MultifaceSpreader$SpreadConfig
instanceKlass net/minecraft/world/level/block/MultifaceSpreader
instanceKlass net/minecraft/world/entity/monster/Enemy
instanceKlass net/minecraft/world/entity/NeutralMob
instanceKlass net/minecraft/world/entity/Targeting
instanceKlass net/minecraft/world/entity/monster/RangedAttackMob
instanceKlass net/minecraft/world/entity/Shearable
instanceKlass net/minecraft/world/ticks/ContainerSingleItem
instanceKlass net/minecraft/world/phys/AABB
instanceKlass net/minecraft/world/inventory/StackedContentsCompatible
instanceKlass net/minecraft/world/inventory/RecipeHolder
instanceKlass net/minecraft/world/WorldlyContainer
instanceKlass net/minecraft/world/inventory/AbstractContainerMenu
instanceKlass com/google/common/collect/StandardTable$1
instanceKlass net/minecraft/world/level/block/ChestBlock$2
instanceKlass net/minecraft/world/level/block/ChestBlock$1
instanceKlass net/minecraft/world/level/block/entity/LidBlockEntity
instanceKlass net/minecraft/world/level/block/DoubleBlockCombiner$Combiner
instanceKlass net/minecraft/core/particles/ShriekParticleOption$1
instanceKlass net/minecraft/core/particles/ShriekParticleOption
instanceKlass net/minecraft/core/particles/VibrationParticleOption$1
instanceKlass net/minecraft/world/level/gameevent/PositionSource
instanceKlass net/minecraft/core/particles/VibrationParticleOption
instanceKlass net/minecraft/core/particles/ItemParticleOption$1
instanceKlass net/minecraft/core/particles/ItemParticleOption
instanceKlass net/minecraft/core/particles/SculkChargeParticleOptions$1
instanceKlass net/minecraft/core/particles/DustColorTransitionOptions$1
instanceKlass net/minecraft/core/particles/DustParticleOptions$1
instanceKlass net/minecraft/core/particles/DustParticleOptionsBase
instanceKlass net/minecraft/core/particles/BlockParticleOption$1
instanceKlass net/minecraft/core/particles/BlockParticleOption
instanceKlass net/minecraft/core/particles/SimpleParticleType$1
instanceKlass net/minecraft/core/particles/ParticleOptions$Deserializer
instanceKlass net/minecraft/core/particles/ParticleTypes
instanceKlass net/minecraft/data/worldgen/features/FeatureUtils
instanceKlass net/minecraft/world/level/levelgen/feature/trunkplacers/TrunkPlacer
instanceKlass net/minecraft/world/level/levelgen/feature/foliageplacers/FoliagePlacer
instanceKlass net/minecraft/world/level/levelgen/feature/featuresize/FeatureSize
instanceKlass net/minecraft/world/level/levelgen/feature/stateproviders/BlockStateProvider
instanceKlass net/minecraft/world/level/levelgen/feature/configurations/FeatureConfiguration
instanceKlass net/minecraft/data/worldgen/features/TreeFeatures
instanceKlass net/minecraft/world/entity/ai/attributes/AttributeModifier
instanceKlass net/minecraft/world/entity/ai/attributes/Attributes
instanceKlass net/minecraftforge/client/extensions/common/IClientMobEffectExtensions
instanceKlass net/minecraft/world/effect/MobEffectInstance$FactorData
instanceKlass net/minecraft/world/effect/MobEffects
instanceKlass it/unimi/dsi/fastutil/doubles/DoubleArrayList$1
instanceKlass it/unimi/dsi/fastutil/doubles/AbstractDoubleIterator
instanceKlass net/minecraft/world/level/block/piston/PistonHeadBlock$1
instanceKlass net/minecraft/world/phys/shapes/IdenticalMerger
instanceKlass net/minecraft/world/phys/shapes/DiscreteVoxelShape$IntLineConsumer
instanceKlass net/minecraft/world/phys/shapes/Shapes$DoubleLineConsumer
instanceKlass net/minecraft/world/phys/shapes/DiscreteCubeMerger
instanceKlass net/minecraft/world/phys/shapes/IndexMerger$IndexConsumer
instanceKlass it/unimi/dsi/fastutil/doubles/DoubleCollections$UnmodifiableCollection
instanceKlass it/unimi/dsi/fastutil/doubles/DoubleLists
instanceKlass net/minecraft/world/phys/shapes/IndirectMerger
instanceKlass net/minecraft/world/phys/shapes/ArrayVoxelShape$1
instanceKlass net/minecraft/world/phys/shapes/BooleanOp
instanceKlass net/minecraft/core/dispenser/DefaultDispenseItemBehavior
instanceKlass net/minecraft/core/dispenser/DispenseItemBehavior
instanceKlass net/minecraft/core/BlockSource
instanceKlass net/minecraft/world/Container
instanceKlass net/minecraft/world/Clearable
instanceKlass net/minecraft/world/MenuProvider
instanceKlass net/minecraft/world/inventory/MenuConstructor
instanceKlass com/mojang/datafixers/Products$P1
instanceKlass net/minecraftforge/common/extensions/IForgeBlockEntity
instanceKlass org/objectweb/asm/tree/analysis/BasicValue
instanceKlass org/objectweb/asm/tree/analysis/Subroutine
instanceKlass org/objectweb/asm/tree/analysis/Frame
instanceKlass org/objectweb/asm/tree/analysis/Value
instanceKlass org/objectweb/asm/tree/analysis/Analyzer
instanceKlass org/spongepowered/asm/util/Locals$Settings
instanceKlass net/minecraftforge/registries/DeferredRegister$RegistryHolder
instanceKlass net/minecraftforge/registries/DeferredRegister
instanceKlass net/minecraftforge/common/Tags$Biomes
instanceKlass net/minecraft/tags/FluidTags
instanceKlass net/minecraftforge/common/Tags$Fluids
instanceKlass net/minecraft/util/ByIdMap$1
instanceKlass net/minecraft/util/ByIdMap
instanceKlass net/minecraft/tags/ItemTags
instanceKlass net/minecraftforge/common/Tags$Items
instanceKlass net/minecraftforge/common/Tags$EntityTypes
instanceKlass com/google/common/collect/MapMakerInternalMap$StrongValueEntry
instanceKlass com/google/common/collect/MapMakerInternalMap$WeakKeyDummyValueEntry$Helper
instanceKlass com/google/common/collect/Interners$InternerImpl
instanceKlass com/google/common/collect/Interner
instanceKlass com/google/common/collect/Interners$InternerBuilder
instanceKlass com/google/common/collect/Interners
instanceKlass net/minecraft/tags/BlockTags
instanceKlass net/minecraftforge/common/Tags$Blocks
instanceKlass net/minecraftforge/common/Tags
instanceKlass net/minecraftforge/registries/ForgeRegistries
instanceKlass net/minecraft/world/phys/Vec3
instanceKlass net/minecraft/core/Position
instanceKlass net/minecraft/world/level/block/state/BlockBehaviour$OffsetFunction
instanceKlass net/minecraft/world/level/block/state/BlockBehaviour$1
instanceKlass net/minecraftforge/client/extensions/common/IClientBlockExtensions
instanceKlass net/minecraftforge/registries/ForgeRegistry$1
instanceKlass com/google/common/collect/Tables$AbstractCell
instanceKlass com/google/common/collect/Tables$1
instanceKlass com/google/common/collect/RowSortedTable
instanceKlass com/google/common/collect/Tables
instanceKlass com/google/common/collect/StandardTable$CellIterator
instanceKlass com/google/common/collect/StandardTable$RowMap$EntrySet$1
instanceKlass com/google/common/collect/Table$Cell
instanceKlass com/mojang/serialization/MapCodec$5
instanceKlass com/mojang/datafixers/DataFixUtils
instanceKlass com/google/common/collect/ImmutableSortedMap$1
instanceKlass it/unimi/dsi/fastutil/shorts/Short2BooleanMap
instanceKlass it/unimi/dsi/fastutil/shorts/Short2BooleanFunction
instanceKlass it/unimi/dsi/fastutil/shorts/Short2ObjectMap
instanceKlass it/unimi/dsi/fastutil/shorts/Short2ObjectFunction
instanceKlass com/google/common/collect/HashBasedTable$Factory
instanceKlass net/minecraftforge/common/extensions/IForgeFluidState
instanceKlass net/minecraft/world/level/material/Fluids
instanceKlass com/mojang/serialization/Codec$4
instanceKlass net/minecraft/util/ExtraCodecs$3
instanceKlass net/minecraft/world/level/block/state/StateHolder$1
instanceKlass com/google/common/collect/Iterables
instanceKlass com/google/common/collect/Ordering
instanceKlass net/minecraft/world/level/block/state/StateDefinition
instanceKlass com/google/common/collect/AbstractTable
instanceKlass com/google/common/collect/Table
instanceKlass net/minecraft/world/level/block/state/StateDefinition$Factory
instanceKlass net/minecraft/world/level/block/state/StateDefinition$Builder
instanceKlass net/minecraft/world/level/storage/loot/BuiltInLootTables
instanceKlass net/minecraft/world/flag/FeatureFlagRegistry
instanceKlass net/minecraft/world/flag/FeatureFlagSet
instanceKlass net/minecraft/world/flag/FeatureFlag
instanceKlass net/minecraft/world/flag/FeatureFlagUniverse
instanceKlass net/minecraft/world/flag/FeatureFlagRegistry$Builder
instanceKlass net/minecraft/world/flag/FeatureFlags
instanceKlass net/minecraft/world/level/block/state/BlockBehaviour$StatePredicate
instanceKlass net/minecraft/world/level/block/state/BlockBehaviour$StateArgumentPredicate
instanceKlass net/minecraft/world/level/block/SoundType
instanceKlass net/minecraft/world/level/material/MapColor
instanceKlass net/minecraft/world/level/block/state/BlockBehaviour$Properties
instanceKlass net/minecraft/world/level/block/CaveVines
instanceKlass net/minecraft/world/level/block/WeatheringCopper
instanceKlass net/minecraft/world/level/block/ChangeOverTimeBlock
instanceKlass net/minecraft/world/level/block/SculkBehaviour
instanceKlass net/minecraft/world/WorldlyContainerHolder
instanceKlass net/minecraft/world/level/block/SkullBlock$Type
instanceKlass net/minecraft/world/level/block/GameMasterBlock
instanceKlass net/minecraft/world/level/block/BeaconBeamBlock
instanceKlass net/minecraft/world/item/Equipable
instanceKlass net/minecraft/world/item/Vanishable
instanceKlass net/minecraft/world/level/block/SuspiciousEffectHolder
instanceKlass net/minecraftforge/common/extensions/IForgeBaseRailBlock
instanceKlass net/minecraftforge/common/IForgeShearable
instanceKlass net/minecraft/util/valueproviders/IntProvider
instanceKlass net/minecraft/world/level/block/EntityBlock
instanceKlass net/minecraft/world/level/block/Fallable
instanceKlass dev/architectury/extensions/injected/InjectedLiquidBlockExtension
instanceKlass net/minecraft/world/level/block/SimpleWaterloggedBlock
instanceKlass net/minecraft/world/level/block/LiquidBlockContainer
instanceKlass net/minecraft/world/level/block/BucketPickup
instanceKlass net/minecraftforge/common/extensions/IForgeBucketPickup
instanceKlass net/minecraftforge/common/IPlantable
instanceKlass net/minecraft/world/level/block/grower/AbstractTreeGrower
instanceKlass net/minecraft/world/level/block/BonemealableBlock
instanceKlass net/minecraft/world/level/block/Blocks
instanceKlass java/util/EnumMap$EntryIterator$Entry
instanceKlass net/minecraftforge/fml/ModLoadingContext
instanceKlass net/minecraft/resources/RegistryFileCodec
instanceKlass net/minecraft/sounds/SoundEvents
instanceKlass net/minecraft/util/SegmentedAnglePrecision
instanceKlass net/minecraft/world/level/block/state/properties/RotationSegment
instanceKlass it/unimi/dsi/fastutil/ints/Int2ObjectMap$FastEntrySet
instanceKlass it/unimi/dsi/fastutil/ints/AbstractInt2ObjectFunction
instanceKlass it/unimi/dsi/fastutil/ints/Int2ObjectMap
instanceKlass it/unimi/dsi/fastutil/ints/Int2ObjectFunction
instanceKlass net/minecraft/core/Direction$1
instanceKlass net/minecraft/world/level/block/state/properties/BlockStateProperties
instanceKlass it/unimi/dsi/fastutil/doubles/DoubleListIterator
instanceKlass it/unimi/dsi/fastutil/doubles/DoubleBidirectionalIterator
instanceKlass it/unimi/dsi/fastutil/doubles/DoubleSpliterator
instanceKlass it/unimi/dsi/fastutil/doubles/DoubleIterator
instanceKlass java/util/PrimitiveIterator$OfDouble
instanceKlass java/util/function/DoubleUnaryOperator
instanceKlass java/util/function/DoublePredicate
instanceKlass java/util/function/DoubleConsumer
instanceKlass it/unimi/dsi/fastutil/doubles/DoubleStack
instanceKlass net/minecraft/world/phys/shapes/IndexMerger
instanceKlass net/minecraft/world/phys/shapes/VoxelShape
instanceKlass net/minecraft/world/phys/shapes/DiscreteVoxelShape
instanceKlass it/unimi/dsi/fastutil/doubles/DoubleList
instanceKlass it/unimi/dsi/fastutil/doubles/DoubleCollection
instanceKlass it/unimi/dsi/fastutil/doubles/DoubleIterable
instanceKlass net/minecraft/world/phys/shapes/Shapes
instanceKlass com/google/common/cache/LocalCache$AbstractReferenceEntry
instanceKlass com/google/common/cache/LocalCache$LoadingValueReference
instanceKlass com/google/common/cache/RemovalListener
instanceKlass com/google/common/cache/Weigher
instanceKlass com/google/common/cache/LocalCache$1
instanceKlass com/google/common/cache/ReferenceEntry
instanceKlass com/google/common/cache/LocalCache$LocalManualCache
instanceKlass com/google/common/cache/LocalCache$ValueReference
instanceKlass com/google/common/cache/CacheBuilder$2
instanceKlass com/google/common/cache/CacheStats
instanceKlass com/google/common/base/Suppliers$SupplierOfInstance
instanceKlass com/google/common/base/Suppliers
instanceKlass com/google/common/cache/CacheBuilder$1
instanceKlass com/google/common/cache/AbstractCache$StatsCounter
instanceKlass com/google/common/cache/LoadingCache
instanceKlass com/google/common/cache/Cache
instanceKlass com/google/common/cache/CacheBuilder
instanceKlass net/minecraft/core/particles/ParticleOptions
instanceKlass net/minecraft/world/item/CreativeModeTab
instanceKlass net/minecraft/world/item/CreativeModeTabs
instanceKlass net/minecraft/world/level/block/entity/DecoratedPotPatterns
instanceKlass net/minecraft/world/item/Instruments
instanceKlass net/minecraft/world/level/block/entity/BannerPattern
instanceKlass net/minecraft/world/level/block/entity/BannerPatterns
instanceKlass net/minecraft/world/level/levelgen/structure/pools/StructurePoolElementType
instanceKlass net/minecraft/world/level/levelgen/structure/templatesystem/StructureProcessorType
instanceKlass net/minecraft/world/level/levelgen/DensityFunction
instanceKlass net/minecraft/world/level/levelgen/DensityFunctions
instanceKlass net/minecraft/world/level/levelgen/SurfaceRules$RuleSource
instanceKlass net/minecraft/world/level/levelgen/SurfaceRules$ConditionSource
instanceKlass net/minecraft/world/level/chunk/ChunkGenerators
instanceKlass net/minecraft/world/level/biome/BiomeSources
instanceKlass net/minecraft/world/level/levelgen/feature/featuresize/FeatureSizeType
instanceKlass net/minecraft/world/level/levelgen/feature/treedecorators/TreeDecoratorType
instanceKlass net/minecraft/world/level/levelgen/feature/rootplacers/RootPlacerType
instanceKlass net/minecraft/world/level/levelgen/feature/trunkplacers/TrunkPlacerType
instanceKlass net/minecraft/world/level/levelgen/feature/foliageplacers/FoliagePlacerType
instanceKlass net/minecraft/world/level/levelgen/feature/stateproviders/BlockStateProviderType
instanceKlass net/minecraft/world/level/levelgen/placement/PlacementModifierType
instanceKlass net/minecraft/world/level/levelgen/structure/StructureType
instanceKlass net/minecraft/world/level/levelgen/structure/pieces/StructurePieceType
instanceKlass net/minecraft/world/level/levelgen/structure/placement/StructurePlacementType
instanceKlass net/minecraft/world/level/levelgen/feature/Feature
instanceKlass net/minecraft/world/level/levelgen/carver/WorldCarver
instanceKlass net/minecraft/world/level/levelgen/blockpredicates/BlockPredicateType
instanceKlass net/minecraft/world/level/levelgen/heightproviders/HeightProviderType
instanceKlass net/minecraft/util/valueproviders/IntProviderType
instanceKlass net/minecraft/util/valueproviders/FloatProviderType
instanceKlass net/minecraft/world/level/storage/loot/SerializerType
instanceKlass net/minecraft/world/entity/schedule/Activity
instanceKlass net/minecraft/world/entity/schedule/Schedule
instanceKlass net/minecraft/world/entity/ai/sensing/SensorType
instanceKlass net/minecraft/world/entity/ai/memory/MemoryModuleType
instanceKlass net/minecraft/world/entity/ai/village/poi/PoiTypes
instanceKlass net/minecraft/world/entity/npc/VillagerType
instanceKlass net/minecraft/stats/StatType
instanceKlass net/minecraft/commands/synchronization/ArgumentTypeInfo
instanceKlass net/minecraft/commands/synchronization/ArgumentTypeInfos
instanceKlass net/minecraft/world/level/gameevent/PositionSourceType
instanceKlass net/minecraft/world/entity/ai/attributes/Attribute
instanceKlass net/minecraft/world/item/crafting/RecipeSerializer
instanceKlass net/minecraftforge/common/extensions/IForgeRecipeSerializer
instanceKlass net/minecraft/world/item/crafting/RecipeType
instanceKlass net/minecraft/world/inventory/MenuType
instanceKlass net/minecraftforge/common/extensions/IForgeMenuType
instanceKlass net/minecraft/world/level/levelgen/structure/templatesystem/PosRuleTestType
instanceKlass net/minecraft/world/level/levelgen/structure/templatesystem/rule/blockentity/RuleBlockEntityModifierType
instanceKlass net/minecraft/world/level/levelgen/structure/templatesystem/RuleTestType
instanceKlass net/minecraft/world/level/chunk/ChunkStatus
instanceKlass net/minecraft/world/entity/decoration/PaintingVariant
instanceKlass net/minecraft/world/entity/decoration/PaintingVariants
instanceKlass net/minecraft/world/level/block/entity/BlockEntityType
instanceKlass net/minecraft/core/particles/ParticleType
instanceKlass net/minecraft/world/item/alchemy/Potion
instanceKlass net/minecraftforge/common/extensions/IForgePotion
instanceKlass net/minecraft/world/item/enchantment/Enchantment
instanceKlass net/minecraftforge/common/extensions/IForgeEnchantment
instanceKlass net/minecraft/world/effect/MobEffect
instanceKlass net/minecraftforge/common/extensions/IForgeMobEffect
instanceKlass net/minecraftforge/registries/GameData$PointOfInterestTypeCallbacks
instanceKlass net/minecraftforge/registries/GameData$AttributeCallbacks
instanceKlass net/minecraft/world/entity/EntityType
instanceKlass dev/architectury/extensions/injected/InjectedEntityTypeExtension
instanceKlass net/minecraft/world/level/entity/EntityTypeTest
instanceKlass org/spongepowered/asm/util/ClassSignature$TypeVar
instanceKlass org/spongepowered/asm/util/ClassSignature$TokenHandle
instanceKlass net/minecraftforge/registries/NamespacedWrapper$Factory
instanceKlass net/minecraft/world/item/Item
instanceKlass dev/ftb/mods/ftblibrary/core/ItemFTBL
instanceKlass dev/architectury/extensions/injected/InjectedItemExtension
instanceKlass net/minecraftforge/common/extensions/IForgeItem
instanceKlass org/spongepowered/asm/mixin/injection/selectors/TargetSelector$Result
instanceKlass org/spongepowered/asm/util/Bytecode$DelegateInitialiser
instanceKlass org/spongepowered/asm/mixin/gen/AccessorInfo$1
instanceKlass org/spongepowered/asm/mixin/gen/AccessorGenerator
instanceKlass net/minecraftforge/registries/GameData$ItemCallbacks
instanceKlass net/minecraft/world/level/material/Fluid
instanceKlass dev/architectury/extensions/injected/InjectedFluidExtension
instanceKlass net/minecraftforge/common/extensions/IForgeFluid
instanceKlass com/google/common/base/Supplier
instanceKlass net/minecraftforge/registries/ILockableRegistry
instanceKlass com/google/common/primitives/IntsMethodsForWeb
instanceKlass net/minecraft/core/IdMapper
instanceKlass net/minecraftforge/registries/tags/ITag
instanceKlass net/minecraft/core/HolderSet
instanceKlass net/minecraftforge/common/extensions/IForgeHolderSet
instanceKlass net/minecraftforge/registries/ForgeRegistryTagManager
instanceKlass net/minecraftforge/registries/ForgeRegistry$RegistryCodec
instanceKlass it/unimi/dsi/fastutil/ints/IntSpliterator
instanceKlass it/unimi/dsi/fastutil/ints/IntIterator
instanceKlass java/util/PrimitiveIterator$OfInt
instanceKlass net/minecraftforge/registries/RegistryManager
instanceKlass net/minecraftforge/registries/NamespacedDefaultedWrapper$Factory
instanceKlass net/minecraft/world/level/WorldGenLevel
instanceKlass net/minecraft/world/level/ServerLevelAccessor
instanceKlass net/minecraftforge/common/extensions/IForgeLevel
instanceKlass net/minecraft/world/level/LevelAccessor
instanceKlass net/minecraft/world/level/LevelTimeAccess
instanceKlass net/minecraft/world/level/CommonLevelAccessor
instanceKlass net/minecraft/world/level/LevelSimulatedRW
instanceKlass net/minecraft/world/level/LevelWriter
instanceKlass net/minecraft/world/level/LevelSimulatedReader
instanceKlass net/minecraft/world/level/LevelReader
instanceKlass net/minecraft/world/level/biome/BiomeManager$NoiseBiomeSource
instanceKlass net/minecraft/world/level/SignalGetter
instanceKlass net/minecraft/world/level/BlockAndTintGetter
instanceKlass net/minecraftforge/client/extensions/IForgeBlockAndTintGetter
instanceKlass net/minecraft/world/level/EntityGetter
instanceKlass net/minecraftforge/common/extensions/IForgePlayer
instanceKlass net/minecraft/world/entity/TraceableEntity
instanceKlass it/unimi/dsi/fastutil/objects/AbstractObject2ByteFunction
instanceKlass it/unimi/dsi/fastutil/objects/Object2ByteSortedMap
instanceKlass it/unimi/dsi/fastutil/objects/Object2ByteMap
instanceKlass it/unimi/dsi/fastutil/objects/Object2ByteFunction
instanceKlass com/google/common/cache/CacheLoader
instanceKlass net/minecraft/world/level/CollisionGetter
instanceKlass net/minecraft/world/level/block/state/properties/Property
instanceKlass net/minecraft/world/level/BlockGetter
instanceKlass net/minecraftforge/common/extensions/IForgeBlockGetter
instanceKlass net/minecraft/world/level/LevelHeightAccessor
instanceKlass net/minecraftforge/common/extensions/IForgeLivingEntity
instanceKlass net/minecraft/world/entity/Attackable
instanceKlass net/minecraftforge/common/capabilities/CapabilityProvider
instanceKlass net/minecraftforge/common/capabilities/ICapabilityProviderImpl
instanceKlass net/sixik/sdm_economy/api/ICustomData
instanceKlass net/sdm/sdm_core/data/ICustomData
instanceKlass net/minecraftforge/common/extensions/IForgeEntity
instanceKlass net/minecraftforge/common/capabilities/ICapabilitySerializable
instanceKlass net/minecraftforge/common/util/INBTSerializable
instanceKlass net/minecraftforge/common/capabilities/ICapabilityProvider
instanceKlass net/minecraft/commands/CommandSource
instanceKlass net/minecraft/world/level/entity/EntityAccess
instanceKlass net/minecraft/world/Nameable
instanceKlass net/minecraftforge/common/extensions/IForgeBlockState
instanceKlass net/minecraft/world/level/block/state/StateHolder
instanceKlass net/minecraft/core/Vec3i
instanceKlass net/minecraft/world/level/block/state/BlockBehaviour
instanceKlass net/minecraft/world/flag/FeatureElement
instanceKlass dev/architectury/extensions/injected/InjectedBlockExtension
instanceKlass net/minecraftforge/common/extensions/IForgeBlock
instanceKlass net/minecraft/world/level/ItemLike
instanceKlass net/minecraftforge/registries/IForgeRegistry$MissingFactory
instanceKlass net/minecraftforge/registries/GameData$BlockCallbacks
instanceKlass net/minecraftforge/registries/IForgeRegistry$CreateCallback
instanceKlass net/minecraftforge/registries/IForgeRegistry$BakeCallback
instanceKlass net/minecraftforge/registries/IForgeRegistry$ClearCallback
instanceKlass net/minecraftforge/registries/IForgeRegistry$AddCallback
instanceKlass net/minecraftforge/registries/RegistryBuilder
instanceKlass net/minecraftforge/registries/ForgeRegistries$Keys
instanceKlass net/minecraftforge/registries/tags/ITagManager
instanceKlass it/unimi/dsi/fastutil/ints/IntSet
instanceKlass net/minecraftforge/registries/ForgeRegistry
instanceKlass net/minecraftforge/registries/IForgeRegistryModifiable
instanceKlass net/minecraftforge/registries/IForgeRegistryInternal
instanceKlass net/minecraftforge/registries/IForgeRegistry
instanceKlass net/minecraftforge/fml/event/IModBusEvent
instanceKlass net/minecraftforge/eventbus/Names
instanceKlass net/minecraftforge/registries/IForgeRegistry$ValidateCallback
instanceKlass net/minecraftforge/registries/GameData
instanceKlass net/minecraft/sounds/SoundEvent
instanceKlass net/minecraft/core/Holder$Reference
instanceKlass org/apache/commons/lang3/Validate
instanceKlass net/minecraft/core/DefaultedRegistry
instanceKlass net/minecraft/world/level/gameevent/GameEvent
instanceKlass dev/architectury/extensions/injected/InjectedGameEventExtension
instanceKlass dev/architectury/extensions/injected/InjectedRegistryEntryExtension
instanceKlass net/minecraft/core/registries/BuiltInRegistries$RegistryBootstrap
instanceKlass net/minecraft/core/registries/Registries
instanceKlass net/minecraft/core/MappedRegistry$1
instanceKlass it/unimi/dsi/fastutil/HashCommon
instanceKlass it/unimi/dsi/fastutil/objects/Object2IntMap$FastEntrySet
instanceKlass it/unimi/dsi/fastutil/ints/IntCollection
instanceKlass it/unimi/dsi/fastutil/ints/IntIterable
instanceKlass it/unimi/dsi/fastutil/objects/AbstractObject2IntFunction
instanceKlass it/unimi/dsi/fastutil/objects/Object2IntMap
instanceKlass it/unimi/dsi/fastutil/objects/Object2IntFunction
instanceKlass it/unimi/dsi/fastutil/Hash
instanceKlass it/unimi/dsi/fastutil/objects/ObjectListIterator
instanceKlass it/unimi/dsi/fastutil/objects/ObjectSpliterator
instanceKlass com/google/common/collect/MapMakerInternalMap$AbstractStrongKeyEntry
instanceKlass com/google/common/collect/MapMakerInternalMap$WeakValueEntry
instanceKlass java/util/concurrent/atomic/AtomicReferenceArray
instanceKlass com/google/common/base/Equivalence
instanceKlass com/google/common/collect/MapMakerInternalMap$StrongKeyWeakValueEntry$Helper
instanceKlass com/google/common/base/MoreObjects
instanceKlass com/google/common/collect/MapMakerInternalMap$InternalEntry
instanceKlass com/google/common/collect/MapMakerInternalMap$1
instanceKlass com/google/common/collect/MapMakerInternalMap$InternalEntryHelper
instanceKlass com/google/common/collect/MapMakerInternalMap$WeakValueReference
instanceKlass com/google/common/collect/MapMaker
instanceKlass net/minecraft/resources/ResourceKey
instanceKlass net/minecraft/core/Holder
instanceKlass net/minecraftforge/registries/tags/IReverseTag
instanceKlass net/minecraft/core/HolderLookup$RegistryLookup
instanceKlass net/minecraft/core/HolderOwner
instanceKlass net/minecraft/core/HolderLookup
instanceKlass net/minecraft/core/HolderGetter
instanceKlass net/minecraft/core/MappedRegistry
instanceKlass net/minecraft/core/WritableRegistry
instanceKlass net/minecraft/core/Registry
instanceKlass net/minecraft/core/IdMap
instanceKlass net/minecraft/core/registries/BuiltInRegistries
instanceKlass net/minecraftforge/fml/loading/BackgroundWaiter
instanceKlass net/minecraft/world/level/GameRules$GameRuleTypeVisitor
instanceKlass net/minecraft/server/Bootstrap
instanceKlass net/minecraftforge/fml/ISystemReportExtender
instanceKlass net/minecraftforge/fml/CrashReportCallables
instanceKlass cpw/mods/modlauncher/log/ExtraDataTextRenderer$TransformerContext
instanceKlass org/apache/logging/log4j/core/impl/ThrowableProxyRenderer
instanceKlass joptsimple/internal/Strings
instanceKlass cpw/mods/modlauncher/log/ExtraDataTextRenderer
instanceKlass net/minecraft/CrashReport
instanceKlass net/minecraft/client/main/Main
instanceKlass jdk/internal/loader/BootLoader$PackageHelper
instanceKlass net/minecraftforge/fml/loading/targets/CommonLaunchHandler
instanceKlass cpw/mods/modlauncher/api/ILaunchHandlerService
instanceKlass cpw/mods/modlauncher/LaunchServiceHandler
instanceKlass cpw/mods/modlauncher/Launcher
instanceKlass cpw/mods/modlauncher/BootstrapLaunchConsumer
instanceKlass org/apache/logging/log4j/core/impl/ExtendedClassInfo
instanceKlass org/apache/logging/log4j/core/impl/ThrowableProxyHelper$CacheEntry
instanceKlass org/apache/logging/log4j/core/impl/ExtendedStackTraceElement
instanceKlass org/apache/logging/log4j/core/impl/ThrowableProxyHelper
instanceKlass org/apache/logging/log4j/util/PrivateSecurityManagerStackTraceUtil
instanceKlass org/apache/logging/log4j/core/impl/ThrowableProxy
instanceKlass java/time/format/DateTimeFormatterBuilder$2
instanceKlass java/time/ZonedDateTime$1
instanceKlass java/time/format/DateTimePrintContext
instanceKlass net/minecraftforge/forge/snapshots/ForgeSnapshotsMod
instanceKlass net/minecraftforge/logging/CrashReportExtender
instanceKlass oshi/util/platform/windows/PerfDataUtil$PerfCounter
instanceKlass com/sun/jna/platform/win32/Pdh
instanceKlass oshi/util/platform/windows/PerfDataUtil
instanceKlass oshi/util/platform/windows/PerfCounterQueryHandler
instanceKlass oshi/util/platform/windows/PerfCounterQuery
instanceKlass oshi/util/platform/windows/PerfCounterQuery$PdhCounterProperty
instanceKlass oshi/driver/windows/perfmon/PerfmonDisabled
instanceKlass oshi/driver/windows/perfmon/PagingFile
instanceKlass com/sun/jna/platform/win32/Psapi
instanceKlass oshi/hardware/common/AbstractVirtualMemory
instanceKlass oshi/hardware/PhysicalMemory
instanceKlass oshi/driver/windows/wmi/Win32PhysicalMemory
instanceKlass oshi/hardware/VirtualMemory
instanceKlass oshi/hardware/common/AbstractGlobalMemory
instanceKlass oshi/util/tuples/Triplet
instanceKlass oshi/driver/windows/wmi/Win32VideoController
instanceKlass oshi/hardware/common/AbstractGraphicsCard
instanceKlass oshi/hardware/GraphicsCard
instanceKlass oshi/util/Util
instanceKlass oshi/jna/Struct
instanceKlass com/sun/jna/platform/win32/Winsvc$HandlerEx
instanceKlass com/sun/jna/platform/win32/Advapi32
instanceKlass com/sun/jna/platform/win32/WinBase$FE_IMPORT_FUNC
instanceKlass com/sun/jna/platform/win32/WinBase$FE_EXPORT_FUNC
instanceKlass com/sun/jna/platform/win32/Advapi32Util
instanceKlass com/sun/jna/platform/win32/WinReg
instanceKlass oshi/util/tuples/Pair
instanceKlass oshi/hardware/CentralProcessor$PhysicalProcessor
instanceKlass oshi/hardware/CentralProcessor$LogicalProcessor
instanceKlass oshi/util/platform/windows/WmiUtil
instanceKlass com/sun/jna/NativeString
instanceKlass com/sun/jna/platform/win32/OaIdl
instanceKlass com/sun/jna/platform/win32/COM/IDispatch
instanceKlass com/sun/jna/platform/win32/Variant
instanceKlass com/sun/jna/platform/win32/OleAuto
instanceKlass com/sun/jna/platform/win32/Guid
instanceKlass com/sun/jna/platform/win32/COM/COMUtils
instanceKlass com/sun/jna/platform/win32/Ole32
instanceKlass com/sun/jna/platform/win32/COM/IUnknown
instanceKlass com/sun/jna/platform/win32/COM/WbemcliUtil
instanceKlass com/sun/jna/platform/win32/COM/WbemcliUtil$WmiResult
instanceKlass oshi/util/platform/windows/WmiQueryHandler
instanceKlass com/sun/jna/platform/win32/COM/WbemcliUtil$WmiQuery
instanceKlass oshi/driver/windows/wmi/Win32Processor
instanceKlass com/sun/jna/platform/win32/Kernel32Util
instanceKlass oshi/driver/windows/LogicalProcessorInformation
instanceKlass oshi/util/ParseUtil
instanceKlass oshi/hardware/CentralProcessor$ProcessorIdentifier
instanceKlass com/sun/jna/Structure$ByReference
instanceKlass com/sun/jna/Function$PostCallRead
instanceKlass com/sun/jna/Library$Handler$FunctionInfo
instanceKlass com/sun/jna/internal/ReflectionUtils
instanceKlass com/sun/jna/platform/win32/WinBase$EnumResTypeProc
instanceKlass com/sun/jna/platform/win32/WinBase$EnumResNameProc
instanceKlass com/sun/jna/platform/win32/WinNT$OVERLAPPED_COMPLETION_ROUTINE
instanceKlass com/sun/jna/win32/StdCallLibrary$StdCallCallback
instanceKlass com/sun/jna/VarArgsChecker
instanceKlass com/sun/jna/NativeLibrary$NativeLibraryDisposer
instanceKlass com/sun/jna/NativeLibrary
instanceKlass com/sun/jna/Library$Handler
instanceKlass com/sun/jna/win32/W32APIFunctionMapper
instanceKlass com/sun/jna/win32/W32APITypeMapper$2
instanceKlass com/sun/jna/DefaultTypeMapper$Entry
instanceKlass com/sun/jna/win32/W32APITypeMapper$1
instanceKlass com/sun/jna/DefaultTypeMapper
instanceKlass com/sun/jna/win32/W32APIOptions
instanceKlass com/sun/jna/FunctionMapper
instanceKlass com/sun/jna/platform/win32/Kernel32
instanceKlass com/sun/jna/platform/win32/Wincon
instanceKlass com/sun/jna/win32/StdCallLibrary
instanceKlass com/sun/jna/win32/StdCall
instanceKlass com/sun/jna/AltCallingConvention
instanceKlass com/sun/jna/Memory$MemoryDisposer
instanceKlass com/sun/jna/internal/Cleaner$Cleanable
instanceKlass com/sun/jna/internal/Cleaner
instanceKlass com/sun/jna/WeakMemoryHolder
instanceKlass com/sun/jna/Structure$StructField
instanceKlass com/sun/jna/Structure$LayoutInfo
instanceKlass com/sun/jna/Structure$FieldOrder
instanceKlass com/sun/jna/Klass
instanceKlass com/sun/jna/NativeMappedConverter
instanceKlass com/sun/jna/TypeConverter
instanceKlass com/sun/jna/TypeMapper
instanceKlass com/sun/jna/platform/win32/WinNT
instanceKlass com/sun/jna/platform/win32/WinBase
instanceKlass com/sun/jna/platform/win32/BaseTSD
instanceKlass com/sun/jna/platform/win32/WinDef
instanceKlass com/sun/jna/platform/win32/WinError
instanceKlass com/sun/jna/Library
instanceKlass com/sun/jna/Native$2
instanceKlass com/sun/jna/Structure$FFIType$FFITypes
instanceKlass com/sun/jna/Native$ffi_callback
instanceKlass com/sun/jna/JNIEnv
instanceKlass com/sun/jna/PointerType
instanceKlass com/sun/jna/NativeMapped
instanceKlass com/sun/jna/WString
instanceKlass com/sun/jna/win32/DLLCallback
instanceKlass com/sun/jna/CallbackProxy
instanceKlass com/sun/jna/Callback
instanceKlass com/sun/jna/Structure$ByValue
instanceKlass java/io/DeleteOnExitHook$1
instanceKlass java/io/DeleteOnExitHook
instanceKlass java/io/File$TempDirectory
instanceKlass com/sun/jna/Native$5
instanceKlass com/sun/jna/Native$1
instanceKlass com/sun/jna/Callback$UncaughtExceptionHandler
instanceKlass com/sun/jna/Native
instanceKlass com/sun/jna/Version
instanceKlass com/sun/jna/FromNativeContext
instanceKlass com/sun/jna/FromNativeConverter
instanceKlass com/sun/jna/ToNativeConverter
instanceKlass com/sun/jna/ToNativeContext
instanceKlass com/sun/jna/Pointer
instanceKlass com/sun/jna/platform/win32/VersionHelpers
instanceKlass oshi/util/FileUtil
instanceKlass oshi/util/GlobalConfig
instanceKlass com/sun/jna/Structure
instanceKlass oshi/hardware/common/AbstractCentralProcessor
instanceKlass oshi/hardware/CentralProcessor
instanceKlass oshi/hardware/Sensors
instanceKlass oshi/hardware/GlobalMemory
instanceKlass oshi/hardware/ComputerSystem
instanceKlass oshi/hardware/common/AbstractHardwareAbstractionLayer
instanceKlass oshi/SystemInfo$1
instanceKlass oshi/util/Memoizer$1
instanceKlass oshi/util/Memoizer
instanceKlass com/sun/jna/Platform
instanceKlass oshi/hardware/HardwareAbstractionLayer
instanceKlass oshi/software/os/OperatingSystem
instanceKlass oshi/SystemInfo
instanceKlass net/minecraft/SystemReport
instanceKlass net/minecraft/util/MemoryReserve
instanceKlass net/minecraft/CrashReport
instanceKlass sun/security/provider/ByteArrayAccess$LE
instanceKlass com/google/gson/internal/Streams
instanceKlass com/google/gson/internal/bind/TreeTypeAdapter$GsonContextImpl
instanceKlass com/google/gson/internal/bind/TreeTypeAdapter$SingleTypeFactory
instanceKlass com/google/gson/JsonDeserializationContext
instanceKlass com/google/gson/JsonSerializationContext
instanceKlass com/google/gson/InstanceCreator
instanceKlass com/mojang/authlib/properties/PropertyMap$Serializer
instanceKlass com/google/gson/JsonDeserializer
instanceKlass com/google/gson/JsonSerializer
instanceKlass java/net/Proxy
instanceKlass net/minecraft/client/User
instanceKlass net/minecraft/Util$4
instanceKlass net/minecraft/Util$3
instanceKlass net/minecraft/util/TimeSource$NanoTimeSource
instanceKlass net/minecraft/util/TimeSource
instanceKlass java/util/concurrent/SynchronousQueue$TransferStack$SNode
instanceKlass java/util/concurrent/SynchronousQueue$Transferer
instanceKlass net/minecraft/world/level/levelgen/MarsagliaPolarGaussian
instanceKlass com/google/common/hash/Hasher
instanceKlass com/google/common/hash/AbstractHashFunction
instanceKlass com/google/common/hash/Hashing$Md5Holder
instanceKlass com/google/common/hash/HashFunction
instanceKlass com/google/common/hash/Hashing
instanceKlass net/minecraft/world/level/levelgen/RandomSupport
instanceKlass net/minecraft/world/level/levelgen/PositionalRandomFactory
instanceKlass net/minecraft/world/level/levelgen/ThreadSafeLegacyRandomSource
instanceKlass net/minecraft/world/level/levelgen/BitRandomSource
instanceKlass net/minecraft/util/RandomSource
instanceKlass net/minecraft/util/Mth
instanceKlass it/unimi/dsi/fastutil/objects/ObjectList
instanceKlass java/util/function/BooleanSupplier
instanceKlass java/util/function/LongSupplier
instanceKlass net/minecraft/Util
instanceKlass java/io/FileFilter
instanceKlass java/io/FilenameFilter
instanceKlass com/mojang/datafixers/DSL$TypeReference
instanceKlass net/minecraft/util/datafix/fixes/References
instanceKlass java/time/LocalTime$1
instanceKlass java/time/format/Parsed
instanceKlass java/time/format/DateTimeParseContext
instanceKlass com/google/gson/internal/bind/TypeAdapters$35
instanceKlass com/google/gson/GsonBuilder
instanceKlass net/minecraft/util/GsonHelper
instanceKlass net/minecraft/world/level/storage/DataVersion
instanceKlass net/minecraft/DetectedVersion
instanceKlass net/minecraft/WorldVersion
instanceKlass dev/ftb/mods/ftblibrary/util/StringUtils
instanceKlass com/mojang/datafixers/util/Function4
instanceKlass com/mojang/datafixers/util/Function8
instanceKlass com/mojang/datafixers/Products$P8
instanceKlass net/minecraft/util/FormattedCharSink
instanceKlass net/minecraft/util/FormattedCharSequence
instanceKlass com/mojang/serialization/Codec$1
instanceKlass com/mojang/serialization/Lifecycle
instanceKlass com/mojang/brigadier/ImmutableStringReader
instanceKlass net/minecraft/resources/ResourceLocation
instanceKlass com/google/common/collect/CollectSpliterators$1WithCharacteristics
instanceKlass com/google/common/collect/CollectSpliterators
instanceKlass net/minecraft/network/chat/TextColor
instanceKlass net/minecraft/network/chat/Style
instanceKlass net/minecraft/network/chat/MutableComponent
instanceKlass net/minecraft/network/chat/FormattedText$2
instanceKlass net/minecraft/network/chat/FormattedText$1
instanceKlass net/minecraft/network/chat/ComponentContents$1
instanceKlass net/minecraft/network/chat/contents/TranslatableContents
instanceKlass net/minecraft/network/chat/ComponentContents
instanceKlass net/minecraft/commands/BrigadierExceptions
instanceKlass com/mojang/brigadier/LiteralMessage
instanceKlass com/mojang/brigadier/exceptions/SimpleCommandExceptionType
instanceKlass com/mojang/brigadier/exceptions/DynamicCommandExceptionType
instanceKlass com/mojang/brigadier/exceptions/Dynamic2CommandExceptionType$Function
instanceKlass com/mojang/brigadier/exceptions/Dynamic2CommandExceptionType
instanceKlass com/mojang/brigadier/exceptions/CommandExceptionType
instanceKlass com/mojang/brigadier/exceptions/BuiltInExceptions
instanceKlass javax/security/cert/Certificate
instanceKlass io/netty/util/AsciiString
instanceKlass io/netty/util/internal/EmptyArrays
instanceKlass org/apache/logging/log4j/message/ParameterizedMessage
instanceKlass org/slf4j/helpers/FormattingTuple
instanceKlass org/slf4j/helpers/NormalizedParameters
instanceKlass org/slf4j/helpers/MessageFormatter
instanceKlass io/netty/util/internal/SystemPropertyUtil
instanceKlass org/apache/logging/log4j/message/TimestampMessage
instanceKlass org/apache/logging/log4j/message/AsynchronouslyFormattable
instanceKlass org/apache/logging/log4j/core/async/InternalAsyncUtil
instanceKlass io/netty/util/internal/ObjectUtil
instanceKlass io/netty/util/internal/logging/Slf4JLoggerFactory$NopInstanceHolder
instanceKlass io/netty/util/internal/logging/AbstractInternalLogger
instanceKlass io/netty/util/internal/logging/InternalLogger
instanceKlass io/netty/util/internal/logging/InternalLoggerFactory
instanceKlass io/netty/util/ResourceLeakTracker
instanceKlass io/netty/util/ResourceLeak
instanceKlass io/netty/util/ResourceLeakDetector
instanceKlass com/mojang/brigadier/exceptions/BuiltInExceptionProvider
instanceKlass net/minecraft/SharedConstants
instanceKlass it/unimi/dsi/fastutil/longs/LongListIterator
instanceKlass it/unimi/dsi/fastutil/longs/LongBidirectionalIterator
instanceKlass it/unimi/dsi/fastutil/objects/ObjectBidirectionalIterator
instanceKlass it/unimi/dsi/fastutil/BidirectionalIterator
instanceKlass it/unimi/dsi/fastutil/objects/ObjectIterator
instanceKlass it/unimi/dsi/fastutil/longs/LongSpliterator
instanceKlass it/unimi/dsi/fastutil/longs/LongIterator
instanceKlass java/util/PrimitiveIterator$OfLong
instanceKlass java/util/PrimitiveIterator
instanceKlass java/util/function/LongUnaryOperator
instanceKlass java/util/function/LongConsumer
instanceKlass it/unimi/dsi/fastutil/longs/LongStack
instanceKlass it/unimi/dsi/fastutil/Stack
instanceKlass it/unimi/dsi/fastutil/longs/LongList
instanceKlass it/unimi/dsi/fastutil/longs/LongCollection
instanceKlass it/unimi/dsi/fastutil/longs/LongIterable
instanceKlass net/minecraft/util/ExtraCodecs$2
instanceKlass com/google/common/collect/LinkedHashMultimap$ValueSetLink
instanceKlass com/mojang/authlib/GameProfile
instanceKlass com/mojang/datafixers/util/Pair
instanceKlass com/google/common/collect/ForwardingObject
instanceKlass com/mojang/serialization/codecs/UnboundedMapCodec
instanceKlass com/mojang/serialization/codecs/BaseMapCodec
instanceKlass com/mojang/datafixers/util/Function3
instanceKlass com/mojang/datafixers/Products$P3
instanceKlass com/mojang/authlib/properties/Property
instanceKlass java/util/stream/LongStream
instanceKlass org/joml/Matrix4f
instanceKlass org/joml/Matrix4fc
instanceKlass org/joml/Vector4dc
instanceKlass com/mojang/serialization/MapCodec$MapCodecCodec
instanceKlass org/joml/Vector4fc
instanceKlass com/mojang/datafixers/Products$P2
instanceKlass org/joml/AxisAngle4f
instanceKlass com/mojang/serialization/codecs/RecordCodecBuilder
instanceKlass com/mojang/serialization/codecs/RecordCodecBuilder$Instance
instanceKlass org/joml/Quaternionf
instanceKlass org/joml/Quaternionfc
instanceKlass org/joml/Vector3f
instanceKlass org/joml/Vector3fc
instanceKlass com/mojang/serialization/codecs/ListCodec
instanceKlass com/mojang/serialization/Encoder$2
instanceKlass net/minecraft/network/chat/Component
instanceKlass net/minecraft/network/chat/FormattedText
instanceKlass com/mojang/brigadier/Message
instanceKlass com/mojang/serialization/DynamicLike
instanceKlass it/unimi/dsi/fastutil/floats/FloatList
instanceKlass it/unimi/dsi/fastutil/floats/FloatCollection
instanceKlass it/unimi/dsi/fastutil/floats/FloatIterable
instanceKlass com/mojang/datafixers/kinds/Applicative
instanceKlass com/mojang/datafixers/kinds/Functor
instanceKlass com/mojang/datafixers/kinds/Kind1
instanceKlass com/mojang/serialization/DynamicOps
instanceKlass net/minecraft/util/ExtraCodecs
instanceKlass net/minecraft/util/StringRepresentable$EnumCodec
instanceKlass net/minecraft/util/StringRepresentable
instanceKlass com/mojang/serialization/Decoder$2
instanceKlass com/mojang/datafixers/util/Either
instanceKlass com/mojang/serialization/codecs/EitherCodec
instanceKlass com/mojang/serialization/Codec$2
instanceKlass com/mojang/serialization/Decoder$1
instanceKlass com/mojang/serialization/Encoder$1
instanceKlass com/mojang/serialization/DataResult
instanceKlass com/mojang/datafixers/kinds/App
instanceKlass net/minecraft/core/UUIDUtil
instanceKlass com/mojang/authlib/minecraft/TelemetryPropertyContainer
instanceKlass net/minecraft/client/telemetry/TelemetryProperty$Exporter
instanceKlass com/mojang/serialization/MapCodec$ResultFunction
instanceKlass com/mojang/serialization/MapLike
instanceKlass it/unimi/dsi/fastutil/objects/ObjectArrays$ArrayHashStrategy
instanceKlass it/unimi/dsi/fastutil/Hash$Strategy
instanceKlass it/unimi/dsi/fastutil/objects/ObjectArrays
instanceKlass it/unimi/dsi/fastutil/objects/Object2ObjectMap$FastEntrySet
instanceKlass it/unimi/dsi/fastutil/objects/ObjectSet
instanceKlass it/unimi/dsi/fastutil/objects/ObjectCollection
instanceKlass it/unimi/dsi/fastutil/objects/ObjectIterable
instanceKlass it/unimi/dsi/fastutil/objects/AbstractObject2ObjectFunction
instanceKlass it/unimi/dsi/fastutil/objects/Object2ObjectMap
instanceKlass it/unimi/dsi/fastutil/objects/Object2ObjectFunction
instanceKlass it/unimi/dsi/fastutil/Function
instanceKlass com/mojang/serialization/RecordBuilder
instanceKlass com/mojang/serialization/Codec$20
instanceKlass com/mojang/serialization/Codec$19
instanceKlass com/mojang/serialization/Codec$18
instanceKlass com/mojang/serialization/Codec$17
instanceKlass com/mojang/serialization/Codec$16
instanceKlass com/mojang/serialization/Codec$15
instanceKlass com/mojang/serialization/Codec$14
instanceKlass com/mojang/serialization/Codec$13
instanceKlass com/mojang/serialization/Codec$12
instanceKlass com/mojang/serialization/Codec$11
instanceKlass com/mojang/serialization/Codec$10
instanceKlass com/mojang/serialization/Codec$9
instanceKlass com/mojang/serialization/Codec$ResultFunction
instanceKlass com/mojang/serialization/CompressorHolder
instanceKlass com/mojang/serialization/Compressable
instanceKlass com/mojang/serialization/codecs/PrimitiveCodec
instanceKlass com/mojang/serialization/MapDecoder
instanceKlass com/mojang/serialization/MapEncoder
instanceKlass com/mojang/serialization/Keyable
instanceKlass java/time/temporal/TemporalQueries$7
instanceKlass java/time/temporal/TemporalQueries$6
instanceKlass java/time/temporal/TemporalQueries$5
instanceKlass java/time/temporal/TemporalQueries$4
instanceKlass java/time/temporal/TemporalQueries$3
instanceKlass java/time/temporal/TemporalQueries$2
instanceKlass java/time/temporal/TemporalQueries$1
instanceKlass java/time/temporal/TemporalQueries
instanceKlass java/time/Period
instanceKlass java/time/chrono/ChronoPeriod
instanceKlass java/time/format/DateTimeFormatterBuilder$TextPrinterParser
instanceKlass java/time/format/DateTimeTextProvider$1
instanceKlass java/time/format/DateTimeTextProvider
instanceKlass java/time/format/DateTimeTextProvider$LocaleStore
instanceKlass java/time/format/DateTimeFormatterBuilder$InstantPrinterParser
instanceKlass java/time/format/DateTimeFormatterBuilder$StringLiteralPrinterParser
instanceKlass java/time/format/DateTimeFormatterBuilder$ZoneIdPrinterParser
instanceKlass java/time/format/DateTimeFormatterBuilder$OffsetIdPrinterParser
instanceKlass java/time/format/DecimalStyle
instanceKlass java/time/format/DateTimeFormatterBuilder$CompositePrinterParser
instanceKlass java/time/format/DateTimeFormatterBuilder$CharLiteralPrinterParser
instanceKlass java/time/format/DateTimeFormatterBuilder$NumberPrinterParser
instanceKlass java/time/format/DateTimeFormatterBuilder$DateTimePrinterParser
instanceKlass java/time/temporal/JulianFields
instanceKlass java/time/temporal/IsoFields
instanceKlass java/time/temporal/TemporalQuery
instanceKlass java/time/format/DateTimeFormatterBuilder
instanceKlass java/time/format/DateTimeFormatter
instanceKlass com/mojang/serialization/Codec
instanceKlass com/mojang/serialization/Decoder
instanceKlass com/mojang/serialization/Encoder
instanceKlass java/util/OptionalLong
instanceKlass net/minecraft/client/telemetry/events/GameLoadTimesEvent
instanceKlass com/google/common/base/Stopwatch
instanceKlass com/google/common/base/Ticker
instanceKlass java/net/Authenticator
instanceKlass java/net/SocketAddress
instanceKlass net/minecraft/client/main/Main
instanceKlass net/minecraftforge/fml/loading/targets/ArgumentList$EntryValue
instanceKlass net/minecraftforge/fml/loading/targets/ArgumentList
instanceKlass org/apache/logging/log4j/core/config/Configurator
instanceKlass org/apache/logging/log4j/core/impl/ContextAnchor
instanceKlass net/minecraft/util/thread/BlockableEventLoop
instanceKlass net/minecraft/util/thread/ProcessorHandle
instanceKlass net/minecraft/util/profiling/metrics/ProfilerMeasured
instanceKlass net/minecraftforge/client/extensions/IForgeMinecraft
instanceKlass com/mojang/blaze3d/platform/WindowEventHandler
instanceKlass org/spongepowered/asm/mixin/Dynamic
instanceKlass org/spongepowered/asm/mixin/injection/struct/Target$Extension
instanceKlass org/spongepowered/asm/mixin/injection/callback/CallbackInfo
instanceKlass org/spongepowered/asm/mixin/injection/callback/Cancellable
instanceKlass org/spongepowered/asm/mixin/injection/struct/InjectionNodes$InjectionNode
instanceKlass org/spongepowered/asm/mixin/injection/code/Injector$TargetNode
instanceKlass org/spongepowered/asm/mixin/injection/code/InjectorTarget
instanceKlass org/spongepowered/asm/mixin/injection/struct/Target
instanceKlass org/spongepowered/asm/mixin/injection/struct/InjectionPointData
instanceKlass org/spongepowered/asm/util/Annotations$Handle
instanceKlass org/spongepowered/asm/mixin/injection/struct/SelectorAnnotationContext
instanceKlass org/spongepowered/asm/mixin/injection/InjectionPoint$AtCode
instanceKlass org/spongepowered/asm/mixin/injection/InjectionPoint
instanceKlass org/spongepowered/asm/mixin/injection/struct/InjectionInfo$SelectedTarget
instanceKlass org/spongepowered/asm/mixin/injection/struct/MemberInfo$1
instanceKlass com/google/common/base/ExtraObjectsMethodsForWeb
instanceKlass org/spongepowered/asm/util/Quantifier
instanceKlass org/spongepowered/asm/obfuscation/mapping/IMapping
instanceKlass org/spongepowered/asm/mixin/injection/struct/MemberInfo
instanceKlass org/spongepowered/asm/mixin/injection/selectors/ITargetSelectorConstructor
instanceKlass org/spongepowered/asm/mixin/injection/selectors/ITargetSelectorRemappable
instanceKlass org/spongepowered/asm/mixin/injection/selectors/ElementNode
instanceKlass org/spongepowered/asm/mixin/injection/selectors/dynamic/IResolvedDescriptor
instanceKlass org/spongepowered/asm/mixin/injection/selectors/TargetSelector$DynamicSelectorEntry
instanceKlass org/spongepowered/asm/mixin/injection/Desc
instanceKlass org/spongepowered/asm/mixin/injection/selectors/ITargetSelectorDynamic$SelectorAnnotation
instanceKlass org/spongepowered/asm/mixin/injection/selectors/ITargetSelectorDynamic$SelectorId
instanceKlass org/spongepowered/asm/mixin/injection/selectors/dynamic/DynamicSelectorDesc
instanceKlass org/spongepowered/asm/mixin/injection/selectors/ITargetSelectorByName
instanceKlass org/spongepowered/asm/mixin/injection/selectors/ITargetSelectorDynamic
instanceKlass org/spongepowered/asm/mixin/injection/selectors/ITargetSelector
instanceKlass org/spongepowered/asm/mixin/injection/selectors/TargetSelector
instanceKlass org/spongepowered/asm/mixin/injection/Group
instanceKlass org/spongepowered/asm/mixin/injection/code/MethodSlices
instanceKlass org/spongepowered/asm/mixin/transformer/MixinApplicatorStandard$Range
instanceKlass org/spongepowered/asm/util/ConstraintParser$Constraint
instanceKlass org/spongepowered/asm/util/ConstraintParser
instanceKlass org/spongepowered/asm/mixin/SoftOverride
instanceKlass org/spongepowered/asm/mixin/transformer/MixinApplicatorStandard$1
instanceKlass com/google/common/base/Joiner
instanceKlass org/spongepowered/asm/mixin/transformer/meta/MixinMerged
instanceKlass org/spongepowered/asm/mixin/injection/struct/InjectorGroupInfo
instanceKlass org/spongepowered/asm/mixin/struct/SourceMap$File
instanceKlass org/spongepowered/asm/mixin/struct/SourceMap$Stratum
instanceKlass org/spongepowered/asm/mixin/struct/SourceMap
instanceKlass org/objectweb/asm/signature/SignatureReader
instanceKlass org/spongepowered/asm/mixin/transformer/MixinApplicatorStandard
instanceKlass org/spongepowered/asm/mixin/struct/MemberRef
instanceKlass org/spongepowered/asm/mixin/transformer/ext/ITargetClassContext
instanceKlass net/minecraft/client/gui/GuiGraphics
instanceKlass net/minecraftforge/client/extensions/IForgeGuiGraphics
instanceKlass org/objectweb/asm/TypeReference
instanceKlass com/mojang/blaze3d/vertex/BufferVertexConsumer
instanceKlass com/mojang/blaze3d/vertex/VertexConsumer
instanceKlass net/minecraftforge/client/extensions/IForgeVertexConsumer
instanceKlass net/minecraft/client/renderer/texture/AbstractTexture
instanceKlass net/minecraft/client/gui/screens/Overlay
instanceKlass net/minecraft/client/gui/components/Renderable
instanceKlass java/text/DigitList$1
instanceKlass org/objectweb/asm/ConstantDynamic
instanceKlass org/spongepowered/asm/mixin/Implements
instanceKlass org/spongepowered/asm/util/LanguageFeatures
instanceKlass org/spongepowered/asm/util/Counter
instanceKlass org/spongepowered/asm/mixin/injection/Surrogate
instanceKlass org/spongepowered/asm/mixin/injection/ModifyConstant
instanceKlass org/spongepowered/asm/mixin/injection/ModifyVariable
instanceKlass org/spongepowered/asm/mixin/injection/Redirect
instanceKlass org/spongepowered/asm/mixin/injection/ModifyArgs
instanceKlass org/spongepowered/asm/mixin/injection/ModifyArg
instanceKlass org/spongepowered/asm/util/logging/MessageRouter$1
instanceKlass org/spongepowered/asm/util/logging/MessageRouter$LoggingMessager
instanceKlass javax/annotation/processing/Messager
instanceKlass org/spongepowered/asm/util/logging/MessageRouter
instanceKlass org/spongepowered/asm/mixin/injection/struct/InjectionInfo$HandlerPrefix
instanceKlass org/spongepowered/asm/mixin/injection/code/Injector
instanceKlass org/spongepowered/asm/mixin/transformer/ClassContext
instanceKlass org/spongepowered/asm/mixin/injection/struct/InjectionInfo$InjectorEntry
instanceKlass org/spongepowered/asm/mixin/injection/Inject
instanceKlass org/spongepowered/asm/mixin/injection/struct/InjectionInfo$AnnotationType
instanceKlass org/spongepowered/asm/mixin/struct/AnnotatedMethodInfo
instanceKlass org/spongepowered/asm/mixin/injection/code/ISliceContext
instanceKlass org/spongepowered/asm/mixin/injection/IInjectionPointContext
instanceKlass org/spongepowered/asm/mixin/injection/selectors/ISelectorContext
instanceKlass org/spongepowered/asm/util/IMessageSink
instanceKlass org/spongepowered/asm/mixin/transformer/ActivityStack$Activity
instanceKlass org/spongepowered/asm/mixin/extensibility/IActivityContext$IActivity
instanceKlass org/spongepowered/asm/mixin/transformer/ActivityStack
instanceKlass org/spongepowered/asm/mixin/refmap/IMixinContext
instanceKlass org/spongepowered/asm/mixin/extensibility/IActivityContext
instanceKlass jdk/dynalink/beans/MaximallySpecific
instanceKlass jdk/dynalink/beans/ApplicableOverloadedMethods$ApplicabilityTest
instanceKlass jdk/dynalink/beans/ApplicableOverloadedMethods
instanceKlass java/lang/invoke/MethodHandleImpl$CountingWrapper$1
instanceKlass org/openjdk/nashorn/internal/runtime/linker/JavaAdapterClassLoader
instanceKlass org/openjdk/nashorn/internal/runtime/linker/JavaAdapterBytecodeGenerator$MethodInfo
instanceKlass org/openjdk/nashorn/internal/runtime/linker/JavaAdapterServices
instanceKlass org/openjdk/nashorn/internal/runtime/linker/JavaAdapterBytecodeGenerator
instanceKlass org/openjdk/nashorn/internal/runtime/ScriptObject
instanceKlass org/openjdk/nashorn/internal/runtime/PropertyAccess
instanceKlass sun/nio/ByteBuffered
instanceKlass org/openjdk/nashorn/internal/runtime/linker/JavaAdapterFactory$AdapterInfo
instanceKlass org/openjdk/nashorn/internal/runtime/linker/ClassAndLoader
instanceKlass org/openjdk/nashorn/internal/runtime/linker/JavaAdapterFactory
instanceKlass java/util/function/UnaryOperator
instanceKlass jdk/internal/vm/annotation/IntrinsicCandidate
instanceKlass cpw/mods/modlauncher/TransformerVote
instanceKlass cpw/mods/modlauncher/VotingContext
instanceKlass org/spongepowered/asm/mixin/transformer/MixinConfig$1
instanceKlass com/google/common/collect/TransformedIterator
instanceKlass com/google/common/base/Functions
instanceKlass org/spongepowered/asm/mixin/transformer/MixinPreProcessorStandard
instanceKlass org/spongepowered/asm/mixin/transformer/MixinInfo$DeclaredTarget
instanceKlass org/spongepowered/asm/mixin/Pseudo
instanceKlass org/spongepowered/asm/mixin/transformer/MixinInfo$1
instanceKlass org/spongepowered/asm/mixin/transformer/MixinInfo$SubType
instanceKlass org/spongepowered/asm/util/asm/ClassNodeAdapter
instanceKlass org/spongepowered/asm/util/ClassSignature$Token
instanceKlass org/spongepowered/asm/util/ClassSignature$IToken
instanceKlass org/spongepowered/asm/util/ClassSignature
instanceKlass org/spongepowered/asm/mixin/transformer/MethodMapper
instanceKlass org/spongepowered/asm/mixin/Shadow
instanceKlass org/objectweb/asm/tree/analysis/Interpreter
instanceKlass org/spongepowered/asm/util/Locals
instanceKlass org/spongepowered/asm/util/Bytecode
instanceKlass org/spongepowered/asm/mixin/transformer/ClassInfo$FrameData
instanceKlass org/spongepowered/asm/mixin/Mutable
instanceKlass org/spongepowered/asm/mixin/gen/Invoker
instanceKlass org/spongepowered/asm/mixin/gen/Accessor
instanceKlass org/spongepowered/asm/mixin/Debug
instanceKlass org/spongepowered/asm/mixin/Final
instanceKlass org/spongepowered/asm/mixin/Intrinsic
instanceKlass org/spongepowered/asm/mixin/Overwrite
instanceKlass org/spongepowered/asm/util/asm/IAnnotationHandle
instanceKlass org/spongepowered/asm/util/Annotations
instanceKlass org/spongepowered/asm/mixin/Unique
instanceKlass org/objectweb/asm/tree/InsnList$InsnListIterator
instanceKlass com/google/common/math/IntMath$1
instanceKlass com/google/common/math/MathPreconditions
instanceKlass com/google/common/math/IntMath
instanceKlass org/spongepowered/asm/mixin/transformer/ClassInfo$Member
instanceKlass org/spongepowered/asm/mixin/transformer/ClassInfo
instanceKlass org/spongepowered/asm/mixin/transformer/MixinInfo$State
instanceKlass org/spongepowered/asm/mixin/transformer/MixinInfo
instanceKlass com/google/common/io/Java8Compatibility
instanceKlass com/google/common/io/LineBuffer
instanceKlass com/google/common/io/LineReader
instanceKlass com/google/common/io/CharStreams
instanceKlass com/google/common/io/Closer$SuppressingSuppressor
instanceKlass com/google/common/io/Closer$Suppressor
instanceKlass com/google/common/io/Closer
instanceKlass com/google/common/io/CharSource
instanceKlass com/google/common/hash/PrimitiveSink
instanceKlass com/google/common/io/Files$2
instanceKlass com/google/common/io/Files
instanceKlass org/spongepowered/asm/mixin/refmap/RemappingReferenceMapper$1
instanceKlass com/google/common/base/Charsets
instanceKlass com/google/common/io/LineProcessor
instanceKlass org/spongepowered/asm/mixin/refmap/RemappingReferenceMapper
instanceKlass com/google/common/io/Closeables
instanceKlass org/spongepowered/asm/mixin/refmap/ReferenceMapper
instanceKlass dev/architectury/plugin/forge/ArchitecturyMixinPlugin
instanceKlass org/spongepowered/asm/mixin/extensibility/IMixinConfigPlugin
instanceKlass net/minecraftforge/eventbus/LockHelper
instanceKlass net/minecraftforge/eventbus/api/Event
instanceKlass net/minecraftforge/eventbus/api/IEventListener
instanceKlass net/minecraftforge/eventbus/ClassLoaderFactory
instanceKlass net/minecraftforge/eventbus/IEventListenerFactory
instanceKlass org/objectweb/asm/tree/ParameterNode
instanceKlass org/spongepowered/asm/mixin/transformer/ext/extensions/ExtensionCheckInterfaces
instanceKlass org/spongepowered/asm/mixin/transformer/ext/extensions/ExtensionCheckClass
instanceKlass com/google/common/io/MoreFiles$1
instanceKlass com/google/common/io/ByteSink
instanceKlass com/google/common/io/ByteSource
instanceKlass com/google/common/io/MoreFiles
instanceKlass org/spongepowered/asm/mixin/Mixin
instanceKlass org/spongepowered/asm/util/Constants
instanceKlass org/spongepowered/asm/mixin/transformer/ext/extensions/ExtensionClassExporter
instanceKlass org/spongepowered/asm/mixin/transformer/InnerClassGenerator
instanceKlass org/spongepowered/asm/mixin/injection/invoke/arg/Args
instanceKlass org/spongepowered/asm/service/ISyntheticClassInfo
instanceKlass org/spongepowered/asm/mixin/injection/invoke/arg/ArgsClassGenerator
instanceKlass org/spongepowered/asm/mixin/transformer/DefaultExtensions$1
instanceKlass org/spongepowered/asm/mixin/transformer/ext/IExtension
instanceKlass org/spongepowered/asm/mixin/transformer/ext/IClassGenerator
instanceKlass org/spongepowered/asm/mixin/transformer/DefaultExtensions
instanceKlass org/spongepowered/asm/mixin/transformer/MixinClassGenerator
instanceKlass sun/security/provider/AbstractDrbg$NonceProvider
instanceKlass java/net/NetworkInterface$1
instanceKlass java/net/DefaultInterface
instanceKlass java/net/InterfaceAddress
instanceKlass java/net/NetworkInterface
instanceKlass sun/security/provider/SeedGenerator$1
instanceKlass sun/security/provider/SeedGenerator
instanceKlass sun/security/provider/AbstractDrbg$SeederHolder
instanceKlass java/security/DrbgParameters$NextBytes
instanceKlass sun/security/provider/EntropySource
instanceKlass sun/security/provider/AbstractDrbg
instanceKlass java/security/DrbgParameters$Instantiation
instanceKlass java/security/DrbgParameters
instanceKlass sun/security/provider/MoreDrbgParameters
instanceKlass java/security/SecureRandomSpi
instanceKlass java/util/UUID$Holder
instanceKlass org/spongepowered/asm/mixin/transformer/MixinProcessor
instanceKlass org/spongepowered/asm/mixin/transformer/MixinCoprocessor
instanceKlass org/spongepowered/asm/mixin/transformer/MixinConfig$IListener
instanceKlass org/spongepowered/asm/mixin/transformer/ext/Extensions
instanceKlass org/spongepowered/asm/mixin/transformer/SyntheticClassRegistry
instanceKlass org/spongepowered/asm/mixin/transformer/ext/IExtensionRegistry
instanceKlass org/spongepowered/asm/service/ISyntheticClassRegistry
instanceKlass org/spongepowered/asm/transformers/TreeTransformer
instanceKlass org/spongepowered/asm/service/ILegacyClassTransformer
instanceKlass org/spongepowered/asm/service/ITransformer
instanceKlass cpw/mods/modlauncher/TransformerAuditTrail$TransformerActivity
instanceKlass cpw/mods/modlauncher/api/ITransformerActivity
instanceKlass org/objectweb/asm/tree/TryCatchBlockNode
instanceKlass org/objectweb/asm/tree/LocalVariableNode
instanceKlass org/objectweb/asm/tree/InnerClassNode
instanceKlass org/objectweb/asm/tree/Util
instanceKlass net/minecraftforge/eventbus/EventAccessTransformer
instanceKlass net/minecraftforge/eventbus/EventSubclassTransformer
instanceKlass net/minecraftforge/eventbus/LogMarkers
instanceKlass net/minecraftforge/eventbus/EventBusEngine
instanceKlass org/spongepowered/asm/launch/Phases
instanceKlass org/spongepowered/asm/util/asm/ASM
instanceKlass org/spongepowered/asm/util/VersionNumber
instanceKlass com/google/common/base/CommonPattern
instanceKlass com/google/common/base/Platform$JdkPatternCompiler
instanceKlass com/google/common/base/PatternCompiler
instanceKlass com/google/common/base/Platform
instanceKlass com/google/common/base/Strings
instanceKlass com/google/gson/internal/ConstructorConstructor$13
instanceKlass com/google/gson/internal/ConstructorConstructor$3
instanceKlass com/google/gson/internal/Primitives
instanceKlass com/google/gson/annotations/SerializedName
instanceKlass org/spongepowered/asm/mixin/transformer/PluginHandle
instanceKlass org/spongepowered/asm/mixin/transformer/MixinConfig$OverwriteOptions
instanceKlass org/spongepowered/asm/mixin/transformer/MixinConfig$InjectorOptions
instanceKlass com/google/gson/internal/ConstructorConstructor$9
instanceKlass java/lang/reflect/AnnotatedType
instanceKlass com/google/gson/internal/reflect/ReflectionHelper$RecordHelper
instanceKlass com/google/gson/internal/reflect/ReflectionHelper
instanceKlass com/google/gson/annotations/JsonAdapter
instanceKlass org/spongepowered/asm/mixin/extensibility/IMixinInfo
instanceKlass org/spongepowered/asm/mixin/refmap/IReferenceMapper
instanceKlass org/spongepowered/asm/mixin/transformer/MixinConfig
instanceKlass org/spongepowered/asm/mixin/extensibility/IMixinConfig
instanceKlass org/spongepowered/asm/mixin/transformer/Config
instanceKlass org/spongepowered/asm/mixin/Mixins
instanceKlass org/spongepowered/asm/launch/platform/CommandLineOptions
instanceKlass cpw/mods/modlauncher/api/ITransformerVotingContext
instanceKlass cpw/mods/modlauncher/ClassTransformer
instanceKlass cpw/mods/modlauncher/TransformerAuditTrail
instanceKlass org/objectweb/asm/TypePath
instanceKlass net/minecraftforge/fml/Logging
instanceKlass net/minecraftforge/fml/javafmlmod/FMLJavaModLanguageProvider$FMLModTarget
instanceKlass net/minecraftforge/fml/mclanguageprovider/MinecraftModLanguageProvider$MinecraftModTarget
instanceKlass net/minecraftforge/forgespi/language/IModLanguageProvider$IModLanguageLoader
instanceKlass java/nio/file/Path$1
instanceKlass java/util/concurrent/locks/ReentrantReadWriteLock$Sync$HoldCounter
instanceKlass cpw/mods/modlauncher/TransformingClassLoaderBuilder
instanceKlass org/spongepowered/asm/util/JavaVersion
instanceKlass org/spongepowered/asm/util/Files
instanceKlass org/spongepowered/asm/launch/platform/MainAttributes
instanceKlass org/spongepowered/asm/launch/platform/container/ContainerHandleURI
instanceKlass cpw/mods/modlauncher/TransformerHolder
instanceKlass net/minecraftforge/coremod/transformer/CoreModBaseTransformer
instanceKlass cpw/mods/modlauncher/api/ITransformer$Target
instanceKlass net/minecraftforge/coremod/CoreMod$1
instanceKlass org/openjdk/nashorn/internal/runtime/PropertySwitchPoints$WeakSwitchPointSet
instanceKlass org/openjdk/nashorn/internal/runtime/PropertySwitchPoints
instanceKlass org/openjdk/nashorn/internal/scripts/ModuleGraphManipulator
instanceKlass net/minecraftforge/fml/loading/moddiscovery/ModAnnotation$EnumHolder
instanceKlass org/openjdk/nashorn/internal/codegen/Condition$1
instanceKlass org/openjdk/nashorn/internal/codegen/CodeGenerator$32
instanceKlass org/openjdk/nashorn/internal/codegen/BranchOptimizer$1
instanceKlass jdk/dynalink/beans/AbstractJavaLinker$1
instanceKlass org/openjdk/nashorn/internal/codegen/ConstantData$ArrayWrapper
instanceKlass org/openjdk/nashorn/internal/parser/Lexer$LexerToken
instanceKlass org/openjdk/nashorn/internal/ir/LiteralNode$ArrayLiteralNode$ArrayLiteralInitializer
instanceKlass org/openjdk/nashorn/internal/scripts/ModuleGraphManipulator
instanceKlass org/openjdk/nashorn/internal/parser/Parser$ForVariableDeclarationListResult
instanceKlass org/openjdk/nashorn/internal/runtime/linker/JavaArgumentConverters
instanceKlass jdk/dynalink/TypeConverterFactory$LookupSupplier
instanceKlass jdk/dynalink/internal/InternalTypeUtilities
instanceKlass jdk/dynalink/BiClassValue$1
instanceKlass jdk/dynalink/BiClassValue$BiClassValues
instanceKlass org/openjdk/nashorn/internal/codegen/BranchOptimizer
instanceKlass org/openjdk/nashorn/internal/scripts/ModuleGraphManipulator
instanceKlass org/openjdk/nashorn/internal/runtime/ScriptObject$ScriptObjectIterator
instanceKlass org/openjdk/nashorn/api/scripting/ScriptUtils
instanceKlass org/openjdk/nashorn/internal/scripts/ModuleGraphManipulator
instanceKlass jdk/dynalink/beans/DynamicMethodLinker
instanceKlass jdk/dynalink/beans/GuardedInvocationComponent$Validator
instanceKlass jdk/dynalink/beans/GuardedInvocationComponent
instanceKlass jdk/dynalink/beans/AbstractJavaLinker$ComponentLinkRequest
instanceKlass java/lang/Class$2
instanceKlass jdk/dynalink/beans/AccessibleMembersLookup$MethodSignature
instanceKlass org/objectweb/asm/tree/InsnList
instanceKlass jdk/dynalink/beans/AccessibleMembersLookup
instanceKlass jdk/dynalink/beans/CheckRestrictedPackage
instanceKlass jdk/dynalink/beans/AbstractJavaLinker$AnnotatedDynamicMethod
instanceKlass jdk/dynalink/beans/FacetIntrospector
instanceKlass jdk/dynalink/beans/DynamicMethod
instanceKlass jdk/dynalink/beans/AbstractJavaLinker
instanceKlass jdk/dynalink/beans/LinkerServicesWithMissingMemberHandlerFactory
instanceKlass org/openjdk/nashorn/internal/runtime/linker/NashornBeansLinker$NashornBeansLinkerServices
instanceKlass org/openjdk/nashorn/internal/codegen/CodeGenerator$Store
instanceKlass org/openjdk/nashorn/internal/ir/RuntimeNode$1
instanceKlass org/openjdk/nashorn/internal/ir/LocalVariableConversion
instanceKlass org/openjdk/nashorn/internal/codegen/LocalVariableTypesCalculator$2
instanceKlass org/openjdk/nashorn/internal/codegen/LocalVariableTypesCalculator$SymbolConversions
instanceKlass org/openjdk/nashorn/internal/codegen/LocalVariableTypesCalculator$JumpOrigin
instanceKlass org/openjdk/nashorn/internal/codegen/LocalVariableTypesCalculator$JumpTarget
instanceKlass org/openjdk/nashorn/internal/ir/UnaryNode$1
instanceKlass org/openjdk/nashorn/internal/ir/visitor/NodeOperatorVisitor$1
instanceKlass org/openjdk/nashorn/internal/codegen/FoldConstants$ConstantEvaluator
instanceKlass org/openjdk/nashorn/internal/scripts/ModuleGraphManipulator
instanceKlass org/openjdk/nashorn/internal/ir/BinaryNode$2
instanceKlass org/openjdk/nashorn/internal/ir/BinaryNode$1
instanceKlass org/openjdk/nashorn/internal/runtime/FunctionInitializer
instanceKlass java/util/TimerTask
instanceKlass org/openjdk/nashorn/internal/codegen/OptimisticTypesPersistence
instanceKlass org/openjdk/nashorn/internal/codegen/TypeMap
instanceKlass net/minecraftforge/coremod/CoreModTracker
instanceKlass org/objectweb/asm/tree/AbstractInsnNode
instanceKlass net/minecraftforge/coremod/api/ASMAPI
instanceKlass org/openjdk/nashorn/internal/objects/NativeJava
instanceKlass org/openjdk/nashorn/internal/runtime/SetMethodCreator$SetMethod
instanceKlass org/openjdk/nashorn/internal/runtime/SetMethodCreator
instanceKlass sun/invoke/util/ValueConversions$1
instanceKlass org/openjdk/nashorn/internal/runtime/ScriptFunctionData$GenericInvokers
instanceKlass org/openjdk/nashorn/internal/codegen/SharedScopeCall
instanceKlass org/openjdk/nashorn/internal/codegen/CodeGenerator$OptimisticOperation
instanceKlass org/openjdk/nashorn/internal/codegen/CodeGenerator$TypeBounds
instanceKlass org/openjdk/nashorn/internal/codegen/ConstantData$PropertyMapWrapper
instanceKlass org/openjdk/nashorn/internal/runtime/AccessorProperty$Accessors
instanceKlass org/openjdk/nashorn/internal/codegen/MapCreator
instanceKlass org/openjdk/nashorn/internal/codegen/DumpBytecode
instanceKlass org/objectweb/asm/Handler
instanceKlass org/openjdk/nashorn/internal/codegen/MapTuple
instanceKlass org/objectweb/asm/Edge
instanceKlass org/openjdk/nashorn/internal/codegen/MethodEmitter$LocalVariableDef
instanceKlass org/openjdk/nashorn/internal/codegen/Label$Stack
instanceKlass org/openjdk/nashorn/internal/codegen/MethodEmitter
instanceKlass org/objectweb/asm/Frame
instanceKlass org/openjdk/nashorn/internal/codegen/FunctionSignature
instanceKlass org/openjdk/nashorn/internal/runtime/AllocationStrategy
instanceKlass java/util/concurrent/BlockingDeque
instanceKlass org/openjdk/nashorn/internal/ir/LexicalContext$1
instanceKlass org/openjdk/nashorn/internal/IntDeque
instanceKlass org/openjdk/nashorn/internal/codegen/SplitIntoFunctions$FunctionState
instanceKlass org/openjdk/nashorn/internal/codegen/ObjectCreator
instanceKlass org/openjdk/nashorn/internal/codegen/CodeGenerator$SplitLiteralCreator
instanceKlass org/openjdk/nashorn/internal/ir/LexicalContext$NodeIterator
instanceKlass org/openjdk/nashorn/internal/scripts/JS
instanceKlass org/objectweb/asm/ByteVector
instanceKlass org/objectweb/asm/Symbol
instanceKlass org/objectweb/asm/SymbolTable
instanceKlass org/objectweb/asm/RecordComponentVisitor
instanceKlass org/objectweb/asm/util/Printer
instanceKlass org/openjdk/nashorn/internal/codegen/ClassEmitter
instanceKlass java/util/Collections$UnmodifiableList$1
instanceKlass org/openjdk/nashorn/internal/ir/LexicalContextNode$Acceptor
instanceKlass org/openjdk/nashorn/internal/ir/LexicalContext
instanceKlass org/openjdk/nashorn/internal/codegen/TypeEvaluator
instanceKlass org/openjdk/nashorn/internal/codegen/CompileUnit
instanceKlass org/openjdk/nashorn/internal/codegen/ConstantData
instanceKlass org/openjdk/nashorn/internal/codegen/CompilationPhase
instanceKlass org/openjdk/nashorn/internal/codegen/Compiler$CompilationPhases
instanceKlass org/openjdk/nashorn/internal/runtime/Context$ContextCodeInstaller
instanceKlass org/openjdk/nashorn/internal/scripts/ModuleGraphManipulator
instanceKlass org/openjdk/nashorn/internal/codegen/Label
instanceKlass org/openjdk/nashorn/internal/ir/Symbol
instanceKlass org/objectweb/asm/Handle
instanceKlass org/objectweb/asm/Opcodes
instanceKlass org/openjdk/nashorn/internal/parser/Parser$ParserState
instanceKlass org/objectweb/asm/Label
instanceKlass org/openjdk/nashorn/internal/parser/Lexer$1
instanceKlass org/openjdk/nashorn/internal/parser/Parser$4
instanceKlass org/openjdk/nashorn/internal/parser/ParserContextBreakableNode
instanceKlass org/openjdk/nashorn/internal/parser/ParserContextBaseNode
instanceKlass org/openjdk/nashorn/internal/parser/Token$1
instanceKlass java/util/LinkedList$LLSpliterator
instanceKlass org/openjdk/nashorn/internal/parser/TokenLookup
instanceKlass org/openjdk/nashorn/internal/parser/Scanner$State
instanceKlass org/openjdk/nashorn/internal/parser/Scanner
instanceKlass net/minecraftforge/fml/loading/moddiscovery/ModAnnotation
instanceKlass org/objectweb/asm/AnnotationVisitor
instanceKlass org/openjdk/nashorn/internal/parser/TokenStream
instanceKlass org/openjdk/nashorn/internal/parser/ParserContext
instanceKlass org/openjdk/nashorn/internal/parser/Token
instanceKlass org/openjdk/nashorn/internal/ir/BreakableNode
instanceKlass org/openjdk/nashorn/internal/ir/Labels
instanceKlass org/openjdk/nashorn/internal/ir/visitor/NodeVisitor
instanceKlass org/openjdk/nashorn/internal/ir/JoinPredecessor
instanceKlass org/openjdk/nashorn/internal/ir/Optimistic
instanceKlass org/openjdk/nashorn/internal/ir/FunctionCall
instanceKlass org/openjdk/nashorn/internal/ir/Assignment
instanceKlass org/openjdk/nashorn/internal/ir/Splittable
instanceKlass org/openjdk/nashorn/internal/ir/PropertyKey
instanceKlass org/openjdk/nashorn/internal/ir/Terminal
instanceKlass org/openjdk/nashorn/internal/parser/ParserContextNode
instanceKlass org/openjdk/nashorn/internal/parser/AbstractParser
instanceKlass org/openjdk/nashorn/internal/runtime/Source$RawData
instanceKlass org/openjdk/nashorn/internal/runtime/Source$URLData
instanceKlass org/openjdk/nashorn/internal/runtime/Source$Data
instanceKlass net/minecraftforge/fml/loading/moddiscovery/Scanner
instanceKlass java/util/concurrent/ForkJoinTask$Aux
instanceKlass java/util/concurrent/ForkJoinTask
instanceKlass java/util/concurrent/CompletableFuture$AsynchronousCompletionTask
instanceKlass java/util/concurrent/ForkJoinPool$WorkQueue
instanceKlass java/util/concurrent/ForkJoinPool$DefaultCommonPoolForkJoinWorkerThreadFactory
instanceKlass java/util/concurrent/ForkJoinPool$1
instanceKlass java/util/concurrent/ForkJoinPool$DefaultForkJoinWorkerThreadFactory
instanceKlass java/util/concurrent/ForkJoinPool$ForkJoinWorkerThreadFactory
instanceKlass java/util/concurrent/CompletableFuture$AltResult
instanceKlass java/util/concurrent/CompletableFuture
instanceKlass java/util/concurrent/CompletionStage
instanceKlass net/minecraftforge/forgespi/language/ModFileScanData
instanceKlass net/minecraftforge/fml/loading/moddiscovery/BackgroundScanHandler
instanceKlass org/antlr/v4/runtime/ProxyErrorListener
instanceKlass net/minecraftforge/accesstransformer/parser/ModifierProcessor
instanceKlass net/minecraftforge/accesstransformer/AccessTransformer
instanceKlass java/io/BufferedReader$1
instanceKlass net/minecraftforge/fml/loading/MCPNamingService$1
instanceKlass net/minecraftforge/accesstransformer/Target
instanceKlass org/antlr/v4/runtime/tree/AbstractParseTreeVisitor
instanceKlass net/minecraftforge/accesstransformer/generated/AtParserVisitor
instanceKlass org/antlr/v4/runtime/tree/TerminalNodeImpl
instanceKlass org/antlr/v4/runtime/misc/FlexibleHashMap$Entry
instanceKlass org/antlr/v4/runtime/misc/FlexibleHashMap
instanceKlass org/antlr/v4/runtime/misc/DoubleKeyMap
instanceKlass org/antlr/v4/runtime/atn/LL1Analyzer
instanceKlass org/antlr/v4/runtime/CommonToken
instanceKlass org/antlr/v4/runtime/WritableToken
instanceKlass org/antlr/v4/runtime/atn/LexerIndexedCustomAction
instanceKlass org/antlr/v4/runtime/atn/LexerActionExecutor
instanceKlass org/antlr/v4/runtime/misc/MurmurHash
instanceKlass org/antlr/v4/runtime/atn/SemanticContext
instanceKlass org/antlr/v4/runtime/DefaultErrorStrategy
instanceKlass org/antlr/v4/runtime/tree/ErrorNode
instanceKlass org/antlr/v4/runtime/tree/TerminalNode
instanceKlass org/antlr/v4/runtime/tree/ParseTreeListener
instanceKlass org/antlr/v4/runtime/RuleContext
instanceKlass org/antlr/v4/runtime/tree/RuleNode
instanceKlass org/antlr/v4/runtime/tree/ParseTree
instanceKlass org/antlr/v4/runtime/tree/SyntaxTree
instanceKlass org/antlr/v4/runtime/tree/Tree
instanceKlass org/antlr/v4/runtime/ANTLRErrorStrategy
instanceKlass org/antlr/v4/runtime/BufferedTokenStream
instanceKlass org/antlr/v4/runtime/atn/LexerATNSimulator$SimState
instanceKlass org/antlr/v4/runtime/misc/AbstractEqualityComparator
instanceKlass org/antlr/v4/runtime/misc/EqualityComparator
instanceKlass org/antlr/v4/runtime/misc/Array2DHashSet
instanceKlass org/antlr/v4/runtime/dfa/DFAState
instanceKlass org/antlr/v4/runtime/atn/ATNConfigSet
instanceKlass org/antlr/v4/runtime/atn/ATNConfig
instanceKlass org/antlr/v4/runtime/misc/IntegerList
instanceKlass org/antlr/v4/runtime/Token
instanceKlass org/antlr/v4/runtime/CommonTokenFactory
instanceKlass org/antlr/v4/runtime/TokenFactory
instanceKlass org/antlr/v4/runtime/BaseErrorListener
instanceKlass org/antlr/v4/runtime/dfa/DFASerializer
instanceKlass org/antlr/v4/runtime/dfa/DFA
instanceKlass org/antlr/v4/runtime/atn/LexerTypeAction
instanceKlass org/antlr/v4/runtime/atn/LexerPopModeAction
instanceKlass org/antlr/v4/runtime/atn/LexerPushModeAction
instanceKlass org/antlr/v4/runtime/atn/ATNDeserializer$3
instanceKlass org/antlr/v4/runtime/atn/ATNDeserializer$2
instanceKlass org/antlr/v4/runtime/misc/Interval
instanceKlass org/antlr/v4/runtime/misc/IntervalSet
instanceKlass org/antlr/v4/runtime/atn/ATNDeserializer$1
instanceKlass org/antlr/v4/runtime/misc/Pair
instanceKlass org/antlr/v4/runtime/misc/IntSet
instanceKlass org/antlr/v4/runtime/atn/ATN
instanceKlass org/antlr/v4/runtime/atn/ATNDeserializationOptions
instanceKlass org/antlr/v4/runtime/atn/LexerAction
instanceKlass org/antlr/v4/runtime/atn/ATNDeserializer$UnicodeDeserializer
instanceKlass org/antlr/v4/runtime/atn/ATNState
instanceKlass org/antlr/v4/runtime/atn/Transition
instanceKlass org/antlr/v4/runtime/atn/ATNDeserializer
instanceKlass org/antlr/v4/runtime/VocabularyImpl
instanceKlass org/antlr/v4/runtime/atn/PredictionContext
instanceKlass org/antlr/v4/runtime/atn/PredictionContextCache
instanceKlass org/antlr/v4/runtime/RuntimeMetaData
instanceKlass org/antlr/v4/runtime/Vocabulary
instanceKlass org/antlr/v4/runtime/atn/ATNSimulator
instanceKlass org/antlr/v4/runtime/Recognizer
instanceKlass org/antlr/v4/runtime/CodePointCharStream$1
instanceKlass org/antlr/v4/runtime/CodePointCharStream
instanceKlass org/antlr/v4/runtime/CodePointBuffer$1
instanceKlass org/antlr/v4/runtime/CodePointBuffer$Builder
instanceKlass org/antlr/v4/runtime/CodePointBuffer
instanceKlass org/antlr/v4/runtime/CharStream
instanceKlass org/antlr/v4/runtime/CharStreams
instanceKlass net/minecraftforge/coremod/CoreMod
instanceKlass org/openjdk/nashorn/internal/objects/annotations/SpecializedFunction
instanceKlass org/openjdk/nashorn/internal/objects/annotations/SpecializedFunction$LinkLogic
instanceKlass org/openjdk/nashorn/internal/runtime/Specialization
instanceKlass org/openjdk/nashorn/internal/runtime/OptimisticReturnFilters
instanceKlass java/util/IdentityHashMap$EntryIterator$Entry
instanceKlass java/util/Collections$UnmodifiableMap$UnmodifiableEntrySet$UnmodifiableEntry
instanceKlass java/util/Collections$UnmodifiableMap$UnmodifiableEntrySet$1
instanceKlass jdk/dynalink/linker/support/TypeUtilities
instanceKlass org/openjdk/nashorn/internal/runtime/CompiledFunction$HandleAndAssumptions
instanceKlass org/openjdk/nashorn/internal/runtime/ScriptObject$1
instanceKlass org/openjdk/nashorn/internal/runtime/linker/BoundCallable
instanceKlass org/openjdk/nashorn/internal/runtime/ConsString
instanceKlass jdk/dynalink/linker/support/SimpleLinkRequest
instanceKlass org/openjdk/nashorn/api/scripting/AbstractJSObject
instanceKlass org/openjdk/nashorn/internal/objects/NativeObject
instanceKlass org/openjdk/nashorn/internal/runtime/FindProperty
instanceKlass org/openjdk/nashorn/internal/runtime/Symbol
instanceKlass org/openjdk/nashorn/internal/runtime/GlobalFunctions
instanceKlass org/openjdk/nashorn/internal/runtime/CompiledFunction$OptimismInfo
instanceKlass org/openjdk/nashorn/internal/runtime/events/RuntimeEvent
instanceKlass org/openjdk/nashorn/internal/runtime/CompiledFunction
instanceKlass org/openjdk/nashorn/internal/objects/NativeFunction
instanceKlass org/openjdk/nashorn/internal/runtime/arrays/ArrayIndex
instanceKlass org/openjdk/nashorn/internal/runtime/SpillProperty$Accessors
instanceKlass org/openjdk/nashorn/internal/runtime/UserAccessorProperty$Accessors
instanceKlass org/openjdk/nashorn/internal/runtime/ScriptFunctionData
instanceKlass org/openjdk/nashorn/internal/runtime/linker/NameCodec
instanceKlass java/util/stream/StreamSpliterators$InfiniteSupplyingSpliterator
instanceKlass org/openjdk/nashorn/internal/runtime/linker/InvokeByName
instanceKlass org/openjdk/nashorn/internal/runtime/arrays/IntElements
instanceKlass org/openjdk/nashorn/internal/runtime/arrays/IntOrLongElements
instanceKlass org/openjdk/nashorn/internal/runtime/arrays/NumericElements
instanceKlass org/openjdk/nashorn/internal/runtime/arrays/AnyElements
instanceKlass org/openjdk/nashorn/internal/runtime/PropertyHashMap$Element
instanceKlass org/openjdk/nashorn/internal/runtime/PropertyHashMap$MapBuilder
instanceKlass org/openjdk/nashorn/internal/runtime/PropertyHashMap
instanceKlass org/openjdk/nashorn/internal/codegen/ObjectClassGenerator
instanceKlass org/openjdk/nashorn/internal/runtime/linker/NashornGuards
instanceKlass org/openjdk/nashorn/internal/runtime/arrays/ArrayData
instanceKlass org/openjdk/nashorn/internal/runtime/PropertyMap
instanceKlass org/openjdk/nashorn/internal/runtime/PropertyDescriptor
instanceKlass org/openjdk/nashorn/internal/runtime/Property
instanceKlass org/openjdk/nashorn/internal/runtime/GlobalConstants$Access
instanceKlass org/openjdk/nashorn/internal/runtime/GlobalConstants
instanceKlass jdk/dynalink/BiClassValue
instanceKlass jdk/dynalink/TypeConverterFactory
instanceKlass jdk/dynalink/LinkerServicesImpl
instanceKlass jdk/dynalink/DynamicLinker
instanceKlass jdk/dynalink/linker/support/CompositeGuardingDynamicLinker
instanceKlass jdk/dynalink/linker/support/CompositeTypeBasedGuardingDynamicLinker
instanceKlass java/util/LinkedList$ListItr
instanceKlass jdk/dynalink/linker/GuardingDynamicLinkerExporter
instanceKlass jdk/dynalink/linker/support/DefaultInternalObjectFilter
instanceKlass jdk/dynalink/linker/MethodTypeConversionStrategy
instanceKlass jdk/dynalink/linker/GuardedInvocationTransformer
instanceKlass jdk/dynalink/internal/AccessControlContextFactory
instanceKlass jdk/dynalink/DynamicLinkerFactory
instanceKlass jdk/dynalink/SecureLookupSupplier
instanceKlass org/openjdk/nashorn/internal/runtime/linker/NashornBottomLinker
instanceKlass jdk/dynalink/beans/BeansLinker$NoSuchMemberHandlerBindingLinker
instanceKlass jdk/dynalink/beans/StaticClassLinker
instanceKlass jdk/dynalink/beans/StaticClass
instanceKlass org/openjdk/nashorn/internal/runtime/linker/NashornStaticClassLinker
instanceKlass java/beans/XMLDecoder
instanceKlass java/beans/Encoder
instanceKlass java/beans/Statement$1
instanceKlass java/beans/ExceptionListener
instanceKlass java/beans/Statement
instanceKlass org/openjdk/nashorn/internal/runtime/linker/ReflectionCheckLinker
instanceKlass netscape/javascript/JSObject
instanceKlass org/openjdk/nashorn/internal/runtime/linker/BrowserJSObjectLinker
instanceKlass org/openjdk/nashorn/api/scripting/JSObject
instanceKlass org/openjdk/nashorn/internal/runtime/linker/JSObjectLinker
instanceKlass org/openjdk/nashorn/internal/runtime/linker/JavaSuperAdapter
instanceKlass org/openjdk/nashorn/internal/runtime/linker/JavaSuperAdapterLinker
instanceKlass org/openjdk/nashorn/internal/runtime/linker/BoundCallableLinker
instanceKlass jdk/dynalink/linker/GuardedInvocation
instanceKlass org/openjdk/nashorn/internal/runtime/linker/NashornPrimitiveLinker
instanceKlass org/openjdk/nashorn/internal/runtime/OptimisticBuiltins
instanceKlass org/openjdk/nashorn/internal/runtime/AccessControlContextFactory
instanceKlass org/openjdk/nashorn/internal/runtime/linker/NashornLinker
instanceKlass jdk/dynalink/linker/ConversionComparator
instanceKlass jdk/dynalink/linker/GuardingTypeConverterFactory
instanceKlass jdk/dynalink/NamedOperation
instanceKlass jdk/dynalink/NamespaceOperation
instanceKlass jdk/dynalink/linker/MethodHandleTransformer
instanceKlass jdk/dynalink/Operation
instanceKlass jdk/dynalink/Namespace
instanceKlass org/openjdk/nashorn/internal/runtime/linker/NashornBeansLinker
instanceKlass jdk/dynalink/linker/LinkerServices
instanceKlass jdk/dynalink/linker/LinkRequest
instanceKlass jdk/dynalink/beans/MissingMemberHandlerFactory
instanceKlass jdk/dynalink/linker/TypeBasedGuardingDynamicLinker
instanceKlass jdk/dynalink/beans/BeansLinker
instanceKlass jdk/dynalink/linker/GuardingDynamicLinker
instanceKlass java/lang/invoke/ClassSpecializer$Factory$1Var
instanceKlass org/openjdk/nashorn/internal/lookup/Lookup
instanceKlass jdk/dynalink/linker/support/Lookup
instanceKlass java/util/logging/Logger$RbAccess
instanceKlass jdk/dynalink/linker/support/Guards
instanceKlass org/openjdk/nashorn/internal/runtime/ScriptRuntime
instanceKlass java/util/logging/StreamHandler$1
instanceKlass java/util/logging/Handler$1
instanceKlass java/util/logging/ErrorManager
instanceKlass jdk/internal/logger/SimpleConsoleLogger$Formatting
instanceKlass java/util/logging/Formatter
instanceKlass org/openjdk/nashorn/internal/runtime/logging/DebugLogger
instanceKlass org/openjdk/nashorn/internal/lookup/MethodHandleFactory$StandardMethodHandleFunctionality
instanceKlass org/openjdk/nashorn/internal/lookup/MethodHandleFunctionality
instanceKlass org/openjdk/nashorn/internal/lookup/MethodHandleFactory
instanceKlass org/openjdk/nashorn/internal/codegen/types/Type$Unknown
instanceKlass org/openjdk/nashorn/internal/runtime/DefaultPropertyAccess
instanceKlass org/openjdk/nashorn/internal/codegen/types/BytecodeArrayOps
instanceKlass org/openjdk/nashorn/internal/codegen/types/BytecodeNumericOps
instanceKlass org/openjdk/nashorn/internal/codegen/types/BytecodeBitwiseOps
instanceKlass org/openjdk/nashorn/internal/codegen/types/Type
instanceKlass org/openjdk/nashorn/internal/codegen/types/BytecodeOps
instanceKlass jdk/dynalink/RelinkableCallSite
instanceKlass org/openjdk/nashorn/internal/runtime/linker/Bootstrap
instanceKlass org/openjdk/nashorn/internal/runtime/logging/Logger
instanceKlass org/openjdk/nashorn/internal/runtime/Timing
instanceKlass org/openjdk/nashorn/internal/codegen/Namespace
instanceKlass org/openjdk/nashorn/internal/runtime/ScriptEnvironment
instanceKlass org/openjdk/nashorn/internal/WeakValueCache
instanceKlass org/openjdk/nashorn/internal/scripts/ModuleGraphManipulator
instanceKlass org/openjdk/nashorn/internal/runtime/Context$2
instanceKlass org/openjdk/nashorn/internal/runtime/Source
instanceKlass org/openjdk/nashorn/internal/codegen/CompilerConstants$Access
instanceKlass org/openjdk/nashorn/internal/codegen/Compiler
instanceKlass org/openjdk/nashorn/internal/runtime/logging/Loggable
instanceKlass org/openjdk/nashorn/internal/runtime/DebuggerSupport$SourceInfo
instanceKlass org/openjdk/nashorn/internal/runtime/DebuggerSupport$DebuggerValueDesc
instanceKlass org/openjdk/nashorn/internal/runtime/DebuggerSupport
instanceKlass java/lang/invoke/SwitchPoint
instanceKlass org/openjdk/nashorn/internal/runtime/CodeInstaller
instanceKlass org/openjdk/nashorn/internal/ir/LexicalContextNode
instanceKlass org/openjdk/nashorn/internal/ir/CompileUnitHolder
instanceKlass org/openjdk/nashorn/internal/ir/Flags
instanceKlass org/openjdk/nashorn/internal/ir/Node
instanceKlass org/openjdk/nashorn/internal/runtime/Context
instanceKlass org/openjdk/nashorn/internal/runtime/options/Options$ParsedArg
instanceKlass org/openjdk/nashorn/internal/runtime/QuotedStringTokenizer
instanceKlass org/openjdk/nashorn/internal/runtime/options/OptionTemplate
instanceKlass sun/util/ResourceBundleEnumeration
instanceKlass java/util/PropertyPermissionCollection$1
instanceKlass org/openjdk/nashorn/internal/runtime/options/Option
instanceKlass org/openjdk/nashorn/internal/runtime/options/Options
instanceKlass javax/script/SimpleBindings
instanceKlass javax/script/SimpleScriptContext
instanceKlass java/util/ResourceBundle$3
instanceKlass java/util/ResourceBundle$CacheKeyReference
instanceKlass java/util/ResourceBundle$CacheKey
instanceKlass javax/script/CompiledScript
instanceKlass javax/script/Bindings
instanceKlass org/openjdk/nashorn/internal/runtime/ScriptObject
instanceKlass org/openjdk/nashorn/internal/runtime/PropertyAccess
instanceKlass org/openjdk/nashorn/internal/runtime/ErrorManager
instanceKlass javax/script/ScriptContext
instanceKlass javax/script/AbstractScriptEngine
instanceKlass javax/script/Invocable
instanceKlass javax/script/Compilable
instanceKlass org/openjdk/nashorn/api/scripting/ClassFilter
instanceKlass javax/script/ScriptEngine
instanceKlass org/openjdk/nashorn/api/scripting/NashornScriptEngineFactory
instanceKlass javax/script/ScriptEngineFactory
instanceKlass net/minecraftforge/coremod/NashornFactory
instanceKlass net/minecraftforge/fml/loading/LoadingModList
instanceKlass com/google/common/collect/NullnessCasts
instanceKlass com/google/common/collect/AbstractIterator$1
instanceKlass net/minecraftforge/fml/loading/toposort/TopologicalSort
instanceKlass net/minecraftforge/fml/loading/ModSorter$1
instanceKlass com/google/common/graph/DirectedGraphConnections$5
instanceKlass com/google/common/graph/DirectedGraphConnections
instanceKlass com/google/common/graph/Network
instanceKlass com/google/common/graph/Graphs
instanceKlass com/google/common/graph/ElementOrder$1
instanceKlass com/google/common/graph/GraphConnections
instanceKlass com/google/common/graph/MapIteratorCache
instanceKlass com/google/common/graph/MutableValueGraph
instanceKlass com/google/common/graph/ValueGraph
instanceKlass com/google/common/graph/AbstractBaseGraph
instanceKlass com/google/common/base/Optional
instanceKlass com/google/common/graph/ElementOrder
instanceKlass com/google/common/graph/MutableGraph
instanceKlass com/google/common/graph/AbstractGraphBuilder
instanceKlass com/google/common/graph/Graph
instanceKlass com/google/common/graph/BaseGraph
instanceKlass com/google/common/graph/PredecessorsFunction
instanceKlass com/google/common/graph/SuccessorsFunction
instanceKlass net/minecraftforge/fml/loading/ModSorter
instanceKlass net/minecraftforge/fml/loading/VersionSupportMatrix
instanceKlass net/minecraftforge/fml/loading/LanguageLoadingProvider$ModLanguageWrapper
instanceKlass net/minecraftforge/fml/javafmlmod/FMLJavaModLanguageProvider
instanceKlass net/minecraftforge/fml/lowcodemod/LowCodeModLanguageProvider
instanceKlass net/minecraftforge/fml/mclanguageprovider/MinecraftModLanguageProvider
instanceKlass net/minecraftforge/forgespi/language/IModLanguageProvider
instanceKlass net/minecraftforge/fml/loading/LanguageLoadingProvider
instanceKlass com/google/gson/internal/LinkedTreeMap$LinkedTreeMapIterator
instanceKlass com/google/gson/internal/LinkedTreeMap$Node
instanceKlass com/google/gson/internal/LinkedTreeMap$1
instanceKlass com/google/gson/internal/ConstructorConstructor$18
instanceKlass com/google/gson/internal/ReflectionAccessFilterHelper
instanceKlass com/google/gson/internal/JsonReaderInternalAccess
instanceKlass com/google/gson/internal/bind/ReflectiveTypeAdapterFactory$BoundField
instanceKlass com/google/gson/internal/bind/ReflectiveTypeAdapterFactory
instanceKlass com/google/gson/internal/bind/JsonAdapterAnnotationTypeAdapterFactory
instanceKlass com/google/gson/internal/bind/MapTypeAdapterFactory
instanceKlass com/google/gson/internal/bind/CollectionTypeAdapterFactory
instanceKlass com/google/gson/internal/bind/ArrayTypeAdapter$1
instanceKlass com/google/gson/internal/sql/SqlTimestampTypeAdapter$1
instanceKlass com/google/gson/internal/sql/SqlTimeTypeAdapter$1
instanceKlass com/google/gson/internal/sql/SqlDateTypeAdapter$1
instanceKlass com/google/gson/internal/bind/DefaultDateTypeAdapter$DateType
instanceKlass com/google/gson/internal/sql/SqlTypesSupport
instanceKlass com/google/gson/internal/bind/DateTypeAdapter$1
instanceKlass java/util/concurrent/atomic/AtomicLongArray
instanceKlass com/google/gson/internal/bind/NumberTypeAdapter$1
instanceKlass com/google/gson/internal/bind/ObjectTypeAdapter$1
instanceKlass com/google/gson/internal/bind/TypeAdapters$29
instanceKlass com/google/gson/internal/bind/TypeAdapters$33
instanceKlass java/util/Currency
instanceKlass com/google/gson/internal/bind/TypeAdapters$34
instanceKlass java/util/concurrent/atomic/AtomicIntegerArray
instanceKlass com/google/gson/internal/bind/TypeAdapters$32
instanceKlass java/util/BitSet
instanceKlass com/google/gson/internal/bind/TypeAdapters$31
instanceKlass com/google/gson/internal/bind/TypeAdapters
instanceKlass com/google/gson/internal/ObjectConstructor
instanceKlass com/google/gson/internal/ConstructorConstructor
instanceKlass com/google/gson/internal/Excluder
instanceKlass com/google/gson/stream/JsonReader
instanceKlass com/google/gson/stream/JsonWriter
instanceKlass com/google/gson/JsonElement
instanceKlass com/google/gson/TypeAdapterFactory
instanceKlass com/google/gson/TypeAdapter
instanceKlass com/google/gson/ToNumberStrategy
instanceKlass com/google/gson/FieldNamingStrategy
instanceKlass com/google/gson/Gson
instanceKlass com/google/gson/internal/$Gson$Preconditions
instanceKlass com/google/gson/internal/$Gson$Types$ParameterizedTypeImpl
instanceKlass com/google/gson/internal/$Gson$Types
instanceKlass com/google/gson/reflect/TypeToken
instanceKlass net/minecraftforge/fml/loading/moddiscovery/CoreModFile
instanceKlass net/minecraftforge/forgespi/coremod/ICoreModFile
instanceKlass net/minecraftforge/fml/loading/moddiscovery/ModValidator
instanceKlass net/minecraftforge/jarjar/selection/JarSelector$SelectionResult
instanceKlass com/google/common/collect/ImmutableMultimap$Builder
instanceKlass com/google/common/collect/AbstractMapBasedMultimap$KeySet$1
instanceKlass net/minecraftforge/jarjar/metadata/ContainedJarIdentifier
instanceKlass com/google/common/collect/RangeGwtSerializationDependencies
instanceKlass com/google/common/base/Predicate
instanceKlass com/google/common/collect/ImmutableRangeSet$Builder
instanceKlass com/google/common/collect/SortedIterable
instanceKlass com/google/common/collect/AbstractRangeSet
instanceKlass com/google/common/collect/RangeSet
instanceKlass com/google/common/collect/ImmutableSet$SetBuilderImpl
instanceKlass com/google/common/collect/CollectCollectors
instanceKlass com/google/common/collect/ListMultimap
instanceKlass com/google/common/collect/SortedSetMultimap
instanceKlass com/google/common/collect/Multimaps
instanceKlass com/google/common/collect/Multiset
instanceKlass com/google/common/collect/AbstractMultimap
instanceKlass com/google/common/collect/SetMultimap
instanceKlass net/minecraftforge/jarjar/metadata/ContainedJarMetadata
instanceKlass net/minecraftforge/jarjar/selection/JarSelector$DetectionResult
instanceKlass com/google/common/collect/Sets
instanceKlass net/minecraftforge/jarjar/metadata/Metadata
instanceKlass net/minecraftforge/jarjar/selection/JarSelector$SourceWithOptionalMetadata
instanceKlass com/google/common/collect/Multimap
instanceKlass net/minecraftforge/jarjar/selection/JarSelector
instanceKlass com/google/common/collect/Lists
instanceKlass net/minecraftforge/fml/loading/UniqueModListBuilder
instanceKlass com/google/common/collect/Maps$EntryTransformer
instanceKlass com/google/common/base/Converter
instanceKlass com/google/common/base/Function
instanceKlass com/google/common/collect/SortedMapDifference
instanceKlass com/google/common/collect/MapDifference
instanceKlass com/google/common/collect/Maps
instanceKlass com/google/common/collect/ImmutableMap$Builder
instanceKlass org/apache/maven/artifact/versioning/ComparableVersion$StringItem
instanceKlass java/net/spi/URLStreamHandlerProvider
instanceKlass java/net/URL$1
instanceKlass java/net/URL$2
instanceKlass com/electronwill/nightconfig/core/file/WriteAsyncFileConfig$WriteCompletedHandler
instanceKlass java/nio/channels/CompletionHandler
instanceKlass java/util/stream/StreamSpliterators
instanceKlass java/util/stream/StreamSpliterators$AbstractWrappingSpliterator
instanceKlass net/minecraftforge/fml/loading/moddiscovery/ModInfo$ModVersion
instanceKlass net/minecraftforge/forgespi/language/IModInfo$ModVersion
instanceKlass org/apache/commons/lang3/text/StrTokenizer
instanceKlass org/apache/commons/lang3/text/StrBuilder
instanceKlass org/apache/commons/lang3/builder/Builder
instanceKlass org/apache/commons/lang3/ArraySorter
instanceKlass org/apache/commons/lang3/text/StrMatcher
instanceKlass org/apache/commons/lang3/text/StrSubstitutor
instanceKlass com/google/common/collect/Hashing
instanceKlass com/google/common/collect/CollectPreconditions
instanceKlass com/google/common/collect/AbstractMapEntry
instanceKlass com/google/common/collect/BiMap
instanceKlass com/google/common/collect/ImmutableMap
instanceKlass org/apache/commons/lang3/text/StrLookup
instanceKlass net/minecraftforge/fml/loading/StringSubstitutor
instanceKlass net/minecraftforge/fml/loading/moddiscovery/ModInfo
instanceKlass net/minecraftforge/fml/loading/StringUtils
instanceKlass org/apache/maven/artifact/versioning/Restriction
instanceKlass java/lang/Character$Subset
instanceKlass org/apache/commons/lang3/StringUtils
instanceKlass org/apache/commons/lang3/math/NumberUtils
instanceKlass org/apache/maven/artifact/versioning/ComparableVersion$IntItem
instanceKlass org/apache/maven/artifact/versioning/ComparableVersion$Item
instanceKlass org/apache/maven/artifact/versioning/ComparableVersion
instanceKlass org/apache/maven/artifact/versioning/DefaultArtifactVersion
instanceKlass org/apache/maven/artifact/versioning/VersionRange
instanceKlass net/minecraftforge/forgespi/language/MavenVersionAdapter
instanceKlass java/util/AbstractList$Itr
instanceKlass java/util/AbstractList$SubList$1
instanceKlass net/minecraftforge/forgespi/language/IModInfo
instanceKlass net/minecraftforge/fml/loading/moddiscovery/ModFileInfo
instanceKlass net/minecraftforge/fml/loading/moddiscovery/NightConfigWrapper
instanceKlass net/minecraftforge/fml/loading/moddiscovery/ModFileParser
instanceKlass java/util/ArrayDeque$DeqSpliterator
instanceKlass net/minecraftforge/fml/earlydisplay/RenderElement$ProgressDisplay
instanceKlass net/minecraftforge/fml/earlydisplay/RenderElement$ColourFunction
instanceKlass net/minecraftforge/fml/earlydisplay/RenderElement$BarPosition
instanceKlass java/util/EnumMap$EnumMapIterator
instanceKlass java/util/Collections$ReverseComparator2
instanceKlass java/util/function/ToLongFunction
instanceKlass net/minecraftforge/fml/earlydisplay/QuadHelper
instanceKlass net/minecraftforge/fml/loading/moddiscovery/ModJarMetadata
instanceKlass java/util/stream/SpinedBuffer$1Splitr
instanceKlass jdk/internal/math/FormattedFloatingDecimal$2
instanceKlass jdk/internal/math/FDBigInteger
instanceKlass jdk/internal/math/FormattedFloatingDecimal
instanceKlass net/minecraftforge/fml/earlydisplay/RenderElement$TextGenerator
instanceKlass org/lwjgl/stb/STBImage
instanceKlass java/util/stream/ReduceOps$5ReducingSink
instanceKlass java/util/function/IntBinaryOperator
instanceKlass net/minecraftforge/fml/earlydisplay/RenderElement$Renderer
instanceKlass net/minecraftforge/fml/earlydisplay/RenderElement$Initializer
instanceKlass net/minecraftforge/fml/earlydisplay/SimpleBufferBuilder
instanceKlass net/minecraftforge/fml/earlydisplay/RenderElement$TextureRenderer
instanceKlass net/minecraftforge/fml/earlydisplay/RenderElement
instanceKlass org/lwjgl/system/Struct$StructValidation
instanceKlass org/lwjgl/system/MultiReleaseMemCopy
instanceKlass java/lang/StrictMath
instanceKlass org/lwjgl/stb/STBTruetype
instanceKlass org/lwjgl/stb/LibSTB
instanceKlass net/minecraftforge/fml/earlydisplay/STBHelper
instanceKlass net/minecraftforge/fml/earlydisplay/SimpleFont
instanceKlass net/minecraftforge/fml/earlydisplay/EarlyFramebuffer
instanceKlass org/lwjgl/system/libc/LibCString
instanceKlass org/lwjgl/system/APIUtil$Encoder
instanceKlass net/minecraftforge/fml/earlydisplay/ElementShader
instanceKlass org/lwjgl/system/MultiReleaseTextDecoding
instanceKlass org/lwjgl/opengl/GL11C
instanceKlass net/minecraftforge/fml/loading/FileUtils
instanceKlass java/nio/file/Files$2
instanceKlass cpw/mods/modlauncher/api/LamdbaExceptionUtils
instanceKlass cpw/mods/modlauncher/api/LamdbaExceptionUtils$Supplier_WithExceptions
instanceKlass net/minecraftforge/fml/loading/MavenCoordinateResolver
instanceKlass java/util/stream/Streams$2
instanceKlass java/util/stream/Streams$ConcatSpliterator
instanceKlass net/minecraftforge/fml/loading/moddiscovery/ModListHandler
instanceKlass org/lwjgl/opengl/GLCapabilities
instanceKlass net/minecraftforge/fml/loading/moddiscovery/ExplodedDirectoryLocator
instanceKlass net/minecraftforge/forgespi/locating/IDependencyLocator
instanceKlass net/minecraftforge/forgespi/language/IModFileInfo
instanceKlass net/minecraftforge/forgespi/language/IConfigurable
instanceKlass net/minecraftforge/fml/loading/moddiscovery/AbstractModProvider
instanceKlass net/minecraftforge/forgespi/locating/IModLocator
instanceKlass net/minecraftforge/fml/loading/moddiscovery/ModDiscoverer
instanceKlass net/minecraftforge/fml/loading/FMLEnvironment
instanceKlass org/lwjgl/system/MathUtil
instanceKlass java/lang/invoke/DirectMethodHandle$1
instanceKlass org/lwjgl/opengl/WGL
instanceKlass org/lwjgl/system/SharedLibrary$Delegate
instanceKlass java/lang/runtime/ObjectMethods$1
instanceKlass sun/invoke/util/ValueConversions$WrapperCache
instanceKlass org/lwjgl/opengl/GL$2
instanceKlass java/lang/invoke/MethodHandleImpl$Makers$2
instanceKlass java/lang/invoke/MethodHandleImpl$Makers$1
instanceKlass java/lang/invoke/MethodHandleImpl$Makers
instanceKlass java/lang/runtime/ObjectMethods
instanceKlass net/minecraftforge/accesstransformer/service/ServiceNameHandler
instanceKlass net/minecraftforge/accesstransformer/IdentityNameHandler
instanceKlass org/antlr/v4/runtime/tree/ParseTreeVisitor
instanceKlass org/antlr/v4/runtime/ANTLRErrorListener
instanceKlass org/antlr/v4/runtime/TokenStream
instanceKlass org/antlr/v4/runtime/IntStream
instanceKlass org/antlr/v4/runtime/TokenSource
instanceKlass net/minecraftforge/accesstransformer/parser/AccessTransformerList
instanceKlass org/apache/commons/lang3/tuple/Pair
instanceKlass org/lwjgl/opengl/GL$ICDStatic
instanceKlass org/lwjgl/opengl/GL$ICD
instanceKlass org/lwjgl/opengl/GL
instanceKlass org/apache/maven/artifact/versioning/ArtifactVersion
instanceKlass net/minecraftforge/fml/loading/moddiscovery/ModFile
instanceKlass net/minecraftforge/forgespi/locating/IModFile
instanceKlass net/minecraftforge/forgespi/locating/ModFileFactory$ModFileInfoParser
instanceKlass net/minecraftforge/forgespi/locating/IModProvider
instanceKlass net/minecraftforge/forgespi/locating/ModFileFactory
instanceKlass net/minecraftforge/forgespi/locating/IModDirectoryLocatorFactory
instanceKlass net/minecraftforge/forgespi/Environment$Keys
instanceKlass com/google/common/collect/Platform
instanceKlass org/spongepowered/asm/service/modlauncher/ModLauncherClassTracker
instanceKlass org/spongepowered/asm/service/modlauncher/ModLauncherAuditTrail
instanceKlass com/google/common/collect/ImmutableCollection$Builder
instanceKlass org/spongepowered/asm/launch/platform/MixinContainer
instanceKlass org/spongepowered/asm/launch/platform/MixinConnectorManager
instanceKlass org/spongepowered/asm/launch/platform/MixinPlatformManager
instanceKlass org/spongepowered/asm/mixin/MixinEnvironment$PhaseConsumer
instanceKlass org/spongepowered/asm/util/perf/Profiler$Section
instanceKlass org/spongepowered/asm/util/perf/Profiler
instanceKlass org/spongepowered/asm/launch/platform/MixinPlatformAgentAbstract
instanceKlass org/spongepowered/asm/launch/platform/IMixinPlatformServiceAgent
instanceKlass org/spongepowered/asm/launch/platform/IMixinPlatformAgent
instanceKlass com/google/common/collect/PeekingIterator
instanceKlass com/google/common/collect/Iterators
instanceKlass org/spongepowered/asm/obfuscation/RemapperChain
instanceKlass org/spongepowered/asm/mixin/extensibility/IRemapper
instanceKlass org/spongepowered/asm/mixin/MixinEnvironment
instanceKlass org/spongepowered/asm/util/ITokenProvider
instanceKlass com/google/common/collect/ObjectArrays
instanceKlass com/google/common/collect/UnmodifiableIterator
instanceKlass com/google/common/base/Preconditions
instanceKlass org/spongepowered/asm/service/modlauncher/MixinTransformationHandler
instanceKlass org/spongepowered/asm/launch/IClassProcessor
instanceKlass org/spongepowered/asm/mixin/transformer/IMixinTransformer
instanceKlass org/spongepowered/asm/mixin/transformer/MixinTransformer$Factory
instanceKlass org/spongepowered/asm/mixin/transformer/IMixinTransformerFactory
instanceKlass org/spongepowered/asm/service/modlauncher/Blackboard$Key
instanceKlass org/spongepowered/asm/service/IPropertyKey
instanceKlass org/spongepowered/asm/service/modlauncher/Blackboard
instanceKlass org/spongepowered/asm/service/IGlobalPropertyService
instanceKlass org/spongepowered/asm/launch/GlobalProperties
instanceKlass org/spongepowered/asm/launch/GlobalProperties$Keys
instanceKlass org/spongepowered/asm/service/MixinService$LogBuffer$LogEntry
instanceKlass org/spongepowered/asm/service/modlauncher/ModLauncherClassProvider
instanceKlass org/spongepowered/asm/logging/LoggerAdapterAbstract
instanceKlass org/spongepowered/asm/util/ReEntranceLock
instanceKlass org/spongepowered/asm/service/ITransformerProvider
instanceKlass org/spongepowered/asm/launch/platform/container/ContainerHandleVirtual
instanceKlass org/spongepowered/asm/util/IConsumer
instanceKlass org/spongepowered/asm/mixin/MixinEnvironment$Phase
instanceKlass org/spongepowered/asm/service/IMixinInternal
instanceKlass org/spongepowered/asm/service/IMixinAuditTrail
instanceKlass org/spongepowered/asm/launch/platform/container/IContainerHandle
instanceKlass org/spongepowered/asm/service/IClassTracker
instanceKlass org/spongepowered/asm/service/IClassProvider
instanceKlass org/spongepowered/asm/logging/ILogger
instanceKlass org/spongepowered/asm/service/MixinServiceAbstract
instanceKlass org/spongepowered/asm/service/IMixinService
instanceKlass org/spongepowered/asm/service/mojang/MixinServiceLaunchWrapperBootstrap
instanceKlass org/spongepowered/asm/service/modlauncher/MixinServiceModLauncherBootstrap
instanceKlass org/spongepowered/asm/service/IMixinServiceBootstrap
instanceKlass org/spongepowered/asm/service/MixinService$LogBuffer
instanceKlass org/spongepowered/asm/service/MixinService
instanceKlass org/spongepowered/asm/launch/MixinBootstrap
instanceKlass cpw/mods/modlauncher/ArgumentHandler$1
instanceKlass net/minecraftforge/forgespi/Environment
instanceKlass net/minecraftforge/coremod/CoreModEngine
instanceKlass net/minecraftforge/coremod/CoreModProvider
instanceKlass net/minecraftforge/forgespi/coremod/ICoreModProvider
instanceKlass net/minecraftforge/fml/loading/JarVersionLookupHandler
instanceKlass net/minecraftforge/fml/loading/LauncherVersion
instanceKlass org/spongepowered/asm/launch/MixinTransformationServiceAbstract
instanceKlass net/minecraftforge/fml/loading/FMLServiceProvider
instanceKlass cpw/mods/modlauncher/TransformationServiceDecorator
instanceKlass cpw/mods/modlauncher/api/ITransformationService
instanceKlass net/minecraftforge/fml/loading/progress/ProgressMeter
instanceKlass net/minecraftforge/fml/loading/FMLLoader
instanceKlass org/lwjgl/glfw/GLFWWindowSizeCallbackI
instanceKlass org/lwjgl/glfw/GLFWWindowPosCallbackI
instanceKlass org/lwjgl/system/Callback$1
instanceKlass org/lwjgl/system/Callback$ClosureRegistry
instanceKlass org/lwjgl/system/Callback
instanceKlass org/lwjgl/system/CheckIntrinsics
instanceKlass org/lwjgl/system/jemalloc/JEmalloc$Functions
instanceKlass org/lwjgl/system/jemalloc/JEmalloc
instanceKlass org/lwjgl/system/jemalloc/JEmallocAllocator
instanceKlass org/lwjgl/system/MemoryManage
instanceKlass org/lwjgl/system/MemoryUtil$MemoryAllocator
instanceKlass org/lwjgl/system/MemoryUtil$LazyInit
instanceKlass org/lwjgl/system/libffi/LibFFI
instanceKlass org/lwjgl/glfw/GLFWFramebufferSizeCallbackI
instanceKlass org/lwjgl/system/CallbackI
instanceKlass java/util/concurrent/ForkJoinPool$ManagedBlocker
instanceKlass java/util/concurrent/Executors$RunnableAdapter
instanceKlass java/util/concurrent/FutureTask$WaitNode
instanceKlass java/util/concurrent/FutureTask
instanceKlass org/lwjgl/system/Struct$Member
instanceKlass org/lwjgl/system/JNI
instanceKlass org/lwjgl/glfw/EventLoop
instanceKlass org/lwjgl/glfw/GLFW$Functions
instanceKlass org/lwjgl/system/ThreadLocalUtil
instanceKlass org/lwjgl/system/windows/WinBase
instanceKlass org/lwjgl/BufferUtils
instanceKlass org/lwjgl/system/MemoryUtil$2
instanceKlass org/lwjgl/system/MemoryAccessJNI
instanceKlass java/util/function/LongPredicate
instanceKlass org/lwjgl/system/jni/JNINativeInterface
instanceKlass org/lwjgl/system/MemoryUtil$NativeShift
instanceKlass org/lwjgl/system/MemoryUtil
instanceKlass org/lwjgl/system/APIUtil$1
instanceKlass jdk/internal/loader/NativeLibraries$Unloader
instanceKlass sun/nio/ch/FileKey
instanceKlass sun/nio/ch/FileLockTable
instanceKlass java/nio/channels/FileLock
instanceKlass org/lwjgl/Version
instanceKlass org/lwjgl/system/SharedLibraryLoader
instanceKlass org/lwjgl/system/SharedLibrary
instanceKlass org/lwjgl/system/FunctionProvider
instanceKlass org/lwjgl/system/APIUtil
instanceKlass org/lwjgl/system/Checks
instanceKlass org/lwjgl/system/Library
instanceKlass org/lwjgl/system/Configuration$StateInit
instanceKlass org/lwjgl/system/Configuration
instanceKlass org/lwjgl/system/NativeResource
instanceKlass org/lwjgl/system/Pointer$Default
instanceKlass org/lwjgl/system/Pointer
instanceKlass org/lwjgl/glfw/GLFW
instanceKlass java/util/concurrent/RunnableScheduledFuture
instanceKlass java/util/concurrent/ScheduledFuture
instanceKlass java/util/concurrent/Delayed
instanceKlass java/util/concurrent/RunnableFuture
instanceKlass java/util/concurrent/Executors$DelegatedExecutorService
instanceKlass net/minecraftforge/fml/earlydisplay/PerformanceInfo
instanceKlass net/minecraftforge/fml/loading/progress/Message
instanceKlass net/minecraftforge/fml/loading/progress/StartupNotificationManager
instanceKlass joptsimple/internal/MethodInvokingValueConverter
instanceKlass joptsimple/internal/ConstructorInvokingValueConverter
instanceKlass joptsimple/internal/Classes
instanceKlass net/minecraftforge/fml/earlydisplay/DisplayWindow
instanceKlass net/minecraftforge/fml/loading/ImmediateWindowProvider
instanceKlass net/minecraftforge/fml/loading/ImmediateWindowHandler
instanceKlass sun/invoke/util/VerifyAccess$1
instanceKlass net/minecraftforge/fml/loading/ClasspathLocatorUtils
instanceKlass com/electronwill/nightconfig/toml/StringWriter
instanceKlass com/electronwill/nightconfig/toml/ValueWriter
instanceKlass com/electronwill/nightconfig/toml/ArrayWriter
instanceKlass com/electronwill/nightconfig/toml/TableWriter
instanceKlass com/electronwill/nightconfig/core/io/WriterOutput
instanceKlass com/electronwill/nightconfig/core/NullObject
instanceKlass com/electronwill/nightconfig/core/utils/TransformingIterator
instanceKlass com/electronwill/nightconfig/core/AbstractConfig$EntryWrapper
instanceKlass com/electronwill/nightconfig/core/CommentedConfig$Entry
instanceKlass com/electronwill/nightconfig/core/UnmodifiableCommentedConfig$Entry
instanceKlass com/electronwill/nightconfig/core/Config$Entry
instanceKlass com/electronwill/nightconfig/core/UnmodifiableConfig$Entry
instanceKlass com/electronwill/nightconfig/core/utils/TransformingCollection
instanceKlass com/electronwill/nightconfig/toml/ArrayParser
instanceKlass com/electronwill/nightconfig/toml/StringParser
instanceKlass com/electronwill/nightconfig/core/io/CharsWrapper$1
instanceKlass com/electronwill/nightconfig/toml/ValueParser
instanceKlass com/electronwill/nightconfig/core/io/CharsWrapper
instanceKlass com/electronwill/nightconfig/core/io/Utils
instanceKlass com/electronwill/nightconfig/toml/Toml
instanceKlass com/electronwill/nightconfig/toml/TableParser
instanceKlass com/electronwill/nightconfig/core/utils/IntDeque
instanceKlass com/electronwill/nightconfig/core/io/AbstractInput
instanceKlass com/electronwill/nightconfig/core/utils/UnmodifiableConfigWrapper
instanceKlass com/electronwill/nightconfig/core/io/CharacterInput
instanceKlass com/electronwill/nightconfig/toml/TomlParser
instanceKlass com/electronwill/nightconfig/core/io/CharacterOutput
instanceKlass com/electronwill/nightconfig/toml/TomlWriter
instanceKlass com/electronwill/nightconfig/core/file/FileNotFoundAction
instanceKlass com/electronwill/nightconfig/core/io/ParsingMode$MapPutAction
instanceKlass com/electronwill/nightconfig/core/io/ParsingMode$PutAction
instanceKlass com/electronwill/nightconfig/core/file/GenericBuilder
instanceKlass com/electronwill/nightconfig/core/io/ConfigWriter
instanceKlass com/electronwill/nightconfig/core/io/ConfigParser
instanceKlass com/electronwill/nightconfig/toml/TomlFormat
instanceKlass com/electronwill/nightconfig/core/file/FormatDetector
instanceKlass com/electronwill/nightconfig/core/file/CommentedFileConfig
instanceKlass com/electronwill/nightconfig/core/file/FileConfig
instanceKlass java/util/ArrayList$SubList$1
instanceKlass com/electronwill/nightconfig/core/ConfigSpec$DumbSupplier
instanceKlass com/electronwill/nightconfig/core/ConfigSpec$ValueSpec
instanceKlass com/electronwill/nightconfig/core/utils/StringUtils
instanceKlass com/electronwill/nightconfig/core/InMemoryCommentedFormat
instanceKlass com/electronwill/nightconfig/core/CommentedConfig
instanceKlass com/electronwill/nightconfig/core/AbstractConfig
instanceKlass com/electronwill/nightconfig/core/InMemoryFormat
instanceKlass com/electronwill/nightconfig/core/ConfigFormat
instanceKlass com/electronwill/nightconfig/core/ConfigSpec
instanceKlass com/electronwill/nightconfig/core/UnmodifiableCommentedConfig
instanceKlass com/electronwill/nightconfig/core/Config
instanceKlass com/electronwill/nightconfig/core/UnmodifiableConfig
instanceKlass net/minecraftforge/fml/loading/FMLConfig
instanceKlass net/minecraftforge/fml/loading/LogMarkers
instanceKlass sun/nio/fs/WindowsPath$1
instanceKlass net/minecraftforge/fml/loading/ClasspathTransformerDiscoverer
instanceKlass net/minecraftforge/fml/loading/ModDirTransformerDiscoverer
instanceKlass cpw/mods/modlauncher/serviceapi/ITransformerDiscoveryService
instanceKlass org/apache/logging/log4j/message/ReusableSimpleMessage
instanceKlass joptsimple/internal/Reflection
instanceKlass joptsimple/util/KeyValuePair
instanceKlass joptsimple/OptionSet
instanceKlass joptsimple/ArgumentList
instanceKlass joptsimple/util/PathConverter
instanceKlass joptsimple/ParserRules
instanceKlass joptsimple/internal/AbbreviationMap
instanceKlass joptsimple/OptionParserState
instanceKlass joptsimple/internal/Rows
instanceKlass joptsimple/BuiltinHelpFormatter
instanceKlass joptsimple/AbstractOptionSpec
instanceKlass joptsimple/OptionDescriptor
instanceKlass joptsimple/internal/OptionNameMap
instanceKlass joptsimple/HelpFormatter
instanceKlass joptsimple/OptionParser
instanceKlass joptsimple/OptionDeclarer
instanceKlass cpw/mods/modlauncher/serviceapi/ILaunchPluginService$ITransformerLoader
instanceKlass org/spongepowered/asm/launch/MixinLaunchPluginLegacy
instanceKlass org/spongepowered/asm/service/IClassBytecodeProvider
instanceKlass net/minecraftforge/eventbus/IEventBusEngine
instanceKlass net/minecraftforge/eventbus/service/ModLauncherService
instanceKlass net/minecraftforge/accesstransformer/INameHandler
instanceKlass net/minecraftforge/accesstransformer/service/AccessTransformerService
instanceKlass org/objectweb/asm/signature/SignatureVisitor
instanceKlass net/minecraftforge/fml/common/asm/CapabilityTokenSubclass
instanceKlass net/minecraftforge/fml/common/asm/ObjectHolderDefinalize
instanceKlass net/minecraftforge/fml/common/asm/RuntimeEnumExtender
instanceKlass net/minecraftforge/api/distmarker/OnlyIns
instanceKlass org/objectweb/asm/Type
instanceKlass net/minecraftforge/api/distmarker/OnlyIn
instanceKlass net/minecraftforge/fml/loading/RuntimeDistCleaner
instanceKlass net/minecraftforge/fml/loading/log4j/SLF4JFixerLaunchPluginService
instanceKlass cpw/mods/modlauncher/serviceapi/ILaunchPluginService
instanceKlass cpw/mods/modlauncher/LaunchPluginHandler
instanceKlass net/minecraftforge/fml/loading/MCPNamingService
instanceKlass cpw/mods/modlauncher/NameMappingServiceDecorator
instanceKlass cpw/mods/modlauncher/api/INameMappingService
instanceKlass cpw/mods/modlauncher/NameMappingServiceHandler
instanceKlass cpw/mods/modlauncher/api/ITransformationService$OptionResult
instanceKlass joptsimple/OptionSpec
instanceKlass joptsimple/ValueConverter
instanceKlass cpw/mods/modlauncher/ArgumentHandler
instanceKlass cpw/mods/modlauncher/TransformationServicesHandler
instanceKlass cpw/mods/modlauncher/TransformTargetLabel
instanceKlass org/objectweb/asm/MethodVisitor
instanceKlass org/objectweb/asm/FieldVisitor
instanceKlass cpw/mods/modlauncher/TransformList
instanceKlass cpw/mods/modlauncher/api/ITransformer
instanceKlass cpw/mods/modlauncher/TransformStore
instanceKlass cpw/mods/modlauncher/ProtectionDomainHelper
instanceKlass cpw/mods/modlauncher/api/TypesafeMap$Key
instanceKlass cpw/mods/modlauncher/api/ITransformerAuditTrail
instanceKlass cpw/mods/modlauncher/api/IEnvironment$Keys
instanceKlass cpw/mods/modlauncher/api/TypesafeMap$KeyBuilder
instanceKlass cpw/mods/modlauncher/Environment
instanceKlass cpw/mods/modlauncher/api/TypesafeMap
instanceKlass cpw/mods/modlauncher/TestingLaunchHandlerService
instanceKlass jdk/internal/misc/ScopedMemoryAccess$Scope$Handle
instanceKlass cpw/mods/modlauncher/api/ServiceRunner
instanceKlass cpw/mods/modlauncher/DefaultLaunchHandlerService
instanceKlass org/slf4j/spi/LoggingEventBuilder
instanceKlass org/apache/logging/slf4j/Log4jLogger
instanceKlass org/slf4j/spi/LocationAwareLogger
instanceKlass java/util/stream/WhileOps$DropWhileSink
instanceKlass java/util/stream/WhileOps$DropWhileOp
instanceKlass java/util/stream/WhileOps
instanceKlass org/apache/logging/slf4j/Log4jMarker
instanceKlass org/apache/logging/slf4j/Log4jMDCAdapter$ThreadLocalMapOfStacks
instanceKlass org/apache/logging/slf4j/Log4jMDCAdapter
instanceKlass org/apache/logging/log4j/spi/AbstractLoggerAdapter
instanceKlass org/apache/logging/log4j/spi/LoggerAdapter
instanceKlass org/apache/logging/slf4j/Log4jMarkerFactory
instanceKlass org/apache/logging/slf4j/SLF4JServiceProvider
instanceKlass org/slf4j/helpers/Util
instanceKlass org/slf4j/helpers/NOPMDCAdapter
instanceKlass org/slf4j/helpers/NOPLoggerFactory
instanceKlass org/slf4j/helpers/NOP_FallbackServiceProvider
instanceKlass org/slf4j/helpers/ThreadLocalMapOfStacks
instanceKlass org/slf4j/helpers/BasicMDCAdapter
instanceKlass org/slf4j/Marker
instanceKlass org/slf4j/helpers/BasicMarkerFactory
instanceKlass org/slf4j/Logger
instanceKlass org/slf4j/helpers/SubstituteLoggerFactory
instanceKlass org/slf4j/ILoggerFactory
instanceKlass org/slf4j/spi/MDCAdapter
instanceKlass org/slf4j/helpers/SubstituteServiceProvider
instanceKlass org/slf4j/event/LoggingEvent
instanceKlass org/slf4j/spi/SLF4JServiceProvider
instanceKlass org/slf4j/LoggerFactory
instanceKlass org/slf4j/IMarkerFactory
instanceKlass org/slf4j/MarkerFactory
instanceKlass com/mojang/logging/LogUtils
instanceKlass net/minecraftforge/fml/loading/targets/CommonLaunchHandler
instanceKlass cpw/mods/modlauncher/api/ILaunchHandlerService
instanceKlass cpw/mods/modlauncher/util/ServiceLoaderUtils
instanceKlass cpw/mods/modlauncher/ModuleLayerHandler
instanceKlass cpw/mods/modlauncher/api/IEnvironment
instanceKlass org/apache/logging/log4j/core/layout/ByteBufferDestinationHelper
instanceKlass org/apache/logging/log4j/core/layout/TextEncoderHelper
instanceKlass org/apache/logging/log4j/util/MultiFormatStringBuilderFormattable
instanceKlass org/apache/logging/log4j/message/MultiformatMessage
instanceKlass java/time/Clock
instanceKlass java/time/InstantSource
instanceKlass java/util/IdentityHashMap$IdentityHashMapIterator
instanceKlass org/apache/logging/log4j/core/impl/MutableLogEvent
instanceKlass org/apache/logging/log4j/message/ParameterFormatter
instanceKlass org/apache/logging/log4j/message/ReusableParameterizedMessage
instanceKlass org/apache/logging/log4j/message/ParameterVisitable
instanceKlass org/apache/logging/log4j/message/ReusableMessage
instanceKlass cpw/mods/modlauncher/api/ITransformingClassLoaderBuilder
instanceKlass cpw/mods/modlauncher/LaunchServiceHandler
instanceKlass org/apache/logging/log4j/util/LambdaUtil
instanceKlass cpw/mods/modlauncher/LogMarkers
instanceKlass org/apache/logging/log4j/core/Logger$PrivateConfig
instanceKlass org/apache/logging/log4j/core/jmx/AppenderAdmin
instanceKlass org/apache/logging/log4j/core/jmx/AppenderAdminMBean
instanceKlass org/apache/logging/log4j/core/jmx/LoggerConfigAdmin
instanceKlass org/apache/logging/log4j/core/jmx/LoggerConfigAdminMBean
instanceKlass org/apache/logging/log4j/core/jmx/ContextSelectorAdmin
instanceKlass org/apache/logging/log4j/core/jmx/ContextSelectorAdminMBean
instanceKlass org/apache/logging/log4j/core/jmx/StatusLoggerAdminMBean
instanceKlass java/beans/PropertyChangeListener
instanceKlass org/apache/logging/log4j/core/jmx/LoggerContextAdminMBean
instanceKlass com/sun/jmx/mbeanserver/Repository$ObjectNamePattern
instanceKlass jdk/management/jfr/FlightRecorderMXBeanImpl$MXBeanListener
instanceKlass jdk/jfr/FlightRecorderListener
instanceKlass jdk/jfr/FlightRecorder
instanceKlass jdk/jfr/Recording
instanceKlass javax/management/NotificationFilter
instanceKlass javax/management/NotificationListener
instanceKlass javax/management/StandardMBean$MBeanInfoSafeAction
instanceKlass jdk/jfr/internal/management/StreamManager
instanceKlass jdk/management/jfr/EventTypeInfo
instanceKlass jdk/management/jfr/ConfigurationInfo
instanceKlass jdk/management/jfr/RecordingInfo
instanceKlass sun/reflect/generics/tree/VoidDescriptor
instanceKlass sun/reflect/generics/tree/LongSignature
instanceKlass jdk/management/jfr/SettingDescriptorInfo$1
instanceKlass jdk/management/jfr/SettingDescriptorInfo
instanceKlass sun/management/ManagementFactoryHelper$1
instanceKlass java/lang/management/BufferPoolMXBean
instanceKlass sun/nio/ch/FileChannelImpl$2
instanceKlass sun/nio/ch/FileChannelImpl$1
instanceKlass jdk/internal/misc/VM$BufferPoolsHolder
instanceKlass com/sun/management/VMOption
instanceKlass com/sun/management/internal/HotSpotDiagnostic
instanceKlass com/sun/management/HotSpotDiagnosticMXBean
instanceKlass com/sun/management/GcInfo
instanceKlass javax/management/openmbean/CompositeDataView
instanceKlass java/lang/StringLatin1$LinesSpliterator
instanceKlass com/sun/management/internal/DiagnosticCommandImpl$Wrapper
instanceKlass jdk/jfr/internal/dcmd/AbstractDCmd
instanceKlass com/sun/management/internal/DiagnosticCommandArgumentInfo
instanceKlass com/sun/management/internal/DiagnosticCommandInfo
instanceKlass com/sun/management/internal/DiagnosticCommandImpl$OperationInfoComparator
instanceKlass sun/management/ClassLoadingImpl
instanceKlass javax/management/MBeanInfo$ArrayGettersSafeAction
instanceKlass javax/management/openmbean/OpenMBeanOperationInfo
instanceKlass java/util/logging/Logging
instanceKlass java/util/logging/LoggingMXBean
instanceKlass sun/management/ManagementFactoryHelper$PlatformLoggingImpl
instanceKlass java/lang/management/PlatformLoggingMXBean
instanceKlass sun/management/CompilationImpl
instanceKlass sun/management/VMManagementImpl$1
instanceKlass java/lang/management/MemoryUsage
instanceKlass sun/management/Sensor
instanceKlass sun/management/MemoryPoolImpl
instanceKlass java/lang/management/MemoryPoolMXBean
instanceKlass com/sun/management/GarbageCollectorMXBean
instanceKlass java/lang/management/GarbageCollectorMXBean
instanceKlass java/lang/management/MemoryManagerMXBean
instanceKlass javax/management/DescriptorKey
instanceKlass sun/management/BaseOperatingSystemImpl
instanceKlass com/sun/management/OperatingSystemMXBean
instanceKlass com/sun/jmx/mbeanserver/PerInterface$MethodAndSig
instanceKlass java/lang/management/LockInfo
instanceKlass java/lang/management/ThreadInfo
instanceKlass sun/management/ThreadImpl
instanceKlass com/sun/management/ThreadMXBean
instanceKlass com/sun/jmx/mbeanserver/WeakIdentityHashMap
instanceKlass com/sun/jmx/mbeanserver/MXBeanLookup
instanceKlass com/sun/jmx/mbeanserver/PerInterface$InitMaps
instanceKlass com/sun/jmx/mbeanserver/PerInterface
instanceKlass javax/management/openmbean/OpenMBeanAttributeInfo
instanceKlass javax/management/openmbean/OpenMBeanParameterInfo
instanceKlass com/sun/jmx/mbeanserver/MBeanIntrospector$MBeanInfoMaker
instanceKlass com/sun/jmx/mbeanserver/MBeanAnalyzer$MBeanVisitor
instanceKlass sun/reflect/generics/tree/TypeVariableSignature
instanceKlass sun/reflect/generics/tree/MethodTypeSignature
instanceKlass com/sun/jmx/mbeanserver/MBeanAnalyzer$AttrMethods
instanceKlass com/sun/jmx/mbeanserver/MXBeanMapping
instanceKlass javax/management/openmbean/TabularData
instanceKlass javax/management/openmbean/CompositeData
instanceKlass javax/management/openmbean/OpenType
instanceKlass com/sun/jmx/mbeanserver/MXBeanMappingFactory
instanceKlass com/sun/jmx/mbeanserver/ConvertingMethod
instanceKlass com/sun/jmx/mbeanserver/MBeanAnalyzer$MethodOrder
instanceKlass com/sun/jmx/mbeanserver/MBeanAnalyzer
instanceKlass com/sun/jmx/mbeanserver/MBeanIntrospector
instanceKlass javax/management/MXBean
instanceKlass com/sun/jmx/mbeanserver/MBeanSupport
instanceKlass com/sun/jmx/mbeanserver/DescriptorCache
instanceKlass javax/management/JMX
instanceKlass javax/management/StandardMBean
instanceKlass com/sun/jmx/mbeanserver/JmxMBeanServer$3
instanceKlass javax/management/ObjectInstance
instanceKlass com/sun/jmx/mbeanserver/NamedObject
instanceKlass com/sun/jmx/interceptor/DefaultMBeanServerInterceptor$ResourceContext$1
instanceKlass com/sun/jmx/interceptor/DefaultMBeanServerInterceptor$ResourceContext
instanceKlass com/sun/jmx/mbeanserver/Repository$RegistrationContext
instanceKlass com/sun/jmx/mbeanserver/DynamicMBean2
instanceKlass com/sun/jmx/defaults/JmxProperties
instanceKlass com/sun/jmx/mbeanserver/Introspector
instanceKlass com/sun/jmx/mbeanserver/JmxMBeanServer$2
instanceKlass com/sun/jmx/interceptor/DefaultMBeanServerInterceptor
instanceKlass com/sun/jmx/interceptor/MBeanServerInterceptor
instanceKlass com/sun/jmx/mbeanserver/Repository
instanceKlass com/sun/jmx/mbeanserver/JmxMBeanServer$1
instanceKlass com/sun/jmx/mbeanserver/SecureClassLoaderRepository
instanceKlass com/sun/jmx/mbeanserver/MBeanInstantiator
instanceKlass com/sun/jmx/mbeanserver/ClassLoaderRepositorySupport$LoaderEntry
instanceKlass com/sun/jmx/mbeanserver/ClassLoaderRepositorySupport
instanceKlass com/sun/jmx/mbeanserver/ModifiableClassLoaderRepository
instanceKlass javax/management/loading/ClassLoaderRepository
instanceKlass javax/management/ImmutableDescriptor
instanceKlass javax/management/Descriptor
instanceKlass com/sun/jmx/remote/util/ClassLogger
instanceKlass javax/management/NotificationBroadcasterSupport$1
instanceKlass javax/management/NotificationBroadcasterSupport
instanceKlass javax/management/ObjectName$Property
instanceKlass javax/management/ObjectName
instanceKlass javax/management/QueryExp
instanceKlass com/sun/jmx/mbeanserver/Util
instanceKlass javax/management/MBeanInfo
instanceKlass javax/management/MBeanFeatureInfo
instanceKlass javax/management/DescriptorRead
instanceKlass javax/management/MBeanServerDelegate
instanceKlass javax/management/MBeanServerDelegateMBean
instanceKlass javax/management/MBeanRegistration
instanceKlass com/sun/jmx/mbeanserver/JmxMBeanServer
instanceKlass com/sun/jmx/mbeanserver/SunJmxMBeanServer
instanceKlass javax/management/MBeanServerBuilder
instanceKlass com/sun/jmx/mbeanserver/GetPropertyAction
instanceKlass javax/management/MBeanServerFactory
instanceKlass org/apache/logging/log4j/core/jmx/Server
instanceKlass java/util/EventObject
instanceKlass org/apache/logging/log4j/core/util/NameUtil
instanceKlass org/apache/logging/log4j/core/config/Loggers
instanceKlass org/apache/logging/log4j/core/config/LoggerConfig$RootLogger$Builder
instanceKlass org/apache/logging/log4j/core/lookup/DefaultLookupResult
instanceKlass java/util/concurrent/atomic/AtomicBoolean
instanceKlass org/apache/logging/log4j/core/config/AwaitCompletionReliabilityStrategy
instanceKlass org/apache/logging/log4j/core/config/ReliabilityStrategyFactory
instanceKlass org/apache/logging/log4j/core/config/LoggerConfig$LevelAndRefs
instanceKlass org/apache/logging/log4j/core/config/LoggerConfig$Builder
instanceKlass java/io/FileOutputStream$1
instanceKlass java/text/ParsePosition
instanceKlass org/apache/logging/log4j/core/appender/rolling/FileSize
instanceKlass java/util/zip/Deflater$DeflaterZStreamRef
instanceKlass java/util/zip/Deflater
instanceKlass org/apache/logging/log4j/core/appender/rolling/RolloverDescriptionImpl
instanceKlass sun/nio/fs/WindowsFileCopy
instanceKlass java/util/TreeMap$NavigableSubMap$SubMapIterator
instanceKlass java/util/Collections$ReverseComparator
instanceKlass sun/nio/fs/WindowsDirectoryStream$WindowsDirectoryIterator
instanceKlass sun/nio/fs/WindowsDirectoryStream
instanceKlass org/apache/logging/log4j/core/impl/ContextDataFactory
instanceKlass org/apache/logging/log4j/core/impl/Log4jLogEvent
instanceKlass org/apache/logging/log4j/core/impl/Log4jLogEvent$Builder
instanceKlass org/apache/logging/log4j/core/pattern/NotANumber
instanceKlass org/apache/logging/log4j/core/util/datetime/FastDatePrinter$TwoDigitMonthField
instanceKlass java/util/concurrent/ThreadPoolExecutor$AbortPolicy
instanceKlass java/util/concurrent/RejectedExecutionHandler
instanceKlass java/util/concurrent/AbstractExecutorService
instanceKlass org/apache/logging/log4j/core/appender/ConfigurationFactoryData
instanceKlass org/apache/logging/log4j/core/appender/rolling/RollingRandomAccessFileManager$RollingRandomAccessFileManagerFactory
instanceKlass org/apache/logging/log4j/core/util/Log4jThreadFactory
instanceKlass java/util/concurrent/Semaphore
instanceKlass org/apache/logging/log4j/core/appender/rolling/RollingFileManager$RollingFileManagerFactory
instanceKlass org/apache/logging/log4j/core/appender/FileManager$FileManagerFactory
instanceKlass org/apache/logging/log4j/core/filter/AbstractFilterable$Builder
instanceKlass org/apache/logging/log4j/core/appender/rolling/PatternProcessor
instanceKlass org/apache/logging/log4j/core/appender/rolling/DefaultRolloverStrategy$Builder
instanceKlass org/apache/logging/log4j/core/appender/rolling/RolloverDescription
instanceKlass javax/management/MBeanServer
instanceKlass java/lang/management/OperatingSystemMXBean
instanceKlass java/lang/management/CompilationMXBean
instanceKlass java/lang/management/ThreadMXBean
instanceKlass java/lang/management/MemoryMXBean
instanceKlass java/lang/management/ClassLoadingMXBean
instanceKlass javax/management/MBeanServerConnection
instanceKlass org/apache/logging/log4j/core/appender/rolling/TimeBasedTriggeringPolicy$Builder
instanceKlass org/apache/logging/log4j/core/layout/PatternLayout$NoFormatPatternSerializer
instanceKlass sun/util/locale/provider/CalendarNameProviderImpl$LengthBasedComparator
instanceKlass sun/util/resources/provider/NonBaseLocaleDataMetaInfo
instanceKlass sun/util/locale/provider/BaseLocaleDataMetaInfo
instanceKlass sun/util/locale/provider/CalendarDataUtility$CalendarFieldValueNamesMapGetter
instanceKlass org/apache/logging/log4j/core/util/datetime/FastDatePrinter$PaddedNumberField
instanceKlass org/apache/logging/log4j/core/util/datetime/FastDatePrinter$TextField
instanceKlass com/mojang/logging/LogQueues
instanceKlass org/apache/logging/log4j/core/layout/PatternLayout$PatternSelectorSerializer
instanceKlass net/minecrell/terminalconsole/util/LoggerNamePatternSelector$LoggerNameSelector
instanceKlass java/util/ComparableTimSort
instanceKlass org/apache/logging/log4j/core/util/Patterns
instanceKlass org/apache/logging/log4j/core/pattern/NameAbbreviator$PatternAbbreviatorFragment
instanceKlass org/apache/logging/log4j/core/util/datetime/FastDateParser$StrategyAndWidth
instanceKlass org/apache/logging/log4j/core/util/datetime/FastDateParser$StrategyParser
instanceKlass sun/util/locale/Extension
instanceKlass sun/util/locale/LocaleExtensions
instanceKlass org/apache/logging/log4j/core/util/datetime/FastDateParser$Strategy
instanceKlass org/apache/logging/log4j/core/util/datetime/FastDateParser
instanceKlass org/apache/logging/log4j/core/util/datetime/FastDatePrinter$CharacterLiteral
instanceKlass org/apache/logging/log4j/core/util/datetime/FastDatePrinter$TwoDigitNumberField
instanceKlass org/apache/logging/log4j/core/util/datetime/FastDatePrinter$NumberRule
instanceKlass org/apache/logging/log4j/core/util/datetime/FastDatePrinter$Rule
instanceKlass org/apache/logging/log4j/core/util/datetime/FastDatePrinter
instanceKlass org/apache/logging/log4j/core/util/datetime/FormatCache$MultipartKey
instanceKlass org/apache/logging/log4j/core/util/datetime/FormatCache
instanceKlass org/apache/logging/log4j/core/util/datetime/Format
instanceKlass org/apache/logging/log4j/core/util/datetime/DatePrinter
instanceKlass org/apache/logging/log4j/core/util/datetime/DateParser
instanceKlass java/util/stream/MatchOps$BooleanTerminalSink
instanceKlass java/util/stream/MatchOps$MatchOp
instanceKlass java/util/stream/MatchOps
instanceKlass org/apache/logging/log4j/message/Clearable
instanceKlass java/text/DontCareFieldPosition$1
instanceKlass java/text/Format$FieldDelegate
instanceKlass java/text/DigitList
instanceKlass java/text/FieldPosition
instanceKlass java/lang/StringUTF16$CharsSpliterator
instanceKlass java/util/OptionalInt
instanceKlass java/util/function/IntPredicate
instanceKlass java/lang/StringLatin1$CharsSpliterator
instanceKlass java/text/DecimalFormatSymbols
instanceKlass sun/util/resources/Bundles$2
instanceKlass sun/util/resources/LocaleData$LocaleDataResourceBundleProvider
instanceKlass java/util/spi/ResourceBundleProvider
instanceKlass java/text/DateFormatSymbols
instanceKlass java/text/AttributedCharacterIterator$Attribute
instanceKlass org/apache/logging/log4j/status/StatusData
instanceKlass java/lang/StackTraceElement$HashedModules
instanceKlass org/apache/logging/log4j/message/SimpleMessage
instanceKlass org/jline/terminal/spi/JansiSupport
instanceKlass java/util/logging/Logger$SystemLoggerHelper$1
instanceKlass java/util/logging/Logger$SystemLoggerHelper
instanceKlass java/util/logging/LogManager$4
instanceKlass jdk/internal/logger/BootstrapLogger$BootstrapExecutors
instanceKlass jdk/internal/logger/LoggerFinderLoader
instanceKlass java/util/logging/LogManager$LoggerContext$1
instanceKlass java/util/logging/LogManager$VisitedLoggers
instanceKlass java/util/logging/LogManager$2
instanceKlass java/util/logging/LogManager$LoggingProviderAccess
instanceKlass java/util/logging/LogManager$LogNode
instanceKlass java/util/logging/LogManager$LoggerContext
instanceKlass java/util/logging/LogManager$1
instanceKlass java/util/logging/Logger$ConfigurationData
instanceKlass java/util/logging/Logger$LoggerBundle
instanceKlass java/util/logging/Handler
instanceKlass java/util/logging/Logger
instanceKlass java/util/logging/LogRecord
instanceKlass java/util/logging/Level
instanceKlass org/jline/utils/Log
instanceKlass org/jline/terminal/spi/JnaSupport
instanceKlass org/jline/utils/OSUtils
instanceKlass org/jline/terminal/impl/NativeSignalHandler
instanceKlass org/jline/terminal/Terminal$SignalHandler
instanceKlass org/jline/terminal/TerminalBuilder
instanceKlass org/jline/reader/LineReader
instanceKlass org/jline/terminal/Terminal
instanceKlass org/apache/logging/log4j/core/util/Assert
instanceKlass org/apache/logging/log4j/core/config/plugins/validation/validators/RequiredValidator
instanceKlass org/apache/logging/log4j/core/config/plugins/validation/ConstraintValidator
instanceKlass org/apache/logging/log4j/core/config/plugins/PluginConfiguration
instanceKlass org/apache/logging/log4j/core/config/plugins/validation/constraints/Required
instanceKlass org/apache/logging/log4j/core/config/plugins/PluginBuilderAttribute
instanceKlass org/apache/logging/log4j/core/util/TypeUtil
instanceKlass org/apache/logging/log4j/core/layout/PatternMatch$Builder
instanceKlass org/apache/logging/log4j/core/config/plugins/PluginElement
instanceKlass java/lang/Deprecated
instanceKlass org/apache/logging/log4j/util/EnglishEnums
instanceKlass org/apache/logging/log4j/core/config/plugins/convert/EnumConverter
instanceKlass org/apache/logging/log4j/core/config/plugins/validation/Constraint
instanceKlass org/apache/logging/log4j/core/config/plugins/validation/ConstraintValidators
instanceKlass org/apache/logging/log4j/util/StringBuilders
instanceKlass org/apache/logging/log4j/core/appender/rolling/action/Duration
instanceKlass org/apache/logging/log4j/core/util/CronExpression
instanceKlass java/lang/reflect/WildcardType
instanceKlass sun/reflect/generics/tree/Wildcard
instanceKlass sun/reflect/generics/tree/BottomSignature
instanceKlass sun/reflect/generics/tree/CharSignature
instanceKlass sun/reflect/generics/tree/ArrayTypeSignature
instanceKlass sun/reflect/generics/tree/ByteSignature
instanceKlass sun/reflect/generics/reflectiveObjects/LazyReflectiveObjectGenerator
instanceKlass sun/reflect/generics/reflectiveObjects/ParameterizedTypeImpl
instanceKlass java/lang/reflect/ParameterizedType
instanceKlass sun/reflect/generics/tree/ClassSignature
instanceKlass sun/reflect/generics/tree/Signature
instanceKlass sun/reflect/generics/tree/FormalTypeParameter
instanceKlass java/lang/reflect/TypeVariable
instanceKlass sun/reflect/generics/repository/AbstractRepository
instanceKlass org/apache/logging/log4j/core/config/plugins/convert/TypeConverterRegistry
instanceKlass org/apache/logging/log4j/core/config/plugins/convert/TypeConverters
instanceKlass org/apache/logging/log4j/core/config/plugins/visitors/AbstractPluginVisitor
instanceKlass org/apache/logging/log4j/core/config/plugins/visitors/PluginVisitor
instanceKlass org/apache/logging/log4j/core/config/plugins/visitors/PluginVisitors
instanceKlass org/apache/logging/log4j/core/config/plugins/PluginVisitorStrategy
instanceKlass java/lang/Short$ShortCache
instanceKlass java/lang/Character$CharacterCache
instanceKlass org/apache/logging/log4j/core/config/plugins/PluginAttribute
instanceKlass org/apache/logging/log4j/core/config/plugins/PluginFactory
instanceKlass org/apache/logging/log4j/core/config/plugins/PluginBuilderFactory
instanceKlass org/apache/logging/log4j/core/config/plugins/util/PluginBuilder
instanceKlass org/apache/logging/log4j/core/config/plugins/PluginAliases
instanceKlass org/apache/logging/log4j/core/config/Scheduled
instanceKlass org/w3c/dom/Comment
instanceKlass com/sun/org/apache/xerces/internal/dom/CharacterDataImpl$1
instanceKlass org/w3c/dom/Text
instanceKlass org/w3c/dom/CharacterData
instanceKlass java/util/Formattable
instanceKlass java/util/Formatter$FixedString
instanceKlass java/util/Formatter$Flags
instanceKlass java/util/Formatter$FormatSpecifier
instanceKlass java/util/Formatter$FormatString
instanceKlass java/util/Formatter$Conversion
instanceKlass java/util/Formatter
instanceKlass org/apache/logging/log4j/core/Version
instanceKlass java/net/InetAddress$CachedLocalHost
instanceKlass java/net/InetAddress$CachedAddresses
instanceKlass sun/net/InetAddressCachePolicy$2
instanceKlass sun/net/InetAddressCachePolicy$1
instanceKlass sun/net/InetAddressCachePolicy
instanceKlass java/net/Inet6Address$Inet6AddressHolder
instanceKlass java/net/InetAddress$NameServiceAddresses
instanceKlass java/net/InetAddress$Addresses
instanceKlass java/net/InetAddress$PlatformNameService
instanceKlass java/net/InetAddress$NameService
instanceKlass java/net/Inet6AddressImpl
instanceKlass java/net/InetAddressImpl
instanceKlass java/net/InetAddressImplFactory
instanceKlass java/net/InetAddress$InetAddressHolder
instanceKlass java/net/InetAddress$1
instanceKlass jdk/internal/access/JavaNetInetAddressAccess
instanceKlass java/net/InetAddress
instanceKlass org/apache/logging/log4j/core/util/NetUtils
instanceKlass java/util/concurrent/LinkedBlockingQueue$Itr
instanceKlass org/apache/logging/log4j/status/StatusConsoleListener
instanceKlass java/util/concurrent/LinkedBlockingQueue$Node
instanceKlass java/util/concurrent/locks/AbstractQueuedSynchronizer$ConditionObject
instanceKlass java/util/concurrent/locks/Condition
instanceKlass java/util/concurrent/BlockingQueue
instanceKlass org/apache/logging/log4j/status/StatusListener
instanceKlass java/util/EventListener
instanceKlass org/apache/logging/log4j/core/config/status/StatusConfiguration
instanceKlass org/w3c/dom/Attr
instanceKlass com/sun/org/apache/xerces/internal/dom/NamedNodeMapImpl
instanceKlass org/w3c/dom/NamedNodeMap
instanceKlass com/sun/org/apache/xerces/internal/dom/DeferredDocumentImpl$RefCount
instanceKlass com/sun/org/apache/xerces/internal/dom/NodeListCache
instanceKlass org/w3c/dom/TypeInfo
instanceKlass org/w3c/dom/ElementTraversal
instanceKlass org/w3c/dom/Element
instanceKlass org/w3c/dom/DocumentType
instanceKlass com/sun/org/apache/xerces/internal/dom/NodeImpl
instanceKlass org/w3c/dom/events/EventTarget
instanceKlass org/w3c/dom/NodeList
instanceKlass org/w3c/dom/Document
instanceKlass org/w3c/dom/ranges/DocumentRange
instanceKlass org/w3c/dom/events/DocumentEvent
instanceKlass org/w3c/dom/traversal/DocumentTraversal
instanceKlass com/sun/org/apache/xerces/internal/dom/DeferredNode
instanceKlass org/w3c/dom/Node
instanceKlass com/sun/org/apache/xerces/internal/impl/Constants$ArrayEnumeration
instanceKlass com/sun/org/apache/xerces/internal/impl/Constants
instanceKlass com/sun/org/apache/xerces/internal/util/IntStack
instanceKlass com/sun/org/apache/xerces/internal/xinclude/XIncludeMessageFormatter
instanceKlass com/sun/org/apache/xerces/internal/util/XMLLocatorWrapper
instanceKlass com/sun/org/apache/xerces/internal/util/XMLSymbols
instanceKlass com/sun/org/apache/xerces/internal/xinclude/XIncludeHandler
instanceKlass com/sun/org/apache/xerces/internal/util/XMLChar
instanceKlass com/sun/xml/internal/stream/Entity
instanceKlass com/sun/xml/internal/stream/util/BufferAllocator
instanceKlass com/sun/xml/internal/stream/util/ThreadLocalBufferAllocator
instanceKlass com/sun/org/apache/xerces/internal/impl/XMLEntityManager$EncodingInfo
instanceKlass com/sun/org/apache/xerces/internal/util/URI
instanceKlass com/sun/org/apache/xerces/internal/utils/XMLLimitAnalyzer
instanceKlass com/sun/org/apache/xerces/internal/xni/parser/XMLInputSource
instanceKlass com/sun/org/apache/xerces/internal/util/FeatureState
instanceKlass com/sun/org/apache/xerces/internal/util/PropertyState
instanceKlass com/sun/org/apache/xerces/internal/impl/msg/XMLMessageFormatter
instanceKlass com/sun/org/apache/xerces/internal/util/MessageFormatter
instanceKlass com/sun/org/apache/xerces/internal/impl/XMLVersionDetector
instanceKlass com/sun/org/apache/xerces/internal/impl/validation/ValidationManager
instanceKlass com/sun/org/apache/xerces/internal/impl/dv/dtd/NMTOKENDatatypeValidator
instanceKlass com/sun/org/apache/xerces/internal/impl/dv/dtd/NOTATIONDatatypeValidator
instanceKlass com/sun/org/apache/xerces/internal/impl/dv/dtd/ENTITYDatatypeValidator
instanceKlass com/sun/org/apache/xerces/internal/impl/dv/dtd/ListDatatypeValidator
instanceKlass com/sun/org/apache/xerces/internal/impl/dv/dtd/IDREFDatatypeValidator
instanceKlass com/sun/org/apache/xerces/internal/impl/dv/dtd/IDDatatypeValidator
instanceKlass com/sun/org/apache/xerces/internal/impl/dv/dtd/StringDatatypeValidator
instanceKlass com/sun/org/apache/xerces/internal/impl/dv/DatatypeValidator
instanceKlass com/sun/org/apache/xerces/internal/impl/dv/DTDDVFactory
instanceKlass com/sun/org/apache/xerces/internal/impl/dtd/DTDGrammarBucket
instanceKlass com/sun/org/apache/xerces/internal/impl/dtd/XMLAttributeDecl
instanceKlass com/sun/org/apache/xerces/internal/impl/dtd/XMLSimpleType
instanceKlass com/sun/org/apache/xerces/internal/impl/dtd/XMLElementDecl
instanceKlass com/sun/org/apache/xerces/internal/impl/validation/ValidationState
instanceKlass com/sun/org/apache/xerces/internal/impl/dv/ValidationContext
instanceKlass com/sun/org/apache/xerces/internal/impl/dtd/XMLDTDValidator
instanceKlass com/sun/org/apache/xerces/internal/impl/RevalidationHandler
instanceKlass com/sun/org/apache/xerces/internal/impl/dtd/XMLDTDValidatorFilter
instanceKlass com/sun/org/apache/xerces/internal/xni/parser/XMLDocumentFilter
instanceKlass com/sun/org/apache/xerces/internal/impl/dtd/XMLEntityDecl
instanceKlass com/sun/org/apache/xerces/internal/impl/dtd/XMLDTDProcessor
instanceKlass com/sun/org/apache/xerces/internal/xni/parser/XMLDTDContentModelFilter
instanceKlass com/sun/org/apache/xerces/internal/xni/parser/XMLDTDFilter
instanceKlass com/sun/org/apache/xerces/internal/xni/parser/XMLDTDScanner
instanceKlass com/sun/org/apache/xerces/internal/xni/parser/XMLDTDContentModelSource
instanceKlass com/sun/org/apache/xerces/internal/xni/parser/XMLDTDSource
instanceKlass com/sun/org/apache/xerces/internal/xni/grammars/XMLDTDDescription
instanceKlass com/sun/org/apache/xerces/internal/xni/grammars/XMLGrammarDescription
instanceKlass com/sun/org/apache/xerces/internal/impl/XMLDocumentScannerImpl$TrailingMiscDriver
instanceKlass com/sun/org/apache/xerces/internal/impl/XMLDocumentScannerImpl$PrologDriver
instanceKlass com/sun/org/apache/xerces/internal/impl/XMLDocumentScannerImpl$XMLDeclDriver
instanceKlass com/sun/org/apache/xerces/internal/util/NamespaceSupport
instanceKlass com/sun/org/apache/xerces/internal/xni/NamespaceContext
instanceKlass com/sun/org/apache/xerces/internal/util/XMLAttributesImpl$Attribute
instanceKlass com/sun/org/apache/xerces/internal/util/XMLAttributesImpl
instanceKlass com/sun/org/apache/xerces/internal/xni/XMLAttributes
instanceKlass com/sun/org/apache/xerces/internal/impl/XMLDocumentFragmentScannerImpl$FragmentContentDriver
instanceKlass com/sun/org/apache/xerces/internal/impl/XMLDocumentFragmentScannerImpl$Driver
instanceKlass com/sun/org/apache/xerces/internal/impl/XMLDocumentFragmentScannerImpl$ElementStack2
instanceKlass com/sun/org/apache/xerces/internal/xni/QName
instanceKlass com/sun/org/apache/xerces/internal/impl/XMLDocumentFragmentScannerImpl$ElementStack
instanceKlass com/sun/org/apache/xerces/internal/xni/XMLString
instanceKlass com/sun/org/apache/xerces/internal/impl/XMLScanner
instanceKlass com/sun/xml/internal/stream/XMLBufferListener
instanceKlass com/sun/org/apache/xerces/internal/impl/XMLEntityHandler
instanceKlass com/sun/org/apache/xerces/internal/xni/parser/XMLDocumentScanner
instanceKlass com/sun/org/apache/xerces/internal/xni/parser/XMLDocumentSource
instanceKlass com/sun/org/apache/xerces/internal/impl/XMLErrorReporter
instanceKlass com/sun/org/apache/xerces/internal/impl/XMLEntityScanner
instanceKlass com/sun/org/apache/xerces/internal/xni/XMLLocator
instanceKlass com/sun/xml/internal/stream/XMLEntityStorage
instanceKlass com/sun/org/apache/xerces/internal/util/AugmentationsImpl$AugmentationsItemsContainer
instanceKlass com/sun/org/apache/xerces/internal/util/AugmentationsImpl
instanceKlass com/sun/org/apache/xerces/internal/xni/Augmentations
instanceKlass com/sun/org/apache/xerces/internal/util/XMLResourceIdentifierImpl
instanceKlass com/sun/org/apache/xerces/internal/xni/XMLResourceIdentifier
instanceKlass com/sun/org/apache/xerces/internal/impl/XMLEntityManager
instanceKlass com/sun/org/apache/xerces/internal/xni/parser/XMLEntityResolver
instanceKlass com/sun/org/apache/xerces/internal/xni/parser/XMLComponent
instanceKlass com/sun/org/apache/xerces/internal/util/SymbolTable$Entry
instanceKlass com/sun/org/apache/xerces/internal/util/SymbolTable
instanceKlass jdk/xml/internal/JdkConstants
instanceKlass javax/xml/parsers/SAXParserFactory
instanceKlass jdk/xml/internal/JdkXmlUtils
instanceKlass com/sun/org/apache/xerces/internal/util/ParserConfigurationSettings
instanceKlass com/sun/org/apache/xerces/internal/parsers/XML11Configurable
instanceKlass com/sun/org/apache/xerces/internal/xni/parser/XMLPullParserConfiguration
instanceKlass com/sun/org/apache/xerces/internal/xni/parser/XMLParserConfiguration
instanceKlass com/sun/org/apache/xerces/internal/xni/parser/XMLComponentManager
instanceKlass com/sun/org/apache/xerces/internal/parsers/XMLParser
instanceKlass com/sun/org/apache/xerces/internal/xni/XMLDTDContentModelHandler
instanceKlass com/sun/org/apache/xerces/internal/xni/XMLDTDHandler
instanceKlass com/sun/org/apache/xerces/internal/xni/XMLDocumentHandler
instanceKlass javax/xml/parsers/DocumentBuilder
instanceKlass com/sun/org/apache/xerces/internal/jaxp/JAXPConstants
instanceKlass com/sun/org/apache/xerces/internal/utils/XMLSecurityPropertyManager
instanceKlass com/sun/org/apache/xerces/internal/utils/XMLSecurityManager
instanceKlass javax/xml/parsers/FactoryFinder$1
instanceKlass jdk/xml/internal/SecuritySupport
instanceKlass javax/xml/parsers/FactoryFinder
instanceKlass javax/xml/parsers/DocumentBuilderFactory
instanceKlass org/xml/sax/InputSource
instanceKlass org/apache/logging/log4j/core/util/Closer
instanceKlass org/apache/logging/log4j/core/config/plugins/util/ResolverUtil
instanceKlass javax/xml/transform/Source
instanceKlass org/apache/logging/log4j/core/config/Reconfigurable
instanceKlass org/apache/logging/log4j/core/util/Source
instanceKlass org/apache/logging/log4j/core/net/UrlConnectionFactory
instanceKlass org/apache/logging/log4j/core/util/FileUtils
instanceKlass org/apache/logging/log4j/core/util/BasicAuthorizationProvider
instanceKlass org/apache/logging/log4j/core/config/Order
instanceKlass org/apache/logging/log4j/core/config/OrderComparator
instanceKlass org/apache/logging/log4j/core/util/AuthorizationProvider
instanceKlass org/apache/logging/log4j/core/config/builder/api/ConfigurationBuilder
instanceKlass org/apache/logging/log4j/core/appender/DefaultErrorHandler
instanceKlass org/apache/logging/log4j/core/appender/ConsoleAppender$FactoryData
instanceKlass org/apache/logging/log4j/core/appender/ConsoleAppender$ConsoleManagerFactory
instanceKlass org/apache/logging/log4j/core/layout/ByteBufferDestination
instanceKlass org/apache/logging/log4j/core/ErrorHandler
instanceKlass org/apache/logging/log4j/core/layout/PatternLayout$PatternFormatterPatternSerializer
instanceKlass org/apache/logging/log4j/core/pattern/PlainTextRenderer
instanceKlass org/apache/logging/log4j/core/impl/ThrowableFormatOptions
instanceKlass org/apache/logging/log4j/core/pattern/PatternFormatter
instanceKlass org/apache/logging/log4j/core/pattern/TextRenderer
instanceKlass org/apache/logging/log4j/core/util/Integers
instanceKlass org/apache/logging/log4j/core/pattern/NameAbbreviator
instanceKlass org/apache/logging/log4j/core/util/OptionConverter
instanceKlass sun/util/resources/Bundles$CacheKeyReference
instanceKlass java/util/ResourceBundle$ResourceBundleProviderHelper
instanceKlass sun/util/resources/Bundles$CacheKey
instanceKlass java/util/ResourceBundle$1
instanceKlass jdk/internal/access/JavaUtilResourceBundleAccess
instanceKlass sun/util/resources/Bundles
instanceKlass sun/util/resources/LocaleData$LocaleDataStrategy
instanceKlass sun/util/resources/Bundles$Strategy
instanceKlass sun/util/resources/LocaleData$1
instanceKlass sun/util/resources/LocaleData
instanceKlass sun/util/locale/provider/LocaleResources
instanceKlass java/util/ResourceBundle
instanceKlass java/util/ResourceBundle$Control
instanceKlass sun/util/locale/provider/CalendarDataUtility$CalendarWeekParameterGetter
instanceKlass sun/util/locale/provider/LocaleServiceProviderPool$LocalizedObjectGetter
instanceKlass sun/util/locale/provider/LocaleServiceProviderPool
instanceKlass java/util/Locale$Builder
instanceKlass sun/util/locale/provider/CalendarDataUtility
instanceKlass java/util/Calendar$Builder
instanceKlass sun/util/locale/provider/AvailableLanguageTags
instanceKlass sun/util/resources/cldr/provider/CLDRLocaleDataMetaInfo
instanceKlass sun/util/locale/LocaleObjectCache
instanceKlass sun/util/locale/BaseLocale$Key
instanceKlass sun/util/locale/InternalLocaleBuilder$CaseInsensitiveChar
instanceKlass sun/util/locale/InternalLocaleBuilder
instanceKlass sun/util/locale/StringTokenIterator
instanceKlass sun/util/locale/ParseStatus
instanceKlass sun/util/locale/LanguageTag
instanceKlass sun/util/cldr/CLDRBaseLocaleDataMetaInfo
instanceKlass sun/util/locale/provider/LocaleDataMetaInfo
instanceKlass sun/util/locale/provider/ResourceBundleBasedAdapter
instanceKlass sun/util/locale/provider/LocaleProviderAdapter$1
instanceKlass sun/util/locale/provider/LocaleProviderAdapter
instanceKlass java/util/spi/LocaleServiceProvider
instanceKlass java/util/Calendar
instanceKlass org/apache/logging/log4j/core/util/datetime/FixedDateFormat
instanceKlass org/apache/logging/log4j/core/time/MutableInstant
instanceKlass org/apache/logging/log4j/core/pattern/DatePatternConverter$CachedTime
instanceKlass org/apache/logging/log4j/core/pattern/DatePatternConverter$Formatter
instanceKlass org/apache/logging/log4j/core/time/Instant
instanceKlass org/apache/logging/log4j/core/pattern/PatternParser$1
instanceKlass org/apache/logging/log4j/core/pattern/FormattingInfo
instanceKlass jdk/internal/reflect/ClassDefiner$1
instanceKlass jdk/internal/reflect/ClassDefiner
instanceKlass jdk/internal/reflect/MethodAccessorGenerator$1
instanceKlass jdk/internal/reflect/Label$PatchInfo
instanceKlass jdk/internal/reflect/Label
instanceKlass jdk/internal/reflect/UTF8
instanceKlass jdk/internal/reflect/ClassFileAssembler
instanceKlass jdk/internal/reflect/ByteVectorImpl
instanceKlass jdk/internal/reflect/ByteVector
instanceKlass jdk/internal/reflect/ByteVectorFactory
instanceKlass jdk/internal/reflect/AccessorGenerator
instanceKlass jdk/internal/reflect/ClassFileConstants
instanceKlass java/lang/Class$AnnotationData
instanceKlass java/lang/annotation/Target
instanceKlass java/lang/reflect/Proxy$ProxyBuilder$1
instanceKlass jdk/internal/org/objectweb/asm/Edge
instanceKlass java/lang/reflect/ProxyGenerator$PrimitiveTypeInfo
instanceKlass java/lang/reflect/ProxyGenerator$ProxyMethod
instanceKlass java/lang/reflect/Proxy$ProxyBuilder
instanceKlass java/lang/reflect/Proxy
instanceKlass sun/reflect/annotation/AnnotationInvocationHandler
instanceKlass java/lang/reflect/InvocationHandler
instanceKlass sun/reflect/annotation/AnnotationParser$1
instanceKlass java/lang/annotation/Documented
instanceKlass java/lang/annotation/Inherited
instanceKlass java/lang/annotation/Retention
instanceKlass sun/reflect/annotation/ExceptionProxy
instanceKlass sun/reflect/annotation/AnnotationType$1
instanceKlass sun/reflect/annotation/AnnotationType
instanceKlass java/lang/reflect/GenericArrayType
instanceKlass org/apache/logging/log4j/core/config/plugins/Plugin
instanceKlass sun/reflect/generics/visitor/Reifier
instanceKlass sun/reflect/generics/visitor/TypeTreeVisitor
instanceKlass sun/reflect/generics/factory/CoreReflectionFactory
instanceKlass sun/reflect/generics/factory/GenericsFactory
instanceKlass sun/reflect/generics/scope/AbstractScope
instanceKlass sun/reflect/generics/scope/Scope
instanceKlass sun/reflect/generics/tree/ClassTypeSignature
instanceKlass sun/reflect/generics/tree/SimpleClassTypeSignature
instanceKlass sun/reflect/generics/tree/FieldTypeSignature
instanceKlass sun/reflect/generics/tree/BaseType
instanceKlass sun/reflect/generics/tree/TypeSignature
instanceKlass sun/reflect/generics/tree/ReturnType
instanceKlass sun/reflect/generics/tree/TypeArgument
instanceKlass sun/reflect/generics/tree/TypeTree
instanceKlass sun/reflect/generics/tree/Tree
instanceKlass sun/reflect/generics/parser/SignatureParser
instanceKlass org/apache/logging/log4j/core/pattern/ConverterKeys
instanceKlass org/apache/logging/log4j/core/pattern/PatternParser
instanceKlass org/apache/logging/log4j/core/layout/StringBuilderEncoder
instanceKlass org/apache/logging/log4j/core/layout/PatternLayout$PatternSerializer
instanceKlass org/apache/logging/log4j/core/layout/AbstractStringLayout$Serializer
instanceKlass org/apache/logging/log4j/core/layout/PatternLayout$SerializerBuilder
instanceKlass org/apache/logging/log4j/core/layout/PatternLayout$Builder
instanceKlass org/apache/logging/log4j/core/layout/AbstractStringLayout$Serializer2
instanceKlass org/apache/logging/log4j/spi/LoggerRegistry$ConcurrentMapFactory
instanceKlass org/apache/logging/log4j/spi/LoggerRegistry$MapFactory
instanceKlass org/apache/logging/log4j/spi/LoggerRegistry
instanceKlass org/apache/logging/log4j/core/config/Node
instanceKlass org/apache/logging/log4j/core/util/DummyNanoClock
instanceKlass org/apache/logging/log4j/core/util/WatchEventService
instanceKlass java/util/UUID
instanceKlass org/apache/logging/log4j/core/util/WatchManager$LocalUUID
instanceKlass java/util/concurrent/Future
instanceKlass java/util/concurrent/ScheduledExecutorService
instanceKlass org/apache/logging/log4j/core/config/DefaultReliabilityStrategy
instanceKlass org/apache/logging/log4j/core/config/LocationAwareReliabilityStrategy
instanceKlass sun/reflect/misc/ReflectUtil
instanceKlass java/util/concurrent/atomic/AtomicReferenceFieldUpdater$AtomicReferenceFieldUpdaterImpl$1
instanceKlass java/util/concurrent/atomic/AtomicReferenceFieldUpdater
instanceKlass org/apache/logging/log4j/core/config/AppenderControlArraySet
instanceKlass org/apache/logging/log4j/core/util/SystemClock
instanceKlass org/apache/logging/log4j/core/time/PreciseClock
instanceKlass org/apache/logging/log4j/core/util/Clock
instanceKlass org/apache/logging/log4j/core/util/ClockFactory
instanceKlass org/apache/logging/log4j/core/impl/ReusableLogEventFactory
instanceKlass org/apache/logging/log4j/core/LogEvent
instanceKlass org/apache/logging/log4j/core/impl/LogEventFactory
instanceKlass org/apache/logging/log4j/core/impl/LocationAwareLogEventFactory
instanceKlass org/apache/logging/log4j/core/config/ReliabilityStrategy
instanceKlass java/util/DualPivotQuicksort
instanceKlass org/apache/logging/log4j/core/lookup/StrMatcher
instanceKlass sun/management/Util
instanceKlass java/util/Collections$2
instanceKlass sun/management/RuntimeImpl
instanceKlass jdk/management/jfr/internal/FlightRecorderMXBeanProvider$SingleMBeanComponent
instanceKlass jdk/management/jfr/FlightRecorderMXBean
instanceKlass java/lang/management/DefaultPlatformMBeanProvider$11
instanceKlass java/lang/management/DefaultPlatformMBeanProvider$10
instanceKlass java/lang/management/DefaultPlatformMBeanProvider$9
instanceKlass java/util/logging/LogManager
instanceKlass sun/management/ManagementFactoryHelper$LoggingMXBeanAccess$1
instanceKlass sun/management/ManagementFactoryHelper$LoggingMXBeanAccess
instanceKlass java/lang/management/DefaultPlatformMBeanProvider$8
instanceKlass java/lang/management/DefaultPlatformMBeanProvider$7
instanceKlass java/lang/management/DefaultPlatformMBeanProvider$6
instanceKlass java/lang/management/DefaultPlatformMBeanProvider$5
instanceKlass java/lang/management/DefaultPlatformMBeanProvider$4
instanceKlass java/lang/management/DefaultPlatformMBeanProvider$3
instanceKlass java/lang/management/DefaultPlatformMBeanProvider$2
instanceKlass java/lang/management/DefaultPlatformMBeanProvider$1
instanceKlass java/util/concurrent/Callable
instanceKlass com/sun/management/internal/PlatformMBeanProviderImpl$5
instanceKlass sun/management/VMManagementImpl
instanceKlass sun/management/VMManagement
instanceKlass sun/management/ManagementFactoryHelper
instanceKlass sun/management/NotificationEmitterSupport
instanceKlass javax/management/NotificationEmitter
instanceKlass javax/management/NotificationBroadcaster
instanceKlass com/sun/management/DiagnosticCommandMBean
instanceKlass javax/management/DynamicMBean
instanceKlass com/sun/management/internal/PlatformMBeanProviderImpl$4
instanceKlass com/sun/management/internal/PlatformMBeanProviderImpl$3
instanceKlass com/sun/management/internal/PlatformMBeanProviderImpl$2
instanceKlass com/sun/management/internal/PlatformMBeanProviderImpl$1
instanceKlass sun/management/spi/PlatformMBeanProvider$PlatformComponent
instanceKlass sun/management/spi/PlatformMBeanProvider
instanceKlass sun/security/util/SecurityProperties
instanceKlass sun/security/util/FilePermCompat
instanceKlass java/io/FilePermission$1
instanceKlass jdk/internal/access/JavaIOFilePermissionAccess
instanceKlass java/lang/management/ManagementFactory$PlatformMBeanFinder$1
instanceKlass java/lang/management/ManagementFactory$PlatformMBeanFinder
instanceKlass java/lang/management/RuntimeMXBean
instanceKlass java/lang/management/PlatformManagedObject
instanceKlass java/lang/management/ManagementFactory
instanceKlass org/apache/logging/log4j/core/net/JndiManager$JndiManagerFactory
instanceKlass javax/naming/Context
instanceKlass org/apache/logging/log4j/core/appender/ManagerFactory
instanceKlass org/apache/logging/log4j/core/appender/AbstractManager
instanceKlass org/apache/logging/log4j/core/impl/ThreadContextDataProvider
instanceKlass org/apache/logging/log4j/core/util/ContextDataProvider
instanceKlass java/util/concurrent/ConcurrentLinkedDeque$Node
instanceKlass org/apache/logging/log4j/core/impl/ThreadContextDataInjector
instanceKlass org/apache/logging/log4j/core/impl/ThreadContextDataInjector$ForCopyOnWriteThreadContextMap
instanceKlass org/apache/logging/log4j/spi/DefaultThreadContextStack
instanceKlass org/apache/logging/log4j/spi/DefaultThreadContextMap
instanceKlass org/apache/logging/log4j/spi/GarbageFreeSortedArrayThreadContextMap
instanceKlass java/io/ObjectInputValidation
instanceKlass java/io/ObjectInputFilter
instanceKlass java/io/ObjectInputStream$GetField
instanceKlass java/lang/PublicMethods
instanceKlass org/apache/logging/log4j/util/TriConsumer
instanceKlass java/io/ObjectStreamConstants
instanceKlass java/io/ObjectInput
instanceKlass org/apache/logging/log4j/util/SortedArrayStringMap
instanceKlass org/apache/logging/log4j/util/IndexedStringMap
instanceKlass org/apache/logging/log4j/util/IndexedReadOnlyStringMap
instanceKlass org/apache/logging/log4j/util/StringMap
instanceKlass org/apache/logging/log4j/util/ReadOnlyStringMap
instanceKlass org/apache/logging/log4j/spi/CopyOnWriteSortedArrayThreadContextMap
instanceKlass org/apache/logging/log4j/spi/CopyOnWrite
instanceKlass org/apache/logging/log4j/spi/ObjectThreadContextMap
instanceKlass org/apache/logging/log4j/spi/CleanableThreadContextMap
instanceKlass org/apache/logging/log4j/spi/ThreadContextMap2
instanceKlass org/apache/logging/log4j/spi/ReadOnlyThreadContextMap
instanceKlass org/apache/logging/log4j/spi/ThreadContextMapFactory
instanceKlass org/apache/logging/log4j/ThreadContext$EmptyIterator
instanceKlass org/apache/logging/log4j/spi/ThreadContextMap
instanceKlass org/apache/logging/log4j/spi/ThreadContextStack
instanceKlass org/apache/logging/log4j/ThreadContext$ContextStack
instanceKlass org/apache/logging/log4j/ThreadContext
instanceKlass org/apache/logging/log4j/core/ContextDataInjector
instanceKlass org/apache/logging/log4j/core/impl/ContextDataInjectorFactory
instanceKlass org/apache/logging/log4j/core/util/ReflectionUtil
instanceKlass org/apache/logging/log4j/util/Supplier
instanceKlass org/apache/logging/log4j/core/util/AbstractWatcher
instanceKlass org/apache/logging/log4j/core/config/plugins/convert/TypeConverters$UuidConverter
instanceKlass org/apache/logging/log4j/core/config/plugins/convert/TypeConverters$UrlConverter
instanceKlass org/apache/logging/log4j/core/config/plugins/convert/TypeConverters$UriConverter
instanceKlass org/apache/logging/log4j/core/config/plugins/convert/TypeConverters$StringConverter
instanceKlass org/apache/logging/log4j/core/config/plugins/convert/TypeConverters$ShortConverter
instanceKlass org/apache/logging/log4j/core/config/plugins/convert/TypeConverters$SecurityProviderConverter
instanceKlass org/apache/logging/log4j/core/config/plugins/convert/TypeConverters$PatternConverter
instanceKlass org/apache/logging/log4j/core/config/plugins/convert/TypeConverters$PathConverter
instanceKlass org/apache/logging/log4j/core/config/plugins/convert/TypeConverters$LongConverter
instanceKlass org/apache/logging/log4j/core/config/plugins/convert/TypeConverters$LevelConverter
instanceKlass org/apache/logging/log4j/core/config/plugins/convert/TypeConverters$IntegerConverter
instanceKlass org/apache/logging/log4j/core/config/plugins/convert/TypeConverters$InetAddressConverter
instanceKlass org/apache/logging/log4j/core/config/plugins/convert/TypeConverters$FloatConverter
instanceKlass org/apache/logging/log4j/core/config/plugins/convert/TypeConverters$FileConverter
instanceKlass org/apache/logging/log4j/core/config/plugins/convert/TypeConverters$DurationConverter
instanceKlass org/apache/logging/log4j/core/config/plugins/convert/TypeConverters$DoubleConverter
instanceKlass org/apache/logging/log4j/core/config/plugins/convert/TypeConverters$CronExpressionConverter
instanceKlass org/apache/logging/log4j/core/config/plugins/convert/TypeConverters$ClassConverter
instanceKlass org/apache/logging/log4j/core/config/plugins/convert/TypeConverters$CharsetConverter
instanceKlass org/apache/logging/log4j/core/config/plugins/convert/TypeConverters$CharArrayConverter
instanceKlass org/apache/logging/log4j/core/config/plugins/convert/TypeConverters$CharacterConverter
instanceKlass org/apache/logging/log4j/core/config/plugins/convert/TypeConverters$ByteArrayConverter
instanceKlass org/apache/logging/log4j/core/config/plugins/convert/TypeConverters$ByteConverter
instanceKlass org/apache/logging/log4j/core/config/plugins/convert/TypeConverters$BooleanConverter
instanceKlass org/apache/logging/log4j/core/config/plugins/convert/TypeConverters$BigIntegerConverter
instanceKlass org/apache/logging/log4j/core/config/plugins/convert/TypeConverters$BigDecimalConverter
instanceKlass org/apache/logging/log4j/core/config/plugins/convert/TypeConverter
instanceKlass org/apache/logging/log4j/core/lookup/UpperLookup
instanceKlass org/apache/logging/log4j/core/lookup/StructuredDataLookup
instanceKlass org/apache/logging/log4j/core/lookup/LowerLookup
instanceKlass org/apache/logging/log4j/core/lookup/MapLookup
instanceKlass org/apache/logging/log4j/core/lookup/DateLookup
instanceKlass org/apache/logging/log4j/core/lookup/ContextMapLookup
instanceKlass org/apache/logging/log4j/core/pattern/FileDatePatternConverter
instanceKlass org/apache/logging/log4j/core/config/arbiters/SystemPropertyArbiter
instanceKlass org/apache/logging/log4j/core/net/ssl/SslConfiguration
instanceKlass org/apache/logging/log4j/core/appender/rolling/action/PathSortByModificationTime
instanceKlass org/apache/logging/log4j/core/appender/rolling/action/PathSorter
instanceKlass org/apache/logging/log4j/core/net/SocketPerformancePreferences
instanceKlass org/apache/logging/log4j/core/net/SocketOptions
instanceKlass org/apache/logging/log4j/core/util/Builder
instanceKlass org/apache/logging/log4j/core/net/SocketAddress
instanceKlass org/apache/logging/log4j/core/config/arbiters/SelectArbiter
instanceKlass org/apache/logging/log4j/core/config/ScriptsPlugin
instanceKlass org/apache/logging/log4j/core/layout/ScriptPatternSelector
instanceKlass org/apache/logging/log4j/core/appender/rolling/action/ScriptCondition
instanceKlass org/apache/logging/log4j/core/config/arbiters/ScriptArbiter
instanceKlass org/apache/logging/log4j/core/script/AbstractScript
instanceKlass org/apache/logging/log4j/core/appender/routing/Routes
instanceKlass org/apache/logging/log4j/core/appender/routing/Route
instanceKlass org/apache/logging/log4j/core/pattern/RegexReplacement
instanceKlass org/apache/logging/log4j/core/appender/rewrite/PropertiesRewritePolicy
instanceKlass org/apache/logging/log4j/core/config/PropertiesPlugin
instanceKlass org/apache/logging/log4j/core/layout/PatternMatch
instanceKlass org/apache/logging/log4j/core/net/MulticastDnsAdvertiser
instanceKlass org/apache/logging/log4j/core/layout/MarkerPatternSelector
instanceKlass org/apache/logging/log4j/core/appender/rewrite/MapRewritePolicy
instanceKlass org/apache/logging/log4j/core/config/LoggersPlugin
instanceKlass net/minecrell/terminalconsole/util/LoggerNamePatternSelector
instanceKlass org/apache/logging/log4j/core/appender/rewrite/LoggerNameLevelRewritePolicy
instanceKlass org/apache/logging/log4j/core/appender/rewrite/RewritePolicy
instanceKlass org/apache/logging/log4j/core/layout/LoggerFields
instanceKlass org/apache/logging/log4j/core/async/LinkedTransferQueueFactory
instanceKlass org/apache/logging/log4j/core/layout/LevelPatternSelector
instanceKlass org/apache/logging/log4j/core/layout/PatternSelector
instanceKlass jdk/internal/access/foreign/MemorySegmentProxy
instanceKlass org/apache/logging/log4j/core/util/KeyValuePair
instanceKlass org/apache/logging/log4j/core/net/ssl/StoreConfiguration
instanceKlass org/apache/logging/log4j/core/async/JCToolsBlockingQueueFactory
instanceKlass org/apache/logging/log4j/core/appender/rolling/action/IfNot
instanceKlass org/apache/logging/log4j/core/appender/rolling/action/IfLastModified
instanceKlass org/apache/logging/log4j/core/appender/rolling/action/IfFileName
instanceKlass org/apache/logging/log4j/core/appender/rolling/action/IfAny
instanceKlass org/apache/logging/log4j/core/appender/rolling/action/IfAll
instanceKlass org/apache/logging/log4j/core/appender/rolling/action/IfAccumulatedFileSize
instanceKlass org/apache/logging/log4j/core/appender/rolling/action/IfAccumulatedFileCount
instanceKlass org/apache/logging/log4j/core/appender/rolling/action/PathCondition
instanceKlass org/apache/logging/log4j/core/appender/routing/PurgePolicy
instanceKlass org/apache/logging/log4j/core/appender/FailoversPlugin
instanceKlass org/apache/logging/log4j/core/async/DisruptorBlockingQueueFactory
instanceKlass org/apache/logging/log4j/core/appender/rolling/DirectFileRolloverStrategy
instanceKlass org/apache/logging/log4j/core/appender/rolling/action/AbstractAction
instanceKlass org/apache/logging/log4j/core/appender/rolling/action/Action
instanceKlass org/apache/logging/log4j/core/appender/rolling/AbstractRolloverStrategy
instanceKlass org/apache/logging/log4j/core/appender/rolling/RolloverStrategy
instanceKlass org/apache/logging/log4j/core/config/arbiters/DefaultArbiter
instanceKlass org/apache/logging/log4j/core/config/CustomLevels
instanceKlass org/apache/logging/log4j/core/config/CustomLevelConfig
instanceKlass org/apache/logging/log4j/core/layout/AbstractLayout
instanceKlass org/apache/logging/log4j/core/StringLayout
instanceKlass org/apache/logging/log4j/core/appender/rolling/TriggeringPolicy
instanceKlass org/apache/logging/log4j/core/appender/db/jdbc/ConnectionSource
instanceKlass org/apache/logging/log4j/core/appender/db/ColumnMapping
instanceKlass org/apache/logging/log4j/core/appender/db/jdbc/ColumnConfig
instanceKlass org/apache/logging/log4j/core/config/arbiters/ClassArbiter
instanceKlass org/apache/logging/log4j/core/config/arbiters/Arbiter
instanceKlass org/apache/logging/log4j/core/async/AsyncWaitStrategyFactoryConfig
instanceKlass org/apache/logging/log4j/core/async/ArrayBlockingQueueFactory
instanceKlass org/apache/logging/log4j/core/async/BlockingQueueFactory
instanceKlass org/apache/logging/log4j/core/appender/AppenderSet
instanceKlass org/apache/logging/log4j/core/config/AppendersPlugin
instanceKlass org/apache/logging/log4j/core/config/AppenderRef
instanceKlass net/minecraftforge/fml/loading/log4j/ForgeHighlight
instanceKlass org/apache/logging/log4j/core/pattern/AnsiConverter
instanceKlass org/apache/logging/log4j/core/pattern/ArrayPatternConverter
instanceKlass org/apache/logging/log4j/core/impl/LocationAware
instanceKlass org/apache/logging/log4j/core/pattern/AbstractPatternConverter
instanceKlass org/apache/logging/log4j/core/pattern/PatternConverter
instanceKlass org/apache/logging/log4j/core/config/plugins/util/PluginType
instanceKlass org/apache/logging/log4j/core/config/builder/api/ConfigurationBuilderFactory
instanceKlass org/apache/logging/log4j/core/config/plugins/processor/PluginEntry
instanceKlass org/apache/logging/log4j/core/config/plugins/processor/PluginCache
instanceKlass org/apache/logging/log4j/core/config/plugins/util/ResolverUtil$Test
instanceKlass org/apache/logging/log4j/core/config/plugins/util/PluginRegistry
instanceKlass org/apache/logging/log4j/core/config/plugins/util/PluginManager
instanceKlass org/apache/logging/log4j/core/lookup/PropertiesLookup
instanceKlass org/apache/logging/log4j/core/lookup/LookupResult
instanceKlass org/apache/logging/log4j/core/lookup/AbstractLookup
instanceKlass org/apache/logging/log4j/core/config/LoggerContextAware
instanceKlass org/apache/logging/log4j/core/config/DefaultAdvertiser
instanceKlass org/apache/logging/log4j/core/config/Property
instanceKlass org/apache/logging/log4j/core/config/ConfigurationSource
instanceKlass org/apache/logging/log4j/core/async/AsyncLoggerConfigDelegate
instanceKlass org/apache/logging/log4j/core/Appender
instanceKlass org/apache/logging/log4j/core/Layout
instanceKlass org/apache/logging/log4j/core/layout/Encoder
instanceKlass org/apache/logging/log4j/core/util/Watcher
instanceKlass org/apache/logging/log4j/core/util/NanoClock
instanceKlass org/apache/logging/log4j/core/lookup/StrLookup
instanceKlass org/apache/logging/log4j/core/net/Advertiser
instanceKlass org/apache/logging/log4j/core/lookup/StrSubstitutor
instanceKlass org/apache/logging/log4j/core/config/ConfigurationAware
instanceKlass org/apache/logging/log4j/core/Filter
instanceKlass org/apache/logging/log4j/core/AbstractLifeCycle
instanceKlass org/apache/logging/log4j/spi/LoggerContextShutdownEnabled
instanceKlass org/apache/logging/log4j/core/config/ConfigurationListener
instanceKlass org/apache/logging/log4j/spi/Terminable
instanceKlass java/lang/StackStreamFactory$FrameBuffer
instanceKlass java/lang/StackStreamFactory$1
instanceKlass java/lang/StackStreamFactory
instanceKlass org/apache/logging/log4j/util/StackLocator
instanceKlass org/apache/logging/log4j/util/StackLocatorUtil
instanceKlass org/apache/logging/log4j/internal/LogManagerStatus
instanceKlass java/lang/Shutdown$Lock
instanceKlass java/lang/Shutdown
instanceKlass java/lang/ApplicationShutdownHooks$1
instanceKlass java/lang/ApplicationShutdownHooks
instanceKlass java/util/concurrent/Executors$DefaultThreadFactory
instanceKlass java/util/concurrent/Executors
instanceKlass org/apache/logging/log4j/core/util/Cancellable
instanceKlass org/apache/logging/log4j/core/util/DefaultShutdownCallbackRegistry
instanceKlass org/apache/logging/log4j/core/LifeCycle2
instanceKlass java/util/concurrent/atomic/AtomicReference
instanceKlass org/apache/logging/log4j/core/selector/ClassLoaderContextSelector
instanceKlass org/apache/logging/log4j/spi/LoggerContextShutdownAware
instanceKlass org/apache/logging/log4j/core/util/Loader
instanceKlass org/apache/logging/log4j/core/util/Constants
instanceKlass org/apache/logging/log4j/core/selector/ContextSelector
instanceKlass org/apache/logging/log4j/core/config/Configuration
instanceKlass org/apache/logging/log4j/core/filter/Filterable
instanceKlass org/apache/logging/log4j/core/LifeCycle
instanceKlass org/apache/logging/log4j/spi/LoggerContext
instanceKlass jdk/internal/loader/URLClassPath$JarLoader$3
instanceKlass java/util/zip/ZipFile$ZipEntryIterator
instanceKlass org/apache/logging/log4j/core/impl/Log4jContextFactory
instanceKlass org/apache/logging/log4j/core/util/ShutdownCallbackRegistry
instanceKlass org/apache/logging/log4j/spi/Provider
instanceKlass org/apache/logging/log4j/util/ProviderUtil
instanceKlass java/text/Format
instanceKlass java/util/RegularEnumSet$EnumSetIterator
instanceKlass org/apache/logging/log4j/Level
instanceKlass org/apache/logging/log4j/util/Strings
instanceKlass java/util/concurrent/ConcurrentLinkedQueue$Node
instanceKlass org/apache/logging/log4j/message/EntryMessage
instanceKlass org/apache/logging/log4j/message/ExitMessage
instanceKlass org/apache/logging/log4j/message/FlowMessage
instanceKlass jdk/internal/misc/ScopedMemoryAccess$Scope
instanceKlass org/apache/logging/log4j/message/DefaultFlowMessageFactory
instanceKlass org/apache/logging/log4j/message/FlowMessageFactory
instanceKlass java/util/regex/Pattern$1
instanceKlass java/util/concurrent/ConcurrentSkipListMap$Iter
instanceKlass org/apache/logging/log4j/util/PropertySource$Util
instanceKlass java/lang/ProcessEnvironment$CheckedEntry
instanceKlass java/lang/ProcessEnvironment$CheckedEntrySet$1
instanceKlass java/lang/ProcessEnvironment$EntryComparator
instanceKlass java/lang/ProcessEnvironment$NameComparator
instanceKlass java/util/concurrent/ConcurrentSkipListMap$CSLMSpliterator
instanceKlass org/apache/logging/log4j/util/SystemPropertiesPropertySource
instanceKlass org/apache/logging/log4j/util/EnvironmentPropertySource
instanceKlass java/lang/invoke/MethodHandleImpl$ArrayAccessor
instanceKlass java/lang/invoke/MethodHandleImpl$2
instanceKlass java/lang/invoke/MethodHandleImpl$LoopClauses
instanceKlass java/lang/invoke/MethodHandleImpl$CasesHolder
instanceKlass java/lang/ClassValue$Version
instanceKlass java/lang/ClassValue$Identity
instanceKlass java/lang/ClassValue
instanceKlass java/lang/invoke/MethodHandleImpl$BindCaller
instanceKlass org/apache/logging/log4j/util/ServiceLoaderUtil
instanceKlass java/util/concurrent/atomic/Striped64$1
instanceKlass jdk/internal/util/random/RandomSupport
instanceKlass java/util/Random
instanceKlass java/util/random/RandomGenerator
instanceKlass java/util/Properties$EntrySet
instanceKlass org/apache/logging/log4j/util/BiConsumer
instanceKlass java/util/concurrent/ConcurrentSkipListMap$Node
instanceKlass java/util/concurrent/ConcurrentSkipListMap$Index
instanceKlass java/util/concurrent/ConcurrentNavigableMap
instanceKlass org/apache/logging/log4j/util/PropertySource$Comparator
instanceKlass org/apache/logging/log4j/util/PropertiesUtil$Environment
instanceKlass org/apache/logging/log4j/util/LoaderUtil$UrlResource
instanceKlass java/util/Collections$3
instanceKlass org/apache/logging/log4j/util/LoaderUtil$ThreadContextClassLoaderGetter
instanceKlass org/apache/logging/log4j/util/LoaderUtil
instanceKlass org/apache/logging/log4j/util/PropertiesPropertySource
instanceKlass org/apache/logging/log4j/util/PropertySource
instanceKlass org/apache/logging/log4j/util/PropertiesUtil
instanceKlass org/apache/logging/log4j/util/Constants
instanceKlass org/apache/logging/log4j/message/AbstractMessageFactory
instanceKlass org/apache/logging/log4j/message/ReusableMessageFactory
instanceKlass org/apache/logging/log4j/MarkerManager$Log4jMarker
instanceKlass org/apache/logging/log4j/util/StringBuilderFormattable
instanceKlass org/apache/logging/log4j/Marker
instanceKlass org/apache/logging/log4j/MarkerManager
instanceKlass org/apache/logging/log4j/message/MessageFactory2
instanceKlass org/apache/logging/log4j/LogBuilder
instanceKlass org/apache/logging/log4j/message/Message
instanceKlass org/apache/logging/log4j/spi/AbstractLogger
instanceKlass org/apache/logging/log4j/spi/LocationAwareLogger
instanceKlass org/apache/logging/log4j/spi/ExtendedLogger
instanceKlass org/apache/logging/log4j/message/MessageFactory
instanceKlass org/apache/logging/log4j/spi/LoggerContextFactory
instanceKlass org/apache/logging/log4j/Logger
instanceKlass org/apache/logging/log4j/LogManager
instanceKlass cpw/mods/modlauncher/api/IModuleLayerManager
instanceKlass cpw/mods/modlauncher/Launcher
instanceKlass cpw/mods/modlauncher/BootstrapLaunchConsumer
instanceKlass java/lang/Package$VersionInfo
instanceKlass cpw/mods/cl/ProtectionDomainHelper
instanceKlass cpw/mods/util/LambdaExceptionUtils$Consumer_WithExceptions
instanceKlass cpw/mods/util/LambdaExceptionUtils
instanceKlass cpw/mods/util/LambdaExceptionUtils$Function_WithExceptions
instanceKlass cpw/mods/cl/JarModuleFinder$JarModuleReader
instanceKlass java/util/AbstractMap$2$1
instanceKlass cpw/mods/cl/UnionURLStreamHandler
instanceKlass java/util/ServiceLoader$ProviderSpliterator
instanceKlass java/util/ServiceLoader$LayerLookupIterator
instanceKlass cpw/mods/cl/ModularURLHandler$IURLProvider
instanceKlass cpw/mods/cl/ModularURLHandler
instanceKlass java/util/stream/SliceOps
instanceKlass java/util/Collections$1
instanceKlass cpw/mods/cl/JarModuleFinder
instanceKlass java/util/stream/SortedOps
instanceKlass java/util/function/ToIntFunction
instanceKlass java/util/Hashtable$Enumerator
instanceKlass sun/security/util/ManifestEntryVerifier$SunProviderHolder
instanceKlass javax/crypto/SecretKey
instanceKlass sun/security/util/Length
instanceKlass sun/security/util/KeyUtil
instanceKlass java/security/interfaces/XECKey
instanceKlass java/security/interfaces/ECKey
instanceKlass sun/security/util/JarConstraintsParameters
instanceKlass sun/security/util/ConstraintsParameters
instanceKlass java/security/Timestamp
instanceKlass sun/security/timestamp/TimestampToken
instanceKlass java/security/cert/CertPath
instanceKlass java/math/MutableBigInteger
instanceKlass sun/security/rsa/RSAPadding
instanceKlass sun/security/rsa/RSACore
instanceKlass java/security/interfaces/RSAPrivateCrtKey
instanceKlass sun/security/pkcs/PKCS8Key
instanceKlass java/security/interfaces/RSAPrivateKey
instanceKlass java/security/PrivateKey
instanceKlass javax/security/auth/Destroyable
instanceKlass sun/security/jca/ServiceId
instanceKlass java/security/Signature$1
instanceKlass jdk/internal/access/JavaSecuritySignatureAccess
instanceKlass java/security/SignatureSpi
instanceKlass jdk/internal/icu/util/CodePointTrie$Data
instanceKlass jdk/internal/icu/util/CodePointTrie$1
instanceKlass jdk/internal/icu/util/CodePointMap
instanceKlass jdk/internal/icu/util/VersionInfo
instanceKlass jdk/internal/icu/impl/ICUBinary$1
instanceKlass jdk/internal/icu/impl/ICUBinary
instanceKlass jdk/internal/icu/impl/NormalizerImpl$IsAcceptable
instanceKlass jdk/internal/icu/impl/ICUBinary$Authenticate
instanceKlass jdk/internal/icu/impl/NormalizerImpl
instanceKlass jdk/internal/icu/impl/Norm2AllModes$Norm2AllModesSingleton
instanceKlass jdk/internal/icu/impl/Norm2AllModes$NFKCSingleton
instanceKlass jdk/internal/icu/impl/Norm2AllModes
instanceKlass jdk/internal/icu/text/Normalizer2
instanceKlass jdk/internal/icu/text/NormalizerBase$ModeImpl
instanceKlass jdk/internal/icu/text/NormalizerBase$NFKDModeImpl
instanceKlass jdk/internal/icu/text/NormalizerBase$1
instanceKlass jdk/internal/icu/text/NormalizerBase$Mode
instanceKlass jdk/internal/icu/text/NormalizerBase
instanceKlass java/text/Normalizer
instanceKlass sun/security/x509/AVAKeyword
instanceKlass java/util/StringJoiner
instanceKlass sun/security/util/SignatureUtil
instanceKlass java/lang/constant/DynamicConstantDesc
instanceKlass java/lang/constant/DirectMethodHandleDesc$1
instanceKlass java/lang/constant/DirectMethodHandleDescImpl$1
instanceKlass java/lang/constant/DirectMethodHandleDescImpl
instanceKlass java/lang/constant/DirectMethodHandleDesc
instanceKlass java/lang/constant/MethodHandleDesc$1
instanceKlass java/lang/constant/MethodHandleDesc
instanceKlass java/lang/constant/MethodTypeDescImpl
instanceKlass java/lang/constant/MethodTypeDesc
instanceKlass java/lang/constant/ReferenceClassDescImpl
instanceKlass java/lang/constant/ConstantUtils
instanceKlass java/lang/constant/ClassDesc
instanceKlass java/lang/constant/ConstantDescs
instanceKlass java/lang/invoke/VarHandle$2
instanceKlass java/lang/invoke/VarHandle$TypesAndInvokers
instanceKlass java/lang/invoke/VarHandleByteArrayBase
instanceKlass sun/security/provider/ByteArrayAccess$BE
instanceKlass sun/security/provider/ByteArrayAccess
instanceKlass sun/security/util/MessageDigestSpi2
instanceKlass java/security/MessageDigestSpi
instanceKlass sun/security/pkcs/ESSCertId
instanceKlass sun/security/pkcs/SigningCertificateInfo
instanceKlass java/lang/Byte$ByteCache
instanceKlass sun/security/pkcs/PKCS9Attribute
instanceKlass sun/security/pkcs/PKCS9Attributes
instanceKlass java/time/Instant
instanceKlass java/time/ZonedDateTime
instanceKlass java/time/chrono/ChronoZonedDateTime
instanceKlass sun/security/util/DisabledAlgorithmConstraints$Constraints$Holder
instanceKlass sun/security/util/DisabledAlgorithmConstraints$1
instanceKlass sun/security/util/DisabledAlgorithmConstraints$Constraint
instanceKlass java/util/StringTokenizer
instanceKlass java/security/spec/ECFieldF2m
instanceKlass java/security/spec/ECParameterSpec
instanceKlass java/security/spec/ECPoint
instanceKlass java/security/spec/EllipticCurve
instanceKlass java/security/spec/ECFieldFp
instanceKlass java/security/spec/ECField
instanceKlass sun/security/util/CurveDB
instanceKlass sun/security/util/DisabledAlgorithmConstraints$Constraints
instanceKlass sun/security/util/AbstractAlgorithmConstraints$1
instanceKlass sun/security/util/AlgorithmDecomposer
instanceKlass sun/security/util/DisabledAlgorithmConstraints$JarHolder
instanceKlass sun/security/util/AbstractAlgorithmConstraints
instanceKlass java/security/AlgorithmConstraints
instanceKlass sun/security/pkcs/SignerInfo
instanceKlass sun/util/logging/PlatformLogger
instanceKlass sun/util/logging/PlatformLogger$ConfigurableBridge$LoggerConfiguration
instanceKlass jdk/internal/logger/BootstrapLogger$RedirectedLoggers
instanceKlass java/lang/invoke/VarHandle$AccessDescriptor
instanceKlass jdk/internal/logger/LazyLoggers$LazyLoggerAccessor
instanceKlass jdk/internal/logger/LazyLoggers$LoggerAccessor
instanceKlass jdk/internal/logger/AbstractLoggerWrapper
instanceKlass sun/util/logging/internal/LoggingProviderImpl$LogManagerAccess
instanceKlass jdk/internal/logger/BootstrapLogger$DetectBackend$1
instanceKlass jdk/internal/logger/BootstrapLogger$DetectBackend
instanceKlass jdk/internal/logger/BootstrapLogger
instanceKlass sun/util/logging/PlatformLogger$ConfigurableBridge
instanceKlass sun/util/logging/PlatformLogger$Bridge
instanceKlass jdk/internal/logger/DefaultLoggerFinder$1
instanceKlass java/lang/System$LoggerFinder
instanceKlass jdk/internal/logger/LazyLoggers$LazyLoggerFactories
instanceKlass jdk/internal/logger/LazyLoggers$1
instanceKlass jdk/internal/logger/LazyLoggers
instanceKlass jdk/internal/misc/ThreadTracker
instanceKlass jdk/internal/event/EventHelper$ThreadTrackHolder
instanceKlass java/lang/invoke/VarForm
instanceKlass java/lang/invoke/VarHandleGuards
instanceKlass jdk/internal/util/Preconditions$1
instanceKlass java/lang/invoke/VarHandle$1
instanceKlass java/lang/invoke/VarHandles
instanceKlass java/lang/System$Logger
instanceKlass jdk/internal/event/EventHelper
instanceKlass sun/security/jca/JCAUtil
instanceKlass sun/security/util/MemoryCache$CacheEntry
instanceKlass sun/security/x509/X509AttributeName
instanceKlass sun/security/x509/RFC822Name
instanceKlass sun/security/x509/AccessDescription
instanceKlass sun/security/x509/DNSName
instanceKlass sun/security/x509/URIName
instanceKlass sun/security/x509/GeneralName
instanceKlass sun/security/x509/DistributionPoint
instanceKlass java/security/cert/PolicyQualifierInfo
instanceKlass sun/security/x509/CertificatePolicyId
instanceKlass sun/security/x509/PolicyInformation
instanceKlass sun/security/x509/NetscapeCertTypeExtension$MapEntry
instanceKlass sun/security/x509/GeneralNames
instanceKlass sun/security/x509/KeyIdentifier
instanceKlass sun/security/x509/OIDMap$OIDInfo
instanceKlass sun/security/x509/PKIXExtensions
instanceKlass sun/security/x509/OIDMap
instanceKlass sun/security/x509/Extension
instanceKlass java/security/cert/Extension
instanceKlass java/util/Collections$SynchronizedMap
instanceKlass sun/security/x509/CertificateExtensions
instanceKlass sun/security/rsa/RSAUtil
instanceKlass sun/security/util/IOUtils
instanceKlass java/security/interfaces/RSAPublicKey
instanceKlass java/security/interfaces/RSAKey
instanceKlass java/security/spec/PSSParameterSpec
instanceKlass java/security/spec/AlgorithmParameterSpec
instanceKlass java/security/spec/RSAPrivateKeySpec
instanceKlass java/security/spec/RSAPublicKeySpec
instanceKlass java/security/KeyFactorySpi
instanceKlass sun/security/rsa/SunRsaSignEntries
instanceKlass sun/security/jca/ProviderList$ServiceList$1
instanceKlass java/security/KeyFactory
instanceKlass java/security/spec/EncodedKeySpec$1
instanceKlass jdk/internal/access/JavaSecuritySpecAccess
instanceKlass java/security/spec/EncodedKeySpec
instanceKlass java/security/spec/KeySpec
instanceKlass sun/security/util/BitArray
instanceKlass sun/security/x509/X509Key
instanceKlass java/security/PublicKey
instanceKlass java/security/Key
instanceKlass sun/security/x509/CertificateX509Key
instanceKlass java/util/Date
instanceKlass sun/util/calendar/CalendarUtils
instanceKlass sun/util/calendar/CalendarDate
instanceKlass sun/util/calendar/CalendarSystem$GregorianHolder
instanceKlass sun/util/calendar/CalendarSystem
instanceKlass sun/security/x509/CertificateValidity
instanceKlass sun/security/x509/AVA
instanceKlass sun/security/x509/RDN
instanceKlass javax/security/auth/x500/X500Principal
instanceKlass sun/security/x509/X500Name$1
instanceKlass sun/security/x509/X500Name
instanceKlass sun/security/x509/GeneralNameInterface
instanceKlass sun/security/x509/CertificateAlgorithmId
instanceKlass sun/security/x509/SerialNumber
instanceKlass sun/security/x509/CertificateSerialNumber
instanceKlass sun/security/x509/CertificateVersion
instanceKlass sun/security/x509/X509CertInfo
instanceKlass sun/security/x509/CertAttrSet
instanceKlass sun/security/util/Cache$EqualByteArray
instanceKlass java/security/cert/X509Extension
instanceKlass sun/security/jca/GetInstance$Instance
instanceKlass sun/security/util/Cache
instanceKlass jdk/internal/event/Event
instanceKlass sun/security/jca/GetInstance
instanceKlass java/security/cert/CertificateFactorySpi
instanceKlass java/security/cert/CertificateFactory
instanceKlass sun/security/x509/AlgorithmId
instanceKlass sun/security/util/ByteArrayTagOrder
instanceKlass sun/security/util/ByteArrayLexOrder
instanceKlass sun/security/util/DerEncoder
instanceKlass sun/security/util/DerValue
instanceKlass sun/security/util/ObjectIdentifier
instanceKlass sun/security/pkcs/ContentInfo
instanceKlass sun/security/util/DerInputStream
instanceKlass sun/security/pkcs/PKCS7
instanceKlass sun/security/util/SecurityProviderConstants
instanceKlass java/security/Provider$UString
instanceKlass java/security/Provider$Service
instanceKlass sun/security/provider/NativePRNG$NonBlocking
instanceKlass sun/security/provider/NativePRNG$Blocking
instanceKlass sun/security/provider/NativePRNG
instanceKlass sun/security/provider/SunEntries$1
instanceKlass sun/security/provider/SunEntries
instanceKlass sun/security/util/SecurityConstants
instanceKlass java/security/Security$2
instanceKlass jdk/internal/access/JavaSecurityPropertiesAccess
instanceKlass java/util/concurrent/ConcurrentHashMap$MapEntry
instanceKlass java/util/Properties$LineReader
instanceKlass java/security/Security$1
instanceKlass java/security/Security
instanceKlass sun/security/jca/ProviderList$2
instanceKlass jdk/internal/math/FloatingDecimal$ASCIIToBinaryBuffer
instanceKlass jdk/internal/math/FloatingDecimal$PreparedASCIIToBinaryBuffer
instanceKlass jdk/internal/math/FloatingDecimal$ASCIIToBinaryConverter
instanceKlass jdk/internal/math/FloatingDecimal$BinaryToASCIIBuffer
instanceKlass jdk/internal/math/FloatingDecimal$ExceptionalBinaryToASCIIBuffer
instanceKlass jdk/internal/math/FloatingDecimal$BinaryToASCIIConverter
instanceKlass jdk/internal/math/FloatingDecimal
instanceKlass javax/security/auth/login/Configuration$Parameters
instanceKlass java/security/Policy$Parameters
instanceKlass java/security/cert/CertStoreParameters
instanceKlass java/security/SecureRandomParameters
instanceKlass java/security/Provider$EngineDescription
instanceKlass java/security/Provider$ServiceKey
instanceKlass sun/security/jca/ProviderConfig
instanceKlass sun/security/jca/ProviderList
instanceKlass sun/security/jca/Providers
instanceKlass sun/security/util/ManifestDigester$Section
instanceKlass sun/security/util/ManifestDigester$Entry
instanceKlass sun/security/util/ManifestDigester$Position
instanceKlass org/objectweb/asm/Context
instanceKlass org/objectweb/asm/Attribute
instanceKlass org/objectweb/asm/ModuleVisitor
instanceKlass org/objectweb/asm/ClassReader
instanceKlass org/objectweb/asm/ClassVisitor
instanceKlass cpw/mods/jarhandling/impl/ModuleJarMetadata
instanceKlass java/util/stream/ReduceOps$2ReducingSink
instanceKlass java/util/concurrent/locks/AbstractQueuedSynchronizer$Node
instanceKlass java/lang/invoke/MethodHandle$1
instanceKlass java/lang/invoke/LambdaFormEditor$1
instanceKlass jdk/nio/zipfs/ByteArrayChannel
instanceKlass java/util/concurrent/TimeUnit$1
instanceKlass java/time/zone/ZoneOffsetTransitionRule$1
instanceKlass java/time/LocalDate$1
instanceKlass java/time/temporal/TemporalAdjusters
instanceKlass java/time/chrono/AbstractChronology
instanceKlass java/time/chrono/Chronology
instanceKlass java/time/zone/ZoneOffsetTransition
instanceKlass java/time/zone/ZoneOffsetTransitionRule
instanceKlass java/time/zone/ZoneRules
instanceKlass java/time/zone/Ser
instanceKlass java/io/Externalizable
instanceKlass java/time/zone/ZoneRulesProvider$1
instanceKlass java/time/zone/ZoneRulesProvider
instanceKlass sun/util/calendar/ZoneInfoFile$ZoneOffsetTransitionRule
instanceKlass java/io/FileInputStream$1
instanceKlass sun/util/calendar/ZoneInfoFile$1
instanceKlass sun/util/calendar/ZoneInfoFile
instanceKlass java/util/TimeZone
instanceKlass java/time/ZoneId
instanceKlass java/time/LocalTime
instanceKlass java/time/temporal/ValueRange
instanceKlass java/time/Duration
instanceKlass java/time/temporal/TemporalAmount
instanceKlass java/time/temporal/TemporalUnit
instanceKlass java/time/temporal/TemporalField
instanceKlass java/time/LocalDate
instanceKlass java/time/chrono/ChronoLocalDate
instanceKlass java/time/LocalDateTime
instanceKlass java/time/chrono/ChronoLocalDateTime
instanceKlass java/time/temporal/TemporalAdjuster
instanceKlass java/time/temporal/Temporal
instanceKlass java/time/temporal/TemporalAccessor
instanceKlass jdk/nio/zipfs/ZipUtils
instanceKlass sun/nio/fs/BasicFileAttributesHolder
instanceKlass java/nio/file/FileTreeWalker$Event
instanceKlass java/nio/file/FileTreeWalker$DirectoryNode
instanceKlass cpw/mods/niofs/union/UnionFileSystem$1
instanceKlass jdk/nio/zipfs/ZipPath$1
instanceKlass jdk/nio/zipfs/ZipDirectoryStream$1
instanceKlass jdk/nio/zipfs/ZipDirectoryStream
instanceKlass java/nio/file/Files$AcceptAllFilter
instanceKlass java/nio/file/FileTreeWalker
instanceKlass java/nio/file/FileTreeIterator
instanceKlass sun/security/util/ManifestDigester
instanceKlass sun/misc/Unsafe
instanceKlass cpw/mods/jarhandling/impl/SecureJarVerifier$UnsafeAccessor
instanceKlass cpw/mods/jarhandling/impl/SecureJarVerifier$IAccessor
instanceKlass cpw/mods/jarhandling/impl/SecureJarVerifier
instanceKlass java/util/zip/Checksum$1
instanceKlass java/util/zip/CRC32
instanceKlass java/util/zip/Checksum
instanceKlass jdk/nio/zipfs/ZipFileSystem$END
instanceKlass jdk/nio/zipfs/ZipConstants
instanceKlass java/nio/channels/spi/AbstractInterruptibleChannel$1
instanceKlass sun/nio/ch/Interruptible
instanceKlass sun/nio/fs/WindowsChannelFactory$2
instanceKlass jdk/nio/zipfs/ZipCoder
instanceKlass sun/nio/fs/WindowsSecurity
instanceKlass sun/nio/fs/AbstractAclFileAttributeView
instanceKlass java/nio/file/attribute/AclFileAttributeView
instanceKlass sun/nio/fs/WindowsLinkSupport
instanceKlass sun/nio/fs/WindowsFileSystemProvider$1
instanceKlass java/util/Collections$SynchronizedCollection
instanceKlass java/util/stream/Sink$ChainedInt
instanceKlass java/util/stream/Sink$OfInt
instanceKlass java/util/function/IntConsumer
instanceKlass java/util/ImmutableCollections$Access$1
instanceKlass jdk/internal/access/JavaUtilCollectionAccess
instanceKlass java/util/ImmutableCollections$Access
instanceKlass java/util/stream/Streams$RangeIntSpliterator
instanceKlass java/util/stream/IntStream
instanceKlass java/nio/file/attribute/PosixFilePermissions
instanceKlass java/nio/file/attribute/PosixFileAttributes
instanceKlass jdk/nio/zipfs/ZipFileSystem$IndexNode
instanceKlass jdk/nio/zipfs/ZipFileAttributes
instanceKlass java/nio/file/attribute/PosixFileAttributeView
instanceKlass java/nio/file/attribute/FileOwnerAttributeView
instanceKlass jdk/nio/zipfs/ZipFileAttributeView
instanceKlass jdk/nio/zipfs/ZipPath
instanceKlass jdk/internal/reflect/UnsafeFieldAccessorFactory
instanceKlass java/util/stream/Nodes$ArrayNode
instanceKlass java/lang/invoke/MethodHandles$1
instanceKlass java/lang/Long$LongCache
instanceKlass cpw/mods/niofs/union/UnionPath
instanceKlass java/util/stream/AbstractSpinedBuffer
instanceKlass java/util/stream/Node$Builder
instanceKlass java/util/stream/Node$OfDouble
instanceKlass java/util/stream/Node$OfLong
instanceKlass java/util/stream/Node$OfInt
instanceKlass java/util/stream/Node$OfPrimitive
instanceKlass java/util/stream/Nodes$EmptyNode
instanceKlass java/util/stream/Node
instanceKlass java/util/stream/Nodes
instanceKlass java/util/Base64$Encoder
instanceKlass java/util/Base64$Decoder
instanceKlass java/util/Base64
instanceKlass cpw/mods/jarhandling/impl/ManifestVerifier
instanceKlass java/util/LinkedList$Node
instanceKlass java/util/TreeMap$PrivateEntryIterator
instanceKlass java/util/TreeMap$Entry
instanceKlass java/util/NavigableMap
instanceKlass java/util/SortedMap
instanceKlass java/util/NavigableSet
instanceKlass java/util/SortedSet
instanceKlass jdk/internal/util/jar/JarIndex
instanceKlass jdk/internal/loader/FileURLMapper
instanceKlass jdk/internal/loader/URLClassPath$JarLoader$1
instanceKlass jdk/internal/loader/URLClassPath$Loader
instanceKlass jdk/internal/loader/URLClassPath$3
instanceKlass sun/net/www/protocol/jar/JarFileFactory
instanceKlass sun/net/www/protocol/jar/URLJarFile$URLJarFileCloseController
instanceKlass java/util/LinkedHashMap$LinkedHashIterator
instanceKlass java/util/TimSort
instanceKlass java/util/Arrays$LegacyMergeSort
instanceKlass java/util/AbstractMap$SimpleEntry
instanceKlass jdk/internal/jimage/ImageBufferCache$2
instanceKlass jdk/internal/jimage/ImageBufferCache
instanceKlass jdk/internal/loader/Resource
instanceKlass sun/net/www/MessageHeader
instanceKlass java/net/URLConnection
instanceKlass jdk/internal/loader/URLClassPath$1
instanceKlass java/lang/CompoundEnumeration
instanceKlass jdk/internal/loader/BuiltinClassLoader$1
instanceKlass java/util/Collections$EmptyEnumeration
instanceKlass jdk/internal/loader/BuiltinClassLoader$2
instanceKlass jdk/internal/module/Resources
instanceKlass java/nio/channels/AsynchronousFileChannel
instanceKlass java/nio/channels/AsynchronousChannel
instanceKlass java/util/concurrent/ExecutorService
instanceKlass java/util/concurrent/Executor
instanceKlass jdk/internal/jimage/ImageLocation
instanceKlass jdk/internal/jimage/decompressor/Decompressor
instanceKlass jdk/internal/jimage/ImageStringsReader
instanceKlass jdk/internal/jimage/ImageStrings
instanceKlass jdk/internal/jimage/ImageHeader
instanceKlass jdk/internal/jimage/NativeImageBuffer$1
instanceKlass jdk/internal/jimage/NativeImageBuffer
instanceKlass jdk/internal/jimage/BasicImageReader$1
instanceKlass jdk/internal/jimage/BasicImageReader
instanceKlass jdk/internal/jimage/ImageReader
instanceKlass jdk/internal/jimage/ImageReaderFactory$1
instanceKlass jdk/internal/jimage/ImageReaderFactory
instanceKlass jdk/internal/module/SystemModuleFinders$SystemImage
instanceKlass jdk/internal/module/SystemModuleFinders$SystemModuleReader
instanceKlass java/util/ServiceLoader$ProviderImpl
instanceKlass java/util/ServiceLoader$Provider
instanceKlass java/util/ServiceLoader$1
instanceKlass java/security/PrivilegedExceptionAction
instanceKlass java/nio/file/FileStore
instanceKlass java/nio/file/DirectoryStream
instanceKlass java/nio/file/DirectoryStream$Filter
instanceKlass java/util/ServiceLoader$3
instanceKlass java/util/ServiceLoader$2
instanceKlass java/util/ServiceLoader$LazyClassPathLookupIterator
instanceKlass java/util/concurrent/CopyOnWriteArrayList$COWIterator
instanceKlass java/util/Spliterators$1Adapter
instanceKlass java/util/Spliterators$ArraySpliterator
instanceKlass java/util/ServiceLoader$ModuleServicesLookupIterator
instanceKlass java/util/ServiceLoader
instanceKlass java/nio/file/spi/FileSystemProvider$1
instanceKlass cpw/mods/jarhandling/SecureJar$ModuleDataProvider
instanceKlass cpw/mods/jarhandling/impl/Jar
instanceKlass cpw/mods/jarhandling/JarMetadata
instanceKlass cpw/mods/jarhandling/SecureJar
instanceKlass sun/nio/ch/IOStatus
instanceKlass java/nio/DirectByteBuffer$Deallocator
instanceKlass sun/nio/ch/Util$BufferCache
instanceKlass sun/nio/ch/Util
instanceKlass sun/nio/ch/NativeThread
instanceKlass java/nio/channels/Channels
instanceKlass sun/nio/ch/FileChannelImpl$Closer
instanceKlass sun/nio/ch/NativeDispatcher
instanceKlass sun/nio/ch/NativeThreadSet
instanceKlass sun/nio/ch/IOUtil
instanceKlass java/nio/channels/spi/AbstractInterruptibleChannel
instanceKlass java/nio/channels/InterruptibleChannel
instanceKlass java/nio/channels/ScatteringByteChannel
instanceKlass java/nio/channels/GatheringByteChannel
instanceKlass java/nio/channels/SeekableByteChannel
instanceKlass java/nio/channels/ByteChannel
instanceKlass java/nio/channels/WritableByteChannel
instanceKlass java/nio/channels/ReadableByteChannel
instanceKlass java/nio/channels/Channel
instanceKlass java/util/Collections$EmptyIterator
instanceKlass sun/nio/fs/WindowsChannelFactory$Flags
instanceKlass sun/nio/fs/WindowsChannelFactory$1
instanceKlass sun/nio/fs/WindowsChannelFactory
instanceKlass sun/nio/fs/WindowsSecurityDescriptor
instanceKlass java/nio/file/attribute/FileAttribute
instanceKlass java/nio/file/FileSystems$DefaultFileSystemHolder$1
instanceKlass java/nio/file/FileSystems$DefaultFileSystemHolder
instanceKlass java/nio/file/Paths
instanceKlass java/util/function/BiPredicate
instanceKlass java/lang/NamedPackage
instanceKlass cpw/mods/bootstraplauncher/BootstrapLauncher
instanceKlass java/security/SecureClassLoader$DebugHolder
instanceKlass java/security/PermissionCollection
instanceKlass java/security/SecureClassLoader$1
instanceKlass java/security/SecureClassLoader$CodeSourceKey
instanceKlass sun/net/util/URLUtil
instanceKlass jdk/internal/module/ModulePatcher$PatchedModuleReader
instanceKlass java/util/concurrent/locks/ReentrantReadWriteLock$WriteLock
instanceKlass java/util/concurrent/locks/ReentrantReadWriteLock$ReadLock
instanceKlass java/util/concurrent/locks/ReentrantReadWriteLock
instanceKlass java/util/concurrent/locks/ReadWriteLock
instanceKlass jdk/internal/module/ModuleReferences$SafeCloseModuleReader
instanceKlass jdk/internal/loader/BuiltinClassLoader$5
instanceKlass sun/nio/cs/SingleByte
instanceKlass sun/nio/cs/MS1252$Holder
instanceKlass sun/nio/cs/ArrayDecoder
instanceKlass sun/launcher/LauncherHelper
instanceKlass java/lang/invoke/StringConcatFactory$3
instanceKlass java/lang/invoke/StringConcatFactory$2
instanceKlass java/lang/invoke/StringConcatFactory$1
instanceKlass java/lang/invoke/StringConcatFactory
instanceKlass jdk/internal/module/ModuleBootstrap$SafeModuleFinder
instanceKlass java/lang/ModuleLayer$Controller
instanceKlass java/util/concurrent/CopyOnWriteArrayList
instanceKlass jdk/internal/module/ServicesCatalog$ServiceProvider
instanceKlass jdk/internal/loader/AbstractClassLoaderValue$Memoizer
instanceKlass jdk/internal/module/ModuleLoaderMap$Modules
instanceKlass jdk/internal/module/ModuleLoaderMap$Mapper
instanceKlass jdk/internal/module/ModuleLoaderMap
instanceKlass java/util/ArrayList$ArrayListSpliterator
instanceKlass java/lang/module/ResolvedModule
instanceKlass java/lang/ModuleLayer
instanceKlass java/lang/module/ModuleFinder$1
instanceKlass java/lang/module/Resolver
instanceKlass java/lang/module/Configuration
instanceKlass java/util/stream/ForEachOps$ForEachOp
instanceKlass java/util/stream/ForEachOps
instanceKlass java/nio/charset/CoderResult
instanceKlass java/nio/charset/CharsetDecoder
instanceKlass java/io/Reader
instanceKlass java/lang/Readable
instanceKlass sun/security/util/ManifestEntryVerifier
instanceKlass java/util/stream/DistinctOps
instanceKlass java/util/HashMap$HashMapSpliterator
instanceKlass java/util/AbstractMap$SimpleImmutableEntry
instanceKlass java/util/regex/ASCII
instanceKlass java/util/regex/IntHashSet
instanceKlass java/util/regex/Matcher
instanceKlass java/util/regex/MatchResult
instanceKlass java/util/regex/Pattern$BitClass
instanceKlass java/util/regex/Pattern$TreeInfo
instanceKlass java/util/regex/CharPredicates
instanceKlass java/util/regex/Pattern$BmpCharPredicate
instanceKlass java/util/regex/Pattern$CharPredicate
instanceKlass java/util/regex/Pattern$Node
instanceKlass java/util/regex/Pattern
instanceKlass jdk/internal/module/ModulePath$Patterns
instanceKlass java/util/jar/Attributes
instanceKlass java/security/CodeSigner
instanceKlass java/util/jar/JarVerifier
instanceKlass java/util/ImmutableCollections$ListItr
instanceKlass java/util/ListIterator
instanceKlass java/io/RandomAccessFile$1
instanceKlass java/util/WeakHashMap$HashIterator
instanceKlass java/lang/module/ModuleReader
instanceKlass java/net/URI$Parser
instanceKlass sun/nio/fs/WindowsUriSupport
instanceKlass jdk/internal/module/ModuleReferences
instanceKlass jdk/internal/module/ModuleInfo$Attributes
instanceKlass java/util/Collections$UnmodifiableCollection$1
instanceKlass java/util/function/IntFunction
instanceKlass java/util/Spliterators$AbstractSpliterator
instanceKlass jdk/internal/module/Checks
instanceKlass java/lang/module/ModuleDescriptor$Builder
instanceKlass jdk/internal/module/ModuleInfo$ConstantPool$Entry
instanceKlass jdk/internal/module/ModuleInfo$ConstantPool
instanceKlass jdk/internal/module/ModuleInfo$CountingDataInput
instanceKlass jdk/internal/module/ModuleInfo
instanceKlass jdk/internal/org/objectweb/asm/ClassReader
instanceKlass sun/security/action/GetIntegerAction
instanceKlass sun/security/util/Debug
instanceKlass sun/security/util/SignatureFileVerifier
instanceKlass java/util/zip/ZipFile$InflaterCleanupAction
instanceKlass java/util/zip/Inflater$InflaterZStreamRef
instanceKlass java/util/zip/Inflater
instanceKlass java/util/zip/ZipEntry
instanceKlass java/lang/StringCoding
instanceKlass jdk/internal/perf/PerfCounter$CoreCounters
instanceKlass sun/util/locale/LocaleUtils
instanceKlass sun/util/locale/BaseLocale
instanceKlass java/util/Locale
instanceKlass java/nio/file/attribute/FileTime
instanceKlass java/util/zip/ZipUtils
instanceKlass java/util/zip/ZipFile$Source$End
instanceKlass java/io/RandomAccessFile$2
instanceKlass jdk/internal/access/JavaIORandomAccessFileAccess
instanceKlass java/io/RandomAccessFile
instanceKlass java/io/DataInput
instanceKlass java/io/DataOutput
instanceKlass java/util/zip/ZipFile$Source$Key
instanceKlass java/util/zip/ZipFile$Source
instanceKlass java/util/zip/ZipCoder
instanceKlass java/util/zip/ZipFile$CleanableResource
instanceKlass sun/nio/fs/WindowsNativeDispatcher$CompletionStatus
instanceKlass sun/nio/fs/WindowsNativeDispatcher$AclInformation
instanceKlass sun/nio/fs/WindowsNativeDispatcher$Account
instanceKlass sun/nio/fs/WindowsNativeDispatcher$DiskFreeSpace
instanceKlass sun/nio/fs/WindowsNativeDispatcher$VolumeInformation
instanceKlass sun/nio/fs/WindowsNativeDispatcher$FirstStream
instanceKlass sun/nio/fs/WindowsNativeDispatcher$FirstFile
instanceKlass java/util/Enumeration
instanceKlass java/util/concurrent/ConcurrentHashMap$Traverser
instanceKlass java/util/concurrent/ConcurrentHashMap$CollectionView
instanceKlass jdk/internal/loader/NativeLibraries$NativeLibraryImpl
instanceKlass jdk/internal/loader/NativeLibrary
instanceKlass java/util/ArrayDeque$DeqIterator
instanceKlass jdk/internal/loader/NativeLibraries$1
instanceKlass jdk/internal/loader/NativeLibraries$LibraryPaths
instanceKlass sun/nio/fs/WindowsNativeDispatcher
instanceKlass sun/nio/fs/NativeBuffer$Deallocator
instanceKlass sun/nio/fs/NativeBuffer
instanceKlass java/lang/ThreadLocal$ThreadLocalMap
instanceKlass sun/nio/fs/NativeBuffers
instanceKlass sun/nio/fs/WindowsFileAttributes
instanceKlass java/nio/file/attribute/DosFileAttributes
instanceKlass sun/nio/fs/AbstractBasicFileAttributeView
instanceKlass sun/nio/fs/DynamicFileAttributeView
instanceKlass sun/nio/fs/WindowsFileAttributeViews
instanceKlass java/lang/Class$1
instanceKlass java/nio/charset/StandardCharsets
instanceKlass sun/nio/fs/Util
instanceKlass java/nio/file/attribute/BasicFileAttributeView
instanceKlass java/nio/file/attribute/FileAttributeView
instanceKlass java/nio/file/attribute/AttributeView
instanceKlass java/nio/file/Files
instanceKlass java/nio/file/CopyOption
instanceKlass java/nio/file/attribute/BasicFileAttributes
instanceKlass java/util/stream/Streams
instanceKlass java/util/stream/Stream$Builder
instanceKlass java/util/stream/Streams$AbstractStreamBuilderImpl
instanceKlass java/util/stream/FindOps$FindOp
instanceKlass java/util/stream/FindOps$FindSink
instanceKlass java/util/stream/FindOps
instanceKlass java/util/AbstractList$RandomAccessSpliterator
instanceKlass java/util/stream/Sink$ChainedReference
instanceKlass java/util/stream/ReduceOps$AccumulatingSink
instanceKlass java/util/stream/TerminalSink
instanceKlass java/util/stream/Sink
instanceKlass java/util/function/Consumer
instanceKlass java/util/stream/ReduceOps$Box
instanceKlass java/util/stream/ReduceOps$ReduceOp
instanceKlass java/util/stream/TerminalOp
instanceKlass java/util/stream/ReduceOps
instanceKlass java/util/function/BinaryOperator
instanceKlass java/util/function/BiFunction
instanceKlass java/util/function/BiConsumer
instanceKlass java/util/stream/Collectors$CollectorImpl
instanceKlass java/util/stream/Collector
instanceKlass java/util/stream/Collectors
instanceKlass java/lang/ref/Cleaner$Cleanable
instanceKlass jdk/internal/ref/CleanerImpl
instanceKlass java/lang/ref/Cleaner$1
instanceKlass java/lang/ref/Cleaner
instanceKlass jdk/internal/ref/CleanerFactory$1
instanceKlass java/util/concurrent/ThreadFactory
instanceKlass jdk/internal/ref/CleanerFactory
instanceKlass java/lang/invoke/MethodHandles$Lookup$ClassDefiner
instanceKlass java/lang/invoke/MethodHandles$Lookup$ClassFile
instanceKlass jdk/internal/org/objectweb/asm/Handler
instanceKlass jdk/internal/org/objectweb/asm/Attribute
instanceKlass jdk/internal/org/objectweb/asm/FieldVisitor
instanceKlass java/util/ArrayList$Itr
instanceKlass java/lang/invoke/InvokerBytecodeGenerator$ClassData
instanceKlass jdk/internal/org/objectweb/asm/AnnotationVisitor
instanceKlass jdk/internal/org/objectweb/asm/Frame
instanceKlass jdk/internal/org/objectweb/asm/Label
instanceKlass jdk/internal/org/objectweb/asm/MethodVisitor
instanceKlass java/lang/invoke/LambdaFormBuffer
instanceKlass java/lang/invoke/LambdaFormEditor$TransformKey
instanceKlass java/lang/invoke/LambdaFormEditor
instanceKlass sun/invoke/util/Wrapper$1
instanceKlass java/lang/invoke/DelegatingMethodHandle$Holder
instanceKlass java/lang/invoke/DirectMethodHandle$2
instanceKlass sun/invoke/empty/Empty
instanceKlass sun/invoke/util/VerifyType
instanceKlass java/lang/invoke/ClassSpecializer$Factory
instanceKlass java/lang/invoke/ClassSpecializer$SpeciesData
instanceKlass java/lang/invoke/ClassSpecializer$1
instanceKlass java/util/function/Function
instanceKlass java/lang/invoke/ClassSpecializer
instanceKlass java/lang/invoke/InnerClassLambdaMetafactory$1
instanceKlass java/lang/invoke/LambdaProxyClassArchive
instanceKlass jdk/internal/org/objectweb/asm/ByteVector
instanceKlass jdk/internal/org/objectweb/asm/Symbol
instanceKlass jdk/internal/org/objectweb/asm/SymbolTable
instanceKlass jdk/internal/org/objectweb/asm/ClassVisitor
instanceKlass java/lang/invoke/InfoFromMemberName
instanceKlass java/lang/invoke/MethodHandleInfo
instanceKlass jdk/internal/org/objectweb/asm/ConstantDynamic
instanceKlass sun/invoke/util/BytecodeDescriptor
instanceKlass jdk/internal/org/objectweb/asm/Handle
instanceKlass sun/security/action/GetBooleanAction
instanceKlass jdk/internal/org/objectweb/asm/Type
instanceKlass java/lang/invoke/AbstractValidatingLambdaMetafactory
instanceKlass java/lang/invoke/MethodHandleImpl$1
instanceKlass jdk/internal/access/JavaLangInvokeAccess
instanceKlass java/lang/invoke/Invokers$Holder
instanceKlass java/lang/invoke/BootstrapMethodInvoker
instanceKlass java/util/function/Predicate
instanceKlass java/lang/WeakPairMap$Pair$Lookup
instanceKlass java/lang/WeakPairMap$Pair
instanceKlass java/lang/WeakPairMap
instanceKlass java/lang/Module$ReflectionData
instanceKlass java/lang/invoke/InvokerBytecodeGenerator$2
instanceKlass java/lang/invoke/InvokerBytecodeGenerator
instanceKlass java/lang/invoke/LambdaForm$Holder
instanceKlass java/lang/invoke/LambdaForm$Name
instanceKlass java/lang/invoke/Invokers
instanceKlass java/lang/invoke/MethodHandleImpl
instanceKlass sun/invoke/util/ValueConversions
instanceKlass java/lang/invoke/DirectMethodHandle$Holder
instanceKlass java/lang/invoke/LambdaForm$NamedFunction
instanceKlass sun/invoke/util/Wrapper$Format
instanceKlass java/lang/invoke/MethodTypeForm
instanceKlass java/lang/Void
instanceKlass java/lang/invoke/MethodType$ConcurrentWeakInternSet
instanceKlass java/lang/invoke/LambdaMetafactory
instanceKlass sun/reflect/annotation/AnnotationParser
instanceKlass java/lang/Class$3
instanceKlass java/lang/PublicMethods$Key
instanceKlass java/lang/PublicMethods$MethodList
instanceKlass java/lang/Class$Atomic
instanceKlass java/lang/Class$ReflectionData
instanceKlass java/util/EnumMap$1
instanceKlass java/util/stream/StreamOpFlag$MaskBuilder
instanceKlass java/util/stream/Stream
instanceKlass java/util/stream/BaseStream
instanceKlass java/util/stream/PipelineHelper
instanceKlass java/util/stream/StreamSupport
instanceKlass java/util/Spliterators$IteratorSpliterator
instanceKlass java/util/Spliterator$OfDouble
instanceKlass java/util/Spliterator$OfLong
instanceKlass java/util/Spliterator$OfInt
instanceKlass java/util/Spliterator$OfPrimitive
instanceKlass java/util/Spliterator
instanceKlass java/util/Spliterators$EmptySpliterator
instanceKlass java/util/Spliterators
instanceKlass jdk/internal/module/DefaultRoots
instanceKlass java/lang/module/ModuleFinder$2
instanceKlass jdk/internal/loader/BuiltinClassLoader$LoadedModule
instanceKlass jdk/internal/loader/AbstractClassLoaderValue
instanceKlass jdk/internal/module/ServicesCatalog
instanceKlass sun/net/util/IPAddressUtil
instanceKlass java/net/URLStreamHandler
instanceKlass java/lang/StringUTF16
instanceKlass java/util/HexFormat
instanceKlass sun/net/www/ParseUtil
instanceKlass java/net/URL$3
instanceKlass jdk/internal/access/JavaNetURLAccess
instanceKlass java/net/URL$DefaultFactory
instanceKlass java/net/URLStreamHandlerFactory
instanceKlass jdk/internal/loader/URLClassPath
instanceKlass java/security/Principal
instanceKlass java/security/ProtectionDomain$Key
instanceKlass java/security/ProtectionDomain$JavaSecurityAccessImpl
instanceKlass jdk/internal/access/JavaSecurityAccess
instanceKlass java/lang/ClassLoader$ParallelLoaders
instanceKlass java/security/cert/Certificate
instanceKlass jdk/internal/loader/ArchivedClassLoaders
instanceKlass java/util/Deque
instanceKlass java/util/Queue
instanceKlass jdk/internal/loader/ClassLoaderHelper
instanceKlass jdk/internal/loader/NativeLibraries
instanceKlass jdk/internal/loader/BootLoader
instanceKlass jdk/internal/module/SystemModuleFinders$SystemModuleFinder
instanceKlass jdk/internal/module/SystemModuleFinders$3
instanceKlass jdk/internal/module/ModuleHashes$HashSupplier
instanceKlass jdk/internal/module/SystemModuleFinders$2
instanceKlass java/util/function/Supplier
instanceKlass java/lang/module/ModuleReference
instanceKlass jdk/internal/module/ModuleResolution
instanceKlass java/util/Collections$UnmodifiableMap
instanceKlass jdk/internal/module/ModuleHashes$Builder
instanceKlass jdk/internal/module/ModuleHashes
instanceKlass jdk/internal/module/ModuleTarget
instanceKlass java/util/ImmutableCollections$Set12$1
instanceKlass java/lang/module/ModuleDescriptor$Version
instanceKlass java/lang/module/ModuleDescriptor$Provides
instanceKlass java/lang/module/ModuleDescriptor$Opens
instanceKlass java/util/ImmutableCollections$SetN$SetNIterator
instanceKlass java/lang/module/ModuleDescriptor$Exports
instanceKlass java/lang/module/ModuleDescriptor$Requires
instanceKlass jdk/internal/module/Builder
instanceKlass jdk/internal/module/SystemModules$all
instanceKlass jdk/internal/module/SystemModules
instanceKlass jdk/internal/module/SystemModulesMap
instanceKlass java/net/URI$1
instanceKlass jdk/internal/access/JavaNetUriAccess
instanceKlass java/net/URI
instanceKlass jdk/internal/module/SystemModuleFinders
instanceKlass jdk/internal/module/ArchivedModuleGraph
instanceKlass java/util/Optional
instanceKlass java/lang/Runtime$Version
instanceKlass java/util/jar/JavaUtilJarAccessImpl
instanceKlass jdk/internal/access/JavaUtilJarAccess
instanceKlass java/util/zip/ZipFile$1
instanceKlass jdk/internal/access/JavaUtilZipFileAccess
instanceKlass java/util/zip/ZipFile
instanceKlass java/util/zip/ZipConstants
instanceKlass java/nio/Bits$1
instanceKlass jdk/internal/misc/VM$BufferPool
instanceKlass java/nio/Bits
instanceKlass sun/nio/ch/DirectBuffer
instanceKlass jdk/internal/perf/Perf
instanceKlass jdk/internal/perf/Perf$GetPerfAction
instanceKlass jdk/internal/perf/PerfCounter
instanceKlass java/lang/reflect/Array
instanceKlass java/util/jar/Attributes$Name
instanceKlass jdk/internal/module/ModulePath
instanceKlass java/lang/module/ModuleFinder
instanceKlass sun/nio/fs/WindowsPath
instanceKlass sun/nio/fs/WindowsPathParser$Result
instanceKlass sun/nio/fs/WindowsPathParser
instanceKlass java/util/Collections$UnmodifiableCollection
instanceKlass java/util/Arrays$ArrayItr
instanceKlass java/nio/file/FileSystem
instanceKlass java/nio/file/OpenOption
instanceKlass java/lang/Enum
instanceKlass java/nio/file/spi/FileSystemProvider
instanceKlass sun/nio/fs/DefaultFileSystemProvider
instanceKlass java/nio/file/FileSystems
instanceKlass java/nio/file/Path
instanceKlass java/nio/file/Watchable
instanceKlass jdk/internal/util/Preconditions
instanceKlass jdk/internal/module/ArchivedBootLayer
instanceKlass jdk/internal/module/ModuleBootstrap$Counters
instanceKlass jdk/internal/module/ModulePatcher
instanceKlass jdk/internal/util/ArraysSupport
instanceKlass java/io/FileSystem
instanceKlass java/io/DefaultFileSystem
instanceKlass java/io/File
instanceKlass java/lang/module/ModuleDescriptor$1
instanceKlass jdk/internal/access/JavaLangModuleAccess
instanceKlass java/lang/reflect/Modifier
instanceKlass sun/invoke/util/VerifyAccess
instanceKlass java/lang/module/ModuleDescriptor
instanceKlass jdk/internal/module/ModuleBootstrap
instanceKlass java/lang/invoke/MethodHandleStatics
instanceKlass java/util/Collections
instanceKlass sun/io/Win32ErrorMode
instanceKlass jdk/internal/misc/OSEnvironment
instanceKlass jdk/internal/misc/Signal$NativeHandler
instanceKlass java/util/Hashtable$Entry
instanceKlass jdk/internal/misc/Signal
instanceKlass java/lang/Terminator$1
instanceKlass jdk/internal/misc/Signal$Handler
instanceKlass java/lang/Terminator
instanceKlass java/nio/ByteOrder
instanceKlass java/nio/Buffer$1
instanceKlass jdk/internal/access/JavaNioAccess
instanceKlass jdk/internal/misc/ScopedMemoryAccess
instanceKlass java/nio/charset/CodingErrorAction
instanceKlass java/nio/charset/CharsetEncoder
instanceKlass sun/nio/cs/HistoricallyNamedCharset
instanceKlass sun/security/action/GetPropertyAction
instanceKlass java/lang/ThreadLocal
instanceKlass java/nio/charset/spi/CharsetProvider
instanceKlass java/nio/charset/Charset
instanceKlass java/io/Writer
instanceKlass java/io/OutputStream
instanceKlass java/io/Flushable
instanceKlass java/io/FileDescriptor$1
instanceKlass jdk/internal/access/JavaIOFileDescriptorAccess
instanceKlass java/io/FileDescriptor
instanceKlass jdk/internal/util/StaticProperty
instanceKlass java/util/HashMap$HashIterator
instanceKlass java/lang/Integer$IntegerCache
instanceKlass java/lang/CharacterData
instanceKlass java/util/Arrays
instanceKlass java/lang/VersionProps
instanceKlass java/lang/StringConcatHelper
instanceKlass jdk/internal/misc/VM
instanceKlass jdk/internal/util/SystemProps$Raw
instanceKlass jdk/internal/util/SystemProps
instanceKlass java/lang/System$2
instanceKlass jdk/internal/access/JavaLangAccess
instanceKlass java/lang/ref/Reference$1
instanceKlass jdk/internal/access/JavaLangRefAccess
instanceKlass java/lang/ref/ReferenceQueue$Lock
instanceKlass java/lang/ref/ReferenceQueue
instanceKlass jdk/internal/reflect/ReflectionFactory
instanceKlass jdk/internal/reflect/ReflectionFactory$GetReflectionFactoryAction
instanceKlass java/security/PrivilegedAction
instanceKlass java/util/concurrent/locks/LockSupport
instanceKlass java/util/concurrent/ConcurrentHashMap$Node
instanceKlass java/util/concurrent/ConcurrentHashMap$CounterCell
instanceKlass java/util/concurrent/locks/ReentrantLock
instanceKlass java/util/concurrent/locks/Lock
instanceKlass java/lang/Runtime
instanceKlass java/util/HashMap$Node
instanceKlass java/util/KeyValueHolder
instanceKlass java/util/Map$Entry
instanceKlass java/util/ImmutableCollections$MapN$MapNIterator
instanceKlass java/lang/Math
instanceKlass jdk/internal/reflect/Reflection
instanceKlass java/lang/invoke/MethodHandles$Lookup
instanceKlass java/lang/StringLatin1
instanceKlass java/security/Permission
instanceKlass java/security/Guard
instanceKlass java/lang/invoke/MemberName$Factory
instanceKlass java/lang/invoke/MethodHandles
instanceKlass jdk/internal/access/SharedSecrets
instanceKlass java/lang/reflect/ReflectAccess
instanceKlass jdk/internal/access/JavaLangReflectAccess
instanceKlass java/util/ImmutableCollections
instanceKlass java/util/Objects
instanceKlass java/util/Set
instanceKlass jdk/internal/misc/CDS
instanceKlass java/lang/Module$ArchivedData
instanceKlass java/lang/String$CaseInsensitiveComparator
instanceKlass java/util/Comparator
instanceKlass java/io/ObjectStreamField
instanceKlass jdk/internal/vm/vector/VectorSupport$VectorPayload
instanceKlass jdk/internal/vm/vector/VectorSupport
instanceKlass java/lang/reflect/RecordComponent
instanceKlass java/util/Iterator
instanceKlass java/lang/Number
instanceKlass java/lang/Character
instanceKlass java/lang/Boolean
instanceKlass java/util/concurrent/locks/AbstractOwnableSynchronizer
instanceKlass java/lang/LiveStackFrame
instanceKlass java/lang/StackFrameInfo
instanceKlass java/lang/StackWalker$StackFrame
instanceKlass java/lang/StackStreamFactory$AbstractStackWalker
instanceKlass java/lang/StackWalker
instanceKlass java/nio/Buffer
instanceKlass java/lang/StackTraceElement
instanceKlass java/util/RandomAccess
instanceKlass java/util/List
instanceKlass java/util/AbstractCollection
instanceKlass java/util/Collection
instanceKlass java/lang/Iterable
instanceKlass java/util/concurrent/ConcurrentMap
instanceKlass java/util/AbstractMap
instanceKlass java/security/CodeSource
instanceKlass jdk/internal/loader/ClassLoaders
instanceKlass java/util/jar/Manifest
instanceKlass java/net/URL
instanceKlass java/io/InputStream
instanceKlass java/io/Closeable
instanceKlass java/lang/AutoCloseable
instanceKlass jdk/internal/module/Modules
instanceKlass jdk/internal/misc/Unsafe
instanceKlass jdk/internal/misc/UnsafeConstants
instanceKlass java/lang/AbstractStringBuilder
instanceKlass java/lang/Appendable
instanceKlass java/lang/AssertionStatusDirectives
instanceKlass java/lang/invoke/MethodHandleNatives$CallSiteContext
instanceKlass jdk/internal/invoke/NativeEntryPoint
instanceKlass java/lang/invoke/CallSite
instanceKlass java/lang/invoke/MethodType
instanceKlass java/lang/invoke/TypeDescriptor$OfMethod
instanceKlass java/lang/invoke/LambdaForm
instanceKlass java/lang/invoke/MethodHandleNatives
instanceKlass java/lang/invoke/ResolvedMethodName
instanceKlass java/lang/invoke/MemberName
instanceKlass java/lang/invoke/VarHandle
instanceKlass java/lang/invoke/MethodHandle
instanceKlass jdk/internal/reflect/CallerSensitive
instanceKlass java/lang/annotation/Annotation
instanceKlass jdk/internal/reflect/FieldAccessor
instanceKlass jdk/internal/reflect/ConstantPool
instanceKlass jdk/internal/reflect/ConstructorAccessor
instanceKlass jdk/internal/reflect/MethodAccessor
instanceKlass jdk/internal/reflect/MagicAccessorImpl
instanceKlass java/lang/reflect/Parameter
instanceKlass java/lang/reflect/Member
instanceKlass java/lang/reflect/AccessibleObject
instanceKlass java/lang/Module
instanceKlass java/util/Map
instanceKlass java/util/Dictionary
instanceKlass java/lang/ThreadGroup
instanceKlass java/lang/Thread$UncaughtExceptionHandler
instanceKlass java/lang/Thread
instanceKlass java/lang/Runnable
instanceKlass java/lang/ref/Reference
instanceKlass java/lang/Record
instanceKlass java/security/AccessController
instanceKlass java/security/AccessControlContext
instanceKlass java/security/ProtectionDomain
instanceKlass java/lang/SecurityManager
instanceKlass java/lang/Throwable
instanceKlass java/lang/System
instanceKlass java/lang/ClassLoader
instanceKlass java/lang/Cloneable
instanceKlass java/lang/Class
instanceKlass java/lang/invoke/TypeDescriptor$OfField
instanceKlass java/lang/invoke/TypeDescriptor
instanceKlass java/lang/reflect/Type
instanceKlass java/lang/reflect/GenericDeclaration
instanceKlass java/lang/reflect/AnnotatedElement
instanceKlass java/lang/String
instanceKlass java/lang/constant/ConstantDesc
instanceKlass java/lang/constant/Constable
instanceKlass java/lang/CharSequence
instanceKlass java/lang/Comparable
instanceKlass java/io/Serializable
ciInstanceKlass java/lang/Object 1 1 92 7 1 10 12 1 1 10 7 12 1 1 1 10 7 12 1 1 1 10 12 1 1 8 1 10 12 1 1 10 7 12 1 1 1 10 12 1 10 12 1 1 100 1 8 1 10 12 1 3 8 1 100 1 5 0 1 1 1 1 1 1 1 1 1 1 1 1 1 1 1 1 7 1 1 1 7 1 1 1 1 1 1 1 7 1 1 1 1 1 1 1
ciMethod java/lang/Object toString ()Ljava/lang/String; 1024 0 11277 0 -1
ciInstanceKlass java/lang/Class 1 1 1611 10 7 12 1 1 1 9 7 12 1 1 1 9 12 1 1 7 1 10 10 12 1 1 8 1 10 12 1 8 1 8 1 10 12 1 1 10 12 1 1 10 12 1 10 10 12 1 10 12 1 1 10 12 1 1 10 7 12 1 1 10 12 1 10 12 1 10 12 1 8 1 10 12 1 8 1 10 12 1 8 1 8 1 10 12 1 1 10 7 12 1 1 1 18 12 1 1 11 7 12 1 1 1 8 1 8 1 8 1 10 7 12 1 1 1 11 12 1 1 7 1 8 1 10 12 1 11 100 12 1 1 1 10 12 1 1 11 8 1 18 8 1 10 12 1 10 7 12 1 1 10 7 12 1 1 1 10 12 1 1 10 7 12 1 1 1 9 100 12 1 1 1 10 100 12 1 1 1 10 7 12 1 1 1 10 12 1 1 18 12 1 1 10 7 12 1 1 1 10 7 12 1 1 10 12 1 1 10 7 1 100 1 10 12 1 1 9 12 1 1 7 1 8 1 10 12 1 10 12 1 1 10 12 1 1 10 7 12 1 1 1 7 1 10 12 1 7 1 7 1 10 10 12 1 1 10 12 1 1 100 1 10 100 12 1 1 1 10 12 1 1 10 12 1 1 9 12 1 1 10 12 1 10 12 1 10 12 1 1 9 12 1 1 9 12 1 1 10 12 1 1 10 7 1 10 12 1 10 12 1 10 12 1 1 10 9 12 1 10 12 1 8 1 10 12 1 1 10 12 1 1 10 12 1 10 12 1 1 10 12 1 1 10 12 1 1 9 7 12 1 1 1 10 7 12 1 1 10 12 10 12 1 10 12 1 1 10 7 12 1 1 10 12 1 10 12 1 1 10 100 12 1 1 1 10 12 1 10 12 1 1 10 12 1 10 12 1 10 12 1 1 10 7 1 10 10 10 12 1 1 10 12 1 1 10 12 10 12 1 1 100 1 8 1 10 10 12 1 1 10 12 1 100 1 11 12 1 10 100 12 1 1 10 12 1 10 12 1 10 100 12 1 1 10 10 12 1 1 8 1 10 12 1 10 12 1 1 8 1 9 12 1 10 12 1 10 12 1 10 12 1 10 12 100 1 9 12 1 10 12 1 9 12 1 10 12 1 10 12 1 10 12 1 10 10 12 1 10 12 1 10 12 1 10 12 1 10 12 1 10 12 1 7 1 10 12 1 10 12 1 1 10 12 1 1 10 12 1 1 10 12 1 1 10 12 1 1 10 12 1 1 7 1 10 10 12 1 1 10 12 1 1 10 12 1 1 10 10 12 1 10 12 1 1 10 12 1 1 10 12 1 1 10 12 1 1 7 1 10 10 12 11 100 12 1 1 10 12 1 1 10 12 1 10 7 12 1 1 1 10 12 1 1 10 10 12 1 1 7 1 10 10 12 1 1 10 7 12 1 1 1 100 1 7 1 10 12 1 1 10 12 1 10 10 12 1 1 10 12 1 10 12 1 10 12 1 10 100 12 1 1 1 11 7 12 1 1 10 12 1 10 12 1 9 12 1 10 12 1 1 10 12 1 9 12 1 1 7 1 10 9 12 1 1 10 12 7 1 10 12 1 9 12 1 10 100 12 1 1 1 10 12 1 10 12 1 10 100 12 1 1 1 10 12 1 10 12 10 12 1 1 100 1 10 8 1 10 12 1 11 11 12 1 1 11 7 12 1 1 11 12 1 8 1 10 12 1 10 12 1 1 9 12 1 9 12 1 1 10 7 12 1 1 9 12 1 10 12 1 1 10 10 12 1 10 7 12 1 1 1 10 7 12 1 1 10 7 12 1 1 9 12 1 1 10 12 1 9 12 1 10 12 1 10 12 1 1 9 12 1 1 9 12 1 10 12 1 10 12 1 1 9 12 1 7 1 10 10 12 1 1 7 1 10 12 1 1 7 11 7 1 9 12 1 1 9 12 1 100 1 10 12 1 9 12 1 1 9 12 1 10 12 1 10 12 1 1 9 12 1 7 1 10 10 12 1 1 10 10 12 1 1 10 12 10 10 12 1 9 12 1 10 12 1 1 10 7 12 1 1 1 10 12 1 1 10 12 1 8 10 7 8 1 18 8 1 8 1 10 12 1 9 12 1 9 12 1 1 10 12 1 7 1 7 1 10 12 1 9 12 1 1 7 1 10 10 12 1 10 7 1 9 12 1 8 1 10 12 1 7 1 10 12 1 10 12 1 1 9 12 1 7 1 8 1 10 7 1 4 10 10 12 11 7 12 1 1 1 10 12 1 100 1 10 12 1 1 10 8 1 8 1 10 12 1 1 9 7 12 1 1 11 12 7 1 11 7 12 1 1 9 12 1 10 100 12 1 1 1 10 7 12 1 1 10 12 1 1 9 12 1 9 10 12 1 1 10 12 1 1 10 12 1 1 10 12 1 1 10 12 1 1 11 12 1 7 1 11 12 1 10 7 12 1 1 1 10 12 1 100 1 11 12 1 10 100 12 1 1 1 10 12 1 10 11 12 1 11 12 1 1 10 12 1 10 12 1 1 9 12 1 1 9 100 12 1 1 10 12 1 10 100 12 1 1 1 10 12 1 1 10 12 1 10 12 1 10 12 1 10 7 12 1 1 1 10 12 1 8 1 10 12 1 10 12 1 10 12 1 10 100 12 1 1 1 11 100 12 1 1 1 10 12 1 1 10 12 1 18 12 1 1 11 12 1 1 18 11 12 1 18 12 1 11 12 1 10 12 1 1 10 12 1 10 12 1 10 12 10 12 1 8 1 10 12 1 7 1 9 12 1 1 100 1 100 1 100 1 100 1 100 1 1 1 3 1 3 1 3 1 1 1 1 1 1 1 5 0 1 1 1 1 1 1 1 1 1 1 1 1 1 1 1 1 1 1 1 1 1 1 1 100 1 1 1 1 1 1 1 100 1 1 1 1 1 1 7 1 1 1 1 1 1 1 1 1 1 1 1 1 1 1 1 1 1 1 1 1 1 1 1 1 1 1 1 1 1 1 1 1 1 1 1 1 1 100 1 1 1 1 1 1 1 1 1 1 1 1 1 1 1 1 1 1 1 1 1 1 1 1 1 1 1 1 100 1 1 1 1 1 1 1 1 1 1 1 1 1 1 1 1 1 1 1 1 1 1 1 1 1 1 1 1 1 1 1 1 1 1 1 1 1 1 1 1 1 1 1 1 1 1 1 1 1 1 1 1 1 100 1 100 1 1 1 1 1 1 1 1 1 1 1 1 1 1 1 1 1 1 1 1 1 1 1 1 1 1 1 1 1 1 1 1 1 1 1 1 1 1 1 1 1 1 1 1 1 1 1 1 1 1 1 1 1 1 1 1 1 1 1 1 1 1 1 100 1 1 1 1 1 1 1 1 1 1 1 1 1 1 1 1 1 1 1 1 1 1 1 1 1 1 1 1 1 1 1 1 1 1 1 1 1 1 1 1 1 1 1 1 1 1 1 1 1 1 1 1 1 1 1 1 1 1 1 1 1 1 1 1 1 1 1 1 15 10 7 12 1 1 1 16 15 10 12 16 15 11 12 16 1 16 15 16 15 10 12 16 16 15 10 12 16 15 16 1 15 10 12 16 1 1 1 1 1 1 1 1 100 1 1 100 1 100 1 1 100 1 100 1 1
staticfield java/lang/Class EMPTY_CLASS_ARRAY [Ljava/lang/Class; 0 [Ljava/lang/Class;
staticfield java/lang/Class serialPersistentFields [Ljava/io/ObjectStreamField; 0 [Ljava/io/ObjectStreamField;
ciInstanceKlass java/io/Serializable 1 0 7 100 1 100 1 1 1
instanceKlass jdk/internal/vm/vector/VectorSupport$VectorShuffle
instanceKlass jdk/internal/vm/vector/VectorSupport$VectorMask
instanceKlass jdk/internal/vm/vector/VectorSupport$Vector
ciInstanceKlass jdk/internal/vm/vector/VectorSupport$VectorPayload 0 0 32 10 100 12 1 1 1 9 100 12 1 1 1 10 100 12 1 1 1 1 1 1 1 1 1 1 1 1 1 1 1 1
ciInstanceKlass jdk/internal/vm/vector/VectorSupport$VectorShuffle 0 0 28 10 100 12 1 1 1 100 1 1 1 1 1 1 1 1 1 1 1 1 1 1 1 100 1 1 1 1
ciInstanceKlass jdk/internal/vm/vector/VectorSupport$VectorMask 0 0 28 10 100 12 1 1 1 100 1 1 1 1 1 1 1 1 1 1 1 1 1 1 1 100 1 1 1 1
ciInstanceKlass jdk/internal/vm/vector/VectorSupport$Vector 0 0 28 10 100 12 1 1 1 100 1 1 1 1 1 1 1 1 1 1 1 1 1 1 1 100 1 1 1 1
ciInstanceKlass jdk/internal/vm/vector/VectorSupport 0 0 487 100 1 10 100 12 1 1 1 9 12 1 1 10 12 1 1 100 1 10 12 1 11 100 12 1 1 1 11 100 12 1 1 1 11 100 12 1 1 11 100 12 1 1 1 11 100 1 100 1 10 12 1 1 11 100 12 1 1 11 100 12 1 1 100 1 11 100 12 1 1 11 100 12 1 1 11 100 12 1 1 1 11 100 12 1 1 1 11 100 12 1 1 1 11 100 12 1 1 1 100 1 10 12 1 1 11 100 12 1 1 100 1 11 100 12 1 1 11 100 12 1 1 11 100 12 1 1 11 100 1 100 1 9 12 1 1 10 100 12 1 1 11 100 12 1 1 10 12 1 1 10 100 12 1 1 1 10 12 1 10 12 1 1 10 12 1 1 1 1 1 3 1 3 1 3 1 3 1 3 1 3 1 3 1 3 1 3 1 3 1 3 1 3 1 3 1 3 1 3 1 3 1 3 1 3 1 3 1 3 1 3 1 3 1 3 1 3 1 3 1 3 1 3 1 3 1 3 1 3 1 3 1 3 1 3 1 3 1 3 1 3 1 3 1 3 1 3 1 1 1 1 1 3 1 1 1 1 1 1 3 1 1 1 1 1 1 1 1 1 1 1 1 1 1 1 1 1 1 1 1 1 1 1 1 1 1 1 1 1 1 1 1 1 1 1 1 1 1 1 1 1 1 1 1 1 1 1 1 1 1 1 1 1 1 1 1 1 1 1 1 1 1 1 1 1 1 1 1 1 1 1 1 1 1 1 1 1 1 1 1 1 1 1 1 1 1 1 1 1 1 1 1 1 1 1 1 1 1 1 1 1 1 1 1 1 1 1 1 1 1 1 1 1 1 1 1 1 1 1 1 1 1 1 1 1 1 1 1 1 1 1 1 1 1 1 1 1 1 1 1 1 1 1 1 1 1 1 1 1 1 1 1 1 1 1 1 1 1 1 1 1 1 1 1 1 1 1 1 1 1 1 1 1 1 1 1 1 1 1 1 1 1 1 1 1 1 1 1 1 1 1 1 1 1 1 1 1 1 1 100 1 100 1 1 1 1 1 1 1 1 1 1 1 1 1 1 1 1 1 1 1 1 1 1 1 1
ciInstanceKlass java/lang/reflect/RecordComponent 1 1 196 10 100 12 1 1 1 9 7 12 1 1 1 9 12 1 1 9 12 1 10 12 1 1 10 12 1 1 10 100 12 1 1 1 10 12 1 1 9 12 1 1 10 12 1 1 10 12 1 1 10 12 1 10 100 12 1 1 10 100 12 1 1 9 12 1 1 10 100 12 1 1 1 11 100 12 1 1 1 10 9 100 12 1 1 1 10 100 12 1 1 1 9 12 1 1 10 100 12 1 1 1 10 12 1 1 11 100 12 1 1 10 100 12 1 1 100 1 9 12 1 9 12 1 1 9 12 1 10 100 12 1 1 1 10 12 1 1 10 12 1 1 100 1 10 10 12 1 10 12 1 1 8 1 10 12 1 10 12 1 9 12 1 100 1 1 1 1 1 1 1 1 1 1 1 1 1 1 1 1 1 1 1 1 1 1 100 1 1 1 1 1 1 100 1 1
ciInstanceKlass java/util/Iterator 1 1 53 100 1 8 1 10 12 1 1 10 7 12 1 1 1 11 7 12 1 1 1 11 12 1 1 11 7 12 1 1 1 100 1 1 1 1 1 1 1 1 1 1 1 1 1 1 1 1 1 1 1 1 1
ciInstanceKlass java/lang/System 1 1 803 10 100 12 1 1 1 9 7 12 1 1 1 10 12 1 10 12 1 1 10 12 1 1 10 12 1 9 12 1 1 10 7 12 1 1 1 11 100 12 1 1 1 10 100 12 1 1 1 10 12 1 1 10 12 1 1 100 1 8 1 10 12 1 10 100 12 1 1 1 10 7 12 1 1 1 18 12 1 1 10 100 12 1 1 1 100 1 10 12 1 1 10 100 12 1 1 1 10 12 1 10 7 12 1 1 1 9 100 12 1 1 1 10 100 12 1 1 1 11 7 12 1 1 1 10 12 1 1 10 7 12 1 1 1 100 1 10 10 12 1 1 8 1 10 12 1 8 1 10 12 1 9 12 1 1 8 1 10 7 12 1 1 1 10 12 1 1 100 1 8 1 10 9 12 1 1 8 1 10 12 1 1 10 100 12 1 1 1 8 1 10 12 1 100 1 10 12 1 8 1 10 12 1 10 12 1 1 100 1 10 12 10 12 1 9 12 1 1 9 12 1 1 10 7 12 1 1 1 10 7 12 1 1 1 10 12 1 1 10 12 1 10 12 1 10 7 12 1 1 1 10 12 1 100 1 100 1 8 1 10 12 1 10 12 1 1 7 1 10 12 1 100 1 8 1 10 10 12 1 100 1 8 1 10 8 1 10 7 12 1 1 8 1 10 12 100 1 8 1 10 10 12 1 1 10 7 12 1 1 1 100 1 18 12 1 100 1 9 100 12 1 1 1 10 12 1 100 1 10 12 1 1 10 12 1 1 10 7 12 1 1 1 10 12 1 1 10 12 1 10 12 1 10 12 1 1 10 12 1 7 1 10 12 1 10 12 1 100 1 10 12 1 10 7 12 1 1 1 100 1 8 1 10 9 12 1 9 12 1 10 12 1 10 100 12 1 1 10 12 1 10 12 1 1 8 1 10 12 1 1 8 1 11 12 1 10 12 11 12 1 1 11 7 12 1 1 1 11 7 12 1 1 11 12 1 1 7 1 11 12 1 10 12 1 8 1 10 12 1 1 8 1 8 1 8 1 8 1 11 12 1 10 12 1 10 12 1 10 12 1 10 7 12 1 1 8 1 7 1 9 7 12 1 1 1 10 12 1 7 1 9 12 10 9 12 7 1 10 12 8 1 10 12 1 1 8 1 10 7 12 1 1 10 12 1 10 7 12 1 1 1 10 12 1 1 10 7 12 1 1 1 10 12 10 7 12 1 1 1 9 12 1 1 100 1 8 1 10 12 1 1 10 7 12 1 1 1 7 1 10 12 1 1 8 1 10 8 1 8 1 8 1 8 1 10 10 7 12 1 1 10 12 1 1 10 12 1 1 10 12 1 1 10 12 1 10 100 12 1 1 1 10 100 1 8 1 10 10 10 12 1 1 10 12 1 1 8 1 10 12 1 8 1 10 12 1 10 12 1 1 7 1 10 10 12 1 10 12 1 9 12 1 1 1 3 1 3 1 1 1 1 1 1 1 1 1 1 1 1 100 1 1 100 1 1 1 1 1 1 1 1 1 1 1 100 1 100 1 1 1 1 1 1 1 1 1 1 1 1 1 1 1 1 1 1 1 1 1 1 1 1 1 1 1 1 1 1 1 1 1 1 1 1 1 1 1 1 1 1 1 1 1 1 1 1 1 1 1 1 1 1 1 1 1 1 100 1 1 1 1 1 1 1 1 1 1 1 1 1 1 1 1 1 1 1 1 1 1 1 1 1 1 1 1 1 1 1 1 1 100 1 1 15 10 100 12 1 1 1 16 15 10 12 1 1 16 15 10 12 16 1 1 1 1 1 1 1 100 1 100 1 1
staticfield java/lang/System in Ljava/io/InputStream; java/io/BufferedInputStream
staticfield java/lang/System out Ljava/io/PrintStream; java/io/PrintStream
staticfield java/lang/System err Ljava/io/PrintStream; java/io/PrintStream
instanceKlass net/minecraftforge/eventbus/ClassLoaderFactory$ASMClassLoader
instanceKlass cpw/mods/cl/ModuleClassLoader
instanceKlass jdk/internal/reflect/DelegatingClassLoader
instanceKlass java/security/SecureClassLoader
ciInstanceKlass java/lang/ClassLoader 1 1 1098 9 7 12 1 1 1 10 7 12 1 1 1 9 12 1 1 10 7 12 1 1 1 7 1 10 12 1 1 10 12 1 1 9 12 1 1 10 12 1 1 100 1 10 12 1 10 12 1 1 10 7 12 1 1 1 100 1 8 1 10 12 1 10 7 12 1 1 1 10 100 12 1 10 7 1 10 7 1 7 1 7 1 10 12 1 10 12 1 9 12 1 1 10 10 7 12 1 1 1 9 12 1 1 9 12 1 9 12 1 1 9 12 1 9 12 1 1 9 12 1 1 7 1 10 12 1 9 12 1 1 10 12 1 1 10 7 12 1 1 1 9 12 1 9 12 1 1 9 12 1 10 12 1 1 9 12 10 12 1 1 7 1 10 8 1 10 12 1 1 10 12 1 10 7 1 7 1 10 12 1 1 10 7 12 1 1 1 8 1 10 12 1 10 12 1 10 12 1 1 10 12 1 1 10 12 1 1 10 12 1 1 10 12 1 1 10 12 1 7 1 10 12 1 10 7 12 1 1 1 10 12 1 1 10 12 1 10 12 1 10 12 1 10 12 1 10 12 1 1 10 10 12 1 10 12 1 10 100 12 1 1 10 12 1 1 10 12 1 1 10 12 1 100 1 10 12 1 100 1 10 12 1 10 100 12 1 1 1 10 10 12 1 1 10 12 1 1 100 1 8 1 10 8 1 10 12 1 10 12 1 100 1 8 1 10 12 1 1 10 12 1 1 10 10 12 1 1 10 12 1 1 10 12 1 1 10 7 1 10 12 1 1 10 12 1 1 10 12 1 1 10 12 1 1 10 12 1 1 10 12 1 1 10 12 1 10 7 12 1 1 1 10 12 1 10 12 1 10 12 1 1 10 12 1 10 12 1 10 12 1 10 12 1 1 10 12 1 10 12 1 1 8 1 9 12 1 10 12 1 1 8 1 8 1 10 7 12 1 1 100 1 10 10 12 10 12 1 10 12 1 10 12 1 10 12 1 1 10 7 12 1 1 10 12 1 10 7 1 7 1 10 12 1 1 10 12 1 10 7 1 10 12 1 100 1 18 12 1 10 100 12 1 1 1 10 100 12 1 1 1 10 7 12 1 1 10 12 1 1 10 12 1 10 12 1 1 100 1 10 12 1 10 12 1 1 10 7 12 1 1 10 12 1 8 1 100 1 10 10 12 1 9 12 1 10 7 12 1 1 10 12 1 100 1 8 1 10 12 1 10 8 1 8 1 10 12 1 1 10 12 1 1 10 12 1 1 10 100 12 1 1 1 100 1 100 1 10 12 1 1 100 1 100 1 10 100 12 1 1 10 12 1 10 12 1 1 10 12 1 10 12 1 1 10 12 1 1 9 100 12 1 1 1 10 12 1 1 10 12 1 10 12 1 10 12 1 1 10 12 1 8 1 10 12 1 7 1 18 12 1 1 10 12 1 1 10 12 1 10 12 1 10 12 1 8 1 10 12 1 10 12 1 18 12 1 11 100 12 1 1 1 100 1 10 12 1 1 10 12 1 10 11 12 1 1 10 18 10 12 1 1 11 100 12 1 18 12 1 11 12 1 1 10 12 10 12 1 1 10 12 1 1 100 1 8 1 10 10 12 1 8 1 8 1 10 100 12 1 1 10 12 1 100 1 10 10 12 1 8 1 8 1 8 1 10 12 1 10 12 1 1 10 12 1 10 100 12 1 1 1 11 100 12 1 1 100 1 10 11 10 12 1 10 12 1 10 12 1 1 9 100 12 1 1 9 12 1 1 9 12 9 12 1 9 12 1 9 12 1 8 10 12 1 1 10 7 12 1 1 1 10 12 1 1 10 12 1 1 10 12 1 10 10 12 1 11 12 1 1 10 100 12 1 1 1 100 1 10 12 1 10 12 1 10 12 1 1 1 1 1 1 1 1 1 1 1 1 1 1 1 1 1 1 1 1 1 1 1 1 1 1 1 1 100 1 1 1 1 1 1 1 1 1 1 1 1 1 1 1 1 1 1 1 1 1 100 1 1 1 1 1 1 1 1 1 1 100 1 1 1 1 1 1 1 1 1 1 1 1 1 1 1 1 1 1 1 1 1 1 1 1 1 1 1 1 1 1 1 1 1 1 1 1 1 1 1 1 1 100 1 1 1 1 1 1 1 1 1 1 1 1 1 1 1 1 1 1 100 1 1 1 1 1 1 1 1 1 1 1 1 1 1 1 1 1 1 1 1 1 1 1 1 1 1 1 1 1 1 1 1 1 1 1 1 1 1 1 1 1 1 1 1 1 1 1 1 1 1 1 100 1 1 1 1 1 1 1 1 1 1 1 1 1 1 1 1 1 1 1 1 1 1 1 1 1 1 1 1 1 1 1 1 1 1 1 1 1 1 1 1 1 1 1 1 1 1 15 10 7 12 1 1 1 16 1 15 10 12 16 1 16 15 10 12 16 1 16 1 15 10 12 16 15 10 12 16 15 10 12 16 1 1 100 1 100 1 1
staticfield java/lang/ClassLoader nocerts [Ljava/security/cert/Certificate; 0 [Ljava/security/cert/Certificate;
staticfield java/lang/ClassLoader $assertionsDisabled Z 1
ciInstanceKlass jdk/internal/reflect/DelegatingClassLoader 1 1 18 10 7 12 1 1 1 100 1 1 1 1 1 1 1 1 1 1
instanceKlass org/openjdk/nashorn/internal/runtime/linker/JavaAdapterClassLoader$1
instanceKlass java/net/URLClassLoader
instanceKlass org/openjdk/nashorn/internal/runtime/NashornLoader
instanceKlass jdk/internal/loader/BuiltinClassLoader
ciInstanceKlass java/security/SecureClassLoader 1 1 102 10 7 12 1 1 1 7 1 10 12 1 9 7 12 1 1 1 10 12 1 10 12 1 10 12 1 1 10 12 1 1 10 12 1 7 1 10 7 1 10 12 1 7 1 10 12 1 11 7 12 1 1 1 7 1 11 12 1 10 12 1 1 1 1 1 1 1 1 1 1 1 1 1 1 1 1 1 1 1 1 1 1 1 1 1 1 1 1 1 1 1 1 1 1 1 1 100 1 1 1 1
instanceKlass jdk/internal/loader/ClassLoaders$BootClassLoader
instanceKlass jdk/internal/loader/ClassLoaders$PlatformClassLoader
instanceKlass jdk/internal/loader/ClassLoaders$AppClassLoader
ciInstanceKlass jdk/internal/loader/BuiltinClassLoader 1 1 737 9 7 12 1 1 1 10 7 12 1 1 1 10 7 12 1 1 1 9 12 1 1 9 12 1 1 7 1 10 12 1 9 12 1 10 12 1 9 12 1 10 7 12 1 1 1 10 7 12 1 1 1 10 7 12 1 1 1 11 7 12 1 1 1 100 1 100 1 10 10 12 1 1 8 1 10 12 1 10 12 7 1 10 12 1 10 12 1 1 11 7 12 1 1 1 11 7 12 1 1 1 11 12 1 1 7 1 8 1 8 1 10 9 12 1 1 10 7 12 1 1 11 12 1 1 10 12 1 1 10 12 1 1 10 12 1 1 10 7 12 1 1 1 10 12 1 10 7 12 1 1 1 10 12 1 1 11 7 12 1 1 1 10 7 12 1 1 7 1 10 7 12 1 1 1 10 12 1 100 1 8 1 10 12 1 1 10 8 1 10 12 1 1 10 12 1 1 10 12 1 1 11 7 12 1 1 11 12 1 7 1 10 11 12 1 1 11 10 12 1 1 7 1 10 12 1 10 7 12 1 10 12 1 7 1 10 12 1 10 7 12 1 1 1 100 1 10 12 1 1 11 12 1 7 1 100 1 10 12 1 10 12 1 1 100 1 100 1 10 12 1 10 12 1 18 12 1 1 10 12 1 10 12 1 1 18 100 1 10 7 12 1 1 1 7 1 10 10 12 1 1 10 12 1 1 10 12 1 1 10 12 1 9 12 1 1 100 1 10 10 12 1 1 10 12 1 1 10 12 1 10 12 10 12 1 1 10 12 1 1 10 12 1 1 10 12 1 10 12 1 1 18 12 1 7 1 10 12 1 1 10 12 1 10 12 1 1 10 12 1 100 1 10 12 1 7 1 10 12 1 10 7 12 1 1 1 10 12 1 11 12 1 7 1 10 12 1 7 1 100 1 10 12 1 10 12 1 11 12 1 1 10 12 1 1 10 12 1 1 10 12 1 1 10 12 1 1 10 12 1 10 12 1 10 12 1 10 12 1 8 1 10 12 1 1 10 7 12 1 1 10 12 1 100 1 8 1 8 1 10 10 12 1 8 1 8 1 10 7 12 1 1 1 11 7 12 1 1 1 9 7 12 1 1 1 10 7 12 1 1 1 9 12 1 9 12 1 9 12 1 9 12 1 9 12 1 9 12 1 10 7 12 1 1 1 8 1 10 12 1 7 1 10 12 1 1 10 12 1 7 1 10 11 12 1 1 10 12 10 12 1 10 12 1 100 1 10 12 1 10 12 1 10 10 12 1 10 7 12 1 1 8 1 10 7 12 1 1 10 12 1 1 1 1 1 1 1 1 1 1 1 1 1 1 1 1 1 1 1 1 1 1 1 1 1 1 1 1 1 1 1 1 1 1 1 1 1 1 1 1 1 1 1 1 1 1 1 1 1 1 1 1 1 1 1 1 100 1 1 1 1 1 1 1 1 1 1 1 1 1 1 1 1 1 1 100 1 100 1 1 1 1 1 1 1 1 1 1 1 1 1 1 1 1 1 1 1 1 1 1 1 1 1 1 1 1 1 1 1 1 1 1 1 1 1 1 1 1 1 1 1 1 1 1 1 1 1 1 1 100 1 1 15 10 100 12 1 1 1 16 15 10 12 16 15 10 12 16 15 10 12 16 1 1 1 100 1 1 1 1 1 100 1 100 1 1
staticfield jdk/internal/loader/BuiltinClassLoader packageToModule Ljava/util/Map; java/util/concurrent/ConcurrentHashMap
staticfield jdk/internal/loader/BuiltinClassLoader $assertionsDisabled Z 1
ciInstanceKlass java/security/AccessController 1 1 295 10 100 12 1 1 1 10 7 12 1 1 1 10 7 12 1 1 1 10 12 1 1 10 12 1 1 10 7 12 1 1 1 10 12 1 1 10 12 1 10 12 1 1 10 12 1 100 1 8 1 10 12 1 10 12 1 10 12 1 1 10 12 1 7 1 7 1 10 12 1 1 10 12 1 10 12 1 10 12 1 1 10 7 12 1 1 1 10 12 1 1 9 100 12 1 1 1 10 100 12 1 1 1 10 12 1 10 12 1 9 100 12 1 1 1 10 12 1 10 12 1 1 9 12 1 1 10 100 1 10 11 7 12 1 1 1 10 7 12 1 1 11 7 1 7 1 10 12 1 10 12 1 10 12 1 8 1 10 12 1 1 8 1 10 100 12 1 1 1 8 1 100 1 10 10 12 1 1 10 12 1 10 7 12 1 1 1 10 12 1 8 1 10 100 12 1 1 8 1 8 1 10 12 1 8 1 10 12 1 10 12 1 1 10 12 1 1 1 1 1 1 1 1 1 1 1 1 1 1 1 1 1 1 1 1 1 1 1 1 1 1 1 1 100 1 1 1 1 1 1 1 1 1 1 1 1 1 1 1 1 1 1 1 1 1 1 1 1 1 1 1 1 1 1 1 1 1 1 100 1 100 1 1 1 1 1 1 1 1 1 3 1 1 1
staticfield java/security/AccessController $assertionsDisabled Z 1
instanceKlass jdk/internal/reflect/GeneratedConstructorAccessor75
instanceKlass jdk/internal/reflect/GeneratedConstructorAccessor74
instanceKlass jdk/internal/reflect/GeneratedConstructorAccessor73
instanceKlass jdk/internal/reflect/GeneratedConstructorAccessor72
instanceKlass jdk/internal/reflect/GeneratedConstructorAccessor71
instanceKlass jdk/internal/reflect/GeneratedConstructorAccessor70
instanceKlass jdk/internal/reflect/GeneratedConstructorAccessor69
instanceKlass jdk/internal/reflect/GeneratedConstructorAccessor68
instanceKlass jdk/internal/reflect/GeneratedConstructorAccessor67
instanceKlass jdk/internal/reflect/GeneratedConstructorAccessor66
instanceKlass jdk/internal/reflect/GeneratedConstructorAccessor65
instanceKlass jdk/internal/reflect/GeneratedConstructorAccessor64
instanceKlass jdk/internal/reflect/GeneratedConstructorAccessor63
instanceKlass jdk/internal/reflect/GeneratedConstructorAccessor62
instanceKlass jdk/internal/reflect/GeneratedConstructorAccessor61
instanceKlass jdk/internal/reflect/GeneratedConstructorAccessor60
instanceKlass jdk/internal/reflect/GeneratedConstructorAccessor59
instanceKlass jdk/internal/reflect/GeneratedConstructorAccessor58
instanceKlass jdk/internal/reflect/GeneratedConstructorAccessor57
instanceKlass jdk/internal/reflect/GeneratedConstructorAccessor56
instanceKlass jdk/internal/reflect/GeneratedConstructorAccessor55
instanceKlass jdk/internal/reflect/GeneratedConstructorAccessor54
instanceKlass jdk/internal/reflect/GeneratedConstructorAccessor53
instanceKlass jdk/internal/reflect/GeneratedConstructorAccessor52
instanceKlass jdk/internal/reflect/GeneratedConstructorAccessor51
instanceKlass jdk/internal/reflect/GeneratedConstructorAccessor50
instanceKlass jdk/internal/reflect/GeneratedConstructorAccessor49
instanceKlass jdk/internal/reflect/GeneratedConstructorAccessor48
instanceKlass jdk/internal/reflect/GeneratedConstructorAccessor47
instanceKlass jdk/internal/reflect/GeneratedConstructorAccessor46
instanceKlass jdk/internal/reflect/GeneratedConstructorAccessor45
instanceKlass jdk/internal/reflect/GeneratedConstructorAccessor44
instanceKlass jdk/internal/reflect/GeneratedConstructorAccessor43
instanceKlass jdk/internal/reflect/GeneratedConstructorAccessor42
instanceKlass jdk/internal/reflect/GeneratedConstructorAccessor41
instanceKlass jdk/internal/reflect/GeneratedConstructorAccessor40
instanceKlass jdk/internal/reflect/GeneratedConstructorAccessor39
instanceKlass jdk/internal/reflect/GeneratedConstructorAccessor38
instanceKlass jdk/internal/reflect/GeneratedConstructorAccessor37
instanceKlass jdk/internal/reflect/GeneratedConstructorAccessor36
instanceKlass jdk/internal/reflect/GeneratedConstructorAccessor35
instanceKlass jdk/internal/reflect/GeneratedConstructorAccessor34
instanceKlass jdk/internal/reflect/GeneratedConstructorAccessor33
instanceKlass jdk/internal/reflect/GeneratedConstructorAccessor32
instanceKlass jdk/internal/reflect/GeneratedConstructorAccessor31
instanceKlass jdk/internal/reflect/GeneratedConstructorAccessor30
instanceKlass jdk/internal/reflect/GeneratedConstructorAccessor29
instanceKlass jdk/internal/reflect/GeneratedConstructorAccessor28
instanceKlass jdk/internal/reflect/GeneratedConstructorAccessor27
instanceKlass jdk/internal/reflect/GeneratedConstructorAccessor26
instanceKlass jdk/internal/reflect/GeneratedConstructorAccessor25
instanceKlass jdk/internal/reflect/GeneratedConstructorAccessor24
instanceKlass jdk/internal/reflect/GeneratedConstructorAccessor23
instanceKlass jdk/internal/reflect/GeneratedConstructorAccessor22
instanceKlass jdk/internal/reflect/GeneratedConstructorAccessor21
instanceKlass jdk/internal/reflect/GeneratedConstructorAccessor20
instanceKlass jdk/internal/reflect/GeneratedConstructorAccessor19
instanceKlass jdk/internal/reflect/GeneratedConstructorAccessor18
instanceKlass jdk/internal/reflect/GeneratedConstructorAccessor17
instanceKlass jdk/internal/reflect/GeneratedConstructorAccessor16
instanceKlass jdk/internal/reflect/GeneratedConstructorAccessor15
instanceKlass jdk/internal/reflect/GeneratedConstructorAccessor14
instanceKlass jdk/internal/reflect/GeneratedConstructorAccessor13
instanceKlass jdk/internal/reflect/GeneratedConstructorAccessor12
instanceKlass jdk/internal/reflect/GeneratedConstructorAccessor11
instanceKlass jdk/internal/reflect/GeneratedConstructorAccessor10
instanceKlass jdk/internal/reflect/GeneratedConstructorAccessor9
instanceKlass jdk/internal/reflect/GeneratedConstructorAccessor8
instanceKlass jdk/internal/reflect/GeneratedConstructorAccessor7
instanceKlass jdk/internal/reflect/GeneratedConstructorAccessor6
instanceKlass jdk/internal/reflect/GeneratedConstructorAccessor5
instanceKlass jdk/internal/reflect/GeneratedConstructorAccessor4
instanceKlass jdk/internal/reflect/GeneratedConstructorAccessor3
instanceKlass jdk/internal/reflect/GeneratedConstructorAccessor2
instanceKlass jdk/internal/reflect/BootstrapConstructorAccessorImpl
instanceKlass jdk/internal/reflect/GeneratedConstructorAccessor1
instanceKlass jdk/internal/reflect/DelegatingConstructorAccessorImpl
instanceKlass jdk/internal/reflect/NativeConstructorAccessorImpl
ciInstanceKlass jdk/internal/reflect/ConstructorAccessorImpl 1 1 27 10 7 12 1 1 1 100 1 100 1 1 1 1 1 1 1 1 1 100 1 100 1 100 1 1 1
instanceKlass jdk/internal/reflect/FieldAccessorImpl
instanceKlass jdk/internal/reflect/ConstructorAccessorImpl
instanceKlass jdk/internal/reflect/MethodAccessorImpl
ciInstanceKlass jdk/internal/reflect/MagicAccessorImpl 1 1 16 10 7 12 1 1 1 100 1 1 1 1 1 1 1 1
instanceKlass jdk/internal/reflect/GeneratedMethodAccessor13
instanceKlass jdk/internal/reflect/GeneratedMethodAccessor12
instanceKlass jdk/internal/reflect/GeneratedMethodAccessor11
instanceKlass jdk/internal/reflect/GeneratedMethodAccessor10
instanceKlass jdk/internal/reflect/GeneratedMethodAccessor9
instanceKlass jdk/internal/reflect/GeneratedMethodAccessor8
instanceKlass jdk/internal/reflect/GeneratedMethodAccessor7
instanceKlass jdk/internal/reflect/GeneratedMethodAccessor6
instanceKlass jdk/internal/reflect/GeneratedMethodAccessor5
instanceKlass jdk/internal/reflect/GeneratedMethodAccessor4
instanceKlass jdk/internal/reflect/GeneratedMethodAccessor3
instanceKlass jdk/internal/reflect/GeneratedMethodAccessor2
instanceKlass jdk/internal/reflect/GeneratedMethodAccessor1
instanceKlass jdk/internal/reflect/DelegatingMethodAccessorImpl
instanceKlass jdk/internal/reflect/NativeMethodAccessorImpl
ciInstanceKlass jdk/internal/reflect/MethodAccessorImpl 1 1 25 10 7 12 1 1 1 100 1 100 1 1 1 1 1 1 1 1 1 100 1 100 1 1 1
ciInstanceKlass java/lang/Module 1 1 959 10 7 12 1 1 1 9 7 12 1 1 1 10 7 12 1 1 1 9 12 1 9 12 1 1 9 12 1 1 10 12 1 1 10 12 1 10 12 1 1 10 7 12 1 1 1 7 1 10 7 12 1 1 1 10 12 1 1 11 7 12 1 1 1 10 12 1 1 10 7 12 1 1 1 10 12 1 1 10 7 12 1 1 1 9 100 12 1 1 1 10 100 12 1 1 1 10 12 1 8 1 10 7 12 1 1 1 10 7 12 1 1 1 9 12 1 1 9 12 1 1 10 12 1 9 12 1 1 11 12 1 9 7 12 1 1 10 7 12 1 1 1 10 7 12 1 1 1 10 12 1 1 100 1 7 1 10 10 12 1 1 8 1 10 12 1 10 12 10 12 1 10 12 1 1 10 12 1 1 10 12 1 1 9 7 12 1 1 1 10 12 1 1 10 12 1 1 9 12 1 10 12 1 10 12 1 9 12 1 1 11 7 12 1 1 10 12 1 1 9 12 1 9 12 1 10 12 1 10 12 1 100 1 8 1 10 10 12 1 1 10 12 1 8 1 10 12 1 1 8 1 8 1 10 12 1 1 10 12 1 10 12 1 1 18 12 1 1 10 12 1 1 11 12 1 9 12 1 11 12 10 100 12 1 1 100 1 8 1 10 7 1 11 12 1 1 10 12 1 10 12 1 10 12 1 1 11 12 1 1 11 7 12 1 1 11 12 1 1 9 12 1 11 12 1 10 12 1 1 10 12 1 1 9 12 1 10 12 10 7 12 1 1 10 7 12 1 1 10 7 1 18 12 1 1 11 7 12 1 1 1 18 12 1 11 12 1 1 10 100 12 1 1 1 11 12 1 1 10 7 12 1 1 4 7 1 11 12 1 7 1 7 1 10 10 7 12 1 1 1 10 11 7 12 1 8 1 10 10 12 1 1 10 7 12 1 1 10 12 1 10 12 1 7 1 10 12 1 10 11 12 1 1 10 12 10 12 1 1 9 12 1 100 1 10 10 12 1 1 11 7 1 10 12 1 1 11 12 1 10 10 12 1 11 10 12 1 1 10 12 1 1 10 12 1 1 10 7 12 1 1 10 12 1 10 12 1 1 10 10 12 1 1 10 12 1 18 12 1 11 12 1 18 12 1 10 12 1 10 12 1 10 12 7 1 10 12 1 10 12 1 10 12 1 9 12 1 7 1 10 10 10 10 12 1 10 12 1 10 12 1 10 12 1 1 10 12 1 1 10 12 1 9 12 1 18 12 1 1 10 100 12 1 1 1 100 1 8 1 10 12 1 1 10 12 1 1 10 100 12 1 1 100 1 10 12 1 1 100 1 8 1 100 1 10 100 1 100 1 3 10 12 1 100 1 10 12 1 10 12 1 1 10 12 1 1 100 1 10 12 1 10 12 1 1 100 1 100 1 10 12 8 1 10 12 1 1 10 12 1 1 10 7 12 1 1 10 12 1 1 10 12 1 10 12 10 12 1 1 7 1 10 10 12 1 1 10 7 12 1 1 1 100 1 8 1 10 12 1 1 10 100 12 1 1 8 1 10 12 1 8 1 10 12 1 10 12 10 12 1 8 1 10 10 100 12 1 1 7 1 10 10 12 1 10 7 12 1 1 9 12 1 9 12 1 9 12 1 9 12 1 10 12 11 12 1 10 12 1 100 1 1 1 1 1 1 1 1 1 1 1 1 1 1 1 1 100 1 1 1 1 1 1 1 1 1 1 1 1 1 1 1 1 1 1 1 1 1 1 1 1 1 1 1 1 1 1 1 1 1 1 1 1 1 1 1 1 1 1 1 1 1 1 1 1 1 1 1 1 1 1 1 1 1 1 1 1 1 1 1 1 1 1 1 1 1 1 1 1 1 1 1 1 1 1 1 1 1 1 1 100 100 1 1 1 1 1 1 1 1 1 1 1 1 1 1 1 1 1 1 1 1 1 1 1 1 1 1 1 1 1 1 1 1 1 1 100 1 100 1 100 1 1 1 1 1 1 1 1 1 1 1 1 1 1 1 1 1 1 1 1 1 1 1 1 1 1 1 1 15 10 7 12 1 1 1 16 15 10 12 16 16 15 10 12 16 16 15 10 16 1 15 10 12 16 1 15 10 12 16 1 16 15 10 12 16 1 1 1 1 1 1 1 100 1 100 1 1
staticfield java/lang/Module ALL_UNNAMED_MODULE Ljava/lang/Module; java/lang/Module
staticfield java/lang/Module ALL_UNNAMED_MODULE_SET Ljava/util/Set; java/util/ImmutableCollections$Set12
staticfield java/lang/Module EVERYONE_MODULE Ljava/lang/Module; java/lang/Module
staticfield java/lang/Module EVERYONE_SET Ljava/util/Set; java/util/ImmutableCollections$Set12
staticfield java/lang/Module $assertionsDisabled Z 1
instanceKlass org/objectweb/asm/tree/MethodNode$1
instanceKlass com/minecolonies/api/colony/jobs/ModJobs$1
instanceKlass org/spongepowered/asm/mixin/injection/struct/InjectionNodes
instanceKlass org/spongepowered/asm/mixin/transformer/MixinCoprocessors
instanceKlass org/apache/maven/artifact/versioning/ComparableVersion$ListItem
ciInstanceKlass java/util/ArrayList 1 1 492 10 7 12 1 1 1 7 1 9 7 12 1 1 1 9 12 1 100 1 100 1 10 8 1 10 12 1 1 10 12 1 10 12 1 1 10 12 1 9 12 1 11 7 12 1 1 1 9 12 1 1 10 12 1 1 7 10 7 12 1 1 1 9 12 1 10 12 1 10 12 1 1 10 7 12 1 1 1 10 7 12 1 1 1 10 12 1 1 10 12 1 1 10 12 1 1 10 12 1 10 12 1 1 100 1 100 1 10 12 1 10 7 12 1 1 1 10 7 12 1 1 10 12 1 10 12 10 12 1 1 10 12 1 1 10 12 1 1 7 1 10 12 1 1 10 12 1 1 10 12 1 100 1 10 11 12 1 1 11 100 12 1 1 1 11 12 1 10 12 1 10 12 1 10 12 1 1 100 1 10 12 1 1 10 10 12 1 1 10 12 1 8 1 8 1 8 1 8 1 10 12 1 1 10 12 1 1 11 12 1 100 1 10 100 12 1 1 10 12 1 10 12 1 1 10 100 12 1 1 10 12 1 10 100 12 1 1 1 11 100 12 1 1 1 10 12 1 100 1 8 1 10 7 1 10 12 1 7 1 10 12 1 10 12 1 1 7 1 10 12 1 10 12 1 1 11 7 12 1 1 7 1 10 12 1 10 12 1 1 11 7 12 1 1 10 12 1 1 10 12 1 1 10 12 1 1 10 12 1 1 11 100 12 1 1 10 12 1 1 100 1 100 1 100 1 1 1 1 5 0 1 3 1 1 1 1 1 1 1 1 1 1 1 1 1 1 1 1 1 1 1 1 1 1 1 1 1 1 1 1 1 1 1 1 1 1 1 1 1 1 1 1 1 1 1 1 1 1 1 1 1 1 1 1 1 1 1 1 1 1 1 1 1 1 1 1 1 1 1 1 1 1 1 1 1 1 1 1 1 1 1 1 1 1 1 1 1 1 1 1 1 1 1 1 1 1 1 1 100 1 1 1 1 100 1 1 1 1 1 1 1 1 1 1 1 1 1 1 1 1 1 1 1 1 1 1 1 1 1 1 1 1 1 100 1 1 1 1 1 1 1 1 1 1 1 1 1 1 1 1 1 1 100 1 100 1 1 1 1 1 1
staticfield java/util/ArrayList EMPTY_ELEMENTDATA [Ljava/lang/Object; 0 [Ljava/lang/Object;
staticfield java/util/ArrayList DEFAULTCAPACITY_EMPTY_ELEMENTDATA [Ljava/lang/Object; 0 [Ljava/lang/Object;
ciInstanceKlass java/util/concurrent/ConcurrentHashMap 1 1 1210 7 1 7 1 3 10 12 1 1 3 100 1 10 7 12 1 1 1 100 1 10 100 12 1 1 1 100 1 11 12 1 1 11 12 1 11 12 1 1 9 12 1 1 9 12 1 1 9 12 1 10 7 12 1 1 1 7 1 10 12 1 1 10 12 1 1 10 7 12 1 1 1 4 10 12 1 9 12 1 10 12 1 1 100 1 10 5 0 10 12 1 10 12 1 1 5 0 10 12 1 1 10 12 1 9 12 1 1 10 12 1 1 9 12 1 9 12 1 1 10 12 1 1 9 12 1 10 12 1 1 9 12 1 1 10 12 1 1 100 1 10 100 1 10 12 1 10 12 1 1 10 12 1 1 10 12 1 1 10 12 1 10 12 1 1 10 12 1 1 100 1 10 12 1 1 7 1 100 1 8 1 10 12 1 10 12 1 1 10 12 1 1 11 7 12 1 1 10 12 1 1 11 12 1 1 11 7 12 1 1 1 11 7 12 1 1 1 11 12 1 7 1 11 12 1 11 12 1 10 12 1 1 10 12 1 1 9 12 1 1 10 100 12 1 1 1 9 10 12 1 1 9 12 1 10 12 1 1 5 0 9 12 1 1 7 1 10 12 1 9 12 1 1 7 1 10 12 1 9 12 1 7 1 10 100 1 10 10 12 1 1 8 1 10 12 1 10 12 1 1 11 100 1 10 12 1 10 100 12 1 1 1 8 1 10 100 12 1 1 1 8 1 10 12 1 8 1 10 12 1 10 12 1 1 10 100 12 1 1 10 12 1 10 12 1 10 12 1 9 12 1 9 10 12 1 9 12 1 1 11 100 12 1 1 1 11 7 12 1 1 1 100 1 10 12 11 100 12 1 1 10 11 7 12 1 10 12 1 100 1 10 12 1 100 1 10 10 9 7 12 1 1 1 10 12 3 10 100 12 1 1 9 12 1 10 12 1 1 9 12 1 1 9 12 1 10 12 1 1 10 7 12 1 1 9 12 1 9 7 12 1 1 10 12 1 1 10 12 1 3 9 12 1 9 12 1 10 12 1 1 7 1 9 3 9 12 1 100 1 10 12 1 9 12 1 10 12 1 9 12 1 10 12 1 9 12 1 10 100 12 1 1 1 100 10 12 1 100 1 5 0 10 100 12 1 1 100 1 10 12 1 1 10 12 1 10 12 1 100 1 10 12 1 10 100 1 100 1 10 10 12 1 10 100 1 10 12 1 10 100 1 10 12 1 10 100 1 10 12 1 1 100 1 10 12 1 10 10 12 1 100 1 10 12 1 10 10 12 1 100 1 10 12 1 10 100 1 10 12 1 10 100 1 10 12 1 10 100 1 10 12 1 10 100 1 10 12 1 10 100 1 10 12 1 10 100 1 10 12 1 10 100 1 10 12 1 10 100 1 10 10 100 1 10 10 100 1 10 10 100 1 10 12 1 10 100 1 10 12 1 10 100 1 10 12 1 10 100 1 10 12 1 10 100 1 10 12 1 10 100 1 10 10 100 1 10 10 100 1 10 10 100 1 10 12 1 10 100 1 10 12 1 10 100 1 10 12 1 10 100 1 10 12 1 10 100 1 10 12 1 10 10 12 1 10 7 12 1 1 1 10 12 1 7 1 7 1 10 12 1 9 12 1 1 9 12 1 1 10 12 1 1 8 10 12 1 1 8 8 8 8 7 10 12 1 1 10 12 1 100 1 8 1 10 7 1 100 1 100 1 1 1 5 0 1 1 3 1 3 1 1 1 1 3 1 3 1 3 1 1 1 1 1 3 1 3 1 3 1 1 1 1 1 1 1 1 1 1 1 1 1 1 1 1 1 1 1 1 1 1 1 1 1 100 1 1 1 1 1 1 1 1 1 1 1 1 1 1 1 1 1 1 1 1 1 1 1 1 1 1 1 1 1 1 1 1 1 1 1 1 1 1 1 1 1 1 1 1 1 1 1 1 1 1 1 1 1 1 1 1 1 1 1 1 1 1 1 1 1 1 1 1 1 1 1 1 1 1 1 1 1 1 1 1 1 1 1 1 100 1 1 1 1 1 1 1 1 1 1 1 100 1 1 1 1 1 1 1 1 1 1 1 1 1 1 1 1 1 1 1 1 1 1 1 1 1 1 1 1 1 1 1 1 1 1 1 1 1 1 1 1 1 1 1 1 1 1 1 1 1 1 1 1 1 1 1 1 1 1 1 1 1 1 1 1 1 1 1 1 1 1 1 1 1 1 1 1 1 1 1 1 1 1 1 1 1 1 1 1 1 1 1 1 1 1 1 1 1 1 1 1 1 1 1 1 1 1 1 1 1 1 1 1 1 1 1 1 1 1 1 1 1 1 1 1 1 1 1 1 1 1 1 1 1 1 1 1 1 1 1 1 1 1 1 1 1 1 1 1 1 1 1 1 1 1 1 1 1 1 1 1 1 1 1 1 1 1 1 1 1 1 1 1 1 1 1 1 1 1 1 1 1 1 1 1 1 1 1 1 1 1 1 1 1 1 1 1 1 1 1 1 1 1 1 1 1 1 1 1 1 1 1 1 1 1 1 1 1 1 1 1 1 1 1 100 1 100 1 100 1 100 1 100 1 100 1 100 1 100 1 100 1 1 1 1 1 1 1 1 1 1 1 1 1 1 1 1 1 1 1 1 1 1 1 1 1 1 1 1 1 1 1 1 1 1 1 1 1 1 1 1 1 1 1 1 1 1 1 1 1 1 1 1 1 1 1 1 1 1
staticfield java/util/concurrent/ConcurrentHashMap NCPU I 32
staticfield java/util/concurrent/ConcurrentHashMap serialPersistentFields [Ljava/io/ObjectStreamField; 3 [Ljava/io/ObjectStreamField;
staticfield java/util/concurrent/ConcurrentHashMap U Ljdk/internal/misc/Unsafe; jdk/internal/misc/Unsafe
staticfield java/util/concurrent/ConcurrentHashMap SIZECTL J 20
staticfield java/util/concurrent/ConcurrentHashMap TRANSFERINDEX J 32
staticfield java/util/concurrent/ConcurrentHashMap BASECOUNT J 24
staticfield java/util/concurrent/ConcurrentHashMap CELLSBUSY J 36
staticfield java/util/concurrent/ConcurrentHashMap CELLVALUE J 144
staticfield java/util/concurrent/ConcurrentHashMap ABASE I 16
staticfield java/util/concurrent/ConcurrentHashMap ASHIFT I 2
ciInstanceKlass java/lang/String 1 1 1396 10 7 12 1 1 1 8 1 9 7 12 1 1 1 9 12 1 1 9 12 1 1 10 12 1 10 12 1 1 10 12 1 1 9 12 1 1 10 7 12 1 1 1 10 7 1 10 7 12 1 1 1 10 12 1 1 10 12 1 1 10 12 1 10 12 1 1 10 12 1 10 7 12 1 1 1 9 7 12 1 1 1 10 7 12 1 1 1 10 12 1 1 10 12 1 1 10 12 1 1 10 12 1 1 10 12 1 1 9 7 12 1 1 10 12 9 7 12 1 1 3 10 7 12 1 1 1 7 1 11 12 1 1 11 12 1 11 12 1 1 10 7 12 1 1 1 10 12 1 1 9 100 12 1 1 1 10 12 1 1 10 12 1 11 12 1 1 10 12 1 1 10 12 10 12 1 1 10 100 12 1 1 1 10 7 12 1 1 1 10 12 1 1 100 1 100 1 10 12 1 10 12 1 10 12 1 1 100 1 10 12 1 1 100 1 10 12 1 1 10 12 1 1 10 10 12 1 100 1 100 1 7 1 10 12 1 10 12 1 1 10 12 1 1 10 12 1 10 12 1 1 10 12 1 1 10 100 12 1 1 100 1 11 11 12 1 11 12 1 10 12 1 1 10 12 1 10 12 10 12 1 1 10 10 7 12 1 1 1 10 7 12 1 1 10 12 1 1 10 7 12 1 1 10 12 1 10 12 1 1 10 12 1 1 10 12 1 10 12 1 10 12 1 1 100 1 10 12 1 1 10 12 10 12 1 10 12 1 1 10 100 12 1 1 1 10 12 1 10 12 1 1 10 12 1 10 12 1 3 3 10 12 1 10 12 1 1 10 12 1 1 10 12 1 1 10 12 1 10 12 1 1 10 12 1 1 10 12 1 10 12 1 10 12 1 10 12 1 1 10 12 1 10 12 1 10 12 1 10 12 1 10 12 1 10 12 1 10 100 1 10 8 1 10 12 1 1 10 12 1 8 1 10 12 1 1 10 12 10 12 1 8 1 10 10 12 1 1 10 12 1 1 10 12 1 10 12 1 1 10 12 10 100 1 10 10 12 1 10 12 1 10 12 1 10 10 12 1 10 12 1 1 10 12 1 100 1 10 10 12 1 100 1 10 10 12 1 10 12 1 1 10 12 1 10 12 1 1 10 10 12 1 1 10 100 1 10 10 12 1 10 12 1 1 10 12 1 1 10 7 1 10 12 1 10 12 1 10 12 1 10 12 1 1 10 12 1 11 7 1 11 12 10 12 1 10 12 1 1 10 12 1 1 10 10 12 1 10 12 1 9 12 1 1 11 7 12 1 1 1 10 10 12 1 10 12 1 1 10 10 12 1 10 12 1 10 12 1 1 9 12 1 10 12 1 1 10 10 12 1 1 10 12 10 10 12 1 10 12 10 10 12 10 10 12 1 10 12 1 10 12 10 10 12 10 12 1 10 12 10 12 10 10 12 1 10 12 1 1 10 12 1 10 10 12 1 10 7 12 1 1 1 10 12 1 1 10 10 7 12 1 1 1 11 10 12 1 10 12 1 1 10 12 1 1 10 7 12 1 1 1 10 12 1 10 10 12 1 10 12 1 10 12 1 10 7 12 1 1 10 12 1 100 1 100 1 8 1 10 10 10 12 1 8 1 10 12 1 3 3 7 1 10 10 12 1 10 12 1 10 12 1 1 10 12 1 1 11 7 12 1 1 1 7 1 10 12 1 1 10 12 1 10 12 1 1 10 12 1 1 8 1 10 12 1 1 10 12 1 11 7 12 1 1 1 11 7 12 1 1 11 12 1 1 10 12 1 10 12 1 1 10 10 7 12 1 1 1 10 12 1 10 12 1 10 10 12 10 12 1 1 10 10 12 1 10 10 12 1 10 10 12 1 10 10 12 1 10 12 1 1 10 10 12 1 8 1 10 12 1 1 18 12 1 1 11 7 12 1 1 1 7 1 3 18 12 1 18 12 1 8 1 10 7 12 1 1 1 11 12 1 1 10 12 10 10 12 1 10 11 12 1 1 10 12 1 1 11 12 1 18 3 11 10 12 1 11 11 10 12 1 10 12 1 1 8 1 10 12 1 10 12 1 10 12 1 1 10 10 12 1 11 100 12 1 7 1 100 1 10 12 1 7 1 10 10 7 12 1 1 1 7 1 10 7 1 10 10 12 1 10 10 12 1 8 1 10 10 12 1 8 1 8 1 10 12 1 10 12 1 10 10 12 10 100 12 1 1 10 100 12 1 1 10 100 12 1 1 8 1 10 12 1 10 12 1 1 10 10 12 8 1 8 1 10 8 1 8 1 8 1 8 1 10 12 1 10 12 1 8 1 10 100 12 1 1 1 10 12 10 12 1 1 10 12 10 10 12 10 12 7 1 9 12 1 1 7 1 10 100 1 100 1 100 1 100 1 1 1 1 1 1 5 0 1 1 1 1 1 3 1 3 1 1 1 1 1 1 1 1 1 1 1 1 1 1 1 100 1 1 1 100 1 1 1 1 1 1 1 1 1 1 1 1 1 1 1 1 1 1 1 1 1 1 1 1 1 1 1 100 1 1 1 1 1 1 1 1 1 100 1 1 1 1 1 1 1 1 1 1 1 1 1 1 1 1 1 1 1 1 1 1 1 1 1 1 1 1 1 1 1 1 1 1 1 1 1 1 1 1 1 1 1 1 1 1 1 1 1 1 1 1 1 1 1 1 1 1 1 1 1 1 1 1 1 1 1 1 1 1 1 1 1 1 1 1 1 1 1 1 1 1 1 1 1 1 1 1 1 1 1 1 1 1 1 1 1 1 1 1 1 1 1 1 1 1 1 1 1 1 1 1 1 1 1 1 1 1 1 1 1 1 1 1 1 1 1 1 1 1 1 1 1 1 1 1 1 1 1 1 1 1 1 1 1 1 1 1 1 1 1 1 1 1 1 1 1 1 1 1 1 1 1 1 1 1 1 1 1 100 1 1 1 1 1 1 1 1 1 1 1 1 1 1 1 1 1 1 1 1 1 1 1 1 100 1 1 1 1 1 1 1 1 1 1 1 1 1 7 1 1 1 1 1 1 1 1 1 1 1 1 1 1 1 15 10 7 12 1 1 1 16 15 10 12 16 15 10 12 15 10 12 15 10 12 1 1 1 1 100 1 100 1 1 1
staticfield java/lang/String COMPACT_STRINGS Z 1
staticfield java/lang/String serialPersistentFields [Ljava/io/ObjectStreamField; 0 [Ljava/io/ObjectStreamField;
staticfield java/lang/String CASE_INSENSITIVE_ORDER Ljava/util/Comparator; java/lang/String$CaseInsensitiveComparator
ciInstanceKlass java/security/ProtectionDomain 1 1 324 10 7 12 1 1 1 9 7 12 1 1 1 7 1 10 9 12 1 1 9 12 1 1 9 12 1 1 10 7 12 1 1 7 1 9 12 1 9 12 1 1 7 1 9 12 1 1 9 12 1 10 100 12 1 1 10 100 12 1 1 1 10 12 1 1 10 12 1 9 12 1 9 100 12 1 1 10 12 1 1 10 100 1 10 12 1 1 8 1 100 1 8 1 10 12 1 10 10 100 12 1 1 1 10 12 1 1 8 1 11 8 1 10 12 1 8 1 8 1 10 12 1 1 10 12 1 10 12 1 1 10 12 1 8 1 10 12 1 8 1 8 1 10 100 12 1 1 1 9 100 12 1 1 1 10 12 1 1 9 100 12 1 1 1 10 100 12 1 1 1 100 1 100 1 10 12 1 10 100 12 1 1 1 10 100 1 10 12 1 10 12 1 1 11 100 12 1 1 11 12 1 100 1 11 100 12 1 1 1 10 12 1 10 11 12 1 1 11 12 1 1 10 12 1 10 7 12 1 1 10 100 12 1 1 11 12 1 10 12 8 1 8 1 10 7 12 1 1 1 7 1 10 10 7 12 1 1 1 1 1 1 1 1 1 1 100 1 1 100 1 1 1 1 1 1 1 1 1 1 1 1 1 1 1 1 1 1 1 1 1 1 1 1 1 1 1 1 1 1 1 1 1 1 1 1 1 1 1 1 1 1 100 1 1 1 1 1 100 1 1 1 1 1
staticfield java/security/ProtectionDomain filePermCompatInPD Z 0
ciInstanceKlass java/security/CodeSource 1 1 395 10 7 12 1 1 1 9 7 12 1 1 1 9 12 1 1 9 12 1 1 9 12 1 1 10 7 12 1 1 1 9 12 1 1 10 7 12 1 1 10 7 10 7 12 1 1 1 10 100 12 1 1 1 10 12 1 1 7 1 10 10 100 12 1 1 1 10 100 12 1 1 1 10 12 1 1 10 12 1 100 1 10 12 1 1 10 12 1 1 10 12 1 1 10 12 1 10 10 10 12 1 1 10 100 12 1 1 1 10 12 1 10 12 1 10 12 1 8 1 10 12 1 10 12 1 10 12 1 1 10 12 1 8 1 10 12 1 1 10 100 1 10 10 12 1 1 8 1 10 12 1 10 12 1 10 12 1 8 1 8 1 9 12 1 1 100 1 8 1 10 12 1 10 12 1 1 8 1 10 12 1 8 1 8 1 8 1 10 100 12 1 1 10 12 1 1 10 12 1 10 12 1 1 10 12 1 1 10 12 1 1 100 1 100 1 10 12 1 10 12 10 12 1 1 10 100 12 1 1 10 12 1 100 1 10 12 10 8 1 10 12 1 10 12 1 10 12 1 1 100 1 10 12 1 1 100 1 100 1 8 1 8 1 10 10 12 1 1 10 100 12 1 1 1 100 1 10 12 10 12 1 1 11 100 12 1 1 10 10 12 1 11 10 12 1 8 1 100 1 10 12 1 10 12 1 1 10 12 1 11 12 1 1 11 100 1 1 1 1 5 0 1 1 1 1 1 1 1 1 1 1 1 1 1 1 1 1 1 1 1 1 1 1 1 1 1 1 1 1 1 1 1 1 1 1 1 1 1 1 1 1 1 1 1 1 1 1 1 1 1 1 1 1 1 1 1 1 1 1 1 1 1 1 1 1 1 100 1 1 1 1 1 1 1
ciInstanceKlass java/lang/StringBuilder 1 1 409 10 7 12 1 1 1 10 12 1 10 12 1 10 12 1 1 10 7 12 1 1 1 10 7 12 1 1 1 10 12 1 10 12 1 10 12 1 10 12 1 10 12 1 10 12 1 10 12 1 10 12 1 10 12 1 10 12 1 10 12 1 10 12 1 10 12 1 10 12 1 1 10 12 1 10 12 1 1 10 12 1 1 10 12 1 10 12 1 10 12 1 10 12 1 10 12 1 10 12 1 10 12 1 10 12 10 12 1 10 12 1 10 12 1 10 12 1 1 10 12 1 10 12 1 10 12 10 12 1 1 10 12 1 1 9 12 1 1 9 12 1 1 10 7 12 1 1 1 10 7 1 10 100 12 1 1 1 10 12 1 10 12 1 1 10 12 1 1 10 10 12 1 1 10 100 12 1 1 10 12 1 10 12 1 1 100 1 100 1 8 1 10 10 12 1 1 10 12 1 1 10 12 1 10 12 1 10 12 1 10 12 1 10 12 1 10 12 1 10 12 1 10 12 1 10 12 1 10 12 1 10 12 1 10 12 1 10 12 1 10 12 1 10 12 1 1 10 12 1 1 10 12 1 10 12 1 10 12 1 10 12 10 12 10 12 1 10 12 1 10 12 1 10 12 10 12 1 10 12 1 10 12 1 10 12 1 10 12 1 10 12 1 10 12 1 10 12 1 10 12 1 1 10 12 1 10 12 1 1 10 12 1 10 12 1 1 10 12 1 10 12 1 1 10 12 1 10 12 1 10 12 1 10 10 12 1 10 12 1 100 1 100 1 100 1 1 1 1 5 0 1 1 1 1 1 1 1 1 1 1 1 1 1 1 1 1 1 1 1 1 1 1 1 1 1 1 1 1 1 1 1 1 1 1 1 1 1 1 1 1 1 1 1 100 1 1 1 100 1 1 1 1 1 1 1 1 1 1
ciInstanceKlass jdk/internal/loader/ClassLoaders 1 1 183 10 100 12 1 1 1 10 7 12 1 1 1 10 12 1 1 10 100 12 1 1 1 9 7 12 1 1 1 9 12 1 1 9 12 1 1 7 1 11 100 12 1 1 1 100 1 11 12 1 1 11 12 1 1 10 100 12 1 1 1 10 100 12 1 1 1 100 1 100 1 10 7 12 1 1 1 9 12 1 1 10 12 1 1 7 1 10 12 1 1 10 12 1 7 1 8 1 10 7 12 1 1 1 10 12 1 1 7 1 10 12 1 10 12 1 10 12 1 8 1 10 7 12 1 1 8 1 8 1 10 12 1 7 1 10 12 1 10 12 1 10 12 1 1 1 1 1 1 1 1 1 1 1 1 1 1 1 1 1 1 1 1 100 1 1 1 1 1 1 1 1 1 1 1 1 1 1 1 1 1 1 1
staticfield jdk/internal/loader/ClassLoaders JLA Ljdk/internal/access/JavaLangAccess; java/lang/System$2
staticfield jdk/internal/loader/ClassLoaders BOOT_LOADER Ljdk/internal/loader/ClassLoaders$BootClassLoader; jdk/internal/loader/ClassLoaders$BootClassLoader
staticfield jdk/internal/loader/ClassLoaders PLATFORM_LOADER Ljdk/internal/loader/ClassLoaders$PlatformClassLoader; jdk/internal/loader/ClassLoaders$PlatformClassLoader
staticfield jdk/internal/loader/ClassLoaders APP_LOADER Ljdk/internal/loader/ClassLoaders$AppClassLoader; jdk/internal/loader/ClassLoaders$AppClassLoader
ciInstanceKlass jdk/internal/misc/Unsafe 1 1 1285 10 7 12 1 1 1 9 7 12 1 1 1 9 12 1 1 10 12 1 1 10 7 12 1 1 1 10 12 1 1 10 12 1 1 10 12 1 1 10 12 1 1 10 12 1 1 10 12 1 1 10 12 1 1 10 12 1 1 10 12 1 1 10 12 1 1 10 12 1 1 10 12 1 1 10 12 1 1 10 12 1 10 12 1 100 1 10 10 12 1 1 10 12 1 1 5 0 10 12 1 1 10 12 1 1 10 7 12 1 1 1 10 12 1 1 10 12 1 10 12 1 10 12 1 1 10 12 1 1 10 12 1 10 12 1 100 1 100 1 10 8 1 10 12 1 1 10 12 1 8 1 10 12 1 1 10 12 1 10 12 1 10 12 1 1 10 12 1 10 12 1 1 10 12 1 1 10 12 1 10 12 1 10 12 1 10 12 1 1 10 12 1 10 12 1 10 12 1 1 10 12 1 5 0 5 0 5 0 10 12 1 10 12 1 10 12 1 10 12 1 10 12 1 10 12 1 10 12 1 10 12 1 10 12 1 1 10 12 1 10 12 1 100 1 8 1 10 100 1 10 10 12 1 1 10 12 1 1 10 12 1 10 12 1 1 10 12 1 1 10 12 1 10 12 1 1 10 12 1 9 7 12 1 1 9 12 1 100 1 10 10 12 1 1 8 1 10 8 1 8 1 10 12 1 1 9 7 12 1 1 1 9 100 1 9 7 1 9 7 1 9 9 100 1 9 7 1 9 100 1 10 12 1 1 10 12 1 1 10 12 1 1 10 12 1 1 5 0 5 0 9 12 1 1 10 12 1 10 12 1 10 12 1 1 10 12 1 1 10 12 1 8 1 3 10 12 1 1 10 12 1 1 10 12 1 10 12 1 1 10 12 1 1 10 12 1 10 12 1 10 12 1 10 12 1 10 12 1 10 12 1 1 10 12 1 1 10 12 1 10 12 1 10 12 1 10 12 1 10 12 1 10 12 1 1 10 12 1 1 10 12 1 10 12 1 10 12 1 10 12 1 10 12 1 10 12 1 1 10 12 1 1 10 12 1 1 10 12 1 1 10 12 1 10 12 1 10 12 1 10 12 1 10 12 1 10 12 1 10 12 1 1 10 12 1 1 10 12 1 10 12 1 10 12 1 10 12 1 10 12 1 10 12 1 10 12 1 1 10 12 1 1 10 12 1 10 12 1 10 12 1 10 12 1 10 12 1 10 12 1 10 12 1 10 12 1 1 10 12 1 10 12 1 10 12 1 10 12 1 10 12 1 1 10 12 1 10 12 1 10 12 1 10 12 1 10 12 1 10 12 1 10 12 1 10 12 1 1 10 12 1 10 12 1 10 12 1 10 12 1 10 12 1 10 12 1 1 10 12 1 10 12 1 10 12 1 1 10 12 1 10 12 1 10 12 1 10 12 1 10 12 1 10 12 1 10 12 1 10 12 1 10 12 1 10 12 1 10 12 1 10 12 1 10 12 1 10 12 1 10 12 1 10 12 1 10 12 1 10 12 1 10 12 1 10 12 1 10 12 1 10 12 1 100 1 10 100 1 10 9 12 1 5 0 10 12 1 1 5 0 10 12 1 5 0 10 12 1 10 12 1 10 12 1 1 10 12 1 1 10 12 1 10 12 1 10 12 1 10 12 1 1 10 12 1 10 12 1 10 12 1 10 12 1 10 12 1 1 10 12 1 10 12 1 10 12 1 10 12 1 1 10 12 1 10 12 1 10 12 1 1 10 12 1 10 12 1 10 12 1 10 12 1 1 10 12 1 10 10 12 1 1 10 12 1 10 12 1 1 10 12 1 10 12 5 0 5 0 5 0 10 12 1 1 10 12 1 10 12 1 10 12 10 7 12 1 1 8 1 7 1 11 12 1 1 8 1 11 12 1 1 10 7 12 1 1 10 12 1 10 12 1 10 12 1 10 12 1 10 12 1 1 10 12 1 10 12 1 10 12 1 10 12 1 10 12 1 10 12 1 10 7 1 10 12 1 9 12 1 7 1 9 12 1 7 1 9 12 1 7 1 9 12 1 7 1 9 12 1 7 1 9 12 1 7 1 9 12 1 7 1 9 12 1 7 1 9 12 1 10 12 1 9 12 1 9 12 1 9 12 1 9 12 1 9 12 1 9 12 1 9 12 1 9 12 1 9 12 1 9 12 1 1 1 3 1 1 1 1 1 1 1 1 1 1 1 1 1 1 1 1 1 1 1 1 1 1 1 1 1 1 1 1 1 1 1 1 1 1 1 1 1 1 1 1 1 1 1 1 1 1 1 1 1 1 1 1 1 1 1 1 1 1 1 1 1 1 1 1 1 1 1 1 1 1 1 1 1 1 1 1 1 1 1 1 1 1 1 1 1 1 1 1 1 7 1 1 1 1 1 1 1 1 1 1 1 1 1 1 1 1 1 1 1 1 1 1 1 1 1 1 1 1 1 1 1 1 1 1 1 1 1 1 1 1 1 1 1 1 1 1 1 1 1 1 1 1 1 1 1 1 1 1 1 1 1 1 1 1 1 1 1 1 1 1 1 1 1 1 1 1 1 1 1 1 1 1 1 1 1 1 1 1 1 1 1 1 1 1 1 1 1 1 1 1 1 1 1 1 1 1 1 1 1 1 1 1 1 1 1 1 1 1 1 1 1 1 1 1 1 1 1 1 1 1 1 1 1 1 1 1 1 1 1 1 1 1 1 1 1 1 1 1 1 1 1 1 1 1 1 1 1 1 1 1 1 1 1 1 1 1 1 1 1 1 1 1 1 1 1 1 1 1 1 1 1 1 1 1 1 1 1 1 1 1 1 1 1 1 1 1 1 1 1 1 1 1 1 1 1 1 1 3 1 1 1 1 1 1 1 1 1 1 1 1 1 1 1 1 1 1 1 1 1
staticfield jdk/internal/misc/Unsafe theUnsafe Ljdk/internal/misc/Unsafe; jdk/internal/misc/Unsafe
staticfield jdk/internal/misc/Unsafe ARRAY_BOOLEAN_BASE_OFFSET I 16
staticfield jdk/internal/misc/Unsafe ARRAY_BYTE_BASE_OFFSET I 16
staticfield jdk/internal/misc/Unsafe ARRAY_SHORT_BASE_OFFSET I 16
staticfield jdk/internal/misc/Unsafe ARRAY_CHAR_BASE_OFFSET I 16
staticfield jdk/internal/misc/Unsafe ARRAY_INT_BASE_OFFSET I 16
staticfield jdk/internal/misc/Unsafe ARRAY_LONG_BASE_OFFSET I 16
staticfield jdk/internal/misc/Unsafe ARRAY_FLOAT_BASE_OFFSET I 16
staticfield jdk/internal/misc/Unsafe ARRAY_DOUBLE_BASE_OFFSET I 16
staticfield jdk/internal/misc/Unsafe ARRAY_OBJECT_BASE_OFFSET I 16
staticfield jdk/internal/misc/Unsafe ARRAY_BOOLEAN_INDEX_SCALE I 1
staticfield jdk/internal/misc/Unsafe ARRAY_BYTE_INDEX_SCALE I 1
staticfield jdk/internal/misc/Unsafe ARRAY_SHORT_INDEX_SCALE I 2
staticfield jdk/internal/misc/Unsafe ARRAY_CHAR_INDEX_SCALE I 2
staticfield jdk/internal/misc/Unsafe ARRAY_INT_INDEX_SCALE I 4
staticfield jdk/internal/misc/Unsafe ARRAY_LONG_INDEX_SCALE I 8
staticfield jdk/internal/misc/Unsafe ARRAY_FLOAT_INDEX_SCALE I 4
staticfield jdk/internal/misc/Unsafe ARRAY_DOUBLE_INDEX_SCALE I 8
staticfield jdk/internal/misc/Unsafe ARRAY_OBJECT_INDEX_SCALE I 4
staticfield jdk/internal/misc/Unsafe ADDRESS_SIZE I 8
ciInstanceKlass java/lang/ThreadGroup 1 1 293 10 7 12 1 1 1 9 7 12 1 1 1 8 1 9 12 1 1 7 1 9 12 1 9 12 1 1 10 12 1 1 10 12 1 1 10 12 1 10 12 1 1 10 12 1 9 12 1 1 10 12 1 1 10 12 1 9 12 1 10 100 12 1 1 1 9 12 1 9 12 1 1 10 7 12 1 1 1 100 10 12 1 1 10 7 12 1 1 1 10 100 12 1 9 12 1 10 12 1 1 10 12 1 1 9 12 1 1 10 12 1 1 10 12 1 10 12 1 10 12 1 1 10 12 1 1 10 12 1 10 12 1 10 10 12 1 10 12 1 10 100 1 10 10 12 1 10 12 1 10 12 1 7 10 12 1 9 12 1 1 10 12 1 1 8 1 10 100 12 1 1 1 10 12 1 1 10 12 1 1 10 12 1 1 11 100 1 100 1 9 12 1 100 1 10 8 1 10 12 1 1 10 12 1 1 8 1 10 12 1 10 100 12 1 1 1 10 12 1 1 10 100 1 8 1 10 8 1 10 12 1 8 1 1 1 1 1 1 1 1 1 1 1 1 1 1 1 1 1 3 1 1 1 1 1 1 1 1 1 1 1 1 1 1 1 1 1 1 1 1 1 1 1 1 1 1 1 1 1 1 1 1 1 1 1 1 1 1 1 1 1 1
ciInstanceKlass java/lang/Appendable 1 0 14 100 1 100 1 1 1 1 100 1 1 1 1 1
instanceKlass java/security/Provider
ciInstanceKlass java/util/Properties 1 1 651 10 7 12 1 1 1 100 1 10 7 12 1 1 7 1 10 12 1 9 12 1 1 9 12 1 1 9 12 1 1 10 7 12 1 1 1 10 12 1 1 8 1 10 7 12 1 1 1 7 1 10 12 1 10 12 1 1 8 1 10 12 1 7 1 10 12 10 12 1 1 9 12 1 1 10 12 1 1 7 1 10 12 1 10 12 1 10 12 1 1 100 1 8 1 10 12 1 10 12 1 10 12 1 1 10 12 1 100 1 3 10 10 100 12 1 1 1 10 12 1 10 12 1 1 8 1 10 12 1 10 12 1 1 8 1 10 100 12 1 1 10 12 1 1 10 12 1 10 12 1 1 100 1 10 12 1 10 12 1 1 100 1 9 100 12 1 1 1 10 12 1 10 12 1 1 100 1 10 10 10 12 1 1 11 7 12 1 1 1 11 7 12 1 1 1 11 12 1 1 7 1 11 12 1 11 12 1 10 12 1 1 8 1 10 12 1 10 12 1 100 1 10 10 12 1 1 10 100 12 1 1 9 100 12 1 1 10 12 1 1 10 100 12 1 1 1 100 1 100 1 100 1 10 8 1 8 1 10 12 1 10 12 1 10 12 1 1 10 10 12 1 1 10 12 1 1 7 1 10 10 12 1 11 7 12 1 1 10 7 12 1 1 1 8 1 10 100 12 1 1 11 8 1 10 100 1 11 10 12 1 10 12 1 10 12 1 10 12 1 1 10 12 1 1 10 12 1 1 10 12 1 10 12 1 10 10 12 1 10 12 1 10 12 1 10 10 12 1 1 10 12 1 1 7 1 10 10 12 1 10 12 1 10 12 1 10 12 1 10 12 1 1 10 12 1 1 10 12 1 10 12 1 10 12 1 1 10 12 10 12 1 1 10 12 1 1 10 12 1 10 12 1 1 10 12 1 1 10 12 100 1 10 11 100 12 1 1 4 11 10 12 1 1 10 100 12 1 1 11 12 1 10 12 1 1 10 100 12 1 1 10 12 1 100 1 8 1 10 12 1 10 10 100 12 1 1 1 100 1 6 0 10 12 1 1 11 100 12 1 1 1 10 12 1 10 12 1 1 1 1 1 5 0 1 1 1 1 1 1 1 1 1 1 1 1 1 1 1 1 1 1 1 1 1 1 1 1 1 1 1 1 1 1 1 1 1 1 1 1 1 1 1 1 100 1 1 1 1 1 1 1 1 1 1 1 1 1 1 1 1 1 1 1 1 100 1 1 1 1 1 1 1 100 1 100 1 1 1 1 100 1 1 1 1 1 1 1 1 1 1 1 1 1 1 1 1 1 1 1 1 1 1 1 1 1 1 1 1 1 1 1 1 1 1 1 1 1 1 1 1 1 1 1 1 1 1 1 1 1 1 1 1 1 1 1 1 1 1 1 1 1 1 1 1 1 1 1 1 1 1 1 1 1 1 1 1 100 1 1 1 1 1 1 1 1 1 100 1 1 1
staticfield java/util/Properties UNSAFE Ljdk/internal/misc/Unsafe; jdk/internal/misc/Unsafe
instanceKlass java/util/Hashtable
ciInstanceKlass java/util/Dictionary 1 1 36 10 7 12 1 1 1 100 1 1 1 1 1 1 1 1 1 1 1 1 1 1 1 1 1 1 1 1 1 1 1 1 1 1 1 1
instanceKlass java/util/Properties
ciInstanceKlass java/util/Hashtable 1 1 512 100 1 10 7 12 1 1 1 9 7 12 1 1 1 100 1 100 1 10 8 1 10 12 1 1 10 12 1 10 12 1 1 10 12 1 10 7 12 1 1 1 8 1 10 12 1 9 12 1 1 7 1 9 12 1 1 4 10 7 12 1 1 1 9 12 1 4 10 12 1 11 7 12 1 1 1 10 12 1 1 10 12 1 1 9 12 1 10 12 1 1 100 1 10 9 12 1 1 10 7 12 1 1 1 9 12 1 1 10 12 1 10 12 1 3 9 12 1 9 12 1 3 10 12 1 10 12 1 10 12 1 1 11 12 1 1 11 7 12 1 1 1 11 7 12 1 1 1 11 12 1 7 1 11 12 1 11 12 1 10 12 1 1 10 12 1 1 10 12 1 9 12 1 1 9 12 9 12 1 1 10 100 1 100 1 10 12 1 10 8 1 10 10 12 1 8 1 10 8 1 10 7 12 1 1 1 7 1 10 12 1 10 12 1 100 1 10 12 1 10 12 1 1 7 1 10 100 1 10 10 12 1 1 11 12 1 1 11 12 1 100 1 10 10 10 100 12 1 1 11 100 12 1 1 1 100 1 10 11 100 12 1 1 11 100 12 1 10 12 1 10 12 1 1 10 100 12 1 1 10 12 1 1 10 12 1 1 10 12 1 1 10 100 12 1 1 1 8 10 100 12 1 1 100 1 8 1 10 4 10 12 4 10 12 1 8 1 10 12 10 100 12 1 1 1 100 1 11 100 12 1 1 1 10 100 12 1 1 1 10 12 1 10 12 1 1 10 100 1 100 1 1 1 1 1 1 5 0 1 1 1 1 1 3 1 3 1 3 1 1 1 1 1 1 1 1 1 1 1 1 1 1 1 1 1 1 1 1 1 1 1 1 1 100 1 1 1 1 1 1 1 1 1 1 1 1 1 1 1 1 1 1 1 1 1 1 1 1 1 1 1 1 1 100 1 1 1 1 1 1 1 1 1 1 1 1 1 1 1 1 1 1 1 1 1 1 1 1 1 1 1 1 1 1 1 1 1 1 1 1 1 1 1 1 1 1 1 1 1 1 1 1 1 1 1 1 1 1 1 1 1 1 100 1 1 1 100 1 1 1 1 1 100 1 1 1 1 1 1 1 1 1 1 1 1 1 1 1 1 1 1
instanceKlass java/io/SequenceInputStream
instanceKlass jdk/internal/net/http/ResponseSubscribers$HttpResponseInputStream
instanceKlass net/minecraft/util/FastBufferedInputStream
instanceKlass io/netty/buffer/ByteBufInputStream
instanceKlass sun/nio/ch/NioSocketImpl$1
instanceKlass java/net/Socket$SocketInputStream
instanceKlass sun/security/ssl/SSLSocketImpl$AppInputStream
instanceKlass com/sun/org/apache/xerces/internal/impl/XMLEntityManager$RewindableInputStream
instanceKlass java/io/ObjectInputStream
instanceKlass jdk/nio/zipfs/ZipFileSystem$EntryInputStream
instanceKlass sun/nio/ch/ChannelInputStream
instanceKlass java/util/zip/ZipFile$ZipFileInputStream
instanceKlass java/io/FilterInputStream
instanceKlass java/io/FileInputStream
instanceKlass java/io/ByteArrayInputStream
ciInstanceKlass java/io/InputStream 1 1 184 100 1 10 7 12 1 1 1 100 1 10 10 7 12 1 1 1 10 7 12 1 1 1 10 12 1 7 1 3 10 12 1 1 100 1 8 1 10 12 1 10 7 12 1 1 1 3 100 1 8 1 10 10 7 12 1 1 1 7 1 10 11 7 12 1 1 1 10 12 1 1 11 12 1 1 11 7 12 1 1 1 11 12 1 1 7 1 10 7 12 1 1 1 5 0 10 12 1 10 12 1 1 100 1 10 8 1 10 8 1 8 1 10 12 1 1 10 100 12 1 1 1 100 1 1 1 1 3 1 3 1 1 1 1 1 1 1 1 1 1 1 1 1 1 1 1 1 1 1 1 1 1 1 1 1 1 1 1 1 1 1 1 1 1 1 1 1 1 1 1 1 1 1 1 1 1 1 1 1 1 1 1 1
ciInstanceKlass java/io/ByteArrayInputStream 1 1 96 10 7 12 1 1 1 9 7 12 1 1 1 9 12 1 1 9 12 1 9 12 1 10 7 12 1 1 1 10 7 12 1 1 1 10 7 12 1 1 1 10 7 12 1 1 1 10 12 1 1 10 100 12 1 1 1 1 1 1 1 1 1 1 1 1 1 1 1 1 1 1 1 1 1 1 1 1 1 1 1 100 1 1 1 1 1 1 1 1 1 1 1 1 1 1
instanceKlass jdk/internal/net/http/HttpClientImpl$SelectorManager
instanceKlass net/minecraftforge/fml/VersionChecker$1
instanceKlass com/electronwill/nightconfig/core/file/FileWatcher$WatcherThread
instanceKlass mezz/jei/common/config/file/FileWatcherThread$CallbackRunner
instanceKlass mezz/jei/common/config/file/FileWatcherThread
instanceKlass com/sun/jna/internal/Cleaner$1
instanceKlass net/minecraft/Util$9
instanceKlass net/minecraft/client/main/Main$3
instanceKlass net/minecraft/client/main/Main$2
instanceKlass java/util/concurrent/ForkJoinWorkerThread
instanceKlass org/openjdk/nashorn/internal/runtime/Timing$1
instanceKlass org/apache/logging/log4j/core/util/Log4jThread
instanceKlass java/util/logging/LogManager$Cleaner
instanceKlass jdk/internal/misc/InnocuousThread
instanceKlass java/lang/ref/Finalizer$FinalizerThread
instanceKlass java/lang/ref/Reference$ReferenceHandler
ciInstanceKlass java/lang/Thread 1 1 612 9 7 12 1 1 1 9 12 1 1 10 12 1 1 9 12 1 1 9 12 1 1 100 1 8 1 10 12 1 1 3 8 1 100 1 5 0 10 12 1 1 10 7 12 1 1 9 12 1 1 9 12 1 9 12 1 1 9 12 1 100 1 8 1 10 9 12 1 1 10 7 12 1 1 1 10 100 12 1 1 1 10 10 7 12 1 1 10 12 1 1 10 12 1 1 9 100 12 1 1 1 10 12 1 1 10 12 1 9 12 1 1 10 12 1 1 10 12 1 1 9 12 1 10 12 1 1 9 12 1 1 10 7 12 1 1 1 9 12 1 1 9 12 1 1 10 12 1 1 10 7 12 1 1 1 9 12 1 10 12 1 1 9 12 1 100 1 10 7 1 10 8 1 10 12 1 1 10 12 1 10 12 1 10 12 1 1 10 12 1 10 12 1 9 12 1 100 1 10 10 12 1 1 10 12 1 10 12 1 100 1 11 7 12 1 1 9 7 12 1 1 1 10 12 1 10 12 1 10 12 9 12 1 1 10 9 12 1 10 12 1 100 1 10 10 12 1 1 9 12 1 10 12 1 11 100 12 1 1 10 12 1 9 12 1 10 12 1 10 12 1 10 10 12 1 10 12 1 10 12 1 10 12 1 10 12 1 1 100 1 10 10 12 1 10 12 1 10 12 1 9 100 12 1 1 1 10 12 1 1 10 12 1 7 1 8 1 10 10 12 1 10 12 8 1 10 12 1 8 1 10 8 1 8 1 10 100 12 1 1 10 100 12 1 1 1 100 1 8 1 10 9 12 1 9 12 1 1 10 12 1 1 10 10 12 1 1 9 12 1 10 12 1 1 100 1 10 12 11 100 12 1 1 1 9 100 12 1 1 1 9 12 1 1 10 12 1 1 100 1 10 12 1 11 100 12 1 1 1 100 1 10 12 1 10 12 1 1 11 12 1 10 12 1 100 1 10 12 1 10 12 1 1 10 7 12 1 1 1 8 1 9 12 1 10 12 1 1 11 100 12 1 1 1 10 100 12 1 1 1 11 12 1 10 12 1 7 1 1 1 1 3 1 3 1 3 1 1 1 1 1 1 1 1 1 1 1 1 1 1 1 1 1 1 1 100 1 1 1 1 1 1 1 1 1 1 1 1 100 1 100 1 1 1 1 1 1 1 1 1 1 1 1 1 1 1 1 1 1 1 1 1 1 1 1 1 1 1 1 1 1 1 1 1 1 1 1 1 1 1 1 1 1 1 100 100 1 1 1 1 1 1 1 1 1 100 1 1 1 1 1 1 1 1 1 1 1 1 1 1 1 1 1 1 1 1 1 1 1 1 1 1 1 1 100 1 1 1 1 1 1 100 1 1 100 1 1 1 1 1 1
staticfield java/lang/Thread EMPTY_STACK_TRACE [Ljava/lang/StackTraceElement; 0 [Ljava/lang/StackTraceElement;
ciMethod java/lang/System arraycopy (Ljava/lang/Object;ILjava/lang/Object;II)V 256 0 128 0 -1
instanceKlass java/lang/Exception
instanceKlass java/lang/Error
ciInstanceKlass java/lang/Throwable 1 1 393 10 7 12 1 1 1 9 7 12 1 1 1 9 12 1 1 9 12 1 9 12 1 1 9 12 1 10 12 1 1 9 12 1 1 10 12 1 1 10 12 1 100 1 7 1 10 8 1 10 12 1 1 8 1 10 7 12 1 1 10 10 12 1 100 1 8 1 10 10 12 1 1 10 7 12 1 1 10 12 1 8 1 9 100 12 1 1 1 10 12 1 1 100 1 10 12 10 12 1 100 1 10 10 7 12 1 1 1 11 100 12 1 1 1 10 100 12 1 1 1 10 12 1 1 10 12 1 1 8 1 10 12 1 10 12 1 1 8 1 8 1 10 12 1 1 10 12 1 8 1 8 1 9 12 1 1 10 100 12 1 1 100 1 10 11 12 1 8 1 8 1 10 7 12 1 1 8 1 10 12 1 8 1 100 1 10 12 1 9 12 1 1 10 12 1 10 7 12 1 9 12 1 1 10 12 1 1 100 1 8 1 10 12 1 10 100 12 1 1 10 12 1 1 7 1 10 100 12 1 1 1 10 12 1 11 7 12 1 1 1 11 100 12 1 1 1 11 12 1 8 1 10 12 1 1 8 1 10 10 9 100 12 1 1 1 8 1 10 12 1 1 10 100 1 8 1 10 11 12 1 1 8 1 9 12 1 10 100 12 1 1 11 9 12 1 1 11 12 1 1 100 10 12 1 10 12 1 1 100 1 1 1 1 5 0 1 1 1 1 1 1 1 1 1 1 1 1 1 100 1 1 1 1 1 1 1 1 1 1 1 1 1 1 1 1 1 1 1 1 1 1 1 1 1 1 1 1 1 1 1 1 1 1 1 1 1 1 1 1 1 1 100 1 100 1 1 1 1 1 1 1 1 1 1 1 1 1 1 1 1 1 1
staticfield java/lang/Throwable UNASSIGNED_STACK [Ljava/lang/StackTraceElement; 0 [Ljava/lang/StackTraceElement;
staticfield java/lang/Throwable SUPPRESSED_SENTINEL Ljava/util/List; java/util/Collections$EmptyList
staticfield java/lang/Throwable EMPTY_THROWABLE_ARRAY [Ljava/lang/Throwable; 0 [Ljava/lang/Throwable;
staticfield java/lang/Throwable $assertionsDisabled Z 1
instanceKlass com/mojang/text2speech/Narrator$InitializeException
instanceKlass com/mojang/realmsclient/exception/RealmsServiceException
instanceKlass com/ibm/icu/text/ArabicShapingException
instanceKlass net/minecraft/world/level/validation/ContentValidationException
instanceKlass sun/security/ec/ECOperations$IntermediateValueException
instanceKlass sun/security/pkcs11/wrapper/PKCS11Exception
instanceKlass com/mojang/authlib/exceptions/AuthenticationException
instanceKlass net/minecraft/network/chat/ThrowingComponent
instanceKlass net/minecraft/util/CryptException
instanceKlass com/mojang/brigadier/exceptions/CommandSyntaxException
instanceKlass org/spongepowered/asm/mixin/injection/throwables/InjectionValidationException
instanceKlass org/spongepowered/asm/util/throwables/ConstraintViolationException
instanceKlass org/objectweb/asm/tree/analysis/AnalyzerException
instanceKlass org/openjdk/nashorn/internal/runtime/RewriteException
instanceKlass javax/script/ScriptException
instanceKlass com/google/common/collect/RegularImmutableMap$BucketOverflowException
instanceKlass org/apache/maven/artifact/resolver/AbstractArtifactResolutionException
instanceKlass org/apache/maven/artifact/versioning/InvalidVersionSpecificationException
instanceKlass cpw/mods/modlauncher/api/IncompatibleEnvironmentException
instanceKlass java/util/concurrent/TimeoutException
instanceKlass java/util/concurrent/ExecutionException
instanceKlass java/lang/invoke/LambdaConversionException
instanceKlass javax/management/JMException
instanceKlass sun/nio/fs/WindowsException
instanceKlass java/text/ParseException
instanceKlass javax/xml/parsers/ParserConfigurationException
instanceKlass org/xml/sax/SAXException
instanceKlass javax/naming/NamingException
instanceKlass java/lang/InterruptedException
instanceKlass java/lang/CloneNotSupportedException
instanceKlass java/security/GeneralSecurityException
instanceKlass java/security/PrivilegedActionException
instanceKlass java/net/URISyntaxException
instanceKlass java/io/IOException
instanceKlass java/lang/ReflectiveOperationException
instanceKlass java/lang/RuntimeException
ciInstanceKlass java/lang/Exception 1 1 40 10 7 12 1 1 1 10 12 1 10 12 1 10 12 1 10 12 1 100 1 1 1 1 5 0 1 1 1 1 1 1 1 1 1 1 1 1 1 1
instanceKlass java/lang/reflect/InvocationTargetException
instanceKlass java/lang/InstantiationException
instanceKlass java/lang/IllegalAccessException
instanceKlass java/lang/NoSuchFieldException
instanceKlass java/lang/NoSuchMethodException
instanceKlass java/lang/ClassNotFoundException
ciInstanceKlass java/lang/ReflectiveOperationException 1 1 34 10 7 12 1 1 1 10 12 1 10 12 1 10 12 1 100 1 1 1 1 5 0 1 1 1 1 1 1 1 1 1 1 1
instanceKlass com/google/common/util/concurrent/ExecutionError
instanceKlass java/io/IOError
instanceKlass org/spongepowered/asm/service/ServiceVersionError
instanceKlass org/spongepowered/asm/service/ServiceNotAvailableError
instanceKlass org/spongepowered/asm/mixin/throwables/MixinError
instanceKlass java/util/ServiceConfigurationError
instanceKlass java/lang/AssertionError
instanceKlass java/lang/VirtualMachineError
instanceKlass java/lang/LinkageError
instanceKlass java/lang/ThreadDeath
ciInstanceKlass java/lang/Error 1 1 40 10 7 12 1 1 1 10 12 1 10 12 1 10 12 1 10 12 1 100 1 1 1 1 5 0 1 1 1 1 1 1 1 1 1 1 1 1 1 1
ciInstanceKlass java/lang/ThreadDeath 0 0 21 10 100 12 1 1 1 100 1 1 1 1 5 0 1 1 1 1 1 1 1
ciInstanceKlass java/lang/ClassNotFoundException 1 1 96 7 1 10 7 12 1 1 1 10 12 1 10 12 1 1 10 100 12 1 1 1 8 1 10 100 12 1 1 1 10 7 12 1 1 10 100 12 1 1 1 10 100 12 1 1 1 10 12 1 1 7 1 10 12 1 9 12 1 1 1 1 1 5 0 1 1 1 1 1 1 1 1 1 1 1 1 1 1 1 1 1 1 100 1 1 1 1 1 1 1 1 1 1 1 1
staticfield java/lang/ClassNotFoundException serialPersistentFields [Ljava/io/ObjectStreamField; 1 [Ljava/io/ObjectStreamField;
instanceKlass java/lang/ExceptionInInitializerError
instanceKlass java/lang/ClassFormatError
instanceKlass org/spongepowered/asm/mixin/throwables/CompanionPluginError
instanceKlass java/lang/VerifyError
instanceKlass java/lang/UnsatisfiedLinkError
instanceKlass java/lang/IncompatibleClassChangeError
instanceKlass java/lang/BootstrapMethodError
instanceKlass java/lang/NoClassDefFoundError
ciInstanceKlass java/lang/LinkageError 1 1 31 10 7 12 1 1 1 10 12 1 10 12 1 100 1 1 1 1 5 0 1 1 1 1 1 1 1 1 1 1 1
instanceKlass net/minecraft/client/gui/font/providers/UnihexProvider$Glyph
instanceKlass net/minecraft/client/gui/font/providers/UnihexProvider$ByteContents
instanceKlass net/minecraft/client/gui/font/providers/UnihexProvider$ShortContents
instanceKlass net/minecraft/client/renderer/texture/Stitcher$Holder
instanceKlass net/minecraft/client/renderer/block/model/BlockElementRotation
instanceKlass net/minecraft/client/renderer/texture/atlas/sources/PalettedPermutations$PalettedSpriteSupplier
instanceKlass net/minecraftforge/client/model/ForgeFaceData
instanceKlass net/minecraft/client/gui/font/providers/BitmapProvider$Glyph
instanceKlass net/minecraft/client/gui/font/FontManager$BuilderResult
instanceKlass net/minecraft/client/gui/font/providers/GlyphProviderDefinition$Reference
instanceKlass net/minecraft/client/gui/font/FontManager$BuilderId
instanceKlass net/minecraft/client/renderer/GameRenderer$ResourceCache
instanceKlass net/minecraft/client/renderer/texture/atlas/sources/Unstitcher$Region
instanceKlass net/minecraft/client/particle/ParticleEngine$1ParticleDefinition
instanceKlass net/minecraft/client/resources/model/ModelBakery$LoadedJson
instanceKlass net/minecraft/client/gui/font/providers/ProviderReferenceDefinition
instanceKlass net/minecraft/client/renderer/texture/atlas/SpriteSourceType
instanceKlass net/minecraft/client/resources/model/ModelManager$ReloadState
instanceKlass net/minecraft/client/renderer/texture/SpriteLoader$Preparations
instanceKlass net/minecraft/client/gui/font/providers/UnihexProvider$Dimensions
instanceKlass net/minecraft/client/gui/font/providers/UnihexProvider$OverrideRange
instanceKlass com/mojang/blaze3d/font/SpaceProvider$Definition
instanceKlass net/minecraft/client/gui/font/providers/TrueTypeGlyphProviderDefinition$Shift
instanceKlass net/minecraft/client/resources/metadata/animation/FrameSize
instanceKlass net/minecraft/client/gui/font/providers/TrueTypeGlyphProviderDefinition
instanceKlass net/minecraft/client/gui/font/providers/BitmapProvider$Definition
instanceKlass mezz/jei/common/network/ServerPacketData
instanceKlass net/minecraftforge/fml/VersionChecker$CheckResult
instanceKlass net/minecraft/server/packs/resources/FallbackResourceManager$1ResourceWithSourceAndIndex
instanceKlass net/minecraft/client/gui/font/FontManager$Preparation
instanceKlass net/minecraft/client/gui/font/FontManager$FontDefinitionFile
instanceKlass net/minecraft/client/gui/font/FontManager$UnresolvedBuilderBundle
instanceKlass net/minecraft/server/packs/resources/FallbackResourceManager$ResourceWithSource
instanceKlass net/minecraft/server/packs/resources/FallbackResourceManager$EntryStack
instanceKlass net/minecraft/client/gui/navigation/FocusNavigationEvent$ArrowNavigation
instanceKlass net/minecraft/client/gui/navigation/FocusNavigationEvent$TabNavigation
instanceKlass net/minecraft/server/packs/resources/FallbackResourceManager$PackEntry
instanceKlass net/minecraft/client/multiplayer/chat/report/AbuseReportSender$Services
instanceKlass net/minecraft/client/multiplayer/chat/report/ReportEnvironment
instanceKlass net/minecraft/client/gui/screens/worldselection/WorldCreationContext
instanceKlass net/minecraftforge/client/RenderTypeGroup
instanceKlass net/minecraft/data/models/ItemModelGenerators$TrimModelData
instanceKlass net/minecraft/client/particle/SculkChargePopParticle$Provider
instanceKlass net/minecraft/client/particle/SculkChargeParticle$Provider
instanceKlass com/mojang/blaze3d/vertex/BufferBuilder$DrawState
instanceKlass net/minecraft/world/level/block/entity/DecoratedPotBlockEntity$Decorations
instanceKlass net/minecraft/client/resources/model/AtlasSet$AtlasEntry
instanceKlass net/minecraft/client/gui/font/GlyphRenderTypes
instanceKlass net/minecraft/client/gui/font/FontSet$GlyphInfoFilter
instanceKlass net/minecraft/client/resources/language/LanguageInfo
instanceKlass net/minecraft/server/packs/repository/Pack$Info
instanceKlass net/minecraft/server/packs/FeatureFlagsMetadataSection
instanceKlass net/minecraftforge/registries/holdersets/AnyHolderSet
instanceKlass net/minecraftforge/common/world/ForgeBiomeModifiers$RemoveSpawnsBiomeModifier
instanceKlass net/minecraftforge/common/world/ForgeBiomeModifiers$AddSpawnsBiomeModifier
instanceKlass net/minecraftforge/common/world/ForgeBiomeModifiers$RemoveFeaturesBiomeModifier
instanceKlass net/minecraftforge/common/world/ForgeBiomeModifiers$AddFeaturesBiomeModifier
instanceKlass com/ldtteam/domumornamentum/block/ModCreativeTabs$OutputAwareGenerator
instanceKlass dev/architectury/registry/registries/forge/RegistrarManagerImpl$RegistryEntryId
instanceKlass net/minecraft/world/damagesource/DamageType
instanceKlass net/minecraft/world/item/armortrim/TrimMaterial
instanceKlass net/minecraft/world/item/armortrim/TrimPattern
instanceKlass net/minecraft/world/level/levelgen/flat/FlatLevelGeneratorPreset
instanceKlass net/minecraft/world/level/dimension/LevelStem
instanceKlass net/minecraft/network/chat/ChatTypeDecoration
instanceKlass net/minecraft/network/chat/ChatType
instanceKlass net/minecraft/resources/RegistryDataLoader$RegistryData
instanceKlass net/minecraftforge/registries/DataPackRegistryEvent$DataPackRegistryData
instanceKlass net/minecraftforge/registries/NewRegistryEvent$RegistryData
instanceKlass mezz/jei/library/color/ColorName
instanceKlass mezz/jei/library/startup/StartData
instanceKlass com/ldtteam/structurize/storage/ServerFutureProcessor$BlueprintListProcessingData
instanceKlass com/ldtteam/structurize/storage/ServerFutureProcessor$BlueprintProcessingData
instanceKlass com/ldtteam/structurize/storage/ServerFutureProcessor$BlueprintDataProcessingData
instanceKlass net/minecraftforge/client/gui/overlay/NamedGuiOverlay
instanceKlass mezz/jei/common/network/ClientPacketData
instanceKlass net/minecraftforge/fml/config/IConfigEvent$ConfigConfig
instanceKlass net/minecraft/network/chat/contents/StorageDataSource
instanceKlass net/minecraft/network/chat/contents/EntityDataSource
instanceKlass net/minecraft/network/chat/contents/BlockDataSource
instanceKlass com/ldtteam/structurize/storage/ClientFutureProcessor$BlueprintProcessingData
instanceKlass com/ldtteam/structurize/storage/ClientFutureProcessor$BlueprintDataProcessingData
instanceKlass net/minecraft/network/chat/ChatType$Bound
instanceKlass net/minecraftforge/common/TierSortingRegistry$SyncPacket
instanceKlass dev/ftb/mods/ftblibrary/ui/CustomClickEvent
instanceKlass net/minecraftforge/network/ServerStatusPing
instanceKlass net/minecraftforge/network/ServerStatusPing$ChannelData
instanceKlass net/minecraft/world/level/storage/LevelStorageSource$LevelDirectory
instanceKlass net/minecraftforge/server/permission/nodes/PermissionDynamicContextKey
instanceKlass net/minecraftforge/registries/ObjectHolderRegistry$VanillaObjectHolderData
instanceKlass net/minecraftforge/fml/IExtensionPoint$DisplayTest
instanceKlass net/minecraftforge/forgespi/locating/ForgeFeature$MissingFeatureTest
instanceKlass net/minecraftforge/forgespi/locating/ForgeFeature$VersionFeatureTest
instanceKlass net/minecraftforge/fml/core/ParallelTransition
instanceKlass net/minecraftforge/fml/ModLoadingState
instanceKlass com/mojang/authlib/yggdrasil/YggdrasilServicesKeyInfo$KeyData
instanceKlass net/minecraft/util/ModCheck
instanceKlass jdk/net/UnixDomainPrincipal
instanceKlass net/minecraft/client/OptionInstance$LazyEnum
instanceKlass net/minecraft/client/OptionInstance$ClampingLazyMaxIntRange
instanceKlass net/minecraft/client/OptionInstance$AltEnum
instanceKlass net/minecraft/client/OptionInstance$IntRange
instanceKlass net/minecraft/client/OptionInstance$Enum
instanceKlass com/mojang/authlib/minecraft/UserApiService$UserProperties
instanceKlass net/minecraft/server/packs/linkfs/PathContents$FileContents
instanceKlass net/minecraft/server/packs/linkfs/PathContents$DirectoryContents
instanceKlass net/minecraft/server/packs/linkfs/LinkFileSystem$DirectoryEntry
instanceKlass net/minecraft/client/PeriodicNotificationManager$Notification
instanceKlass net/minecraft/client/main/GameConfig$QuickPlayData
instanceKlass net/minecraft/network/chat/contents/LiteralContents
instanceKlass net/minecraft/world/item/CreativeModeTab$ItemDisplayParameters
instanceKlass net/minecraft/world/level/levelgen/DensityFunctions$YClampedGradient
instanceKlass net/minecraft/world/level/levelgen/DensityFunctions$Constant
instanceKlass net/minecraft/util/CubicSpline$1Point
instanceKlass net/minecraft/util/CubicSpline$Multipoint
instanceKlass net/minecraft/world/level/levelgen/DensityFunctions$Spline$Coordinate
instanceKlass net/minecraft/world/level/levelgen/DensityFunctions$Spline
instanceKlass net/minecraft/world/level/levelgen/DensityFunctions$Mapped
instanceKlass net/minecraft/world/level/levelgen/DensityFunctions$Clamp
instanceKlass net/minecraft/world/level/levelgen/DensityFunctions$BlendDensity
instanceKlass net/minecraft/world/level/levelgen/DensityFunctions$Shift
instanceKlass net/minecraft/world/level/levelgen/DensityFunctions$ShiftB
instanceKlass net/minecraft/world/level/levelgen/DensityFunctions$ShiftA
instanceKlass net/minecraft/world/level/levelgen/DensityFunctions$RangeChoice
instanceKlass net/minecraft/world/level/levelgen/DensityFunctions$ShiftedNoise
instanceKlass net/minecraft/world/level/levelgen/DensityFunctions$WeirdScaledSampler
instanceKlass net/minecraft/world/level/levelgen/DensityFunction$NoiseHolder
instanceKlass net/minecraft/world/level/levelgen/DensityFunctions$Noise
instanceKlass net/minecraft/world/level/levelgen/SurfaceRules$TestRuleSource
instanceKlass net/minecraft/world/level/levelgen/SurfaceRules$SequenceRuleSource
instanceKlass net/minecraft/world/level/levelgen/SurfaceRules$BlockRuleSource
instanceKlass net/minecraft/world/level/levelgen/SurfaceRules$NotConditionSource
instanceKlass net/minecraft/world/level/levelgen/SurfaceRules$WaterConditionSource
instanceKlass net/minecraft/world/level/levelgen/SurfaceRules$YConditionSource
instanceKlass net/minecraft/world/level/levelgen/SurfaceRules$VerticalGradientConditionSource
instanceKlass net/minecraft/world/level/levelgen/SurfaceRules$NoiseThresholdConditionSource
instanceKlass net/minecraft/world/level/levelgen/SurfaceRules$StoneDepthCheck
instanceKlass net/minecraft/util/KeyDispatchDataCodec
instanceKlass net/minecraft/world/level/levelgen/DensityFunctions$HolderHolder
instanceKlass net/minecraft/world/level/levelgen/NoiseRouter
instanceKlass net/minecraft/world/level/levelgen/NoiseSettings
instanceKlass net/minecraft/world/level/levelgen/NoiseGeneratorSettings
instanceKlass net/minecraft/world/level/biome/MultiNoiseBiomeSourceParameterList$Preset
instanceKlass net/minecraft/world/level/biome/Climate$Parameter
instanceKlass net/minecraft/world/level/biome/Climate$ParameterPoint
instanceKlass net/minecraft/world/level/biome/MobSpawnSettings$MobSpawnCost
instanceKlass net/minecraft/world/level/biome/Biome$ClimateSettings
instanceKlass net/minecraft/world/level/levelgen/feature/rootplacers/MangroveRootPlacement
instanceKlass net/minecraft/world/level/levelgen/feature/rootplacers/AboveRootPlacement
instanceKlass net/minecraft/util/InclusiveRange
instanceKlass net/minecraft/world/level/levelgen/synth/NormalNoise$NoiseParameters
instanceKlass net/minecraft/world/level/levelgen/structure/structures/RuinedPortalStructure$Setup
instanceKlass net/minecraft/core/Holder$Direct
instanceKlass net/minecraft/world/level/levelgen/structure/StructureSpawnOverride
instanceKlass net/minecraft/world/level/levelgen/structure/Structure$StructureSettings
instanceKlass net/minecraft/world/level/levelgen/structure/pieces/StructurePieceSerializationContext
instanceKlass net/minecraft/world/level/levelgen/structure/StructureSet$StructureSelectionEntry
instanceKlass net/minecraft/world/level/levelgen/structure/StructureSet
instanceKlass net/minecraft/world/level/levelgen/structure/placement/StructurePlacement$ExclusionZone
instanceKlass net/minecraft/world/level/levelgen/feature/configurations/SculkPatchConfiguration
instanceKlass net/minecraft/world/level/levelgen/feature/configurations/TwistingVinesConfig
instanceKlass net/minecraft/world/level/levelgen/feature/configurations/SimpleBlockConfiguration
instanceKlass net/minecraft/world/level/levelgen/feature/LakeFeature$Configuration
instanceKlass net/minecraft/world/level/levelgen/feature/stateproviders/RuleBasedBlockStateProvider$Rule
instanceKlass net/minecraft/world/level/levelgen/feature/stateproviders/RuleBasedBlockStateProvider
instanceKlass net/minecraft/world/level/levelgen/feature/configurations/DiskConfiguration
instanceKlass net/minecraft/world/level/levelgen/feature/configurations/BlockColumnConfiguration$Layer
instanceKlass net/minecraft/world/level/levelgen/feature/configurations/BlockColumnConfiguration
instanceKlass net/minecraft/world/level/levelgen/placement/PlacedFeature
instanceKlass net/minecraft/world/level/levelgen/feature/configurations/RandomPatchConfiguration
instanceKlass net/minecraft/world/level/levelgen/feature/ConfiguredFeature
instanceKlass net/minecraft/world/level/levelgen/carver/ConfiguredWorldCarver
instanceKlass net/minecraft/util/ExtraCodecs$LazyInitializedCodec
instanceKlass net/minecraft/world/level/levelgen/VerticalAnchor$BelowTop
instanceKlass net/minecraft/world/level/levelgen/VerticalAnchor$AboveBottom
instanceKlass net/minecraft/world/level/dimension/DimensionType$MonsterSettings
instanceKlass net/minecraft/world/level/dimension/DimensionType
instanceKlass net/minecraft/world/level/levelgen/VerticalAnchor$Absolute
instanceKlass net/minecraft/commands/arguments/selector/options/EntitySelectorOptions$Option
instanceKlass com/mojang/datafixers/RewriteResult
instanceKlass com/mojang/datafixers/View
instanceKlass net/minecraft/util/datafix/fixes/StructuresBecomeConfiguredFix$Conversion
instanceKlass com/mojang/datafixers/functions/PointFreeRule$Everywhere
instanceKlass com/mojang/datafixers/functions/PointFreeRule$Seq
instanceKlass com/mojang/datafixers/types/templates/CompoundList
instanceKlass com/mojang/datafixers/types/templates/Hook
instanceKlass com/mojang/datafixers/types/templates/Check
instanceKlass com/mojang/datafixers/types/templates/Product
instanceKlass com/mojang/datafixers/types/templates/Tag
instanceKlass com/mojang/datafixers/types/templates/List
instanceKlass com/mojang/datafixers/types/templates/RecursivePoint
instanceKlass com/mojang/datafixers/types/templates/Named
instanceKlass com/mojang/datafixers/types/templates/Sum
instanceKlass com/mojang/datafixers/types/templates/Const
instanceKlass net/minecraft/world/level/block/state/properties/BlockSetType
instanceKlass net/minecraft/world/level/block/state/properties/WoodType
instanceKlass net/minecraft/core/particles/SculkChargeParticleOptions
instanceKlass net/minecraft/tags/TagKey
instanceKlass net/minecraftforge/registries/ForgeRegistry$OverrideOwner
instanceKlass net/minecraft/world/level/block/state/properties/Property$Value
instanceKlass net/minecraft/world/item/Instrument
instanceKlass net/minecraft/world/entity/animal/FrogVariant
instanceKlass net/minecraft/world/entity/animal/CatVariant
instanceKlass net/minecraft/world/entity/ai/village/poi/PoiType
instanceKlass net/minecraft/world/entity/npc/VillagerProfession
instanceKlass net/minecraftforge/eventbus/Names$Method
instanceKlass net/minecraft/resources/ResourceKey$InternKey
instanceKlass cpw/mods/modlauncher/LaunchServiceHandlerDecorator
instanceKlass net/minecraft/client/telemetry/events/GameLoadTimesEvent$Measurement
instanceKlass net/minecraft/util/ExtraCodecs$TagOrElementLocation
instanceKlass net/minecraft/client/telemetry/TelemetryProperty
instanceKlass net/minecraftforge/forgespi/language/ModFileScanData$AnnotationData
instanceKlass net/minecraftforge/forgespi/language/ModFileScanData$ClassData
instanceKlass cpw/mods/modlauncher/api/ITransformationService$Resource
instanceKlass net/minecraftforge/fml/loading/UniqueModListBuilder$UniqueModListData
instanceKlass net/minecraftforge/forgespi/locating/ForgeFeature$Bound
instanceKlass net/minecraftforge/forgespi/language/IModFileInfo$LanguageSpec
instanceKlass net/minecraftforge/fml/earlydisplay/SimpleFont$Pos
instanceKlass net/minecraftforge/fml/earlydisplay/SimpleFont$DisplayText
instanceKlass net/minecraftforge/fml/loading/progress/StartupNotificationManager$AgeMessage
instanceKlass net/minecraftforge/fml/loading/targets/CommonLaunchHandler$LocatedPaths
instanceKlass net/minecraftforge/fml/earlydisplay/SimpleFont$Glyph
instanceKlass net/minecraftforge/fml/earlydisplay/RenderElement$DisplayContext
instanceKlass net/minecraftforge/fml/loading/targets/CommonLaunchHandler$1ExplodedModPath
instanceKlass net/minecraftforge/fml/loading/moddiscovery/ExplodedDirectoryLocator$ExplodedMod
instanceKlass net/minecraftforge/forgespi/locating/IModLocator$ModFileOrException
instanceKlass net/minecraftforge/fml/loading/VersionInfo
instanceKlass net/minecraftforge/fml/earlydisplay/ColourScheme$Colour
instanceKlass cpw/mods/modlauncher/ModuleLayerHandler$PathOrJar
instanceKlass cpw/mods/modlauncher/ArgumentHandler$DiscoveryData
instanceKlass cpw/mods/jarhandling/impl/ManifestVerifier$1Expected
instanceKlass net/minecraftforge/fml/common/asm/ObjectHolderDefinalize$VanillaObjectHolderData
instanceKlass cpw/mods/modlauncher/api/NamedPath
instanceKlass cpw/mods/modlauncher/LaunchServiceHandlerDecorator
instanceKlass cpw/mods/modlauncher/ModuleLayerHandler$LayerInfo
instanceKlass jdk/jfr/internal/dcmd/Argument
instanceKlass cpw/mods/cl/JarModuleFinder$1ref
instanceKlass cpw/mods/bootstraplauncher/BootstrapLauncher$PackageTracker
instanceKlass cpw/mods/jarhandling/impl/Jar$StatusData
instanceKlass sun/security/pkcs/SignerInfo$AlgorithmInfo
instanceKlass jdk/internal/misc/ThreadTracker$ThreadRef
instanceKlass cpw/mods/jarhandling/impl/SimpleJarMetadata
instanceKlass cpw/mods/jarhandling/SecureJar$Provider
instanceKlass cpw/mods/niofs/union/UnionFileSystem$EmbeddedFileSystemMetadata
instanceKlass cpw/mods/jarhandling/impl/Jar$JarModuleDataProvider
ciInstanceKlass java/lang/Record 1 1 22 10 7 12 1 1 1 100 1 1 1 1 1 1 1 1 1 1 1 1 1 1
ciInstanceKlass java/lang/StringLatin1 1 1 380 7 1 10 100 12 1 1 1 100 1 10 12 1 10 7 12 1 1 1 10 7 12 1 1 1 10 12 1 10 7 12 1 1 1 10 12 1 1 10 7 12 1 1 1 10 12 1 1 10 12 1 1 10 10 12 1 10 12 1 1 10 9 7 12 1 1 1 10 12 1 1 10 7 12 1 1 1 10 12 10 12 1 1 10 12 1 1 10 12 1 1 10 7 12 1 1 1 10 12 1 10 12 1 1 9 12 1 1 100 1 10 10 100 12 1 1 1 10 7 12 1 1 1 10 12 1 10 12 1 100 1 100 1 8 1 10 12 1 8 1 10 12 100 1 10 10 10 7 12 1 1 1 8 1 8 1 8 1 10 12 1 1 10 100 12 1 1 10 12 1 10 12 1 1 10 12 1 1 10 12 1 1 10 12 1 10 12 10 12 10 12 1 10 12 10 10 12 1 10 12 1 10 12 1 10 7 12 1 1 1 10 7 12 1 1 1 10 12 1 1 10 12 1 1 10 10 7 12 1 1 1 1 1 1 1 1 1 1 1 1 1 1 1 1 1 1 1 1 1 1 1 1 1 1 1 1 1 1 1 1 1 1 1 1 1 1 1 1 1 1 1 1 1 1 1 1 1 1 1 1 100 1 1 1 1 1 1 1 1 1 1 1 1 1 1 1 1 1 1 1 1 1 1 1 1 1 1 1 1 1 1 1 1 1 1 1 1 1 1 1 1 1 1 1 1 100 1 1 1 1 1 1 1 1 1 1 1 1 1 1 1 1 1 1 1 1 1 100 1 1 1 1 1 1 1 1 1 1 1 1 1 1 1 1 1 1 1 1 1 1 1 1 1 1 100 1 1 1 1
staticfield java/lang/StringLatin1 $assertionsDisabled Z 1
ciInstanceKlass java/lang/Math 1 1 395 10 100 12 1 1 1 10 7 12 1 1 1 10 12 1 10 12 1 10 12 1 10 12 1 10 12 1 7 1 6 0 6 0 10 12 1 10 12 1 10 12 1 10 12 1 10 12 1 10 12 1 1 10 12 1 10 12 1 10 12 1 10 12 1 10 12 1 10 7 12 1 1 1 100 1 3 3 3 10 7 12 1 1 1 100 1 5 0 5 0 5 0 5 0 5 0 9 100 12 1 1 1 10 100 12 1 1 1 100 1 8 1 10 12 1 8 1 10 12 1 1 10 12 1 1 100 1 5 0 5 0 100 1 3 5 0 3 5 0 10 12 1 10 12 1 8 1 10 12 1 8 1 9 12 1 1 9 12 1 10 12 1 1 6 0 10 12 1 9 12 1 1 100 1 10 10 12 1 100 1 10 12 1 10 12 1 1 10 12 1 10 12 1 10 12 1 10 12 1 1 10 12 1 1 10 12 1 1 10 12 6 0 10 12 1 1 10 12 1 1 10 12 10 12 1 4 10 12 1 1 10 12 1 10 12 1 10 12 10 12 1 10 12 1 10 12 1 10 12 1 10 12 1 10 12 1 10 12 1 5 0 6 0 4 6 0 4 6 0 4 10 12 1 1 9 12 1 1 10 12 1 9 12 1 10 7 12 1 1 1 4 6 0 1 1 6 0 1 6 0 1 1 1 1 1 1 1 1 1 1 1 1 1 1 1 1 1 1 1 1 1 1 1 1 1 1 1 1 1 1 1 1 1 1 1 1 1 1 1 1 1 1 1 1 1 1 1 1 1 1 1 1 1 1 1 1 1 1 1 1 1 1 1 1 1 1 1 1 1 1 1 1 1 1 1 1 1 1 1 1 1 1 1 1 1 1 1 1 1 1 1 1 1 1
staticfield java/lang/Math negativeZeroFloatBits J -2147483648
staticfield java/lang/Math negativeZeroDoubleBits J -9223372036854775808
staticfield java/lang/Math $assertionsDisabled Z 1
ciInstanceKlass java/util/Arrays 1 1 988 10 7 12 1 1 1 10 7 12 1 1 1 10 7 12 1 1 1 10 12 1 10 12 1 10 12 1 10 12 1 10 12 1 10 12 1 10 100 12 1 1 1 100 1 7 1 10 8 1 10 12 1 1 10 12 1 8 1 8 1 10 12 1 1 10 12 1 100 1 10 12 1 9 100 12 1 1 1 10 7 12 1 1 100 1 10 12 1 1 10 7 12 1 1 10 7 12 1 1 1 100 1 10 12 1 10 12 1 1 7 1 9 7 12 1 1 1 10 12 1 1 10 7 12 1 1 10 12 1 10 12 1 1 10 12 1 10 12 1 1 7 1 11 12 1 1 10 12 1 10 7 12 1 1 1 10 12 10 12 1 10 12 1 10 12 10 12 1 11 7 12 1 1 1 10 7 12 1 1 1 100 1 10 12 1 10 100 1 10 12 1 10 100 1 10 12 1 10 100 1 10 12 1 10 10 12 1 1 10 12 1 10 12 1 10 12 1 10 12 1 10 12 1 10 100 12 1 1 1 10 12 1 10 100 12 1 1 1 10 12 1 10 12 1 10 7 12 1 1 1 10 12 1 10 12 1 10 12 1 10 12 1 10 12 1 10 12 1 10 12 1 10 12 1 10 12 1 10 12 1 10 12 1 10 12 1 10 12 1 10 12 1 10 12 1 10 12 1 1 10 12 1 1 10 7 12 1 1 1 10 12 1 8 1 7 1 10 12 10 12 1 10 12 1 1 10 12 1 1 9 100 12 1 1 1 7 1 10 12 1 9 100 1 7 1 10 12 1 9 100 1 7 1 10 12 1 9 100 1 7 1 10 12 1 9 100 1 7 1 10 12 1 9 100 1 7 1 10 12 1 9 7 1 10 12 1 7 1 10 12 1 10 12 1 9 12 1 100 1 10 10 12 1 1 10 12 1 10 12 1 10 12 1 10 12 1 10 12 1 10 12 1 10 12 1 10 12 1 10 12 1 8 1 8 1 10 12 1 10 12 1 8 1 10 12 1 10 12 1 10 12 1 10 7 12 1 1 1 3 10 100 1 10 10 12 1 1 11 100 12 1 1 10 12 1 1 10 12 1 10 12 1 10 12 1 10 12 1 10 12 1 10 12 1 10 12 1 10 12 1 11 12 1 8 1 10 11 12 1 11 100 12 1 1 1 11 100 12 1 1 1 11 12 1 1 18 12 1 1 11 12 1 1 11 100 12 1 1 1 18 12 1 11 100 12 1 1 1 18 12 1 11 100 12 1 1 1 18 12 1 100 1 10 7 12 1 1 1 10 12 1 10 12 1 10 12 1 10 12 1 10 12 1 10 12 1 10 12 1 10 12 1 1 10 12 1 10 7 12 1 1 10 12 1 10 12 1 10 12 1 1 10 12 1 10 12 1 10 12 1 1 10 12 1 10 12 1 10 12 1 1 10 12 1 10 12 1 10 12 1 10 12 1 10 12 10 12 1 10 12 10 12 10 12 1 10 12 10 12 1 10 12 1 10 12 1 1 1 1 3 1 3 1 1 1 1 1 1 1 1 1 1 1 1 1 1 1 1 1 1 1 1 1 1 1 1 1 1 1 1 1 1 1 1 1 1 1 1 1 1 1 1 1 1 1 1 1 1 1 1 1 1 1 1 1 1 1 1 1 1 1 1 1 1 1 1 1 1 1 1 1 1 1 1 1 1 1 1 1 1 1 1 1 1 1 1 1 1 1 1 1 1 1 1 1 1 1 1 1 1 1 1 1 1 1 1 1 1 1 1 1 1 1 1 1 1 1 1 1 1 1 1 1 1 1 1 1 1 1 1 1 1 1 1 1 1 1 1 1 1 1 1 1 1 1 1 1 1 1 1 1 1 1 1 1 1 1 1 1 1 1 1 1 1 1 1 1 1 1 1 1 1 1 1 1 1 1 1 1 1 1 1 1 1 1 1 1 1 1 1 1 1 1 1 1 1 1 1 1 1 1 1 1 1 1 1 1 1 1 1 1 1 1 1 1 1 1 1 1 1 1 1 1 1 1 1 1 1 1 1 1 1 1 1 1 1 1 1 1 1 1 1 1 1 1 1 1 1 1 1 1 1 1 1 1 1 1 1 1 1 1 1 1 100 1 1 15 10 100 12 1 1 1 16 15 10 12 15 10 12 15 10 12 15 10 12 1 1 100 1 100 1 1 1 1 100 1 1 1 1 1 1 100 1 1 100 1 1 100 1 1 1 100 1 100 1 1
staticfield java/util/Arrays $assertionsDisabled Z 1
ciMethod java/lang/StringLatin1 inflate ([BI[BII)V 0 0 179 0 -1
ciMethod java/lang/StringLatin1 newString ([BII)Ljava/lang/String; 512 0 5393 0 1120
ciInstanceKlass java/lang/StringUTF16 1 1 598 100 1 7 1 10 100 12 1 1 1 100 1 10 7 1 3 100 1 100 1 10 8 1 10 12 1 1 10 12 1 8 1 10 12 1 1 10 12 1 9 12 1 1 10 12 1 1 100 1 8 1 10 12 1 9 12 1 1 9 12 1 10 10 12 1 1 10 12 1 1 10 7 12 1 1 1 10 12 1 10 12 1 1 10 12 1 1 10 12 1 1 10 12 1 1 10 12 1 10 12 1 1 10 12 1 1 10 12 1 1 10 12 1 1 10 12 1 10 12 1 10 12 1 1 10 12 1 100 1 10 12 1 10 10 12 1 1 10 12 1 10 12 1 1 10 12 1 10 100 12 1 1 1 10 7 12 1 1 1 10 12 10 12 1 1 10 12 1 10 12 1 1 10 12 1 1 10 12 1 10 12 1 10 12 1 3 10 12 1 1 10 12 1 10 12 1 10 12 1 10 12 1 10 12 1 10 12 1 1 9 12 1 10 12 1 10 12 1 10 12 1 10 12 1 10 12 1 10 10 12 10 12 10 10 100 12 1 1 1 10 7 12 1 1 1 10 12 1 10 12 1 100 1 8 1 8 1 10 12 1 1 100 1 10 10 7 12 1 1 1 10 7 12 1 1 8 1 8 1 8 1 10 12 1 1 10 12 1 1 10 12 10 12 1 10 100 12 1 1 10 12 1 1 10 12 1 1 10 12 1 10 12 10 12 10 12 1 10 12 10 12 1 10 12 1 10 12 1 10 12 1 10 12 1 10 100 12 1 1 1 10 100 12 1 1 1 10 12 1 1 10 12 1 1 11 7 12 1 1 10 12 1 10 12 1 10 12 1 1 9 12 1 1 9 12 1 5 0 5 0 10 12 1 10 12 10 12 10 7 12 1 1 1 10 12 1 1 1 1 1 1 1 1 1 1 1 1 1 1 1 1 1 1 1 1 1 1 1 1 1 1 1 1 1 1 1 100 1 1 1 1 1 1 1 1 1 1 1 1 1 1 1 1 1 1 1 1 1 1 1 1 1 1 1 1 1 1 1 1 1 1 1 1 1 1 1 1 1 1 1 1 1 1 1 1 1 1 1 1 1 1 1 1 1 1 1 1 1 1 1 1 1 1 1 1 1 1 1 1 1 1 1 1 1 1 1 1 1 1 100 1 1 1 1 1 1 1 1 1 1 1 1 1 1 1 1 1 100 1 1 1 1 1 1 1 1 1 1 1 1 1 1 1 1 1 1 1 1 1 1 1 1 1 1 1 1 1 1 1 1 1 1 1 1 1 1 1 1 1 1 1 1 1 1 1 1 1 1 1 1 1 1 1 1 1 1 1 1 1 100 1 100 1 1 1 1 1
staticfield java/lang/StringUTF16 HI_BYTE_SHIFT I 0
staticfield java/lang/StringUTF16 LO_BYTE_SHIFT I 8
staticfield java/lang/StringUTF16 $assertionsDisabled Z 1
ciMethod java/lang/StringUTF16 compress ([BII)[B 340 0 170 0 -1
ciMethod java/lang/StringUTF16 newBytesFor (I)[B 0 0 172 0 -1
ciMethod java/lang/StringUTF16 newString ([BII)Ljava/lang/String; 0 0 170 0 0
ciInstanceKlass java/lang/Boolean 1 1 151 10 7 12 1 1 1 9 7 12 1 1 1 10 12 1 1 10 12 1 8 1 10 7 12 1 1 9 12 1 1 9 12 1 8 1 10 12 1 1 10 12 1 1 10 7 12 1 1 1 100 1 100 1 10 12 1 1 9 100 12 1 1 9 12 10 100 12 1 1 1 10 12 1 1 8 1 10 7 12 1 1 1 9 12 1 1 100 1 100 1 100 1 1 1 1 1 1 5 0 1 1 1 1 1 1 1 1 1 1 3 1 1 1 1 1 1 1 1 1 1 1 1 1 1 1 1 1 1 1 1 100 1 1 1 1 1 1 1 1 1 1 100 1 1 1 1 1 1 1 1
staticfield java/lang/Boolean TRUE Ljava/lang/Boolean; java/lang/Boolean
staticfield java/lang/Boolean FALSE Ljava/lang/Boolean; java/lang/Boolean
staticfield java/lang/Boolean TYPE Ljava/lang/Class; java/lang/Class
instanceKlass java/util/concurrent/locks/AbstractQueuedSynchronizer
ciInstanceKlass java/util/concurrent/locks/AbstractOwnableSynchronizer 1 1 32 10 7 12 1 1 1 9 7 12 1 1 1 100 1 1 1 1 5 0 1 1 1 1 1 1 1 1 1 1 1 1
instanceKlass com/sun/jna/IntegerType
instanceKlass com/google/gson/internal/LazilyParsedNumber
instanceKlass java/math/BigDecimal
instanceKlass java/util/concurrent/atomic/Striped64
instanceKlass java/math/BigInteger
instanceKlass java/util/concurrent/atomic/AtomicLong
instanceKlass java/util/concurrent/atomic/AtomicInteger
instanceKlass java/lang/Long
instanceKlass java/lang/Integer
instanceKlass java/lang/Short
instanceKlass java/lang/Byte
instanceKlass java/lang/Double
instanceKlass java/lang/Float
ciInstanceKlass java/lang/Number 1 1 37 10 7 12 1 1 1 10 7 12 1 1 1 100 1 1 1 1 5 0 1 1 1 1 1 1 1 1 1 1 1 1 1 1 1 1 1
instanceKlass java/lang/LiveStackFrameInfo
ciInstanceKlass java/lang/StackFrameInfo 1 1 132 10 7 12 1 1 1 9 7 12 1 1 1 9 7 1 9 12 1 1 11 7 12 1 1 1 9 12 1 1 11 12 1 1 10 12 1 1 10 7 12 1 1 1 10 12 1 11 12 1 11 12 1 1 11 12 1 10 12 1 1 9 12 1 1 10 12 1 1 10 100 12 1 1 10 12 1 1 11 12 1 1 10 12 1 9 12 1 1 10 12 1 1 100 1 8 1 10 12 1 10 7 12 1 1 1 100 1 1 1 1 1 1 1 1 1 1 1 1 1 1 1 1 1 1 100 1 1 1 1 1 1
staticfield java/lang/StackFrameInfo JLIA Ljdk/internal/access/JavaLangInvokeAccess; java/lang/invoke/MethodHandleImpl$1
ciInstanceKlass java/lang/LiveStackFrameInfo 0 0 97 10 100 12 1 1 1 9 100 12 1 1 1 9 12 1 9 12 1 9 12 1 9 12 1 1 100 1 10 12 1 1 10 12 1 8 1 10 12 1 1 8 1 8 1 8 1 10 100 1 10 12 1 100 1 10 12 1 100 1 100 1 1 1 3 1 3 1 1 1 1 1 1 1 1 1 1 1 1 1 1 1 1 1 1 1 1 1 1 1 1 1 1 1 100 1 1
ciInstanceKlass java/lang/Character 1 1 576 7 1 100 1 100 1 9 12 1 1 8 1 9 12 1 1 100 1 9 12 1 1 10 100 12 1 1 1 10 100 12 1 1 1 10 100 12 1 1 1 10 7 12 1 1 1 9 7 12 1 1 1 10 12 1 10 12 1 1 10 12 1 1 10 7 12 1 1 10 12 1 1 3 3 3 3 3 10 12 1 1 10 12 1 3 11 7 12 1 1 1 11 12 1 1 10 12 1 1 10 12 1 1 100 1 10 10 12 1 3 10 12 1 1 10 12 1 10 12 1 1 100 1 8 1 10 12 1 1 10 12 1 10 12 1 10 12 1 10 12 1 10 12 1 1 10 12 1 10 7 12 1 1 10 10 12 1 10 10 12 1 10 12 1 1 10 12 1 10 10 12 1 10 12 1 10 12 1 10 12 1 10 12 1 10 12 1 10 12 1 10 12 10 10 12 10 10 12 1 10 10 12 1 10 10 12 1 10 10 12 1 10 10 12 1 10 10 12 1 10 10 12 1 1 10 10 12 1 10 5 0 10 12 1 10 12 1 10 10 12 1 10 10 12 1 1 10 10 12 1 10 10 12 1 9 12 1 1 100 1 10 10 12 1 10 12 1 1 3 10 100 12 1 1 1 10 12 1 10 100 12 1 1 100 1 10 10 12 1 1 10 12 1 1 10 12 1 1 8 1 10 12 1 9 100 12 1 1 1 10 12 1 10 10 12 1 10 12 1 1 10 12 1 10 10 12 1 1 10 10 12 1 1 100 1 8 1 10 12 1 1 10 7 12 1 1 1 8 1 10 12 1 1 9 12 1 1 100 1 100 1 100 1 1 1 1 3 1 3 1 3 1 3 1 1 1 1 1 3 1 1 3 1 3 1 3 1 3 1 3 1 3 1 3 1 3 1 3 1 3 1 3 1 3 1 3 1 3 1 3 1 3 1 3 1 3 1 3 1 3 1 3 1 3 1 3 1 3 1 3 1 3 1 3 1 3 1 1 1 1 1 1 1 1 1 1 1 1 1 1 1 1 1 1 1 3 1 1 1 1 1 1 1 3 1 1 3 1 1 1 1 1 3 1 1 5 0 1 1 1 1 1 1 1 1 1 1 1 1 1 1 1 1 1 1 1 1 1 1 1 1 1 1 1 1 1 1 1 1 1 1 1 1 1 1 1 1 1 1 1 1 1 1 1 1 1 1 1 1 1 1 1 1 1 1 1 1 1 1 1 1 1 1 1 1 1 1 1 1 1 1 1 1 1 1 1 1 1 1 1 1 1 1 1 1 1 100 1 100 1 1 1 1 1 1
staticfield java/lang/Character TYPE Ljava/lang/Class; java/lang/Class
staticfield java/lang/Character $assertionsDisabled Z 1
ciInstanceKlass java/lang/Float 1 1 223 7 1 100 1 10 7 12 1 1 1 10 100 12 1 1 1 4 100 1 10 12 1 1 10 12 1 1 8 1 8 1 10 100 12 1 1 1 10 12 1 1 10 12 1 1 10 4 4 4 10 7 12 1 1 9 12 1 1 10 12 1 1 10 12 1 10 12 1 10 12 1 1 10 12 1 10 12 1 3 10 12 1 1 10 12 1 1 10 12 1 10 100 12 1 1 1 10 12 1 1 10 12 1 1 8 1 10 7 12 1 1 1 9 12 1 1 100 1 100 1 100 1 1 1 1 1 4 1 1 1 4 1 1 3 1 3 1 3 1 3 1 1 1 1 5 0 1 1 1 1 1 1 1 1 1 1 7 1 1 1 1 1 1 1 1 1 1 1 1 1 3 1 1 1 1 1 1 1 1 1 1 1 1 1 1 1 1 1 1 1 1 1 1 1 1 1 1 1 1 1 1 1 1 1 1 1 1 1 1 7 1 1 1 1 1 1 1 100 1 100 1 1
staticfield java/lang/Float TYPE Ljava/lang/Class; java/lang/Class
ciInstanceKlass java/lang/Double 1 1 285 7 1 100 1 10 7 12 1 1 1 10 12 1 1 10 12 1 100 1 10 12 1 1 10 100 12 1 1 1 6 0 8 1 10 12 1 1 8 1 10 12 1 1 8 1 6 0 10 12 1 1 100 1 5 0 5 0 8 1 8 1 10 100 12 1 1 1 10 100 12 1 1 1 8 1 10 12 1 1 8 1 8 1 8 1 10 12 1 1 10 12 1 10 12 1 1 10 12 1 10 12 1 10 12 1 1 10 12 1 10 6 0 6 0 6 0 10 7 12 1 1 9 12 1 1 10 12 1 10 12 1 10 12 1 10 12 1 5 0 10 12 1 1 10 12 1 10 12 1 10 100 12 1 1 1 10 12 1 1 10 12 1 1 8 1 10 7 12 1 1 1 9 12 1 1 100 1 100 1 100 1 1 1 1 1 6 0 1 1 1 6 0 1 1 3 1 3 1 3 1 3 1 1 1 1 5 0 1 1 1 1 1 1 1 1 1 1 1 1 1 1 1 1 7 1 1 1 1 1 1 1 1 1 1 1 1 3 1 1 1 1 1 1 1 1 1 1 1 1 1 1 1 1 1 1 1 1 1 1 1 1 1 1 1 1 1 1 1 1 1 1 7 1 1 1 1 1 1 1 100 1 100 1 1
staticfield java/lang/Double TYPE Ljava/lang/Class; java/lang/Class
ciInstanceKlass java/lang/Byte 1 1 215 7 1 100 1 10 100 12 1 1 1 9 12 1 1 8 1 9 12 1 1 100 1 10 12 1 1 10 12 1 1 10 100 12 1 1 1 10 100 12 1 1 1 9 7 12 1 1 1 10 12 1 1 100 1 100 1 10 12 1 1 8 1 10 12 1 1 8 1 10 12 1 10 12 1 10 12 1 10 12 1 1 10 12 1 10 12 1 10 12 1 1 10 8 1 8 1 10 7 1 9 12 1 1 10 12 1 10 12 1 1 10 12 1 1 10 12 1 1 10 12 1 5 0 10 12 1 1 8 1 10 7 12 1 1 1 9 12 1 1 100 1 100 1 1 1 3 1 3 1 1 1 1 3 1 3 1 1 5 0 1 1 1 1 1 1 1 1 1 1 1 1 1 1 1 1 1 1 1 1 1 1 1 1 1 1 1 1 1 1 1 1 1 1 1 1 1 1 1 1 1 1 1 1 1 1 1 1 1 1 1 1 1 1 1
staticfield java/lang/Byte TYPE Ljava/lang/Class; java/lang/Class
ciInstanceKlass java/lang/Short 1 1 224 7 1 100 1 100 1 10 100 12 1 1 1 10 12 1 1 100 1 100 1 10 12 1 1 8 1 10 12 1 1 8 1 10 12 1 10 12 1 10 12 1 10 12 1 1 10 12 1 1 10 12 1 9 12 1 1 8 1 9 12 1 1 100 1 10 12 1 1 10 12 1 10 100 12 1 1 1 10 100 12 1 1 1 9 7 12 1 1 1 10 12 1 10 12 1 1 10 8 1 8 1 10 7 1 9 12 1 1 10 12 1 10 12 1 1 10 12 1 1 10 12 1 1 10 12 1 3 3 5 0 10 12 1 1 8 1 10 7 12 1 1 1 9 12 1 1 100 1 100 1 1 1 3 1 3 1 1 1 1 3 1 3 1 1 5 0 1 1 1 1 1 1 1 1 1 1 1 1 1 1 1 1 1 1 1 1 1 1 1 1 1 1 1 3 1 1 1 1 1 1 1 1 1 1 1 1 1 1 1 1 1 1 1 1 1 1 1 1 1 1 1 1 1
staticfield java/lang/Short TYPE Ljava/lang/Class; java/lang/Class
ciInstanceKlass java/lang/Integer 1 1 445 7 1 100 1 7 1 7 1 10 12 1 1 9 12 1 1 9 12 1 1 10 100 12 1 1 1 10 12 1 1 10 100 12 1 1 1 10 10 12 1 1 10 100 12 1 1 1 10 12 1 10 12 1 1 10 7 12 1 1 1 10 12 1 1 10 12 1 1 10 12 1 10 12 1 10 12 1 1 10 10 12 1 9 12 1 1 9 12 1 7 1 8 1 10 12 1 100 1 10 12 1 8 1 10 12 1 1 10 12 1 8 1 10 12 1 8 1 10 12 1 1 3 10 12 1 1 3 10 12 1 1 10 12 1 1 10 7 12 1 1 1 11 7 1 100 1 10 11 10 12 1 1 8 1 10 12 1 1 8 1 100 1 10 12 1 1 10 12 1 1 5 0 8 1 10 12 1 10 12 1 10 12 1 10 12 1 1 7 1 9 12 1 1 9 12 1 1 10 12 1 10 7 1 9 12 1 10 12 1 10 12 1 10 12 1 1 10 7 12 1 1 1 100 1 100 1 10 12 1 1 10 12 1 1 8 1 8 1 10 12 1 1 8 1 8 1 8 1 8 1 8 1 8 1 10 12 1 10 12 1 10 12 1 5 0 3 3 3 3 10 12 1 3 10 12 1 10 100 12 1 1 1 10 12 1 1 10 12 1 1 8 1 10 7 12 1 1 1 9 12 1 1 3 3 3 3 3 3 9 12 1 1 100 1 100 1 100 1 1 1 1 1 1 1 3 1 3 1 1 5 0 1 1 1 1 1 1 1 1 1 100 1 1 1 1 1 1 1 1 1 1 1 1 1 1 1 1 1 1 1 1 1 1 1 1 1 1 1 1 1 1 1 1 1 1 1 1 1 1 1 3 1 1 1 1 1 1 1 1 1 1 1 1 1 1 1 1 100 1 1 1 1 1 1 1 1 1 1 1 1 1 1 1 1 1 1 1 1 1 1 1 1 1 1 1 1 1 1 1 7 1 1 1 1 1 1 1 1 1 100 1 100 1 1
staticfield java/lang/Integer TYPE Ljava/lang/Class; java/lang/Class
staticfield java/lang/Integer digits [C 36
staticfield java/lang/Integer DigitTens [B 100
staticfield java/lang/Integer DigitOnes [B 100
staticfield java/lang/Integer sizeTable [I 10
ciInstanceKlass java/lang/Long 1 1 506 7 1 100 1 7 1 7 1 10 12 1 1 9 12 1 1 9 7 12 1 1 1 10 100 12 1 1 1 10 12 1 1 10 100 12 1 1 1 10 10 12 10 12 1 10 12 1 10 12 1 5 0 5 0 7 1 10 12 1 1 10 12 1 1 10 12 1 10 12 1 10 12 1 10 12 1 1 10 100 12 1 1 10 12 1 10 12 1 1 10 12 1 1 10 12 1 1 10 12 1 1 10 7 12 1 1 1 10 12 1 1 10 12 1 10 12 1 10 12 1 10 12 1 1 10 10 12 1 5 0 5 0 9 12 1 1 9 12 1 5 0 7 1 8 1 10 12 1 8 1 10 12 1 8 1 8 1 10 12 1 1 5 0 10 12 1 1 5 0 10 12 1 1 10 12 1 1 10 100 12 1 1 1 11 100 1 100 1 10 11 10 12 1 1 8 1 10 12 1 1 8 1 100 1 10 12 1 1 10 12 1 8 1 8 1 11 12 1 1 10 12 1 10 12 1 10 12 1 5 0 5 0 9 7 12 1 1 1 10 12 1 10 12 1 1 8 1 8 1 10 12 1 1 8 1 8 1 8 1 8 1 8 1 8 1 10 12 1 10 12 1 10 12 1 1 10 7 1 9 12 1 1 10 12 1 10 12 1 1 10 100 12 1 1 1 100 1 100 1 10 12 1 1 10 12 1 1 5 0 10 12 1 10 12 1 5 0 5 0 5 0 10 12 1 1 5 0 5 0 10 12 1 10 12 1 10 100 12 1 1 1 10 12 1 1 10 12 1 1 8 1 10 7 12 1 1 1 9 12 1 1 100 1 100 1 100 1 1 1 1 5 0 1 1 1 1 3 1 3 1 5 0 1 1 1 1 1 1 1 1 1 100 1 1 1 1 1 1 1 1 1 1 1 1 1 1 1 1 1 1 1 1 1 1 1 1 1 1 1 1 1 1 1 1 1 1 1 1 1 1 1 1 1 1 1 1 1 1 1 1 1 1 1 1 1 1 3 1 1 1 1 1 1 1 1 1 1 1 1 1 1 1 100 1 1 1 1 1 1 1 1 1 1 1 1 1 1 1 1 1 1 1 1 1 1 1 1 1 1 1 7 1 1 1 1 1 1 1 1 1 100 1 100 1 1
staticfield java/lang/Long TYPE Ljava/lang/Class; java/lang/Class
instanceKlass java/lang/ref/PhantomReference
instanceKlass java/lang/ref/FinalReference
instanceKlass java/lang/ref/WeakReference
instanceKlass java/lang/ref/SoftReference
ciInstanceKlass java/lang/ref/Reference 1 1 195 9 7 12 1 1 1 9 7 12 1 1 10 12 1 1 10 12 1 1 9 12 1 1 10 12 1 1 9 12 1 1 9 12 1 1 7 1 10 12 1 10 7 12 1 1 10 12 1 10 12 1 1 10 12 1 9 12 1 10 12 1 1 10 12 1 10 12 1 9 12 1 100 1 100 1 10 12 1 9 12 1 9 12 1 100 1 10 10 12 1 10 10 7 12 1 1 10 7 12 1 1 1 10 12 1 1 10 7 12 1 1 7 1 8 1 10 12 1 10 12 1 1 10 12 1 1 10 12 1 7 1 10 10 7 12 1 1 1 1 1 1 1 1 1 1 1 1 1 1 1 1 1 1 1 100 1 1 1 100 1 1 1 1 1 1 1 1 1 1 1 1 1 1 1 1 1 1 1 1 1 1 1 1 1 1 1 1 1 1 1 1 1 1 1
staticfield java/lang/ref/Reference processPendingLock Ljava/lang/Object; java/lang/Object
staticfield java/lang/ref/Reference $assertionsDisabled Z 1
instanceKlass org/openjdk/nashorn/internal/runtime/Context$ClassReference
instanceKlass java/util/ResourceBundle$BundleReference
instanceKlass sun/util/locale/provider/LocaleResources$ResourceReference
instanceKlass sun/util/resources/Bundles$BundleReference
instanceKlass sun/util/locale/LocaleObjectCache$CacheEntry
instanceKlass sun/security/util/MemoryCache$SoftCacheEntry
instanceKlass java/lang/invoke/LambdaFormEditor$Transform
ciInstanceKlass java/lang/ref/SoftReference 1 1 47 10 7 12 1 1 1 9 7 12 1 1 1 9 12 1 10 12 1 10 12 1 1 1 1 1 1 1 1 1 1 1 1 1 1 1 1 1 1 1 1 100 1 1 1 1 1
instanceKlass javax/crypto/JceSecurity$WeakIdentityWrapper
instanceKlass com/google/common/collect/MapMakerInternalMap$AbstractWeakKeyEntry
instanceKlass com/google/common/collect/MapMakerInternalMap$WeakValueReferenceImpl
instanceKlass com/sun/jna/CallbackReference
instanceKlass java/util/ResourceBundle$KeyElementReference
instanceKlass sun/nio/ch/FileLockTable$FileLockReference
instanceKlass com/sun/jmx/mbeanserver/WeakIdentityHashMap$IdentityWeakReference
instanceKlass java/util/logging/LogManager$LoggerWeakRef
instanceKlass java/util/logging/Level$KnownLevel
instanceKlass java/lang/ClassValue$Entry
instanceKlass java/lang/WeakPairMap$WeakRefPeer
instanceKlass java/lang/ThreadLocal$ThreadLocalMap$Entry
instanceKlass java/lang/invoke/MethodType$ConcurrentWeakInternSet$WeakEntry
instanceKlass java/util/WeakHashMap$Entry
ciInstanceKlass java/lang/ref/WeakReference 1 1 31 10 7 12 1 1 1 10 12 1 100 1 1 1 1 1 1 1 1 1 1 1 1 1 1 1 1 1 1 1 1
instanceKlass java/lang/ref/Finalizer
ciInstanceKlass java/lang/ref/FinalReference 1 1 47 10 7 12 1 1 1 10 7 12 1 1 1 10 12 1 1 100 1 8 1 10 12 1 1 1 1 1 1 1 1 1 1 1 1 1 1 1 1 1 1 1 1 1 1 1 1
ciInstanceKlass java/lang/ref/Finalizer 1 1 152 9 7 12 1 1 1 10 7 12 1 1 1 9 12 1 1 9 12 1 1 9 12 1 9 12 1 10 12 1 10 12 1 1 9 12 1 1 100 1 10 12 1 7 1 11 7 12 1 1 100 1 10 12 1 100 1 10 12 1 10 100 12 1 1 1 10 100 12 1 1 1 100 1 10 10 12 1 10 7 12 1 1 1 7 1 10 7 1 10 10 7 12 1 1 1 10 12 1 1 10 7 12 1 1 7 1 10 12 1 10 12 1 1 10 12 1 1 10 12 1 1 1 1 1 1 1 1 1 1 1 1 1 1 1 1 1 1 1 1 1 1 1 1 1 1 1 1 1 1 1 1
staticfield java/lang/ref/Finalizer lock Ljava/lang/Object; java/lang/Object
staticfield java/lang/ref/Finalizer $assertionsDisabled Z 1
instanceKlass com/sun/jna/internal/Cleaner$CleanerRef
instanceKlass jdk/internal/ref/PhantomCleanable
instanceKlass jdk/internal/ref/Cleaner
ciInstanceKlass java/lang/ref/PhantomReference 1 1 39 10 100 12 1 1 1 10 7 12 1 1 1 1 1 1 1 1 1 1 1 1 1 1 1 1 1 1 1 1 1 1 1 1 1 1 1 1 1
instanceKlass java/lang/reflect/Executable
instanceKlass java/lang/reflect/Field
ciInstanceKlass java/lang/reflect/AccessibleObject 1 1 398 10 7 12 1 1 1 9 100 12 1 1 1 10 100 12 1 1 1 10 7 12 1 1 10 7 12 1 1 1 10 7 12 1 1 1 10 12 1 1 10 12 1 1 9 12 1 1 100 1 10 7 12 1 1 1 11 12 1 100 1 10 12 1 7 1 100 1 10 12 1 10 12 1 1 7 1 10 7 12 1 1 1 10 12 1 1 7 1 10 12 1 1 7 1 10 10 10 7 12 1 1 1 10 12 1 1 10 12 1 10 12 1 10 12 1 1 10 12 1 8 1 100 1 10 10 12 1 1 8 1 10 12 1 10 12 1 8 1 8 1 8 1 8 1 8 1 8 1 100 1 10 12 1 10 12 1 9 12 1 1 10 12 1 1 10 12 1 10 11 100 1 100 1 8 1 10 10 12 1 10 12 1 1 8 1 10 12 1 8 1 10 12 1 1 10 100 1 8 1 10 11 7 12 1 1 10 12 1 1 10 12 1 1 10 12 1 1 9 12 1 1 100 1 10 12 1 7 1 10 12 1 10 12 1 1 10 100 1 10 12 1 10 12 10 12 1 10 12 1 1 10 12 1 10 12 1 1 10 12 1 9 12 1 10 7 12 1 1 8 1 10 7 12 1 1 1 8 1 10 100 12 1 1 1 9 12 1 100 1 10 7 1 10 10 7 12 1 1 1 7 1 10 10 7 12 1 1 1 7 1 9 12 1 1 1 1 1 1 1 1 1 1 1 1 1 1 1 1 1 1 1 1 1 1 1 1 1 1 1 1 1 1 1 1 1 1 1 1 1 1 1 1 1 1 1 1 1 1 1 1 1 1 1 1 1 1 1 1 1 1 1 1 1 1 1 1 1 1 1 1 1 1 1 1 1 1 1 1 1 1 1 1 1 1 1 1 1
staticfield java/lang/reflect/AccessibleObject reflectionFactory Ljdk/internal/reflect/ReflectionFactory; jdk/internal/reflect/ReflectionFactory
instanceKlass java/lang/reflect/Constructor
instanceKlass java/lang/reflect/Method
ciInstanceKlass java/lang/reflect/Executable 1 1 548 10 7 12 1 1 1 10 7 12 1 1 1 10 7 12 1 1 1 11 7 12 1 1 1 10 7 12 1 1 1 10 12 1 1 10 7 12 1 1 1 10 100 12 1 1 1 10 12 1 8 1 10 10 12 1 1 10 12 1 1 10 100 12 1 1 1 18 12 1 1 11 100 12 1 1 1 8 1 8 1 8 1 10 100 12 1 1 1 11 12 1 1 100 1 8 1 8 1 10 12 1 100 1 8 1 10 12 1 8 1 11 100 12 1 1 1 100 1 10 12 1 1 11 12 1 8 1 18 8 1 10 12 1 10 12 1 1 18 8 1 10 12 1 100 1 10 12 1 10 12 1 11 100 12 1 1 10 12 1 1 8 1 8 1 10 12 1 1 10 12 1 1 10 10 12 1 100 1 10 10 12 1 10 12 1 1 10 7 12 1 1 10 12 1 10 12 1 10 12 1 1 10 100 12 1 1 10 12 1 10 12 1 10 100 12 1 1 1 10 12 1 8 1 10 12 1 10 12 1 3 100 1 8 1 10 12 1 10 12 1 10 10 12 1 10 12 1 1 8 1 8 1 8 1 9 12 1 10 12 1 100 1 8 1 9 12 1 10 12 1 10 12 1 1 10 12 1 1 10 12 1 10 12 10 12 1 7 1 10 12 1 10 12 1 1 100 1 10 100 12 1 1 1 7 1 10 7 12 1 1 1 10 12 1 1 11 7 12 1 1 10 7 12 1 1 10 100 12 1 1 1 10 12 1 1 9 12 1 10 12 1 1 10 12 1 10 12 1 1 9 100 12 1 1 1 10 100 12 1 1 1 10 12 1 10 12 1 1 9 12 1 10 10 10 10 100 12 1 1 1 10 12 1 9 12 1 10 12 1 1 9 12 1 100 1 100 1 1 1 1 1 1 1 1 1 1 1 1 1 1 1 1 1 1 1 1 1 1 1 1 1 1 1 1 1 1 1 1 1 1 100 1 1 1 1 1 1 1 1 100 1 1 1 1 1 1 1 1 1 1 1 1 100 1 1 1 1 1 1 1 1 1 1 1 1 1 1 1 1 1 1 1 1 1 1 1 1 1 1 1 1 1 1 1 1 1 1 1 1 1 1 1 1 1 100 1 1 1 1 1 1 1 1 1 1 1 1 1 1 1 1 1 1 1 1 1 100 1 100 1 1 15 10 100 12 1 1 1 16 15 16 1 16 1 15 10 12 16 1 100 1 1 100 1 100 1 1
ciInstanceKlass java/lang/reflect/Constructor 1 1 433 10 100 12 1 1 1 10 100 12 1 1 9 7 12 1 1 1 10 12 1 1 10 12 1 1 10 100 12 1 1 9 12 1 1 10 7 12 1 1 1 9 12 1 1 9 12 1 1 9 12 1 9 12 1 1 9 12 1 9 12 1 1 9 12 1 1 9 12 1 100 1 8 1 10 12 1 10 12 1 9 12 1 1 10 7 12 1 1 10 7 12 1 1 1 10 12 1 1 10 12 1 1 10 12 1 7 1 100 1 8 1 10 10 12 1 10 12 1 10 12 1 1 10 12 1 1 9 100 12 1 1 1 10 7 12 1 1 10 12 1 1 10 12 1 10 12 1 1 10 100 12 1 1 1 10 100 12 1 1 10 12 1 1 10 12 1 10 100 12 1 1 1 8 1 10 10 12 1 100 1 8 1 10 12 1 10 12 1 1 10 12 1 1 10 12 1 10 12 1 10 12 1 1 10 12 1 1 9 12 1 1 10 12 1 1 10 12 1 1 10 12 1 8 1 10 12 1 1 11 7 12 1 1 1 10 12 1 1 10 12 1 10 12 1 9 12 1 1 10 7 12 1 1 1 10 12 1 1 10 12 1 1 10 12 1 1 10 12 1 1 10 12 1 9 100 12 1 1 10 12 1 10 12 1 10 12 1 100 1 8 1 10 10 12 1 1 10 12 1 10 10 12 1 1 10 12 1 1 10 100 12 1 1 1 11 100 12 1 1 1 10 12 1 1 9 100 12 1 1 1 10 100 12 1 1 1 10 12 1 1 1 1 1 1 1 1 1 1 1 1 1 1 1 1 1 1 1 1 1 1 1 1 1 1 1 1 1 1 1 1 1 1 1 1 1 1 1 1 1 1 1 1 1 1 1 1 1 1 1 100 1 100 1 100 1 100 1 1 1 1 1 1 1 1 1 1 1 1 1 1 1 1 1 1 1 1 1 1 1 1 1 1 1 1 1 1 1 1 1 100 1 1
ciInstanceKlass java/lang/reflect/Method 1 1 450 9 7 12 1 1 1 10 7 12 1 1 1 10 7 12 1 1 9 12 1 1 10 12 1 1 10 12 1 1 10 7 12 1 1 10 7 12 1 1 1 9 12 1 1 9 12 1 9 12 1 1 9 12 1 9 12 1 9 12 1 1 9 12 1 9 12 1 1 9 12 1 9 12 1 9 12 1 1 7 1 8 1 10 12 1 10 12 1 9 12 1 1 8 1 10 7 12 1 1 10 7 12 1 1 1 10 12 1 1 10 12 1 1 10 12 1 10 12 1 1 10 12 1 1 9 100 12 1 1 1 10 12 1 1 10 12 10 7 12 1 1 10 12 1 1 10 12 1 10 12 1 10 12 1 10 7 12 1 1 1 10 12 1 1 10 7 1 10 7 12 1 1 1 10 7 12 1 1 10 12 1 1 10 12 1 1 10 12 1 10 7 12 1 1 1 10 12 1 10 8 1 10 12 1 10 12 1 7 1 8 1 8 1 8 1 10 12 1 10 12 1 1 10 12 1 1 10 10 12 1 1 10 12 1 11 100 1 9 12 1 1 10 12 1 1 10 12 1 10 12 1 1 10 12 1 1 11 7 12 1 1 1 10 12 1 10 12 1 10 12 1 10 12 1 10 12 1 9 12 1 1 10 7 12 1 1 1 10 12 1 1 10 7 12 1 1 1 10 7 12 1 1 1 10 7 12 1 1 1 11 7 12 1 1 1 10 7 12 1 1 1 7 1 100 1 100 1 10 12 1 10 12 1 1 10 12 1 100 1 8 1 10 12 1 10 10 12 1 1 10 12 1 1 10 12 1 1 10 12 1 1 8 1 10 12 1 1 1 1 1 1 1 1 1 1 1 1 1 1 1 1 1 1 1 1 1 1 1 1 1 1 1 1 1 1 1 1 1 1 1 1 1 1 1 1 1 1 1 1 1 1 1 1 1 1 1 1 1 100 1 7 1 7 1 1 1 1 1 1 1 1 1 1 1 1 1 1 1 1 1 1 1 1 1 1 1 1 1 1
ciInstanceKlass java/lang/reflect/Field 1 1 437 9 7 12 1 1 1 10 12 1 1 10 7 12 1 1 1 10 7 12 1 1 9 12 1 1 10 12 1 1 10 12 1 1 10 7 12 1 1 10 7 12 1 1 1 9 12 1 1 9 12 1 9 12 1 9 12 1 1 9 12 1 1 9 12 1 9 12 1 1 9 12 1 1 100 1 8 1 10 12 1 10 12 1 9 12 1 1 9 12 1 10 12 1 10 7 12 1 1 10 12 1 1 10 12 1 1 10 12 1 10 12 1 1 7 1 10 12 1 1 10 12 1 1 10 12 1 1 10 12 1 10 12 1 10 7 1 10 7 12 1 1 100 1 10 8 1 10 12 1 1 10 12 1 1 8 1 10 12 10 12 1 8 1 8 1 10 11 100 1 9 12 1 10 12 1 1 10 12 1 1 11 7 12 1 1 1 11 12 1 1 11 12 1 1 11 12 1 1 11 12 1 1 11 12 1 1 11 12 1 1 11 12 1 1 11 12 1 1 11 12 1 1 11 12 1 1 11 12 1 1 11 12 1 1 11 12 1 1 11 12 1 1 11 12 1 1 11 12 1 1 11 12 1 1 10 12 1 10 7 12 1 1 10 12 1 10 12 1 1 10 12 9 12 1 1 10 7 12 1 1 1 10 12 1 1 10 7 12 1 1 10 12 1 1 11 7 1 10 12 1 7 1 10 100 12 1 1 1 10 7 12 1 1 1 9 12 1 10 7 12 1 1 1 11 7 12 1 1 1 10 12 1 1 10 12 1 1 9 100 12 1 1 1 10 100 12 1 1 1 10 12 1 1 100 1 1 1 1 1 1 1 1 1 1 1 1 1 1 1 1 1 1 1 1 1 1 1 1 1 1 1 1 1 1 1 1 1 1 1 100 1 1 1 1 1 1 1 1 1 1 1 1 1 1 1 1 1 1 1 1 1 1 1 1 1 1 1 1 1 1 1 1 1 1 100 1 1 1 1 1 1 1 1 100 1 1
ciInstanceKlass java/lang/reflect/Parameter 0 0 226 10 100 12 1 1 1 9 100 12 1 1 1 9 12 1 1 9 12 1 1 9 12 1 10 12 1 1 10 12 1 1 10 100 12 1 1 1 100 1 10 10 12 1 1 11 100 12 1 1 1 10 12 1 10 100 12 1 1 1 10 12 1 1 10 12 1 10 12 1 8 1 8 1 10 100 12 1 1 1 10 12 1 10 12 10 12 1 8 1 10 12 1 9 12 1 1 10 12 1 1 9 12 1 1 10 12 1 1 10 12 1 1 10 12 1 1 10 12 1 10 10 12 1 10 100 12 1 1 1 10 12 1 1 11 100 12 1 1 10 100 12 1 1 100 1 10 100 12 1 1 1 10 12 1 1 10 12 1 1 10 12 1 1 10 12 1 1 9 12 1 100 1 10 11 12 1 1 11 12 1 1 100 1 1 1 1 1 1 1 1 1 1 1 1 1 1 1 1 1 1 1 1 1 1 1 1 1 1 1 1 1 1 1 1 1 1 1 1 1 1 100 1 1 1 1
ciInstanceKlass java/lang/StringBuffer 1 1 470 10 7 12 1 1 1 10 12 1 10 12 1 10 12 1 1 9 7 12 1 1 1 10 12 1 1 10 12 1 10 12 1 1 9 12 1 1 10 12 1 10 12 1 1 10 12 1 1 10 12 1 10 12 1 1 10 12 1 10 12 1 1 10 12 1 1 10 100 12 1 1 1 10 12 1 1 10 12 1 10 12 1 10 12 1 10 12 1 10 12 1 10 12 1 10 12 1 10 12 1 10 12 1 10 12 1 10 12 1 10 12 1 10 12 1 10 12 1 1 10 12 1 10 12 1 1 10 12 1 1 10 10 12 1 1 10 12 1 10 12 1 10 12 1 10 12 1 10 12 1 10 12 1 10 12 10 12 1 10 12 1 10 12 1 10 12 1 1 10 12 1 10 12 1 10 10 12 1 1 10 12 1 1 9 12 1 1 10 7 12 1 1 1 10 100 1 10 10 100 12 1 1 1 10 10 12 1 10 8 10 100 12 1 1 1 8 10 12 1 8 1 10 12 1 10 12 1 10 100 12 1 1 1 10 100 12 1 1 1 7 1 10 12 100 1 8 1 10 10 12 1 1 10 12 1 1 10 12 1 1 10 12 1 10 12 1 10 12 1 10 12 1 10 12 1 10 12 1 10 12 1 10 12 1 10 12 1 10 12 1 10 12 1 10 12 1 10 12 1 10 12 1 10 12 1 10 12 1 10 12 10 12 10 12 1 10 12 1 10 12 1 10 12 10 12 1 10 12 1 10 12 1 10 12 1 10 12 1 10 12 1 10 12 1 10 12 1 10 12 1 10 12 1 10 12 1 7 1 10 12 1 9 7 12 1 1 1 9 7 1 9 12 1 1 100 1 100 1 100 1 1 1 1 5 0 1 1 1 1 1 1 1 1 1 1 1 1 1 1 1 1 1 1 1 1 1 1 1 1 1 1 1 1 1 1 1 1 1 1 1 1 1 1 1 1 1 1 1 1 1 1 1 1 1 1 1 1 1 1 1 1 1 1 1 1 100 1 1 1 1 1 100 1 1 1 1 1 1 1 1 1 1 1 1 1 1 1 1 1
staticfield java/lang/StringBuffer serialPersistentFields [Ljava/io/ObjectStreamField; 3 [Ljava/io/ObjectStreamField;
ciInstanceKlass java/lang/CharSequence 1 1 130 11 100 12 1 1 1 18 12 1 1 100 1 10 100 12 1 1 1 18 10 100 12 1 1 1 10 100 12 1 1 1 100 1 11 12 1 1 10 100 12 1 1 1 11 12 1 1 100 1 10 12 1 1 10 100 12 1 1 1 100 1 10 10 12 1 1 1 1 1 1 1 1 1 1 1 1 1 1 1 1 1 1 1 1 1 1 1 1 1 1 1 1 1 1 1 1 1 1 15 10 100 12 1 1 1 16 1 15 11 12 16 15 11 12 1 1 100 1 100 1 1 100 1 1 100 1 100 1 1
ciMethod java/lang/CharSequence length ()I 0 0 1 0 -1
instanceKlass java/lang/StringBuilder
instanceKlass java/lang/StringBuffer
ciInstanceKlass java/lang/AbstractStringBuilder 1 1 547 7 1 7 1 10 7 12 1 1 1 9 7 12 1 1 1 9 12 1 9 12 1 1 9 12 1 1 10 7 12 1 1 1 10 12 1 1 3 3 10 12 1 10 12 1 1 11 7 1 100 1 100 1 10 8 1 10 12 1 10 12 1 10 12 1 1 10 12 1 10 12 1 10 12 1 9 12 1 1 10 12 1 1 10 7 12 1 1 1 10 10 12 1 10 12 1 10 12 1 1 10 12 1 1 10 7 12 1 1 1 10 7 12 1 1 1 100 1 8 1 10 10 12 1 1 100 1 10 12 10 12 1 1 10 10 12 1 1 10 12 1 1 10 12 1 1 10 12 1 1 100 1 10 10 12 1 10 100 12 1 1 1 10 12 1 1 10 12 1 10 12 1 1 10 10 12 1 1 10 12 10 12 1 10 12 1 1 10 12 1 1 10 12 1 1 10 12 1 10 10 12 1 1 10 12 1 10 12 1 1 8 1 10 12 1 1 10 12 1 10 12 1 10 12 1 10 12 1 10 12 1 10 12 1 10 7 12 1 1 10 12 1 10 12 1 10 7 12 1 1 1 10 12 1 10 12 1 10 12 1 10 12 1 10 12 1 1 10 12 1 10 12 1 1 10 12 1 1 10 10 7 12 1 1 1 10 12 1 10 12 1 10 12 1 1 10 12 1 10 12 1 10 12 1 10 12 1 10 12 1 10 12 1 10 12 1 10 12 1 10 12 1 1 10 12 1 10 12 1 10 12 10 12 1 1 18 12 1 1 100 1 10 100 12 1 1 1 18 10 12 1 1 10 12 1 10 12 1 1 11 12 1 10 12 1 10 12 1 10 10 12 1 10 8 1 8 1 8 1 10 10 100 1 10 12 1 100 1 10 100 1 10 100 1 1 1 3 1 1 1 1 1 1 1 1 1 1 100 1 1 1 1 1 1 1 1 1 1 1 1 1 1 1 1 1 1 1 1 1 1 1 1 1 1 1 1 1 1 1 1 1 1 1 1 1 1 1 1 1 1 1 1 1 1 1 1 1 1 1 1 1 1 1 1 1 1 1 1 1 1 1 1 1 1 1 1 1 1 1 1 1 1 1 1 1 1 1 1 1 1 1 1 1 1 1 1 1 1 1 1 1 1 1 1 1 100 1 1 100 1 1 1 1 1 100 1 1 1 1 1 1 15 10 100 12 1 1 1 16 1 15 10 12 16 15 10 12 1 1 1 1 100 1 100 1 1
staticfield java/lang/AbstractStringBuilder EMPTYVALUE [B 0
ciMethod java/lang/AbstractStringBuilder append (Ljava/lang/AbstractStringBuilder;)Ljava/lang/AbstractStringBuilder; 484 0 8661 0 -1
ciMethod java/lang/AbstractStringBuilder append (Ljava/lang/CharSequence;)Ljava/lang/AbstractStringBuilder; 438 0 11496 0 3200
ciMethod java/lang/AbstractStringBuilder append (Ljava/lang/CharSequence;II)Ljava/lang/AbstractStringBuilder; 518 0 11571 0 -1
ciMethod java/lang/AbstractStringBuilder append (Ljava/lang/String;)Ljava/lang/AbstractStringBuilder; 474 0 17827 0 1600
ciMethod java/lang/AbstractStringBuilder <init> (I)V 250 0 6406 0 544
ciMethod java/lang/AbstractStringBuilder inflate ()V 0 0 169 0 0
ciMethod java/lang/AbstractStringBuilder isLatin1 ()Z 512 0 310175 0 96
ciMethod java/lang/AbstractStringBuilder getCoder ()B 514 0 27924 0 0
ciMethod java/lang/AbstractStringBuilder newCapacity (I)I 68 0 563 0 0
ciMethod java/lang/AbstractStringBuilder ensureCapacityInternal (I)V 514 0 6155 0 1120
ciMethod java/lang/AbstractStringBuilder appendNull ()Ljava/lang/AbstractStringBuilder; 0 0 7 0 -1
ciMethod java/lang/AbstractStringBuilder putStringAt (ILjava/lang/String;)V 514 0 10602 0 384
ciMethod java/lang/AbstractStringBuilder putStringAt (ILjava/lang/String;II)V 514 0 10602 0 384
instanceKlass javax/crypto/JceSecurityManager
instanceKlass org/apache/logging/log4j/util/PrivateSecurityManagerStackTraceUtil$PrivateSecurityManager
ciInstanceKlass java/lang/SecurityManager 1 1 576 10 7 12 1 1 1 9 7 12 1 1 1 10 7 12 1 1 1 100 1 8 1 10 12 1 10 12 1 1 10 100 12 1 1 1 10 100 1 10 100 1 10 9 100 12 1 1 1 10 7 12 1 1 1 10 12 1 1 10 7 12 1 1 100 1 8 1 10 9 12 1 1 9 12 1 8 1 9 12 1 100 1 10 8 1 10 12 1 1 10 12 1 10 12 1 1 100 1 10 10 12 1 1 100 1 8 1 10 12 1 8 1 8 1 8 1 8 1 8 1 8 1 10 12 1 8 1 8 1 8 1 8 1 8 1 10 100 12 1 1 1 10 12 1 1 8 1 100 1 8 1 10 8 1 8 1 8 1 8 1 8 1 10 100 12 1 1 8 1 100 1 8 1 8 1 10 8 1 10 12 1 100 1 8 1 10 10 12 1 1 10 12 1 10 12 1 10 12 1 10 7 12 1 1 1 10 12 1 10 7 12 1 1 11 7 12 1 1 1 18 12 1 1 11 7 12 1 1 1 18 12 1 1 11 12 1 1 18 18 11 12 1 18 12 1 11 12 1 1 9 12 1 1 9 12 1 9 12 1 9 12 1 7 1 10 7 12 1 1 10 12 1 10 12 1 18 12 1 18 10 7 12 1 1 1 18 12 1 10 12 1 18 18 8 1 10 12 1 9 12 1 1 11 7 12 1 1 1 8 1 100 1 10 12 1 10 12 1 1 10 12 1 1 9 12 1 1 10 12 1 10 12 1 1 8 1 100 1 10 9 12 1 8 1 10 12 1 8 1 100 1 10 10 7 12 1 1 10 7 1 9 7 12 1 1 1 11 12 1 1 10 12 1 11 12 1 10 12 1 7 1 10 10 12 1 1 10 12 1 1 1 1 1 1 1 1 1 1 1 100 1 1 1 1 1 1 1 1 1 1 1 1 1 1 1 1 1 1 1 1 1 1 1 1 1 1 1 1 1 1 1 1 1 1 1 1 1 1 1 1 1 1 1 1 1 1 1 1 1 1 1 1 1 1 1 1 3 1 1 1 1 1 1 1 1 1 1 100 1 1 1 1 1 1 1 1 1 1 1 1 1 1 1 1 1 1 1 1 1 1 1 1 1 1 1 1 1 1 1 1 1 1 1 1 1 1 15 10 7 12 1 1 1 16 15 10 7 12 1 1 1 16 1 16 15 10 12 16 1 15 10 12 16 15 11 7 1 16 1 16 1 15 10 12 16 15 10 12 16 15 10 12 1 16 1 15 11 12 1 15 10 12 16 15 10 16 1 1 1 1 100 1 100 1 1
staticfield java/lang/SecurityManager packageAccessLock Ljava/lang/Object; java/lang/Object
staticfield java/lang/SecurityManager packageDefinitionLock Ljava/lang/Object; java/lang/Object
staticfield java/lang/SecurityManager nonExportedPkgs Ljava/util/Map; java/util/concurrent/ConcurrentHashMap
instanceKlass net/minecraft/client/renderer/block/model/BlockModelDefinition$MissingVariantException
instanceKlass net/minecraft/client/renderer/texture/StitcherException
instanceKlass com/mojang/realmsclient/exception/RealmsHttpException
instanceKlass net/minecraft/client/renderer/LevelRenderer$TransparencyShaderException
instanceKlass net/minecraft/client/resources/model/ModelBakery$BlockStateDefinitionException
instanceKlass net/minecraft/world/level/storage/LevelStorageException
instanceKlass java/lang/IllegalCallerException
instanceKlass net/minecraft/commands/CommandRuntimeException
instanceKlass net/minecraftforge/fml/config/ConfigFileTypeHandler$ConfigLoadingException
instanceKlass java/util/concurrent/CompletionException
instanceKlass net/minecraftforge/fml/LoadingFailedException
instanceKlass java/security/ProviderException
instanceKlass com/mojang/authlib/minecraft/InsecurePublicKeyException
instanceKlass com/mojang/authlib/exceptions/MinecraftClientException
instanceKlass org/joml/ConfigurationException
instanceKlass io/netty/handler/codec/CodecException
instanceKlass net/minecraft/ReportedException
instanceKlass com/google/common/cache/CacheLoader$InvalidCacheLoadException
instanceKlass com/google/common/util/concurrent/UncheckedExecutionException
instanceKlass net/minecraftforge/fml/util/EnhancedRuntimeException
instanceKlass com/sun/jna/platform/win32/PdhUtil$PdhException
instanceKlass oshi/util/GlobalConfig$PropertyException
instanceKlass com/sun/jna/platform/win32/COM/COMException
instanceKlass com/sun/jna/LastErrorException
instanceKlass net/minecraft/ResourceLocationException
instanceKlass net/minecraft/client/main/SilentInitException
instanceKlass org/spongepowered/asm/mixin/injection/callback/CancellationException
instanceKlass java/lang/NegativeArraySizeException
instanceKlass cpw/mods/modlauncher/VoteDeadlockException
instanceKlass cpw/mods/modlauncher/VoteRejectedException
instanceKlass net/minecraftforge/fml/ModLoadingException
instanceKlass org/objectweb/asm/tree/UnsupportedClassVersionException
instanceKlass java/lang/TypeNotPresentException
instanceKlass org/openjdk/nashorn/internal/codegen/ApplySpecialization$TransformFailedException
instanceKlass org/openjdk/nashorn/internal/codegen/ApplySpecialization$AppliesFoundException
instanceKlass org/openjdk/nashorn/internal/codegen/CompilationException
instanceKlass java/util/EmptyStackException
instanceKlass org/antlr/v4/runtime/RecognitionException
instanceKlass jdk/dynalink/TypeConverterFactory$NotCacheableConverter
instanceKlass java/lang/invoke/WrongMethodTypeException
instanceKlass jdk/dynalink/LinkerServicesImpl$LinkerException
instanceKlass jdk/dynalink/NoSuchDynamicMethodException
instanceKlass org/openjdk/nashorn/internal/runtime/UnwarrantedOptimismException
instanceKlass org/openjdk/nashorn/internal/lookup/MethodHandleFactory$LookupException
instanceKlass org/openjdk/nashorn/api/scripting/NashornException
instanceKlass com/google/gson/JsonParseException
instanceKlass net/minecraftforge/fml/loading/EarlyLoadingException
instanceKlass net/minecraftforge/forgespi/locating/ModFileLoadingException
instanceKlass org/spongepowered/asm/mixin/throwables/MixinException
instanceKlass org/spongepowered/asm/service/ServiceInitialisationException
instanceKlass java/nio/BufferUnderflowException
instanceKlass java/nio/BufferOverflowException
instanceKlass com/electronwill/nightconfig/core/io/WritingException
instanceKlass com/electronwill/nightconfig/core/file/NoFormatFoundException
instanceKlass com/electronwill/nightconfig/core/io/ParsingException
instanceKlass joptsimple/ValueConversionException
instanceKlass joptsimple/internal/ReflectionException
instanceKlass joptsimple/OptionException
instanceKlass com/sun/org/apache/xerces/internal/xni/XNIException
instanceKlass java/lang/reflect/UndeclaredThrowableException
instanceKlass org/apache/logging/log4j/core/config/ConfigurationException
instanceKlass java/util/MissingResourceException
instanceKlass java/lang/SecurityException
instanceKlass org/apache/logging/log4j/LoggingException
instanceKlass java/lang/IndexOutOfBoundsException
instanceKlass java/time/DateTimeException
instanceKlass java/util/NoSuchElementException
instanceKlass java/util/ConcurrentModificationException
instanceKlass java/nio/file/FileSystemAlreadyExistsException
instanceKlass java/nio/file/FileSystemNotFoundException
instanceKlass java/lang/UnsupportedOperationException
instanceKlass java/io/UncheckedIOException
instanceKlass java/lang/IllegalStateException
instanceKlass java/lang/IllegalArgumentException
instanceKlass java/lang/ArithmeticException
instanceKlass java/lang/NullPointerException
instanceKlass java/lang/IllegalMonitorStateException
instanceKlass java/lang/ArrayStoreException
instanceKlass java/lang/ClassCastException
ciInstanceKlass java/lang/RuntimeException 1 1 40 10 7 12 1 1 1 10 12 1 10 12 1 10 12 1 10 12 1 100 1 1 1 1 5 0 1 1 1 1 1 1 1 1 1 1 1 1 1 1
instanceKlass dev/ftb/mods/ftblibrary/ui/MismatchingParentPanelException
instanceKlass java/security/InvalidParameterException
instanceKlass java/nio/charset/UnsupportedCharsetException
instanceKlass java/nio/charset/IllegalCharsetNameException
instanceKlass net/minecraft/network/chat/contents/TranslatableFormatException
instanceKlass org/spongepowered/asm/util/throwables/InvalidConstraintException
instanceKlass org/openjdk/nashorn/internal/runtime/options/Options$IllegalOptionException
instanceKlass net/minecraftforge/fml/loading/toposort/CyclePresentException
instanceKlass java/util/IllegalFormatException
instanceKlass java/util/regex/PatternSyntaxException
instanceKlass java/lang/NumberFormatException
instanceKlass java/nio/file/InvalidPathException
instanceKlass java/nio/file/ProviderMismatchException
ciInstanceKlass java/lang/IllegalArgumentException 1 1 35 10 7 12 1 1 1 10 12 1 10 12 1 10 12 1 100 1 1 1 1 5 0 1 1 1 1 1 1 1 1 1 1 1 1
ciInstanceKlass java/lang/ArithmeticException 1 1 26 10 100 12 1 1 1 10 12 1 100 1 1 1 1 5 0 1 1 1 1 1 1 1 1 1
ciInstanceKlass java/lang/NullPointerException 1 1 52 10 100 12 1 1 1 10 12 1 9 100 12 1 1 1 10 12 1 1 9 12 1 1 10 12 1 1 10 12 1 1 1 1 5 0 1 1 1 1 1 1 1 1 100 1 100 1 100 1 1 1
instanceKlass com/google/common/collect/Maps$ViewCachingAbstractMap
instanceKlass com/google/common/cache/LocalCache
instanceKlass com/google/common/collect/MapMakerInternalMap
instanceKlass com/google/common/collect/Maps$IteratorBasedAbstractMap
instanceKlass com/google/gson/internal/LinkedTreeMap
instanceKlass java/util/TreeMap$NavigableSubMap
instanceKlass java/util/Collections$SingletonMap
instanceKlass java/util/concurrent/ConcurrentSkipListMap
instanceKlass java/util/TreeMap
instanceKlass java/util/stream/Collectors$Partition
instanceKlass java/util/IdentityHashMap
instanceKlass sun/util/PreHashedMap
instanceKlass java/util/EnumMap
instanceKlass java/util/WeakHashMap
instanceKlass java/util/Collections$EmptyMap
instanceKlass java/util/HashMap
instanceKlass java/util/ImmutableCollections$AbstractImmutableMap
instanceKlass java/util/concurrent/ConcurrentHashMap
ciInstanceKlass java/util/AbstractMap 1 1 192 10 7 12 1 1 1 10 7 12 1 1 1 11 7 12 1 1 1 10 11 12 1 1 11 7 12 1 1 1 11 12 1 1 7 1 11 12 1 10 12 1 1 11 12 1 100 1 10 11 12 1 11 7 1 10 12 1 1 11 12 1 9 12 1 1 100 1 10 12 1 9 12 1 1 7 1 10 11 11 12 1 1 11 12 1 100 1 100 1 11 12 1 8 1 7 1 10 10 12 1 1 8 1 10 12 1 10 12 1 1 10 12 1 1 1 1 1 1 1 1 1 1 1 1 1 1 1 1 1 1 1 1 1 1 1 1 1 1 1 1 1 1 1 1 1 1 1 1 1 1 1 1 100 1 1 1 1 1 1 1 1 1 1 1 1 1 1 1 1 100 1 1 1 1 1 1 1 1 1 100 1 100 1 100 1 100 1 1 1 1 1
ciInstanceKlass java/security/AccessControlContext 1 1 373 9 7 12 1 1 1 9 12 1 1 10 100 12 1 1 1 8 1 10 100 12 1 1 1 10 7 12 1 1 1 9 12 1 9 12 1 1 9 12 1 1 10 7 12 1 1 100 1 10 12 1 11 100 12 1 1 1 11 12 1 11 12 1 11 12 1 1 7 1 11 12 1 1 10 12 1 10 7 12 1 1 1 9 100 12 1 1 1 10 100 12 1 1 1 11 100 12 1 1 1 10 7 1 100 1 8 1 10 12 1 10 12 1 1 7 1 10 7 12 1 1 1 9 12 1 9 12 1 9 12 1 9 12 1 1 9 12 1 1 9 12 1 9 12 1 10 7 12 1 1 1 9 12 1 10 12 1 1 10 12 1 1 8 1 10 12 1 1 10 12 1 1 10 100 12 1 1 1 100 1 10 10 12 1 1 10 100 12 1 1 1 10 8 1 10 100 12 1 1 8 1 10 100 12 1 1 8 1 8 1 10 12 1 8 1 10 12 1 8 1 10 12 1 10 12 1 10 12 1 1 8 1 8 1 100 1 10 12 1 10 12 1 1 100 1 10 12 1 8 1 10 12 1 10 12 1 10 8 1 10 12 1 1 10 12 1 1 10 12 1 1 10 12 1 1 10 12 1 10 12 1 10 12 1 10 12 1 1 10 10 10 12 1 1 1 1 1 1 1 1 1 1 1 1 1 1 1 1 1 1 1 1 1 1 1 1 100 1 1 1 1 1 1 1 1 1 1 1 1 1 1 1 1 1 1 1 1 1 1 1 1 1 1 1 1 1 1 1 1 1 1 1 1 1 1 1 1 1 1 1 1 1 1 1 1 1 1 1 1 3 1 1
ciInstanceKlass java/net/URL 1 1 743 10 7 12 1 1 1 10 12 1 10 7 12 1 1 9 12 1 1 9 12 1 10 7 12 1 1 1 10 12 1 1 10 12 1 1 9 12 1 1 10 7 12 1 1 1 8 1 10 12 1 1 7 1 10 10 12 1 1 8 1 10 12 1 1 9 12 1 100 1 8 1 10 12 1 10 12 1 8 1 9 12 1 10 12 1 1 9 12 1 10 12 1 10 12 1 9 12 1 9 12 1 8 1 9 12 1 10 12 1 1 8 1 9 12 1 1 10 12 1 1 10 7 12 1 1 1 8 1 10 12 1 7 1 10 12 1 10 12 1 10 12 1 10 12 1 1 10 12 1 1 8 1 10 12 1 1 10 12 1 8 1 9 12 1 8 1 10 12 1 10 7 12 1 1 1 100 1 10 12 1 10 12 1 1 10 7 12 1 1 1 100 1 8 1 10 10 12 1 8 1 10 12 1 1 10 12 1 10 12 1 10 12 1 10 12 1 10 12 1 8 1 10 12 1 10 10 7 12 1 1 1 10 12 1 9 100 12 1 1 1 10 100 12 1 1 1 9 12 1 1 10 12 1 10 100 12 1 1 1 100 1 100 1 10 12 1 10 12 1 10 12 1 10 12 1 10 12 1 10 12 10 10 10 12 1 100 1 10 12 1 10 12 1 1 8 1 9 7 12 1 1 1 10 100 12 1 1 1 10 12 1 1 9 7 12 1 1 1 10 12 1 1 100 1 10 12 1 10 12 1 10 10 12 1 1 10 12 1 1 10 12 1 10 12 1 10 12 1 10 7 12 1 1 1 10 12 1 1 10 12 1 9 12 1 1 9 12 1 1 100 1 8 1 10 10 12 1 9 12 1 1 10 7 12 1 1 8 1 10 7 12 1 1 8 1 10 12 1 1 10 12 1 8 1 8 1 10 7 12 1 1 1 100 1 10 100 12 1 1 1 10 12 1 10 12 1 7 1 10 9 12 1 1 10 7 12 1 1 8 1 10 12 1 1 7 1 10 10 7 12 1 1 1 8 9 100 12 1 1 1 10 12 1 10 12 1 10 12 1 10 12 1 10 7 12 1 1 11 7 12 1 1 10 12 1 10 12 1 9 12 1 10 12 1 1 10 100 12 1 1 10 100 12 1 1 1 8 10 100 12 1 1 100 1 10 8 8 10 12 1 8 8 8 100 1 10 12 1 9 12 1 1 10 12 1 10 12 1 1 10 12 1 10 12 10 12 1 1 10 12 1 1 10 10 10 12 1 10 12 1 10 12 1 10 12 1 10 12 1 10 10 12 1 100 1 8 1 10 10 10 12 1 1 10 12 1 10 12 1 1 8 1 7 1 10 10 10 7 1 10 12 1 9 7 12 1 1 1 9 12 1 1 7 1 10 10 7 12 1 1 1 100 1 1 1 1 1 5 0 1 1 1 1 1 1 1 1 1 1 1 1 1 1 1 1 1 1 1 1 1 1 1 1 1 1 1 1 1 1 1 1 1 1 1 1 1 1 1 100 1 1 1 1 1 1 1 1 1 1 1 1 1 1 1 1 1 1 1 1 1 1 1 1 1 1 1 1 1 1 1 1 1 1 1 1 1 100 1 1 1 1 1 1 1 1 1 1 1 1 1 1 1 1 100 1 1 1 1 1 1 1 1 1 1 1 1 1 1 1 1 1 1
staticfield java/net/URL defaultFactory Ljava/net/URLStreamHandlerFactory; java/net/URL$DefaultFactory
staticfield java/net/URL streamHandlerLock Ljava/lang/Object; java/lang/Object
staticfield java/net/URL serialPersistentFields [Ljava/io/ObjectStreamField; 7 [Ljava/io/ObjectStreamField;
ciInstanceKlass java/util/jar/Manifest 1 1 336 10 7 12 1 1 1 7 1 10 9 7 12 1 1 1 7 1 10 9 12 1 1 9 12 1 1 10 12 1 10 12 1 1 10 12 1 1 10 12 1 1 10 12 1 1 11 7 1 11 12 1 1 10 12 1 1 10 100 12 1 1 1 100 1 100 1 10 8 1 10 12 1 1 10 12 1 1 10 12 1 10 12 1 11 100 1 10 12 1 10 12 1 1 11 12 1 1 10 12 1 11 12 1 1 11 100 12 1 1 1 11 100 12 1 1 11 12 1 1 100 1 10 12 1 8 1 11 12 1 7 1 10 12 1 1 11 12 1 10 12 1 10 12 1 10 100 12 1 1 1 8 1 10 12 1 1 10 9 7 12 1 1 1 10 12 1 1 10 100 12 1 10 12 1 10 12 1 9 100 12 1 1 1 8 1 10 12 1 8 1 8 1 7 1 10 12 1 10 12 1 10 12 1 1 100 1 8 1 10 12 1 1 8 1 10 10 12 1 1 8 1 10 12 1 1 10 7 12 1 1 1 10 12 1 10 11 12 1 1 10 12 1 10 7 12 1 1 1 10 12 1 1 10 12 1 1 11 10 12 1 11 10 12 1 100 1 1 1 1 1 1 1 1 1 1 1 1 1 1 1 1 1 1 1 1 1 1 1 1 1 1 1 1 1 1 1 1 1 1 1 1 1 1 1 1 1 1 1 100 1 1 1 1 1 1 1 1 1 1 1 1 1 1 100 1 1 1 1 1 1 1 1 1 1 1
ciInstanceKlass java/util/Objects 1 1 151 10 7 12 1 1 1 100 1 8 1 10 12 1 10 12 1 1 10 7 12 1 1 1 10 12 1 1 10 12 1 10 7 12 1 1 1 10 12 1 1 11 100 12 1 1 1 100 1 10 10 12 1 8 1 10 7 12 1 1 1 8 1 100 1 11 12 1 1 8 1 10 7 12 1 1 1 10 12 1 1 10 12 1 10 12 1 10 12 1 10 12 1 1 1 1 1 1 1 1 1 1 1 1 1 1 1 1 1 1 1 1 1 1 1 1 1 1 1 1 1 1 1 1 1 1 1 1 1 1 1 1 1 1 1 1 1 1 1 1 1 1 1 1 1 1 1 1 1 1 1
ciInstanceKlass java/lang/Iterable 1 1 62 10 7 12 1 1 1 11 7 12 1 1 1 11 7 12 1 1 1 11 12 1 1 11 7 12 1 1 1 10 7 12 1 1 1 100 1 1 1 1 1 1 1 1 1 1 1 1 1 1 1 1 1 1 1 1 1 1 1 1 1 1
instanceKlass it/unimi/dsi/fastutil/booleans/AbstractBooleanCollection
instanceKlass it/unimi/dsi/fastutil/bytes/AbstractByteCollection
instanceKlass com/google/common/collect/Multimaps$Entries
instanceKlass com/google/common/collect/AbstractMapBasedMultimap$WrappedCollection
instanceKlass it/unimi/dsi/fastutil/doubles/AbstractDoubleCollection
instanceKlass it/unimi/dsi/fastutil/ints/AbstractIntCollection
instanceKlass it/unimi/dsi/fastutil/objects/AbstractObjectCollection
instanceKlass com/sun/jna/Structure$StructureSet
instanceKlass it/unimi/dsi/fastutil/longs/AbstractLongCollection
instanceKlass java/util/EnumMap$Values
instanceKlass com/google/common/collect/ImmutableCollection
instanceKlass java/util/TreeMap$Values
instanceKlass java/util/IdentityHashMap$Values
instanceKlass java/util/concurrent/ConcurrentLinkedDeque
instanceKlass org/apache/logging/log4j/ThreadContext$EmptyThreadContextStack
instanceKlass java/util/AbstractQueue
instanceKlass java/util/AbstractMap$2
instanceKlass java/util/LinkedHashMap$LinkedValues
instanceKlass java/util/HashMap$Values
instanceKlass java/util/ArrayDeque
instanceKlass java/util/AbstractSet
instanceKlass java/util/ImmutableCollections$AbstractImmutableCollection
instanceKlass java/util/AbstractList
ciInstanceKlass java/util/AbstractCollection 1 1 160 10 7 12 1 1 1 10 7 12 1 1 1 10 12 1 1 11 7 12 1 1 1 11 12 1 1 10 12 1 1 10 100 12 1 1 1 10 12 1 1 10 12 1 1 10 7 12 1 1 10 7 12 1 1 1 7 1 10 100 12 1 1 1 10 100 12 1 1 1 100 1 10 11 12 1 11 7 1 10 12 1 10 12 1 10 7 12 1 1 1 11 8 1 7 1 10 10 12 1 1 8 1 10 12 1 10 12 1 1 1 1 1 1 1 1 1 1 1 1 1 1 1 1 1 1 1 1 1 1 1 1 1 1 1 1 1 1 1 1 1 1 1 1 1 1 1 1 1 1 1 1 1 1 1 1 1 1 1 1
ciInstanceKlass java/util/List 1 1 217 10 100 12 1 1 1 11 100 12 1 1 1 11 100 12 1 1 1 11 12 1 1 11 100 12 1 1 11 12 1 1 11 12 1 1 10 100 12 1 1 1 7 1 7 1 10 12 1 1 100 1 10 100 12 1 1 1 9 7 12 1 1 1 7 1 10 12 10 12 1 7 1 10 12 1 1 10 12 1 10 12 1 1 100 1 1 1 1 1 1 1 1 1 1 1 1 1 1 1 1 1 1 1 1 1 1 1 1 1 1 1 1 1 1 1 1 1 1 1 1 1 1 1 1 1 1 1 1 1 1 1 1 1 1 100 1 100 1 1 1 1 1 1 1 1 1 1 1 1 1 1 1 1 1 1 1 1 1 1 1 1 1 1 1 1 1 1 1 1 1 1 1 1 1 1 1 1 1 1 1 1 1 1 1 1 1 1 1 1 1 1 1 1 1 1 1 1 1 1 1 1 1 1 1 1 1 1 1 1 100 1 1 100 1 1 1
instanceKlass com/google/common/collect/Lists$ReverseList
instanceKlass net/minecraft/nbt/CollectionTag
instanceKlass net/minecraft/core/NonNullList
instanceKlass com/google/common/collect/Lists$TransformingRandomAccessList
instanceKlass org/openjdk/nashorn/internal/runtime/ListAdapter
instanceKlass java/util/AbstractList$SubList
instanceKlass java/util/Collections$CopiesList
instanceKlass java/util/Collections$SingletonList
instanceKlass sun/security/jca/ProviderList$ServiceList
instanceKlass sun/security/jca/ProviderList$3
instanceKlass java/util/AbstractSequentialList
instanceKlass java/util/Vector
instanceKlass java/util/Arrays$ArrayList
instanceKlass java/util/ArrayList$SubList
instanceKlass java/util/Collections$EmptyList
instanceKlass java/util/ArrayList
ciInstanceKlass java/util/AbstractList 1 1 218 10 7 12 1 1 1 9 7 12 1 1 1 10 12 1 1 10 12 1 1 100 1 10 10 12 1 1 11 7 12 1 1 1 11 12 1 1 11 12 1 10 7 12 1 1 1 10 12 1 11 12 1 11 12 1 11 12 1 10 12 1 1 10 12 1 1 11 100 12 1 1 1 11 7 1 11 7 1 10 12 1 7 1 10 12 1 10 12 1 1 7 1 7 1 10 12 1 7 1 10 100 1 100 1 10 8 1 10 12 1 1 10 12 1 10 12 1 1 10 12 1 8 1 100 1 8 1 8 1 8 1 10 7 1 11 10 10 12 1 11 12 1 10 12 1 1 8 1 8 1 1 1 1 1 1 1 1 1 1 1 1 1 1 1 1 1 1 1 1 1 1 1 1 1 1 1 1 1 1 1 1 1 1 1 1 1 1 1 1 1 1 1 1 1 1 1 1 1 1 1 1 1 1 1 1 1 1 100 1 7 1 1 1 1 1 1 1
ciMethod java/util/Objects requireNonNull (Ljava/lang/Object;)Ljava/lang/Object; 548 0 2150243 0 -1
ciInstanceKlass java/lang/AssertionStatusDirectives 0 0 24 10 100 12 1 1 1 100 1 1 1 1 1 1 1 1 1 1 1 1 1 1 1 1
ciInstanceKlass java/lang/invoke/MethodHandleNatives$CallSiteContext 1 1 49 10 7 12 1 1 1 7 1 10 10 7 12 1 1 1 10 7 12 1 1 1 10 7 12 1 1 1 100 1 1 1 1 1 1 1 1 1 1 1 1 1 1 1 1 1 100 1 1
ciInstanceKlass jdk/internal/invoke/NativeEntryPoint 0 0 92 10 100 12 1 1 1 9 100 12 1 1 1 10 100 12 1 1 1 100 1 9 12 1 9 12 1 9 12 1 1 9 12 1 1 9 12 1 1 100 1 8 1 10 12 1 11 100 12 1 1 1 10 12 1 1 10 12 1 11 100 12 1 1 11 12 1 10 12 1 1 10 12 1 1 1 1 1 1 1 1 1 1 1 1 1 1 1 1 1 1 1
instanceKlass java/lang/invoke/VolatileCallSite
instanceKlass java/lang/invoke/MutableCallSite
instanceKlass java/lang/invoke/ConstantCallSite
ciInstanceKlass java/lang/invoke/CallSite 1 1 302 10 7 12 1 1 1 10 7 12 1 1 1 9 7 12 1 1 1 10 12 1 1 9 12 1 1 10 7 12 1 1 1 10 12 1 100 1 10 12 1 1 10 12 1 1 9 100 12 1 1 1 10 100 12 1 1 10 12 1 1 100 1 100 1 10 10 100 12 1 1 1 10 12 1 1 8 1 10 12 1 10 12 1 1 10 12 1 10 12 1 1 10 12 1 1 10 10 7 12 1 1 10 12 1 1 9 12 1 9 7 12 1 1 1 8 1 10 7 12 1 1 1 10 12 1 1 100 1 10 12 1 1 9 12 1 8 1 7 1 10 12 1 10 12 1 100 1 8 1 10 10 12 1 10 12 1 1 7 1 10 12 1 1 10 12 1 10 12 1 10 12 1 1 10 12 1 1 9 12 1 1 8 10 12 1 1 9 12 1 1 100 1 10 10 12 1 10 7 12 1 1 1 10 12 1 1 10 12 1 1 10 12 1 10 7 12 1 1 1 100 1 8 1 10 10 12 10 12 1 1 100 1 100 1 100 1 8 1 10 12 1 10 7 12 1 1 1 1 1 1 1 1 1 1 1 1 1 1 1 1 1 1 1 1 1 1 1 1 1 1 1 1 1 1 1 1 1 1 1 1 1 1 1 1 1 1 1 1 1 1 1 1 1 1 1 1 1 1 1 1 1
staticfield java/lang/invoke/CallSite $assertionsDisabled Z 1
ciInstanceKlass java/lang/invoke/VolatileCallSite 0 0 37 10 100 12 1 1 1 10 12 1 10 100 12 1 1 1 10 12 1 10 12 1 1 1 1 1 1 1 1 1 1 1 1 1 1 1 1
ciInstanceKlass java/lang/invoke/MethodType 1 1 771 7 1 10 7 12 1 1 1 9 12 1 1 9 12 1 1 9 12 1 1 10 7 12 1 1 1 9 7 12 1 1 8 1 10 100 12 1 1 1 9 7 1 9 7 1 10 12 1 1 7 1 10 8 1 10 12 1 1 10 12 1 10 12 1 1 100 1 8 1 10 12 1 100 1 10 10 12 1 10 12 1 1 10 12 1 1 11 7 12 1 1 1 9 12 1 11 12 1 1 7 7 1 10 7 12 1 1 1 10 12 1 9 12 1 1 10 7 12 1 1 10 12 1 1 10 7 12 1 1 1 10 7 12 1 1 1 10 12 1 9 12 1 1 10 12 1 1 7 1 10 12 1 1 10 12 1 1 10 12 1 1 10 12 1 1 10 12 1 1 10 12 1 10 12 1 10 12 1 1 10 12 1 8 1 8 1 10 12 1 1 9 12 1 1 100 1 10 10 12 1 1 10 12 1 10 12 1 1 10 12 1 1 10 12 1 10 12 1 1 10 12 1 8 1 10 12 1 1 10 7 12 1 1 1 10 12 1 10 12 1 1 10 12 1 10 12 1 10 12 1 1 10 12 1 10 12 1 9 12 1 10 12 1 10 10 12 1 1 10 12 1 9 12 1 1 10 12 1 1 10 12 1 1 10 12 1 1 10 12 1 1 7 1 10 12 10 12 1 10 12 1 7 1 8 1 8 1 8 1 10 12 1 10 12 1 10 12 1 10 11 12 1 1 11 12 1 10 100 12 1 1 1 9 12 1 10 12 1 10 12 1 1 10 12 1 1 10 12 1 10 12 1 10 7 12 1 1 1 10 12 1 1 10 12 1 10 12 1 10 12 1 10 9 12 1 1 7 1 10 12 1 10 12 1 1 9 100 12 1 1 1 10 100 12 1 1 1 10 100 12 1 1 1 10 12 1 1 10 7 12 1 1 1 10 12 1 1 8 1 10 7 12 1 1 1 11 12 1 1 9 12 1 1 10 12 1 1 10 12 1 10 12 1 1 10 12 1 1 10 100 12 1 1 100 1 10 12 1 1 11 100 12 1 1 1 18 12 1 1 11 12 1 1 18 12 1 11 12 1 100 1 11 100 12 1 1 10 12 1 100 1 10 12 1 10 100 12 1 1 10 12 1 1 9 12 1 1 9 100 12 1 1 1 10 100 12 1 1 1 9 12 1 10 100 12 1 1 10 12 1 100 10 12 1 1 10 12 1 10 7 1 7 1 9 12 1 1 100 1 100 1 100 1 1 1 5 0 1 1 1 1 1 1 1 3 1 3 1 3 1 1 1 1 1 1 1 1 1 1 1 1 1 1 1 1 1 1 1 1 1 1 1 1 1 1 1 1 1 1 1 1 1 1 1 1 1 1 1 1 1 1 1 1 1 1 1 1 1 1 1 1 1 1 1 1 1 1 1 1 1 1 1 1 1 1 1 1 1 1 1 1 1 1 1 1 1 1 1 1 1 1 1 1 1 1 1 1 1 1 1 1 1 1 1 1 1 1 1 1 1 1 1 1 1 1 1 1 1 1 1 1 1 1 1 1 1 1 1 1 1 1 1 1 1 1 1 7 1 7 1 1 1 1 1 1 1 1 1 1 1 1 1 100 1 1 1 100 1 1 1 1 1 1 1 1 1 1 1 1 1 1 1 1 1 1 1 1 1 15 10 100 12 1 1 1 16 15 10 12 16 16 15 10 12 16 1 1 1 1 100 1 1 100 1 1 100 1 100 1 1
staticfield java/lang/invoke/MethodType internTable Ljava/lang/invoke/MethodType$ConcurrentWeakInternSet; java/lang/invoke/MethodType$ConcurrentWeakInternSet
staticfield java/lang/invoke/MethodType NO_PTYPES [Ljava/lang/Class; 0 [Ljava/lang/Class;
staticfield java/lang/invoke/MethodType objectOnlyTypes [Ljava/lang/invoke/MethodType; 20 [Ljava/lang/invoke/MethodType;
staticfield java/lang/invoke/MethodType METHOD_HANDLE_ARRAY [Ljava/lang/Class; 1 [Ljava/lang/Class;
staticfield java/lang/invoke/MethodType serialPersistentFields [Ljava/io/ObjectStreamField; 0 [Ljava/io/ObjectStreamField;
staticfield java/lang/invoke/MethodType $assertionsDisabled Z 1
ciInstanceKlass java/lang/BootstrapMethodError 0 0 45 10 100 12 1 1 1 10 12 1 10 12 1 10 100 12 1 1 1 10 100 12 1 1 1 1 1 1 5 0 1 1 1 1 1 1 1 1 1 1 1 100 1 1 1
ciInstanceKlass jdk/internal/loader/ClassLoaders$AppClassLoader 1 1 119 8 1 10 7 12 1 1 1 10 7 12 1 1 1 10 100 12 1 1 1 10 12 1 1 10 100 12 1 1 1 10 12 1 1 10 12 1 1 7 1 8 1 10 12 10 7 12 1 1 1 10 100 12 1 1 10 12 1 1 10 12 1 1 10 7 12 1 1 1 100 1 10 12 1 1 1 1 1 1 1 1 1 1 1 1 1 1 1 1 1 1 1 1 1 100 1 1 1 1 1 1 1 1 1 1 1 1 1 1 1 1 1 1 1 100 1 1 1
ciInstanceKlass jdk/internal/loader/ClassLoaders$PlatformClassLoader 1 1 42 8 1 10 7 12 1 1 1 10 7 12 1 1 1 100 1 10 12 1 100 1 1 1 1 1 1 1 1 1 1 1 1 1 1 100 1 1 1 100 1 1
ciInstanceKlass java/lang/ArrayStoreException 1 1 26 10 100 12 1 1 1 10 12 1 100 1 1 1 1 5 0 1 1 1 1 1 1 1 1 1
ciInstanceKlass java/lang/ClassCastException 1 1 26 10 100 12 1 1 1 10 12 1 100 1 1 1 1 5 0 1 1 1 1 1 1 1 1 1
ciInstanceKlass java/lang/NoClassDefFoundError 0 0 26 10 100 12 1 1 1 10 12 1 100 1 1 1 1 5 0 1 1 1 1 1 1 1 1 1
ciInstanceKlass java/lang/IllegalMonitorStateException 1 1 26 10 100 12 1 1 1 10 12 1 100 1 1 1 1 5 0 1 1 1 1 1 1 1 1 1
ciInstanceKlass java/lang/StackOverflowError 1 1 26 10 100 12 1 1 1 10 12 1 100 1 1 1 1 5 0 1 1 1 1 1 1 1 1 1
instanceKlass java/lang/StackOverflowError
instanceKlass java/lang/OutOfMemoryError
instanceKlass java/lang/InternalError
ciInstanceKlass java/lang/VirtualMachineError 1 1 34 10 100 12 1 1 1 10 12 1 10 12 1 10 12 1 100 1 1 1 1 5 0 1 1 1 1 1 1 1 1 1 1 1
instanceKlass io/netty/util/internal/OutOfDirectMemoryError
ciInstanceKlass java/lang/OutOfMemoryError 1 1 26 10 100 12 1 1 1 10 12 1 100 1 1 1 1 5 0 1 1 1 1 1 1 1 1 1
ciInstanceKlass java/lang/InternalError 0 0 34 10 100 12 1 1 1 10 12 1 10 12 1 10 12 1 100 1 1 1 1 5 0 1 1 1 1 1 1 1 1 1 1 1
ciInstanceKlass java/lang/StackTraceElement 1 1 224 10 7 12 1 1 1 10 7 12 1 1 9 12 1 1 9 12 1 1 9 12 1 9 12 1 8 1 10 100 12 1 1 1 100 1 9 12 1 8 1 9 12 1 9 12 1 9 12 1 1 8 1 10 12 1 1 10 12 1 100 1 10 10 12 1 1 8 1 10 12 1 1 10 12 1 8 1 8 1 8 1 10 12 1 8 1 8 1 10 12 1 8 1 8 1 10 12 1 1 10 12 1 10 12 1 1 10 12 1 9 12 1 1 10 7 12 1 1 1 10 12 1 1 7 1 10 12 1 1 10 7 12 1 1 10 7 12 1 1 1 10 7 12 1 1 10 7 12 1 1 10 10 12 1 1 10 12 1 10 12 1 1 100 1 1 1 1 1 3 1 3 1 1 5 0 1 1 1 1 1 1 1 1 1 1 1 1 1 1 1 1 1 1 1 1 1 1 1 1 1 1 100 1 100 1 1 1 1 1 1 1 1 1 1 100 1 1 1 1 1 1 1 1
instanceKlass java/nio/ShortBuffer
instanceKlass java/nio/DoubleBuffer
instanceKlass java/nio/FloatBuffer
instanceKlass java/nio/IntBuffer
instanceKlass java/nio/CharBuffer
instanceKlass java/nio/LongBuffer
instanceKlass java/nio/ByteBuffer
ciInstanceKlass java/nio/Buffer 1 1 224 100 1 10 7 12 1 1 1 9 7 12 1 1 1 9 12 1 9 12 1 1 9 12 1 9 12 1 1 10 12 1 1 10 12 1 1 10 12 100 1 100 1 10 8 1 10 12 1 1 10 12 1 8 1 8 1 10 12 1 1 10 12 1 8 1 9 12 1 1 100 1 8 1 10 12 1 8 1 8 1 9 12 10 12 1 8 1 8 1 8 1 10 12 1 8 1 8 1 8 1 100 1 10 100 1 10 100 1 10 100 1 10 10 100 12 1 1 1 10 11 100 12 1 1 10 7 12 1 1 1 10 7 12 1 1 1 9 12 1 1 10 7 12 1 1 1 9 12 1 1 7 1 10 10 7 12 1 1 1 1 1 3 1 1 1 1 1 1 1 1 1 1 1 1 1 1 1 1 1 1 100 1 1 1 1 1 1 1 1 1 1 1 1 1 1 1 1 1 1 1 1 1 1 1 1 1 1 1 1 1 1 1 1 1 1 1 1 1 1 1 1 1 1
staticfield java/nio/Buffer UNSAFE Ljdk/internal/misc/Unsafe; jdk/internal/misc/Unsafe
staticfield java/nio/Buffer SCOPED_MEMORY_ACCESS Ljdk/internal/misc/ScopedMemoryAccess; jdk/internal/misc/ScopedMemoryAccess
staticfield java/nio/Buffer $assertionsDisabled Z 1
ciInstanceKlass jdk/internal/util/ArraysSupport 1 1 271 7 1 100 1 8 1 10 12 1 1 10 12 1 1 10 100 12 1 1 9 7 12 1 1 1 9 12 1 1 10 7 12 1 1 1 9 12 1 1 10 7 12 1 1 1 9 12 1 10 12 9 12 1 10 12 1 1 10 12 9 12 1 9 12 1 10 12 1 1 9 12 1 9 12 1 9 12 1 9 12 1 9 12 1 9 12 1 9 12 1 10 12 1 1 10 100 12 1 1 1 9 12 1 9 12 1 10 12 1 1 10 12 1 9 12 1 10 12 1 10 100 12 1 1 1 9 12 1 9 12 1 10 12 1 10 12 1 10 7 12 1 1 1 3 10 12 1 100 1 100 1 10 8 1 10 12 1 1 10 12 1 8 1 8 1 10 12 1 1 10 10 12 1 1 10 12 1 1 9 12 1 10 12 1 9 12 1 9 12 1 9 12 1 9 12 1 9 12 1 9 12 1 9 12 1 100 1 1 1 1 1 1 1 1 1 1 1 1 1 1 1 1 1 1 1 1 1 1 1 1 1 1 1 1 1 1 1 1 1 1 1 1 1 1 1 1 1 1 1 1 1 1 1 1 1 1 1 1 1 1 1 1 1 1 1 1 1 1 1 1
staticfield jdk/internal/util/ArraysSupport U Ljdk/internal/misc/Unsafe; jdk/internal/misc/Unsafe
staticfield jdk/internal/util/ArraysSupport BIG_ENDIAN Z 0
staticfield jdk/internal/util/ArraysSupport LOG2_ARRAY_BOOLEAN_INDEX_SCALE I 0
staticfield jdk/internal/util/ArraysSupport LOG2_ARRAY_BYTE_INDEX_SCALE I 0
staticfield jdk/internal/util/ArraysSupport LOG2_ARRAY_CHAR_INDEX_SCALE I 1
staticfield jdk/internal/util/ArraysSupport LOG2_ARRAY_SHORT_INDEX_SCALE I 1
staticfield jdk/internal/util/ArraysSupport LOG2_ARRAY_INT_INDEX_SCALE I 2
staticfield jdk/internal/util/ArraysSupport LOG2_ARRAY_LONG_INDEX_SCALE I 3
staticfield jdk/internal/util/ArraysSupport LOG2_ARRAY_FLOAT_INDEX_SCALE I 2
staticfield jdk/internal/util/ArraysSupport LOG2_ARRAY_DOUBLE_INDEX_SCALE I 3
staticfield jdk/internal/util/ArraysSupport LOG2_BYTE_BIT_SIZE I 3
ciMethod jdk/internal/util/ArraysSupport newLength (III)I 514 0 20359 0 0
ciMethod jdk/internal/util/ArraysSupport hugeLength (II)I 0 0 1 0 -1
ciInstanceKlass jdk/internal/misc/UnsafeConstants 1 1 34 10 100 12 1 1 1 9 7 12 1 1 1 9 12 1 9 12 1 1 9 12 1 9 12 1 1 1 1 1 1 1 1 1
staticfield jdk/internal/misc/UnsafeConstants ADDRESS_SIZE0 I 8
staticfield jdk/internal/misc/UnsafeConstants PAGE_SIZE I 4096
staticfield jdk/internal/misc/UnsafeConstants BIG_ENDIAN Z 0
staticfield jdk/internal/misc/UnsafeConstants UNALIGNED_ACCESS Z 1
staticfield jdk/internal/misc/UnsafeConstants DATA_CACHE_LINE_FLUSH_SIZE I 0
instanceKlass java/lang/invoke/DelegatingMethodHandle
instanceKlass java/lang/invoke/BoundMethodHandle
instanceKlass java/lang/invoke/DirectMethodHandle
ciInstanceKlass java/lang/invoke/MethodHandle 1 1 641 100 1 9 7 12 1 1 1 10 7 12 1 1 1 10 7 12 1 1 1 7 1 7 1 10 12 1 1 9 12 1 1 10 12 1 10 12 1 1 10 12 1 1 10 7 12 1 1 1 10 12 1 1 10 12 1 1 11 100 12 1 1 1 10 12 1 1 10 12 1 10 12 1 9 12 1 1 10 12 1 1 100 1 100 1 10 8 1 10 12 1 1 10 12 1 8 1 10 12 1 1 10 12 1 10 7 12 1 1 1 10 12 1 10 12 1 1 10 12 1 1 10 12 1 1 10 12 1 1 10 7 12 1 1 1 10 7 12 1 1 1 7 1 10 12 1 1 10 12 1 1 10 12 1 1 8 1 10 7 12 1 1 1 8 1 10 12 1 1 10 12 1 1 10 12 1 1 10 12 1 8 1 10 12 1 1 8 1 10 12 1 8 1 10 100 12 1 1 1 9 12 1 1 100 1 10 9 100 12 1 1 1 9 100 1 8 1 10 12 1 1 10 12 1 10 12 1 1 10 12 1 10 12 1 1 10 12 1 10 12 1 1 10 12 1 10 12 1 1 10 12 1 1 8 1 10 12 1 1 8 1 10 12 1 10 12 1 1 10 12 1 10 12 1 10 12 1 1 9 100 12 1 1 1 10 12 1 1 11 12 1 10 12 1 10 12 1 1 10 100 12 1 1 1 100 1 11 12 1 10 100 1 11 12 1 100 1 10 12 1 11 12 1 9 100 12 1 1 1 11 12 1 1 11 100 12 1 1 1 10 12 1 1 9 12 1 11 12 1 9 12 1 9 12 1 9 12 1 11 12 1 1 9 12 1 9 12 1 9 12 1 9 12 1 9 12 1 9 12 1 9 12 1 8 1 10 12 1 10 12 1 8 1 10 12 1 10 12 1 10 10 7 12 1 1 10 12 1 1 100 1 8 1 10 12 1 1 10 12 1 1 10 12 1 10 12 1 100 1 10 100 12 1 1 1 10 12 1 9 7 12 1 1 1 10 12 1 1 10 12 1 1 8 1 9 12 1 9 12 1 1 9 12 1 1 10 12 1 7 1 10 12 1 10 12 1 1 9 12 1 1 9 12 1 1 10 7 12 1 1 1 11 7 12 1 1 9 12 1 10 12 1 1 9 12 1 10 12 1 8 10 12 1 1 8 1 1 1 1 1 1 7 1 1 1 1 1 1 1 1 1 1 1 1 1 1 1 1 1 1 1 1 1 1 1 1 1 1 1 1 1 1 1 1 1 1 1 1 1 1 1 1 1 1 1 1 1 1 1 1 1 1 1 1 1 1 1 1 1 1 1 1 1 1 1 1 1 1 1 1 1 100 1 1 1 1 1 1 1 1 1 100 1 1 1 1 1 1 1 1 1 1 1 1 1 1 1 1 1 1 1 1 1 1 1 1 1 1 1 100 1 1 100 1 1 100 1 1 1 1
staticfield java/lang/invoke/MethodHandle FORM_OFFSET J 20
staticfield java/lang/invoke/MethodHandle UPDATE_OFFSET J 13
staticfield java/lang/invoke/MethodHandle $assertionsDisabled Z 1
instanceKlass java/lang/invoke/DirectMethodHandle$StaticAccessor
instanceKlass java/lang/invoke/DirectMethodHandle$Special
instanceKlass java/lang/invoke/DirectMethodHandle$Interface
instanceKlass java/lang/invoke/DirectMethodHandle$Constructor
instanceKlass java/lang/invoke/DirectMethodHandle$Accessor
ciInstanceKlass java/lang/invoke/DirectMethodHandle 1 1 940 7 1 7 1 100 1 7 1 7 1 10 7 12 1 1 1 10 7 12 1 1 1 100 1 10 12 1 10 12 1 1 10 7 12 1 1 10 12 1 1 10 12 1 10 12 1 7 1 10 12 1 1 10 12 1 1 10 12 1 10 12 1 1 10 7 12 1 1 1 10 12 1 9 12 1 1 100 1 10 9 12 1 1 9 12 1 10 12 1 10 12 1 10 12 1 1 10 12 1 10 12 1 10 12 1 10 7 12 1 1 1 10 12 1 10 12 1 1 8 1 10 12 1 1 7 1 10 12 1 7 1 10 10 12 1 10 12 1 10 12 1 10 7 12 1 1 1 10 12 1 1 7 1 10 12 1 10 12 1 7 1 10 12 1 10 12 1 1 10 12 1 1 10 12 1 8 10 100 12 1 1 1 10 12 1 10 12 1 10 12 1 1 10 12 1 9 7 12 1 1 1 7 1 10 12 1 10 7 12 1 1 1 10 12 1 10 12 1 1 9 12 1 1 100 1 10 8 1 10 12 1 1 10 12 1 10 12 1 10 10 12 1 10 12 1 10 12 1 10 12 1 10 12 1 1 10 12 1 10 12 1 1 10 12 1 10 12 1 1 10 10 7 12 1 1 1 10 12 1 10 12 1 1 10 12 1 10 12 1 1 8 1 9 7 12 1 1 1 8 1 9 12 1 9 12 1 8 1 9 12 1 9 12 1 8 1 9 12 1 9 12 1 8 1 10 12 1 10 12 1 1 9 12 1 1 7 1 10 12 1 1 100 1 10 7 12 1 1 1 10 12 1 1 10 12 1 10 12 1 1 7 1 10 12 1 1 10 12 1 10 12 1 1 7 1 10 12 1 1 10 7 12 1 1 1 10 12 1 10 12 1 10 12 1 9 12 1 1 10 7 1 9 12 9 12 1 10 7 12 1 1 1 10 12 1 7 1 7 1 7 1 9 12 1 1 10 7 12 1 10 12 1 1 10 12 1 7 1 10 12 1 10 12 1 1 9 7 12 1 1 1 10 12 1 1 100 1 10 100 12 1 1 1 10 12 1 10 12 1 8 1 9 12 1 9 12 1 10 12 1 9 12 1 1 10 7 12 1 1 1 9 12 1 1 9 12 1 1 10 12 1 10 12 1 10 12 1 10 12 1 10 12 1 1 10 12 1 10 7 12 1 1 9 12 1 10 12 1 10 12 1 10 12 1 10 12 1 1 10 12 1 1 9 12 1 1 10 12 1 1 9 7 12 1 1 1 9 12 1 9 12 1 9 12 1 9 12 1 9 12 1 9 12 1 9 12 1 9 12 1 9 12 1 9 12 1 9 12 1 9 12 1 9 12 1 9 12 1 9 12 1 9 12 1 9 12 1 9 12 1 9 12 1 9 12 1 9 12 1 9 12 1 9 12 1 9 12 1 9 12 1 9 12 1 9 12 1 9 12 1 9 12 1 9 12 1 9 12 1 9 12 1 9 12 1 9 12 1 9 12 1 9 12 1 8 1 9 12 1 1 9 12 1 1 10 12 1 10 12 1 1 9 7 1 10 12 1 9 12 1 1 10 12 10 12 1 10 12 1 10 12 1 10 8 1 8 1 8 1 8 1 10 12 1 1 9 12 1 1 10 12 1 10 100 12 1 1 1 8 9 12 1 1 10 12 1 1 8 1 8 8 9 12 1 8 1 8 8 8 8 8 1 8 10 12 1 10 12 1 8 1 8 1 10 12 1 10 12 1 10 12 1 10 12 1 1 7 1 1 1 1 3 1 3 1 3 1 3 1 3 1 3 1 3 1 3 1 3 1 3 1 1 1 1 1 1 1 1 1 1 3 1 3 1 1 1 1 3 1 1 1 1 1 1 1 1 1 1 1 1 1 1 1 1 1 1 1 1 1 1 1 1 1 1 1 1 1 1 1 1 1 1 1 1 1 1 1 1 1 1 1 1 1 1 1 1 1 1 1 1 1 1 1 1 100 1 1 1 1 1 1 1 1 1 1 1 1 100 1 1 1 1 1 1 1 1 1 1 1 1 1 1 1 1 1 1 1 1 1 1 1 1 1 1 1 1 1 1 1 1 1 1 1 1 1 1 1 1 1 1 1 1 1 1 1 1 1 1 1
staticfield java/lang/invoke/DirectMethodHandle IMPL_NAMES Ljava/lang/invoke/MemberName$Factory; java/lang/invoke/MemberName$Factory
staticfield java/lang/invoke/DirectMethodHandle FT_UNCHECKED_REF I 8
staticfield java/lang/invoke/DirectMethodHandle ACCESSOR_FORMS [Ljava/lang/invoke/LambdaForm; 132 [Ljava/lang/invoke/LambdaForm;
staticfield java/lang/invoke/DirectMethodHandle ALL_WRAPPERS [Lsun/invoke/util/Wrapper; 10 [Lsun/invoke/util/Wrapper;
staticfield java/lang/invoke/DirectMethodHandle NFS [Ljava/lang/invoke/LambdaForm$NamedFunction; 12 [Ljava/lang/invoke/LambdaForm$NamedFunction;
staticfield java/lang/invoke/DirectMethodHandle OBJ_OBJ_TYPE Ljava/lang/invoke/MethodType; java/lang/invoke/MethodType
staticfield java/lang/invoke/DirectMethodHandle LONG_OBJ_TYPE Ljava/lang/invoke/MethodType; java/lang/invoke/MethodType
staticfield java/lang/invoke/DirectMethodHandle $assertionsDisabled Z 1
ciInstanceKlass java/lang/invoke/LambdaForm 1 1 1052 100 1 9 7 12 1 1 1 10 7 12 1 1 1 10 7 12 1 1 9 12 1 1 9 12 1 1 10 12 1 1 100 1 10 9 12 1 10 12 1 1 9 12 1 10 7 12 1 1 1 9 12 1 9 12 1 9 12 1 1 9 12 1 10 12 1 1 7 1 10 12 1 10 100 12 1 1 1 10 100 12 1 1 1 10 12 1 10 12 1 1 9 100 12 1 1 1 10 12 1 1 9 12 1 10 12 1 1 10 12 1 10 12 1 1 10 12 1 1 10 100 12 1 1 1 7 1 10 10 12 1 1 8 1 10 12 1 10 12 1 10 12 1 1 7 1 10 7 12 1 1 1 10 12 1 1 10 12 1 10 12 1 1 9 12 1 1 9 12 1 9 12 1 1 10 12 1 9 12 1 10 100 12 1 1 1 10 12 1 1 10 12 1 9 12 1 1 10 100 12 1 1 1 10 12 1 10 12 1 10 12 1 10 12 1 10 12 1 10 12 1 1 10 12 1 10 12 1 1 8 1 10 12 1 10 12 1 8 1 8 1 9 12 1 9 12 1 9 12 1 1 10 12 1 1 10 12 1 9 12 1 10 12 1 1 10 7 12 1 1 1 10 12 1 1 10 12 1 10 12 1 10 12 1 1 9 12 1 10 12 1 8 1 8 1 8 1 8 1 8 1 8 1 8 1 8 1 10 12 1 9 12 1 7 1 10 12 1 1 9 12 1 10 12 1 10 12 1 1 10 12 10 12 1 10 12 1 1 10 12 1 1 10 10 12 1 1 10 12 1 1 7 1 8 1 10 12 1 1 10 12 1 10 12 1 1 10 8 1 10 12 1 1 8 1 8 1 8 1 10 12 1 9 12 1 1 10 12 1 1 10 12 1 1 100 1 10 12 1 1 10 12 1 10 7 12 1 1 1 10 12 1 1 9 12 1 1 8 1 10 100 12 1 1 1 10 7 12 1 1 10 12 10 10 12 1 1 9 12 1 8 10 12 1 1 100 1 10 12 1 1 10 12 1 9 7 12 1 1 9 12 1 1 8 1 10 100 12 1 1 10 12 1 1 100 1 100 1 10 10 12 1 1 10 12 1 1 8 1 8 1 100 1 8 1 10 12 10 12 1 10 12 1 10 12 1 1 8 1 8 1 9 100 12 1 1 1 10 12 1 10 12 1 1 8 1 8 1 8 1 100 1 8 1 100 1 8 1 100 1 8 1 10 12 1 8 1 9 10 7 12 1 1 1 10 12 1 9 12 1 1 10 12 1 10 10 12 1 10 12 1 10 12 1 10 12 1 1 10 12 1 10 12 1 1 10 12 1 1 10 12 1 1 8 1 100 10 12 1 10 12 1 9 12 1 1 10 7 12 1 1 8 1 8 1 100 1 8 1 8 1 8 1 8 1 8 1 8 1 8 1 8 1 10 12 1 1 10 12 1 1 10 12 1 10 12 1 8 1 8 1 8 1 10 12 1 8 1 10 12 1 8 1 8 1 8 1 8 1 8 1 10 12 1 10 12 1 10 12 1 1 10 7 12 1 1 1 10 12 1 10 12 1 10 12 1 10 12 1 10 12 1 10 12 1 10 12 1 9 12 1 1 8 1 10 12 1 1 9 12 1 1 10 12 1 1 9 12 1 9 12 1 1 9 12 1 9 12 1 1 7 1 10 7 12 1 1 1 9 12 1 10 12 1 10 12 1 8 1 10 12 1 9 12 1 1 7 1 10 7 12 1 1 1 8 1 100 1 10 12 1 9 12 1 9 12 1 10 12 1 10 12 1 10 7 12 1 1 1 10 12 1 9 7 12 1 1 10 12 1 1 10 12 1 10 12 1 9 12 10 12 1 10 10 12 1 9 9 12 1 7 9 12 1 1 10 12 1 1 9 12 1 10 12 1 10 7 1 9 1 1 1 1 3 1 3 1 3 1 1 1 1 1 1 1 1 1 1 1 1 1 1 1 1 1 1 1 1 1 1 1 1 1 1 1 1 1 1 1 1 1 1 1 1 1 1 1 1 1 1 1 1 1 1 1 1 1 1 1 1 1 1 1 1 100 1 1 1 1 1 1 1 1 1 1 1 1 1 1 1 1 1 1 1 1 1 1 1 1 1 1 1 1 1 1 1 1 1 1 1 1 1 1 1 1 1 1 1 1 1 1 1 1 1 1 1 1 1 1 1 1 1 1 1 100 1 1 1 1 1 1 1 1 1 1 1 1 1 1 1 1 1 1 1 1 1 1 1 1 1 1 1 1 1 1 1 1 1 1 100 1 1 1 1 1 1 1 1 1 1 1 1 1 1 1 1 1 1 1 1 1 1 100 1 1 1 100 1 1 100 1 1 1 1 1 1 1 1 1 1 1
staticfield java/lang/invoke/LambdaForm COMPILE_THRESHOLD I 0
staticfield java/lang/invoke/LambdaForm INTERNED_ARGUMENTS [[Ljava/lang/invoke/LambdaForm$Name; 5 [[Ljava/lang/invoke/LambdaForm$Name;
staticfield java/lang/invoke/LambdaForm IMPL_NAMES Ljava/lang/invoke/MemberName$Factory; java/lang/invoke/MemberName$Factory
staticfield java/lang/invoke/LambdaForm LF_identity [Ljava/lang/invoke/LambdaForm; 6 [Ljava/lang/invoke/LambdaForm;
staticfield java/lang/invoke/LambdaForm LF_zero [Ljava/lang/invoke/LambdaForm; 6 [Ljava/lang/invoke/LambdaForm;
staticfield java/lang/invoke/LambdaForm NF_identity [Ljava/lang/invoke/LambdaForm$NamedFunction; 6 [Ljava/lang/invoke/LambdaForm$NamedFunction;
staticfield java/lang/invoke/LambdaForm NF_zero [Ljava/lang/invoke/LambdaForm$NamedFunction; 6 [Ljava/lang/invoke/LambdaForm$NamedFunction;
staticfield java/lang/invoke/LambdaForm createFormsLock Ljava/lang/Object; java/lang/Object
staticfield java/lang/invoke/LambdaForm DEBUG_NAME_COUNTERS Ljava/util/HashMap; null
staticfield java/lang/invoke/LambdaForm DEBUG_NAMES Ljava/util/HashMap; null
staticfield java/lang/invoke/LambdaForm TRACE_INTERPRETER Z 0
staticfield java/lang/invoke/LambdaForm $assertionsDisabled Z 1
ciInstanceKlass java/lang/invoke/MethodHandleNatives 1 1 684 100 1 10 7 12 1 1 1 9 7 12 1 1 1 10 12 1 1 100 1 10 10 12 1 1 10 12 1 10 12 1 8 1 8 1 8 1 8 1 8 1 8 1 8 1 8 1 8 1 8 1 10 12 1 1 7 1 10 7 12 1 1 1 10 100 12 1 1 1 7 1 10 10 12 1 1 8 1 10 12 1 8 1 10 12 1 1 8 1 10 12 1 1 9 100 12 1 1 1 8 1 10 100 12 1 1 1 100 1 10 12 100 1 100 1 8 1 7 1 10 10 12 1 7 1 9 7 12 1 1 10 12 1 1 10 12 1 10 7 12 1 1 1 7 1 10 12 1 1 10 7 12 1 1 1 10 12 1 10 12 1 1 10 12 1 1 9 12 1 8 1 10 12 1 8 1 10 12 1 8 1 8 1 8 1 100 1 10 12 1 8 1 10 12 1 1 10 12 1 10 100 12 1 1 1 100 1 8 1 10 100 12 1 1 1 7 1 8 1 10 12 1 8 1 8 1 8 1 8 1 8 1 10 12 1 1 10 12 1 1 10 12 1 10 12 1 1 10 12 1 1 7 1 10 12 1 100 1 100 1 10 12 1 10 12 1 8 1 8 1 10 10 12 1 1 10 12 1 1 8 1 10 100 12 1 1 1 8 1 8 1 10 12 1 1 10 7 12 1 1 1 100 1 10 12 1 1 7 1 9 12 1 1 10 7 12 1 1 1 10 10 12 1 9 12 1 10 12 1 1 9 12 1 9 12 1 10 12 1 1 10 12 1 10 12 1 1 7 1 7 1 10 12 1 1 10 12 1 10 12 1 1 10 7 12 1 1 1 10 12 1 8 1 10 12 1 10 12 1 10 12 1 1 10 12 1 10 7 12 1 1 1 10 12 1 1 100 1 8 1 10 9 7 12 1 1 1 10 12 1 1 10 12 1 1 100 1 10 12 1 1 10 12 1 1 100 1 100 1 10 10 100 1 100 1 10 100 1 10 10 12 1 1 10 100 1 10 12 1 10 12 1 10 12 1 1 10 12 1 1 10 12 1 1 10 12 1 10 12 1 1 10 8 1 100 1 10 12 1 10 12 1 10 12 1 10 12 1 10 12 1 1 10 12 1 9 12 1 1 10 7 12 1 1 1 9 12 1 1 11 7 12 1 1 1 10 12 1 10 12 1 10 10 12 1 10 7 12 1 1 1 1 1 1 1 1 1 1 1 1 1 1 1 100 1 1 1 1 1 1 1 1 1 1 1 1 1 1 1 1 1 1 1 1 1 1 1 1 1 1 1 1 1 1 1 1 1 1 1 1 1 1 1 1 1 1 1 1 1 1 1 1 1 1 1 1 1 1 1 1 1 1 1 1 1 1 1 1 1 1 1 1 1 1 1 1 1 1 1 1 1 1 1 1 1 1 1 1 1 1 1 1 1 1 1 1 1 1 1 1 1 1 100 1 1 1 1 1 1 1 1 1 1 1 1 1 1 1 1 1 1 1 1 1 1 1 1 1 1 1 1 100 1 1 1 1 1 1 1 100 1 1 1
staticfield java/lang/invoke/MethodHandleNatives JLA Ljdk/internal/access/JavaLangAccess; java/lang/System$2
staticfield java/lang/invoke/MethodHandleNatives $assertionsDisabled Z 1
ciInstanceKlass jdk/internal/reflect/CallerSensitive 1 1 17 100 1 100 1 100 1 1 1 1 1 1 1 1 1 1 1
ciInstanceKlass jdk/internal/reflect/ConstantPool 1 1 142 10 100 12 1 1 1 9 7 12 1 1 1 10 12 1 1 10 12 1 1 10 12 1 10 12 1 1 10 12 1 1 10 12 1 10 12 1 1 10 12 1 10 12 1 1 10 12 1 10 12 1 10 12 1 10 12 1 1 10 12 1 1 10 12 1 1 10 12 1 1 10 12 1 10 12 1 1 10 100 12 1 1 1 8 11 7 12 1 1 1 10 7 12 1 1 1 1 1 1 1 1 1 1 1 1 1 1 1 1 1 1 1 1 1 1 1 1 1 1 1 1 1 1 1 1 1 1 1 1 1 1 1 1 1 1 1 1 1 1 1 1
instanceKlass jdk/internal/reflect/UnsafeStaticObjectFieldAccessorImpl
instanceKlass jdk/internal/reflect/UnsafeQualifiedStaticFieldAccessorImpl
ciInstanceKlass jdk/internal/reflect/UnsafeStaticFieldAccessorImpl 1 1 47 10 7 12 1 1 1 9 7 12 1 1 1 10 7 12 1 1 1 9 12 1 1 8 11 7 12 1 1 1 10 7 12 1 1 1 1 1 1 1 1 1 1 1 1 1 1
instanceKlass jdk/internal/reflect/UnsafeFieldAccessorImpl
ciInstanceKlass jdk/internal/reflect/FieldAccessorImpl 1 1 59 10 7 12 1 1 1 100 1 100 1 1 1 1 1 1 1 1 1 100 1 1 1 1 1 1 1 1 1 1 1 1 1 1 1 1 1 1 1 100 1 1 1 1 1 1 1 1 1 1 1 1 1 1 1 1 1 1 1
instanceKlass jdk/internal/reflect/UnsafeLongFieldAccessorImpl
instanceKlass jdk/internal/reflect/UnsafeDoubleFieldAccessorImpl
instanceKlass jdk/internal/reflect/UnsafeShortFieldAccessorImpl
instanceKlass jdk/internal/reflect/UnsafeByteFieldAccessorImpl
instanceKlass jdk/internal/reflect/UnsafeQualifiedFieldAccessorImpl
instanceKlass jdk/internal/reflect/UnsafeIntegerFieldAccessorImpl
instanceKlass jdk/internal/reflect/UnsafeBooleanFieldAccessorImpl
instanceKlass jdk/internal/reflect/UnsafeObjectFieldAccessorImpl
instanceKlass jdk/internal/reflect/UnsafeStaticFieldAccessorImpl
ciInstanceKlass jdk/internal/reflect/UnsafeFieldAccessorImpl 1 1 254 10 7 12 1 1 1 9 7 12 1 1 1 10 7 12 1 1 1 10 7 12 1 1 1 9 12 1 1 10 7 12 1 1 1 9 12 1 1 10 12 1 10 12 1 9 12 1 10 12 1 1 10 7 12 1 1 10 7 12 1 1 1 10 12 1 1 100 1 10 10 12 1 1 10 12 1 1 8 1 10 10 12 1 100 1 8 1 10 12 1 8 1 10 12 1 8 1 10 12 1 100 1 10 12 1 1 10 8 1 10 12 1 1 8 1 10 100 12 1 1 8 1 10 100 12 1 1 8 1 10 100 12 1 1 8 1 10 100 12 1 1 8 1 10 100 12 1 1 8 1 10 100 12 1 1 8 1 10 100 12 1 1 8 1 10 100 12 1 1 10 12 1 1 8 1 8 1 8 1 8 1 8 1 8 1 10 100 12 1 1 1 8 1 8 1 8 1 10 12 10 12 1 1 1 1 1 1 1 1 1 1 1 1 1 1 1 1 1 1 1 1 1 1 1 1 1 1 1 1 1 1 1 1 1 1 1 1 1 1 1 1 1 1 1 1 1 1 1 1 1 1 1 1
staticfield jdk/internal/reflect/UnsafeFieldAccessorImpl unsafe Ljdk/internal/misc/Unsafe; jdk/internal/misc/Unsafe
ciInstanceKlass jdk/internal/reflect/NativeConstructorAccessorImpl 1 1 126 10 7 12 1 1 1 9 7 12 1 1 1 9 12 1 1 10 7 12 1 1 1 10 7 12 1 1 1 10 7 12 1 1 1 9 12 1 9 12 1 1 9 12 1 1 10 7 12 1 1 1 7 1 10 10 12 1 1 10 12 1 10 12 1 10 12 1 1 9 12 1 1 10 100 12 1 1 1 100 1 10 12 1 1 10 12 1 1 8 10 12 1 1 1 1 1 1 1 1 1 1 1 1 1 1 1 1 1 1 1 1 1 1 100 1 100 1 100 1 1 1 1 1 1 1
staticfield jdk/internal/reflect/NativeConstructorAccessorImpl U Ljdk/internal/misc/Unsafe; jdk/internal/misc/Unsafe
staticfield jdk/internal/reflect/NativeConstructorAccessorImpl GENERATED_OFFSET J 16
ciInstanceKlass java/lang/invoke/ConstantCallSite 1 1 65 10 7 12 1 1 1 9 7 12 1 1 1 9 12 1 1 10 7 12 1 1 1 10 12 1 100 1 10 12 9 12 1 1 100 1 10 10 12 1 1 10 12 1 1 1 1 1 1 1 1 1 1 1 1 1 100 1 1 1 1 1 1 1 1
staticfield java/lang/invoke/ConstantCallSite UNSAFE Ljdk/internal/misc/Unsafe; jdk/internal/misc/Unsafe
instanceKlass jdk/dynalink/support/AbstractRelinkableCallSite
ciInstanceKlass java/lang/invoke/MutableCallSite 1 1 63 10 7 12 1 1 1 10 12 1 9 7 12 1 1 1 10 12 1 10 12 1 1 9 12 1 1 10 7 12 1 1 1 10 7 12 1 1 1 10 12 1 1 1 1 1 1 1 1 1 1 1 1 1 1 1 1 1 1 100 1 1 1
staticfield java/lang/invoke/MutableCallSite STORE_BARRIER Ljava/util/concurrent/atomic/AtomicInteger; java/util/concurrent/atomic/AtomicInteger
instanceKlass java/lang/invoke/VarHandleBooleans$FieldInstanceReadOnly
instanceKlass java/lang/invoke/VarHandleReferences$Array
instanceKlass java/lang/invoke/VarHandleInts$FieldStaticReadOnly
instanceKlass java/lang/invoke/VarHandleInts$FieldInstanceReadOnly
instanceKlass java/lang/invoke/VarHandleLongs$FieldInstanceReadOnly
instanceKlass java/lang/invoke/VarHandleReferences$FieldInstanceReadOnly
instanceKlass java/lang/invoke/VarHandleByteArrayAsLongs$ByteArrayViewVarHandle
instanceKlass java/lang/invoke/VarHandleByteArrayAsInts$ByteArrayViewVarHandle
instanceKlass java/lang/invoke/VarHandleReferences$FieldStaticReadOnly
ciInstanceKlass java/lang/invoke/VarHandle 1 1 390 10 7 12 1 1 1 10 7 12 1 1 9 12 1 1 9 12 1 1 100 1 10 8 1 10 12 1 1 10 7 12 1 1 1 10 12 1 1 10 100 12 1 1 1 9 100 12 1 1 1 10 12 1 1 10 100 12 1 1 1 10 12 1 1 9 12 1 10 12 1 9 12 1 1 10 7 12 1 1 10 12 1 9 7 12 1 1 1 9 12 1 1 10 12 1 1 100 1 100 1 10 8 1 10 12 1 1 10 12 1 8 1 10 12 1 10 12 1 10 12 1 1 9 7 12 1 1 1 10 12 1 10 12 1 1 10 12 1 10 10 100 12 1 1 1 10 12 1 1 10 12 1 1 10 100 12 1 1 1 10 100 12 1 1 1 10 100 12 1 1 1 9 12 1 1 10 9 12 1 1 10 12 1 10 12 1 10 12 1 1 10 12 1 10 100 12 1 1 1 9 12 1 1 10 12 1 1 9 12 1 10 12 1 10 12 1 10 100 12 1 1 100 1 10 9 7 12 1 1 1 9 12 1 1 10 7 12 1 1 1 10 12 1 10 12 1 10 12 1 10 12 1 10 12 1 10 12 1 1 7 1 10 10 7 12 1 1 1 9 12 1 1 8 10 12 1 1 7 1 10 12 1 1 100 1 1 1 1 1 1 1 1 1 1 1 1 1 1 1 1 1 1 1 1 1 1 1 1 1 1 1 1 1 1 1 1 1 1 1 1 1 1 1 1 1 1 1 1 1 1 1 1 1 1 1 1 1 1 1 1 1 1 1 1 1 1 1 1 1 1 1 1 1 1 1 1 1 1 1 1 1 1 1 1 1 1 1 1 1 1 1 1 1 100 1 100 1 100 1 1 1 1 1 1 1 100 1 1 1
staticfield java/lang/invoke/VarHandle AIOOBE_SUPPLIER Ljava/util/function/BiFunction; jdk/internal/util/Preconditions$1
staticfield java/lang/invoke/VarHandle VFORM_OFFSET J 16
staticfield java/lang/invoke/VarHandle $assertionsDisabled Z 1
ciInstanceKlass java/lang/invoke/MemberName 1 1 757 7 1 7 1 100 1 9 12 1 1 10 7 12 1 1 1 9 12 1 1 10 12 1 1 10 12 1 1 10 12 1 1 10 12 1 10 12 1 1 10 7 12 1 1 1 10 12 1 9 7 12 1 1 10 12 1 100 1 7 1 10 12 1 8 1 10 12 1 1 10 12 1 10 12 1 1 10 12 1 9 12 1 1 8 1 10 100 12 1 1 1 7 1 10 10 12 1 1 100 1 100 1 10 12 1 1 9 12 1 1 100 1 8 1 10 12 1 10 12 1 10 12 1 10 12 1 10 12 1 1 10 12 1 10 12 1 10 12 1 1 10 12 1 1 10 12 1 8 1 8 1 8 1 10 100 12 1 1 1 10 12 1 9 12 1 1 3 10 12 1 10 12 1 10 12 1 10 10 7 12 1 1 1 10 12 1 10 12 1 10 12 1 10 12 1 7 1 8 10 12 1 1 10 12 1 1 8 1 9 100 1 8 9 100 1 10 12 1 1 10 12 1 10 12 1 8 1 10 12 1 1 10 12 1 10 12 1 10 12 1 10 12 1 1 100 1 10 12 1 1 10 12 1 8 1 10 12 1 10 12 1 8 1 10 12 1 1 10 12 1 1 7 1 10 12 1 1 10 12 8 1 8 1 100 1 10 12 1 10 100 12 1 1 1 100 1 10 12 10 12 1 10 12 1 10 12 1 10 12 1 10 10 12 1 10 12 1 10 12 1 3 10 12 1 3 10 12 1 3 3 3 3 3 3 3 100 1 10 12 1 10 7 12 1 1 1 10 12 1 3 9 12 1 10 12 1 1 3 10 12 1 10 10 7 12 1 1 1 10 12 1 1 10 7 1 10 10 12 1 10 12 1 10 12 1 10 10 12 1 1 10 12 1 10 12 1 10 12 1 100 1 10 10 10 12 100 1 10 10 10 12 1 1 10 12 1 1 10 10 12 1 8 10 7 1 10 12 1 10 7 1 10 12 1 10 12 1 10 12 1 10 10 12 1 10 12 1 1 10 12 1 1 10 12 1 10 12 1 10 12 1 100 1 10 12 1 1 100 1 8 1 10 7 1 10 12 1 10 12 10 12 1 1 10 12 1 10 12 1 8 1 8 1 8 1 8 1 10 12 1 10 12 1 10 12 1 1 8 1 8 1 10 12 1 8 1 10 10 12 1 10 12 1 8 1 8 1 10 10 12 1 8 1 10 100 12 1 1 1 8 1 10 12 1 10 12 1 1 10 12 1 8 1 8 1 8 1 8 1 100 1 10 8 1 8 1 8 1 8 1 10 12 1 7 1 100 1 7 1 10 100 1 10 7 1 10 7 12 1 1 1 9 7 12 1 1 1 100 1 100 1 1 1 1 1 1 1 3 1 3 1 3 1 3 1 3 1 3 1 1 1 1 1 1 1 1 3 1 3 1 1 1 1 3 1 1 1 1 1 1 1 1 1 1 1 1 1 1 1 1 1 1 1 1 1 1 1 1 1 1 1 1 1 1 1 1 1 1 1 1 1 1 1 1 1 1 1 1 1 1 1 1 1 1 1 1 1 1 1 1 1 1 1 1 1 1 1 1 1 1 1 1 1 1 1 1 1 1 1 1 1 1 1 1 1 1 1 1 1 1 1 1 1 1 1 1 1 1 1 1 1 1 1 1 1 1 1 1 1 1 100 1 1 1 1 1 1 1 1 1 1 1 1 1 1 1
staticfield java/lang/invoke/MemberName $assertionsDisabled Z 1
ciInstanceKlass java/lang/invoke/ResolvedMethodName 1 1 16 10 100 12 1 1 1 100 1 1 1 1 1 1 1 1
ciInstanceKlass java/lang/StackWalker 1 1 235 9 7 12 1 1 1 10 7 12 1 1 1 7 1 10 7 12 1 1 1 10 12 1 1 11 7 12 1 1 1 10 12 1 1 10 12 1 1 10 12 1 1 100 1 8 1 10 12 1 10 12 1 10 12 1 10 7 12 1 1 9 12 1 1 9 12 1 1 9 12 1 1 9 12 1 1 10 12 1 1 9 12 1 1 10 7 12 1 1 1 11 12 1 1 100 1 8 1 10 10 100 12 1 1 9 12 1 1 10 12 1 1 10 7 12 1 1 1 10 7 12 1 1 1 18 12 1 1 100 1 8 1 10 10 12 1 1 10 7 12 1 1 1 9 7 12 1 1 11 100 12 1 1 1 10 12 1 1 1 1 1 1 1 1 1 1 1 1 1 1 1 1 1 1 1 1 1 1 1 1 1 1 1 1 1 1 1 1 1 1 1 1 1 1 1 1 1 1 1 1 1 1 1 1 1 1 1 100 1 1 15 10 100 12 1 1 1 16 15 10 12 16 1 1 1 1 1 1 1 100 1 100 1 1
staticfield java/lang/StackWalker DEFAULT_EMPTY_OPTION Ljava/util/EnumSet; java/util/RegularEnumSet
staticfield java/lang/StackWalker DEFAULT_WALKER Ljava/lang/StackWalker; java/lang/StackWalker
instanceKlass java/lang/StackStreamFactory$CallerClassFinder
instanceKlass java/lang/StackStreamFactory$StackFrameTraverser
ciInstanceKlass java/lang/StackStreamFactory$AbstractStackWalker 1 1 306 7 1 100 1 3 10 7 12 1 1 1 10 7 12 1 1 10 7 12 1 1 1 9 12 1 1 10 12 1 1 9 12 1 1 9 12 1 1 9 12 1 1 9 12 1 9 7 12 1 1 1 10 7 12 1 1 1 10 12 1 1 9 12 1 1 10 7 12 1 1 1 10 12 1 1 9 12 1 1 9 100 12 1 1 1 100 1 10 8 1 10 12 1 1 10 12 1 8 1 10 12 1 1 10 100 12 1 1 1 100 1 8 1 10 12 1 8 1 10 12 9 7 12 1 1 1 10 7 12 1 1 9 12 1 8 1 5 0 8 1 8 1 9 12 1 1 10 12 1 1 10 12 1 1 10 12 1 9 12 1 10 12 1 10 12 1 10 12 1 10 12 1 1 10 12 1 10 12 1 1 8 1 10 12 1 10 12 1 10 12 1 10 12 1 1 8 1 10 12 1 1 10 12 1 1 10 12 1 1 10 12 1 10 12 1 10 7 12 1 1 1 9 12 1 8 1 10 12 1 10 12 1 10 12 1 10 12 1 10 12 1 10 12 1 10 12 1 1 10 12 1 1 10 12 1 1 10 12 1 8 1 1 1 1 1 1 1 1 1 1 1 1 1 1 1 1 1 1 100 1 1 1 1 100 1 1 1 1 1 1 1 1 1 1 1 1 1 1 1 1 1 1 1 1 1
ciInstanceKlass jdk/internal/module/Modules 1 1 504 10 100 12 1 1 1 9 7 12 1 1 1 11 7 12 1 1 1 11 12 1 1 11 12 1 1 11 12 1 1 11 12 1 11 12 1 11 12 1 11 12 1 11 12 1 1 10 100 12 1 1 1 10 100 12 1 1 1 18 12 1 1 10 100 12 1 1 1 100 1 10 100 12 1 1 1 10 100 12 1 1 1 10 100 12 1 1 10 12 1 1 11 12 1 9 12 1 1 11 7 12 1 1 1 10 12 1 1 10 10 12 1 10 9 12 1 1 10 7 12 1 1 10 12 1 1 10 100 12 1 1 100 1 11 100 12 1 1 1 10 100 12 1 1 1 11 100 12 1 1 10 12 1 1 10 100 12 1 1 10 100 12 1 1 1 10 12 1 1 10 12 1 1 11 12 1 1 18 12 1 1 11 100 12 1 1 10 100 12 1 1 1 11 100 12 1 1 1 100 1 11 12 1 1 11 100 12 1 1 1 11 12 1 1 10 12 1 1 10 100 12 1 1 18 12 1 1 11 12 1 1 18 12 1 1 11 12 1 1 10 12 1 18 18 10 12 1 1 9 12 1 1 11 100 12 1 1 1 100 1 10 11 12 1 11 12 1 1 11 12 1 1 10 100 1 10 12 1 1 10 100 12 1 1 10 12 1 1 11 12 10 12 1 1 100 1 10 18 12 1 10 12 1 1 100 1 8 1 10 12 1 10 100 12 1 1 18 12 1 11 11 12 10 12 1 10 10 100 1 18 12 1 10 10 10 7 12 1 1 10 7 12 1 1 1 10 12 1 1 1 1 1 1 1 1 1 1 1 1 1 1 1 1 1 1 1 1 1 1 1 1 1 1 1 1 1 1 1 1 1 100 1 1 1 1 1 1 1 1 1 1 1 1 1 1 1 1 1 1 1 1 1 1 1 1 1 1 1 1 1 1 1 1 1 1 1 100 1 1 1 1 1 1 1 1 1 1 1 1 1 1 1 1 1 1 1 1 1 1 1 15 10 100 12 1 1 1 16 15 10 12 1 16 16 15 10 12 1 16 1 16 1 15 10 12 1 16 1 16 1 15 10 12 16 1 15 10 16 1 15 10 12 16 1 15 10 12 16 15 10 12 16 15 10 12 1 1 1 100 1 100 1 1
staticfield jdk/internal/module/Modules JLA Ljdk/internal/access/JavaLangAccess; java/lang/System$2
staticfield jdk/internal/module/Modules JLMA Ljdk/internal/access/JavaLangModuleAccess; java/lang/module/ModuleDescriptor$1
staticfield jdk/internal/module/Modules $assertionsDisabled Z 1
ciInstanceKlass java/lang/invoke/Invokers$Holder 1 1 99 1 100 1 100 1 1 1 1 1 1 1 7 1 7 1 7 1 1 12 10 1 1 12 10 1 1 12 10 1 1 100 1 1 12 9 1 1 1 12 10 1 1 1 12 10 1 1 12 10 1 1 1 12 10 1 1 7 1 1 12 10 1 1 12 10 1 1 12 10 1 12 10 1 1 12 10 1 1 12 10 1 12 10 1 12 10 12 10 1 1 12 10 1 12 10 1 1 1
ciMethod java/lang/invoke/Invokers$Holder linkToTargetMethod (Ljava/lang/Object;Ljava/lang/Object;Ljava/lang/Object;)Ljava/lang/Object; 194 0 288315 0 -1
ciMethod java/util/List of ()Ljava/util/List; 512 0 5247 0 -1
ciMethod java/lang/Iterable iterator ()Ljava/util/Iterator; 0 0 1 0 -1
ciMethod java/util/Arrays copyOfRange ([BII)[B 512 0 5400 0 736
ciMethod java/util/Arrays copyOf ([BI)[B 72 0 23304 0 704
ciMethod java/lang/Math max (II)I 582 0 744410 0 -1
ciMethod java/lang/Math min (II)I 512 0 443701 0 -1
ciMethod java/lang/Appendable append (Ljava/lang/CharSequence;)Ljava/lang/Appendable; 0 0 1 0 -1
ciMethod java/lang/StringBuilder append (Ljava/lang/CharSequence;)Ljava/lang/Appendable; 514 0 5452 0 96
ciMethod java/lang/StringBuilder <init> ()V 232 0 295859 0 384
ciMethod java/lang/StringBuilder toString ()Ljava/lang/String; 250 0 262765 0 1088
ciMethod java/lang/StringBuilder append (Ljava/lang/CharSequence;)Ljava/lang/StringBuilder; 438 0 22472 0 0
ciMethod java/lang/StringBuilder append (Ljava/lang/String;)Ljava/lang/StringBuilder; 474 0 737919 0 1632
ciMethod java/lang/String isEmpty ()Z 512 0 926312 0 -1
ciMethod java/lang/String length ()I 590 0 5222671 0 96
ciMethod java/lang/String <init> ([BB)V 512 0 144602 0 288
ciMethod java/lang/String coder ()B 770 0 5515420 0 64
ciMethod java/lang/String getBytes ([BIIBI)V 514 0 10602 0 320
ciMethod java/lang/String join (Ljava/lang/CharSequence;[Ljava/lang/CharSequence;)Ljava/lang/String; 524 1414 12200 0 -1
ciMethod java/util/Iterator hasNext ()Z 0 0 1 0 -1
ciMethod java/util/Iterator next ()Ljava/lang/Object; 0 0 1 0 -1
ciMethod java/lang/Object <init> ()V 1024 0 8464548 0 128
ciInstanceKlass cpw/mods/niofs/union/UnionPath 1 1 424 10 7 12 1 1 1 9 7 12 1 1 1 9 12 1 1 7 1 9 12 1 1 7 1 10 10 12 1 1 10 12 1 1 7 1 8 1 10 12 1 1 10 12 1 1 10 12 1 1 9 12 1 1 10 12 1 10 12 1 1 7 1 10 10 12 1 1 10 12 1 1 10 12 1 1 11 7 12 1 1 1 10 12 1 18 12 1 1 11 12 1 1 7 10 12 1 1 10 12 1 1 10 12 1 10 7 12 1 1 1 100 1 10 18 12 1 1 10 12 1 10 12 1 1 11 7 12 1 1 10 12 1 1 10 7 12 1 1 18 12 1 1 18 11 100 12 1 10 7 12 1 1 1 7 1 10 10 12 1 8 1 10 12 8 1 11 7 1 11 12 1 1 11 12 1 1 11 12 1 11 12 1 10 12 1 10 7 12 1 1 1 8 1 10 12 1 10 12 1 1 11 100 12 1 1 1 18 11 12 1 1 18 11 100 1 7 1 10 12 1 1 10 7 12 1 1 10 12 1 10 12 1 18 12 1 10 12 1 100 1 100 1 10 12 1 11 12 1 1 11 12 1 100 1 10 10 12 1 1 10 12 1 10 12 1 10 12 1 8 1 10 12 1 1 18 12 1 10 12 1 1 10 12 1 1 1 1 1 1 1 1 1 1 1 1 1 1 1 1 1 1 1 1 1 1 1 1 1 1 1 1 1 1 1 1 1 1 1 1 1 1 1 1 1 1 1 1 1 1 1 1 1 1 1 1 1 1 1 1 1 1 100 1 1 1 1 1 1 1 1 1 1 1 1 1 1 1 1 1 1 1 1 1 1 1 1 1 1 1 1 15 10 7 12 1 1 1 16 1 15 10 12 16 15 10 7 12 1 1 8 1 16 15 10 12 15 10 12 15 10 12 16 15 10 12 8 1 8 1 1 100 1 100 1 1 100 1 1 100 1 100 1 1
instanceKlass org/objectweb/asm/MethodTooLargeException
instanceKlass org/objectweb/asm/ClassTooLargeException
instanceKlass java/lang/StringIndexOutOfBoundsException
instanceKlass java/lang/ArrayIndexOutOfBoundsException
ciInstanceKlass java/lang/IndexOutOfBoundsException 1 1 49 10 7 12 1 1 1 10 12 1 100 1 10 8 1 10 12 1 1 10 12 1 10 12 1 1 10 12 1 100 1 1 1 1 5 0 1 1 1 1 1 1 1 1 1 1 1 1 1
instanceKlass jdk/internal/net/http/Http2Connection$ALPNException
instanceKlass jdk/internal/net/http/common/ConnectionExpiredException
instanceKlass javax/net/ssl/SSLException
instanceKlass java/net/http/HttpTimeoutException
instanceKlass net/minecraft/server/ChainedJsonException
instanceKlass java/io/UTFDataFormatException
instanceKlass com/google/gson/stream/MalformedJsonException
instanceKlass java/nio/charset/CharacterCodingException
instanceKlass java/net/SocketException
instanceKlass java/net/UnknownHostException
instanceKlass java/io/CharConversionException
instanceKlass java/net/ProtocolException
instanceKlass java/io/UnsupportedEncodingException
instanceKlass java/io/ObjectStreamException
instanceKlass java/net/MalformedURLException
instanceKlass java/io/FileNotFoundException
instanceKlass java/nio/channels/ClosedChannelException
instanceKlass java/io/EOFException
instanceKlass java/nio/file/FileSystemException
instanceKlass java/util/zip/ZipException
ciInstanceKlass java/io/IOException 1 1 34 10 7 12 1 1 1 10 12 1 10 12 1 10 12 1 100 1 1 1 1 5 0 1 1 1 1 1 1 1 1 1 1 1
ciInstanceKlass java/lang/AssertionError 0 0 79 10 100 12 1 1 1 10 12 1 10 100 12 1 1 1 10 100 1 100 1 10 12 1 1 10 12 1 10 12 1 10 12 1 10 12 1 10 12 1 10 12 1 10 12 1 1 1 1 5 0 1 1 1 1 1 1 1 1 1 1 100 1 1 1 1 1 1 1 1 1 1 1 1 1 1 1 1 1
ciInstanceKlass java/util/LinkedList$ListItr 1 1 133 9 7 12 1 1 1 10 7 12 1 1 1 9 7 12 1 1 1 9 12 1 9 12 1 10 12 1 1 9 12 1 1 9 12 1 10 12 1 10 12 1 1 100 1 10 9 12 1 9 7 1 9 12 1 1 10 12 1 9 12 1 9 12 1 100 1 10 10 12 1 1 10 12 1 1 10 12 1 1 10 100 12 1 1 1 11 100 12 1 1 100 1 10 100 1 1 1 1 1 1 1 1 1 1 1 1 1 1 1 1 1 1 1 1 1 1 1 1 1 1 1 1 1 1 1 1 1 1 1 1 1 1
ciInstanceKlass com/google/common/base/Preconditions 1 1 226 10 100 10 10 10 10 100 10 10 10 100 10 10 100 10 10 8 10 100 10 10 8 100 10 8 10 10 10 8 10 10 8 10 8 8 8 7 1 1 1 1 1 1 1 1 1 1 1 1 1 1 1 1 1 1 1 1 1 1 1 1 1 1 1 1 1 1 1 1 1 1 1 1 1 1 1 1 1 1 1 1 1 1 1 1 1 1 1 1 1 1 1 1 1 1 1 1 1 1 1 1 1 1 1 1 1 1 1 1 1 1 1 1 1 1 1 1 1 1 1 1 1 1 1 1 1 1 1 1 1 1 1 1 1 1 1 1 1 1 1 1 1 1 1 1 1 1 1 1 1 1 1 1 1 1 1 1 1 1 1 1 1 1 1 1 1 1 1 1 1 1 12 1 100 12 12 100 12 1 100 12 100 12 100 12 1 1 12 1 12 1 1 12 1 12 12 12 1 12 12 1 12 1 1 1 1 1 1 1 1 1 1 1 1 1 1 1 1 1 1 1 1 1 1 1
instanceKlass com/google/common/collect/ImmutableRangeSet$1
instanceKlass com/google/common/collect/ImmutableRangeSet$ComplementRanges
instanceKlass com/google/common/collect/Lists$StringAsImmutableList
instanceKlass com/google/common/collect/RegularImmutableMap$Values
instanceKlass com/google/common/collect/ImmutableList$SubList
instanceKlass com/google/common/collect/RegularImmutableList
instanceKlass com/google/common/collect/ImmutableList$ReverseImmutableList
instanceKlass com/google/common/collect/SingletonImmutableList
instanceKlass com/google/common/collect/ImmutableAsList
ciInstanceKlass com/google/common/collect/ImmutableList 1 1 462 10 9 7 10 7 10 100 3 8 10 10 10 7 10 11 10 7 10 10 10 10 11 11 10 11 10 7 10 10 10 10 10 7 100 10 100 10 10 10 10 10 10 10 7 10 10 10 10 7 10 10 10 11 10 10 10 10 10 100 10 100 10 18 10 100 10 10 10 100 8 10 100 10 8 10 10 10 10 7 7 100 1 1 1 1 1 1 1 1 1 1 1 1 1 1 1 1 1 1 1 1 1 1 1 1 1 1 1 1 1 1 1 1 1 1 1 1 1 1 1 1 1 1 1 1 1 1 1 1 1 1 1 1 1 1 1 1 1 1 1 1 1 1 1 1 1 1 1 1 1 1 1 1 1 1 1 1 1 1 1 1 1 1 1 1 1 1 1 1 1 1 1 1 1 1 1 1 1 1 1 1 1 1 1 1 1 1 1 1 1 1 1 1 1 1 1 1 1 1 1 1 1 1 1 1 1 1 1 1 1 1 1 1 1 1 1 1 1 1 1 1 1 1 1 1 1 1 1 1 1 1 1 1 1 1 1 1 1 1 1 1 1 1 1 1 1 1 1 1 1 1 1 1 1 1 1 1 1 1 1 1 1 1 1 1 1 1 1 1 1 1 1 1 1 1 1 1 1 1 1 1 1 1 1 1 1 1 1 1 3 1 7 12 12 1 12 1 12 1 1 7 12 7 12 12 1 12 100 12 12 1 12 12 12 12 100 12 12 12 12 1 12 12 12 12 7 12 1 7 12 7 12 7 12 12 12 12 7 12 12 1 12 12 12 1 12 12 12 7 12 7 12 12 12 12 12 1 1 1 15 16 15 12 7 12 1 12 12 12 1 1 12 1 100 12 12 12 12 1 1 1 1 1 1 1 1 1 1 1 1 1 1 1 1 1 1 1 1 1 1 1 1 1 1 1 1 1 1 1 1 1 1 1 1 1 1 1 1 1 1 1 1 1 1 1 1 10 11 1 1 1 1 1 1 1 1 1 1 1 1 1 7 12 1 1 100 1 1 100 1 1 1 100 1 8 1 1 12 10 1 1
instanceKlass com/google/common/collect/ImmutableMapValues$1
instanceKlass com/google/common/graph/MapIteratorCache$1$1
instanceKlass com/google/common/collect/ImmutableMultimap$1
instanceKlass com/google/common/collect/ImmutableMultimap$2
instanceKlass com/google/common/collect/Maps$8
instanceKlass com/google/common/collect/ImmutableMap$1
instanceKlass com/google/common/collect/Iterators$1
instanceKlass com/google/common/collect/Iterators$MergingIterator
instanceKlass com/google/common/collect/Iterators$10
instanceKlass com/google/common/collect/Iterators$4
instanceKlass com/google/common/collect/Iterators$9
instanceKlass com/google/common/collect/AbstractIterator
instanceKlass com/google/common/collect/UnmodifiableListIterator
ciInstanceKlass com/google/common/collect/UnmodifiableIterator 1 1 51 10 100 10 100 7 100 1 1 1 1 1 1 1 1 1 1 1 1 1 1 1 1 1 1 1 1 1 1 1 1 1 12 1 1 1 1 1 100 1 8 1 1 12 10 1 1 1 8 1 1
instanceKlass com/google/common/collect/AbstractIndexedListIterator
ciInstanceKlass com/google/common/collect/UnmodifiableListIterator 1 1 72 10 100 10 100 7 100 1 1 1 1 1 1 1 1 1 1 1 1 1 1 1 1 1 1 1 1 1 1 1 1 1 1 1 1 1 1 1 1 1 12 1 1 1 1 1 100 1 8 1 1 12 10 1 1 1 8 1 1 8 1 1 1 8 1 1 1 8 1 1 8 1
ciInstanceKlass com/google/common/collect/SingletonImmutableList 1 1 123 10 10 9 10 10 10 11 10 10 10 10 10 100 10 10 10 10 10 10 7 7 1 1 1 1 1 1 1 1 1 1 1 1 1 1 1 1 1 1 1 1 1 1 1 1 1 1 1 1 1 1 1 1 1 1 1 1 1 1 1 1 1 1 1 1 1 1 1 3 1 12 7 12 12 12 7 12 7 12 7 12 12 12 100 12 100 12 12 1 12 12 12 12 12 1 1 1 1 1 1 1 1 1 1 1 1 1 1 1 1 1 1 1 1 1 1 1 1 1 1 1 1
instanceKlass com/google/common/collect/Iterators$ArrayItr
instanceKlass com/google/common/collect/ImmutableList$1
ciInstanceKlass com/google/common/collect/AbstractIndexedListIterator 1 1 67 10 10 10 9 9 10 100 10 10 10 7 7 1 1 1 1 1 1 1 1 1 1 1 1 1 1 1 1 1 1 1 1 1 1 1 1 1 1 1 1 1 1 1 1 1 1 1 1 1 1 12 12 7 12 12 12 12 1 12 12 1 1 1 1 1 1
ciInstanceKlass com/google/common/collect/RegularImmutableList 1 1 90 10 9 10 10 100 10 10 7 7 10 9 7 1 1 1 1 1 1 1 1 1 1 1 1 1 1 1 1 1 1 1 1 1 1 1 1 1 1 1 1 1 1 1 1 1 1 1 1 1 1 1 1 1 1 1 1 1 1 1 1 1 1 1 1 3 1 12 12 7 12 7 12 1 7 12 12 1 1 12 12 1 1 1 1 1 1 1 1 1
staticfield com/google/common/collect/RegularImmutableList EMPTY Lcom/google/common/collect/ImmutableList; com/google/common/collect/RegularImmutableList
ciInstanceKlass com/google/common/collect/Iterators 1 1 541 10 10 9 9 10 7 7 10 11 11 10 10 11 11 11 10 100 10 10 8 10 10 10 8 8 100 10 10 10 10 11 10 100 10 10 10 100 10 7 10 10 10 100 10 100 10 10 10 100 10 7 10 10 10 10 100 10 10 10 8 10 7 10 10 10 100 10 8 10 8 8 10 10 8 10 8 10 8 100 10 100 10 10 10 10 7 10 7 10 100 10 100 10 100 10 100 8 8 100 10 100 7 100 1 1 1 1 1 7 1 1 1 1 1 1 1 1 1 1 1 1 1 1 1 1 1 1 1 1 1 1 1 1 1 1 1 1 1 1 1 1 1 1 1 1 1 1 1 1 1 1 1 1 1 1 1 1 1 1 1 1 1 1 1 1 1 1 1 1 1 1 1 1 1 1 1 1 1 1 1 1 1 1 1 1 1 1 1 1 1 1 1 1 1 1 1 1 1 1 1 1 1 1 1 1 1 1 1 1 1 1 1 1 1 1 1 1 1 1 1 1 1 1 1 1 1 1 1 1 1 1 1 1 1 1 1 1 1 1 1 1 1 1 1 1 1 1 1 1 1 1 1 1 1 1 1 1 1 1 1 1 1 1 1 1 1 1 1 1 1 1 1 1 1 1 1 1 1 1 1 1 1 1 1 1 1 1 1 1 1 1 1 1 1 1 1 1 1 1 1 1 1 1 1 1 1 1 1 1 1 1 1 1 1 1 1 1 1 1 1 1 1 1 1 1 1 1 1 1 1 1 1 1 1 1 1 1 1 1 1 1 1 1 1 1 1 1 1 1 1 1 1 1 1 1 1 1 1 1 1 1 1 1 1 1 1 1 1 1 1 3 12 12 12 12 7 12 1 1 12 12 12 7 12 12 7 12 12 100 12 100 12 1 12 1 12 12 12 1 1 1 12 12 100 12 100 12 12 12 1 12 12 12 1 12 1 12 12 100 12 12 1 12 12 1 12 1 12 100 12 12 12 1 100 12 12 12 1 12 12 12 1 12 1 12 1 1 12 1 12 1 12 1 1 12 1 12 12 12 1 12 1 12 1 12 1 1 1 1 12 1 1 1 1 1 1 1 1 1 1 1 1 1 1 1 1 1 1 1 1 1 1 1 1 1 1 1 1 1 1 1 1 1 1 1 1 1 1 1 1 1 1 1 1 1 1 1 1 1 1 1 1 1 1 1 1 1 1 1 1 1 1 1 1 1 1 1 1 1 1
ciInstanceKlass com/google/common/collect/Iterators$9 1 1 45 9 10 9 100 10 7 7 1 1 1 1 1 1 1 1 1 1 1 1 1 1 1 1 1 1 1 1 1 1 1 1 1 100 12 12 12 12 1 1 1 1 1 1 1
ciInstanceKlass com/google/common/collect/Iterators$ArrayItr 1 1 55 10 9 9 7 7 10 9 7 1 1 1 1 1 1 1 1 1 1 1 1 1 1 1 1 1 1 1 1 1 1 1 1 1 1 1 1 1 1 1 1 1 1 1 12 12 12 100 1 1 12 12 1 1 1
staticfield com/google/common/collect/Iterators$ArrayItr EMPTY Lcom/google/common/collect/UnmodifiableListIterator; com/google/common/collect/Iterators$ArrayItr
ciInstanceKlass com/google/common/collect/ImmutableList$Builder 1 1 150 7 10 10 7 9 9 10 10 9 10 10 10 10 10 7 11 7 10 10 10 10 10 10 10 10 10 7 1 1 1 1 1 1 1 1 1 1 1 1 1 1 1 1 1 1 1 1 1 1 1 1 1 1 1 1 1 1 1 1 1 1 1 1 1 1 1 1 1 1 1 1 1 1 1 1 1 1 1 1 1 1 1 1 1 1 1 1 1 1 1 1 1 1 1 1 1 1 1 12 12 1 12 12 12 7 12 12 7 12 12 100 12 12 100 12 1 12 1 12 12 12 7 12 12 12 12 12 12 1 1 1 1 1 1 1 1 1 1 1 1 1 1 1 1 1 1 1 1 1
ciInstanceKlass com/google/common/collect/RegularImmutableMap$Values 1 1 62 10 9 9 11 10 7 7 1 1 100 1 1 1 1 1 1 1 1 1 1 1 1 1 1 1 1 1 1 1 1 1 1 1 1 1 1 1 1 1 1 3 12 12 7 12 7 12 12 1 1 1 1 1 1 1 1 100 1 1 1 1
instanceKlass com/google/common/base/Joiner$2
instanceKlass com/google/common/base/Joiner$1
ciInstanceKlass com/google/common/base/Joiner 1 1 204 9 10 7 10 10 10 10 7 11 10 11 11 10 11 10 10 10 10 100 100 10 10 10 7 10 10 10 7 10 100 10 10 100 10 10 7 10 100 10 7 1 1 1 1 1 1 1 1 1 1 1 1 1 1 1 1 1 1 1 1 1 1 1 1 1 1 1 1 1 1 1 1 1 1 1 1 1 1 1 1 1 1 1 1 1 1 1 1 1 1 1 1 1 1 1 1 1 1 1 1 1 1 1 1 1 1 1 1 1 1 1 1 1 1 1 1 1 1 1 1 1 1 1 1 1 1 1 1 1 1 1 12 12 1 12 12 12 7 12 1 7 12 12 7 12 12 12 7 12 7 12 12 12 12 1 1 12 12 12 1 12 12 1 12 1 12 12 1 12 7 12 1 1 12 1 1 1 1 1 1 1 1 1 1 1 1 1 1 1 1 1 1 1 1 1 1 1 1 1 1 1 1 1
ciInstanceKlass com/google/common/collect/ImmutableSortedMap$1EntrySet$1 1 1 114 9 10 7 9 10 10 10 10 10 10 100 18 10 10 7 7 1 7 1 1 1 1 1 1 1 1 1 1 1 1 100 1 1 1 1 1 1 1 1 1 1 1 1 1 1 1 1 1 12 12 12 100 1 1 12 7 12 7 12 7 12 12 12 12 1 1 15 16 15 16 12 100 12 12 1 1 1 100 1 1 1 1 1 1 1 1 1 1 1 1 1 1 1 1 1 1 10 1 1 1 1 1 1 100 12 1 1 100 1 1 100 1 1
ciInstanceKlass net/minecraft/server/packs/linkfs/PathContents 1 1 34 1 7 1 100 1 1 100 1 100 1 7 1 7 1 1 1 1 1 1 1 1 12 10 12 9 10 12 9 1 1 1 1 1
staticfield net/minecraft/server/packs/linkfs/PathContents MISSING Lnet/minecraft/server/packs/linkfs/PathContents; net/minecraft/server/packs/linkfs/PathContents$1
staticfield net/minecraft/server/packs/linkfs/PathContents RELATIVE Lnet/minecraft/server/packs/linkfs/PathContents; net/minecraft/server/packs/linkfs/PathContents$2
ciInstanceKlass net/minecraft/server/packs/linkfs/PathContents$2 1 1 25 1 100 1 7 1 100 1 1 1 12 10 1 1 1 1 1 8 1 1 1 1 1 1 1
ciInstanceKlass net/minecraft/server/packs/linkfs/LinkFSPath 1 1 445 1 7 1 7 1 7 1 1 100 1 7 1 7 1 7 1 7 1 1 7 1 7 1 1 7 1 1 100 1 100 1 1 100 1 1 100 1 100 1 1 1 1 1 1 1 1 1 1 1 1 1 1 1 1 1 1 1 1 1 1 1 12 10 12 9 12 9 12 9 12 9 1 1 1 1 1 1 1 1 12 9 12 10 1 1 1 1 1 1 1 1 12 10 12 11 1 100 1 1 12 10 1 8 1 100 1 1 12 10 15 1 12 18 1 12 10 1 1 1 1 12 10 1 100 1 12 10 1 12 10 1 1 1 1 12 10 1 7 1 12 11 1 1 7 1 12 10 1 12 11 12 9 1 1 12 10 1 1 12 10 1 1 12 10 1 1 12 10 1 1 1 1 1 100 1 8 1 12 18 10 1 1 12 11 1 1 1 1 1 10 1 1 1 1 1 1 1 11 1 1 12 10 1 1 1 1 1 1 1 1 1 12 10 1 12 10 1 1 1 12 11 1 7 1 12 11 1 1 12 11 1 1 12 10 1 1 1 12 10 1 1 12 10 1 7 1 12 11 1 12 9 1 100 1 8 1 12 10 1 1 1 8 12 10 1 1 1 100 1 100 1 8 1 1 12 10 1 100 12 10 1 12 10 1 8 1 12 10 1 1 12 10 1 1 12 10 1 1 1 1 1 10 1 1 1 1 1 1 1 1 1 12 9 1 7 1 1 12 11 1 1 12 10 1 100 1 12 10 1 1 1 12 10 10 1 12 9 1 7 10 1 8 1 1 12 10 1 7 1 1 12 10 1 1 12 10 12 10 1 1 100 10 1 100 10 1 1 1 1 1 1 1 12 10 1 1 1 100 12 9 12 9 1 7 10 1 12 10 1 12 10 12 10 1 1 12 10 12 10 12 10 12 10 1 12 10 1 12 10 1 10 10 16 15 1 16 1 7 1 1 12 10 15 1 1 12 18 1 1 12 11 1 1 1 1 1 1 1 1 1 1 1 1 1
staticfield net/minecraft/server/packs/linkfs/LinkFSPath DIRECTORY_ATTRIBUTES Ljava/nio/file/attribute/BasicFileAttributes; net/minecraft/server/packs/linkfs/LinkFSPath$1
staticfield net/minecraft/server/packs/linkfs/LinkFSPath FILE_ATTRIBUTES Ljava/nio/file/attribute/BasicFileAttributes; net/minecraft/server/packs/linkfs/LinkFSPath$2
staticfield net/minecraft/server/packs/linkfs/LinkFSPath PATH_COMPARATOR Ljava/util/Comparator; java/util/Comparator$$Lambda$538+0x000002bb661cf7e8
ciMethodData java/lang/Object <init> ()V 2 8464548 orig 80 1 0 0 0 0 0 0 0 0 0 0 0 0 0 0 0 0 0 0 0 0 0 0 0 0 0 0 0 0 0 0 0 0 0 0 0 0 0 0 0 0 0 0 0 0 0 0 0 0 0 0 0 0 0 0 0 0 0 0 0 0 0 0 0 0 0 0 0 0 0 0 0 0 0 0 0 0 0 0 0 data 4 0x0 0x9 0x1 0x0 oops 0 methods 0
ciMethodData java/util/Objects requireNonNull (Ljava/lang/Object;)Ljava/lang/Object; 2 2150243 orig 80 0 0 0 0 0 0 0 0 0 0 0 0 187 2 0 0 0 0 0 0 0 0 0 0 0 0 0 0 0 0 0 0 0 0 0 0 0 0 0 0 0 0 0 0 0 0 0 0 0 0 0 0 0 0 0 0 0 0 0 0 0 0 0 0 0 0 0 0 0 0 0 0 0 0 0 0 0 0 0 0 data 15 0x10007 0x20d299 0x30 0x0 0x80002 0x0 0x0 0x0 0x0 0x0 0x0 0x0 0x9 0x1 0x0 oops 0 methods 0
ciMethodData java/lang/String length ()I 2 5222671 orig 80 0 0 0 0 0 0 0 0 0 0 0 0 187 2 0 0 0 0 0 0 0 0 0 0 0 0 0 0 0 0 0 0 0 0 0 0 0 0 0 0 0 0 0 0 0 0 0 0 0 0 0 0 0 0 0 0 0 0 0 0 0 0 0 0 0 0 0 0 0 0 0 0 0 0 0 0 0 0 0 0 data 16 0x60005 0x4fcadc 0x0 0x0 0x0 0x0 0x0 0x0 0x0 0x0 0x0 0x0 0x0 0x9 0x1 0x0 oops 0 methods 0
ciMethodData java/lang/String coder ()B 2 5515420 orig 80 0 0 0 0 0 0 0 0 0 0 0 0 187 2 0 0 0 0 0 0 0 0 0 0 0 0 0 0 0 0 0 0 0 0 0 0 0 0 0 0 0 0 0 0 0 0 0 0 0 0 0 0 0 0 0 0 0 0 0 0 0 0 0 0 0 0 0 0 0 0 0 0 0 0 0 0 0 0 0 0 data 14 0x30007 0x0 0x38 0x543db2 0xa0003 0x543eeb 0x18 0x0 0x0 0x0 0x0 0x9 0x1 0x0 oops 0 methods 0
ciMethodData java/lang/AbstractStringBuilder ensureCapacityInternal (I)V 2 6155 orig 80 0 0 0 0 0 0 0 0 0 0 0 0 187 2 0 0 0 0 0 0 0 0 0 0 0 0 0 0 0 0 0 0 0 0 0 0 0 0 0 0 0 0 0 0 0 0 0 0 0 0 0 0 0 0 0 0 0 0 0 0 0 0 0 0 0 0 0 0 0 0 0 0 0 0 0 0 0 0 0 0 data 23 0xe0007 0x14f9 0x68 0x211 0x180005 0x211 0x0 0x0 0x0 0x0 0x0 0x200002 0x211 0x0 0x0 0x0 0x0 0x0 0x0 0x9 0x2 0xc 0x0 oops 0 methods 0
ciMethodData java/lang/AbstractStringBuilder newCapacity (I)I 1 563 orig 80 0 0 0 0 0 0 0 0 0 0 0 0 187 2 0 0 0 0 0 0 0 0 0 0 0 0 0 0 0 0 0 0 0 0 0 0 0 0 0 0 0 0 0 0 0 0 0 0 0 0 0 0 0 0 0 0 0 0 0 0 0 0 0 0 0 0 0 0 0 0 0 0 0 0 0 0 0 0 0 0 data 18 0x1d0002 0x211 0x260007 0x211 0x30 0x0 0x2f0002 0x0 0x0 0x0 0x0 0x0 0x0 0x0 0x9 0x2 0x0 0x0 oops 0 methods 0
ciMethodData java/util/Arrays copyOf ([BI)[B 2 23304 orig 80 0 0 0 0 0 0 0 0 0 0 0 0 187 2 0 0 0 0 0 0 0 0 0 0 0 0 0 0 0 0 0 0 0 0 0 0 0 0 0 0 0 0 0 0 0 0 0 0 0 0 0 0 0 0 0 0 0 0 0 0 0 0 0 0 0 0 0 0 0 0 0 0 0 0 0 0 0 0 0 0 data 14 0xb0002 0x5ae4 0xe0002 0x5ae4 0x0 0x0 0x0 0x0 0x0 0x0 0x9 0x2 0xffffffffffffffff 0x0 oops 0 methods 0
ciMethodData java/lang/AbstractStringBuilder isLatin1 ()Z 2 310177 orig 80 1 0 0 0 1 0 0 0 0 0 0 0 187 2 0 0 0 0 0 0 0 0 0 0 0 0 0 0 0 0 0 0 0 0 0 0 0 0 0 3 0 0 0 0 0 0 0 0 0 0 0 0 0 0 0 0 0 0 0 0 0 0 0 0 0 0 0 0 0 0 0 0 0 0 0 0 0 0 0 0 data 18 0x30007 0x0 0x58 0x4baa1 0x80000006000a0007 0x49 0x38 0x4ba5c 0xe0003 0x4ba5c 0x18 0x0 0x0 0x0 0x0 0x9 0x1 0x0 oops 0 methods 0
ciMethodData java/lang/String <init> ([BB)V 2 144602 orig 80 0 0 0 0 0 0 0 0 0 0 0 0 187 2 0 0 0 0 0 0 0 0 0 0 0 0 0 0 0 0 0 0 0 0 0 0 0 0 0 0 0 0 0 0 0 0 0 0 0 0 0 0 0 0 0 0 0 0 0 0 0 0 0 0 0 0 0 0 0 0 0 0 0 0 0 0 0 0 0 0 data 11 0x10002 0x235c6 0x0 0x0 0x0 0x0 0x9 0x3 0xc 0x0 0x0 oops 0 methods 0
ciMethodData java/lang/StringLatin1 newString ([BII)Ljava/lang/String; 2 5393 orig 80 0 0 0 0 0 0 0 0 0 0 0 0 187 2 0 0 0 0 0 0 0 0 0 0 0 0 0 0 0 0 0 0 0 0 0 0 0 0 0 0 0 0 0 0 0 0 0 0 0 0 0 0 0 0 0 0 0 0 0 0 0 0 0 0 0 0 0 0 0 0 0 0 0 0 0 0 0 0 0 0 data 19 0x10007 0x1405 0x20 0xc 0x100002 0x1405 0x140002 0x1405 0x0 0x0 0x0 0x0 0x0 0x0 0x9 0x3 0xffffffffffffffff 0x0 0x0 oops 0 methods 0
ciMethodData java/util/Arrays copyOfRange ([BII)[B 2 5400 orig 80 0 0 0 0 0 0 0 0 0 0 0 0 187 2 0 0 0 0 0 0 0 0 0 0 0 0 0 0 0 0 0 0 0 0 0 0 0 0 0 0 0 0 0 0 0 0 0 0 0 0 0 0 0 0 0 0 0 0 0 0 0 0 0 0 0 0 0 0 0 0 0 0 0 0 0 0 0 0 0 0 data 51 0x50007 0x1418 0x120 0x0 0x100002 0x0 0x140005 0x0 0x0 0x0 0x0 0x0 0x0 0x1a0005 0x0 0x0 0x0 0x0 0x0 0x0 0x1e0005 0x0 0x0 0x0 0x0 0x0 0x0 0x210005 0x0 0x0 0x0 0x0 0x0 0x0 0x240002 0x0 0x370002 0x1418 0x3a0002 0x1418 0x0 0x0 0x0 0x0 0x0 0x0 0x9 0x3 0xffffffffffffffff 0x0 0x0 oops 0 methods 0
ciMethodData java/lang/StringBuilder <init> ()V 2 295859 orig 80 0 0 0 0 0 0 0 0 0 0 0 0 187 2 0 0 0 0 0 0 0 0 0 0 0 0 0 0 0 0 0 0 0 0 0 0 0 0 0 0 0 0 0 0 0 0 0 0 0 0 0 0 0 0 0 0 0 0 0 0 0 0 0 0 0 0 0 0 0 0 0 0 0 0 0 0 0 0 0 0 data 7 0x30002 0x48340 0x0 0x0 0x9 0x1 0x0 oops 0 methods 0
ciMethodData java/lang/AbstractStringBuilder <init> (I)V 2 6406 orig 80 0 0 0 0 0 0 0 0 0 0 0 0 187 2 0 0 0 0 0 0 0 0 0 0 0 0 0 0 0 0 0 0 0 0 0 0 0 0 0 0 0 0 0 0 0 0 0 0 0 0 0 0 0 0 0 0 0 0 0 0 0 0 0 0 0 0 0 0 0 0 0 0 0 0 0 0 0 0 0 0 data 21 0x10002 0x1889 0x70007 0x0 0x38 0x1889 0x160003 0x1889 0x28 0x1b0002 0x0 0x0 0x0 0x0 0x0 0x0 0x0 0x9 0x2 0xc 0x0 oops 0 methods 0
ciMethodData java/lang/StringBuilder append (Ljava/lang/String;)Ljava/lang/StringBuilder; 2 737923 orig 80 2 0 0 0 0 0 0 0 0 0 0 0 187 2 0 0 0 0 0 0 0 0 0 0 0 0 0 0 0 0 0 0 0 0 0 0 0 0 0 0 0 0 0 0 0 0 0 0 0 0 0 0 0 0 0 0 0 0 0 0 0 0 0 0 0 0 0 0 0 0 0 0 0 0 0 0 0 0 0 0 data 9 0x20002 0xb4191 0x0 0x0 0x0 0x9 0x2 0xffffffffffffffff 0xffffffffffffffff oops 0 methods 0
ciMethodData java/lang/AbstractStringBuilder append (Ljava/lang/String;)Ljava/lang/AbstractStringBuilder; 2 17827 orig 80 1 0 0 0 0 0 0 0 0 0 0 0 187 2 0 0 0 0 0 0 0 0 0 0 0 0 0 0 0 0 0 0 0 0 0 0 0 0 0 2 0 0 0 0 0 0 0 0 0 0 0 0 0 0 0 0 0 0 0 0 0 0 0 0 0 0 0 0 0 0 0 0 0 0 0 0 0 0 0 0 data 42 0x8000000600010007 0x44b1 0x58 0x7 0x50005 0x7 0x0 0x0 0x0 0x0 0x0 0xa0005 0x44b1 0x0 0x0 0x0 0x0 0x0 0x150005 0x44b1 0x0 0x0 0x0 0x0 0x0 0x1e0005 0x44b1 0x0 0x0 0x0 0x0 0x0 0x0 0x0 0x0 0x0 0x0 0x0 0x9 0x2 0xffffffffffffffff 0xffffffffffffffff oops 0 methods 0
ciMethodData java/lang/StringBuilder toString ()Ljava/lang/String; 2 262769 orig 80 1 0 0 0 0 0 0 0 0 0 0 0 187 2 0 0 0 0 0 0 0 0 0 0 0 0 0 0 0 0 0 0 0 0 0 0 0 0 0 0 0 0 0 0 0 0 0 0 0 0 0 0 0 0 0 0 0 0 0 0 0 0 0 0 0 0 0 0 0 0 0 0 0 0 0 0 0 0 0 0 data 27 0x10005 0x401f6 0x0 0x0 0x0 0x0 0x0 0x40007 0x8 0x48 0x401ea 0x100002 0x401eb 0x130003 0x401ec 0x28 0x1f0002 0x8 0x0 0x0 0x0 0x0 0x0 0x0 0x9 0x1 0x0 oops 0 methods 0
ciMethodData java/lang/StringUTF16 newString ([BII)Ljava/lang/String; 1 170 orig 80 0 0 0 0 0 0 0 0 0 0 0 0 187 2 0 0 0 0 0 0 0 0 0 0 0 0 0 0 0 0 0 0 0 0 0 0 0 0 0 0 0 0 0 0 0 0 0 0 0 0 0 0 0 0 0 0 0 0 0 0 0 0 0 0 0 0 0 0 0 0 0 0 0 0 0 0 0 0 0 0 data 31 0x10007 0xaa 0x20 0x0 0xb0007 0x0 0x60 0xaa 0x110002 0xaa 0x160007 0xaa 0x30 0x0 0x1f0002 0x0 0x320002 0xaa 0x360002 0xaa 0x0 0x0 0x0 0x0 0x0 0x0 0x9 0x3 0xffffffffffffffff 0x0 0x0 oops 0 methods 0
ciMethodData java/lang/AbstractStringBuilder putStringAt (ILjava/lang/String;II)V 2 10602 orig 80 0 0 0 0 0 0 0 0 0 0 0 0 187 2 0 0 0 0 0 0 0 0 0 0 0 0 0 0 0 0 0 0 0 0 0 0 0 0 0 1 0 0 0 0 0 0 0 0 0 0 0 0 0 0 0 0 0 0 0 0 0 0 0 0 0 0 0 0 0 0 0 0 0 0 0 0 0 0 0 0 data 45 0x10005 0x2869 0x0 0x0 0x0 0x0 0x0 0x50005 0x2869 0x0 0x0 0x0 0x0 0x0 0x8000000600080007 0x2869 0x58 0x1 0xc0005 0x1 0x0 0x0 0x0 0x0 0x0 0x1e0005 0x286a 0x0 0x0 0x0 0x0 0x0 0x0 0x0 0x0 0x0 0x0 0x0 0x9 0x5 0xc 0x0 0x0 0x0 0x0 oops 0 methods 0
ciMethodData java/lang/AbstractStringBuilder putStringAt (ILjava/lang/String;)V 2 10602 orig 80 0 0 0 0 0 0 0 0 0 0 0 0 187 2 0 0 0 0 0 0 0 0 0 0 0 0 0 0 0 0 0 0 0 0 0 0 0 0 0 0 0 0 0 0 0 0 0 0 0 0 0 0 0 0 0 0 0 0 0 0 0 0 0 0 0 0 0 0 0 0 0 0 0 0 0 0 0 0 0 0 data 25 0x50005 0x2869 0x0 0x0 0x0 0x0 0x0 0x80005 0x2869 0x0 0x0 0x0 0x0 0x0 0x0 0x0 0x0 0x0 0x0 0x0 0x9 0x3 0x0 0x0 0x0 oops 0 methods 0
ciMethodData java/lang/AbstractStringBuilder getCoder ()B 2 27924 orig 80 0 0 0 0 0 0 0 0 0 0 0 0 187 2 0 0 0 0 0 0 0 0 0 0 0 0 0 0 0 0 0 0 0 0 0 0 0 0 0 0 0 0 0 0 0 0 0 0 0 0 0 0 0 0 0 0 0 0 0 0 0 0 0 0 0 0 0 0 0 0 0 0 0 0 0 0 0 0 0 0 data 14 0x30007 0x0 0x38 0x6c13 0xa0003 0x6c13 0x18 0x0 0x0 0x0 0x0 0x9 0x1 0x0 oops 0 methods 0
ciMethodData java/lang/AbstractStringBuilder inflate ()V 1 169 orig 80 0 0 0 0 0 0 0 0 0 0 0 0 187 2 0 0 0 0 0 0 0 0 0 0 0 0 0 0 0 0 0 0 0 0 0 0 0 0 0 0 0 0 0 0 0 0 0 0 0 0 0 0 0 0 0 0 0 0 0 0 0 0 0 0 0 0 0 0 0 0 0 0 0 0 0 0 0 0 0 0 data 24 0x10005 0xaa 0x0 0x0 0x0 0x0 0x0 0x40007 0xaa 0x20 0x0 0xd0002 0xaa 0x1c0002 0xaa 0x0 0x0 0x0 0x0 0x0 0x0 0x9 0x1 0xc oops 0 methods 0
ciMethodData java/lang/String getBytes ([BIIBI)V 2 10602 orig 80 0 0 0 0 0 0 0 0 0 0 0 0 187 2 0 0 0 0 0 0 0 0 0 0 0 0 0 0 0 0 0 0 0 0 0 0 0 0 0 0 0 0 0 0 0 0 0 0 0 0 0 0 0 0 0 0 0 0 0 0 0 0 0 0 0 0 0 0 0 0 0 0 0 0 0 0 0 0 0 0 data 32 0x10005 0x2869 0x0 0x0 0x0 0x0 0x0 0x60007 0x0 0x48 0x2869 0x1b0002 0x2869 0x1e0003 0x2869 0x28 0x2a0002 0x0 0x0 0x0 0x0 0x0 0x0 0x0 0x9 0x6 0x0 0xffffffffffffffff 0x0 0x0 0x0 0x0 oops 0 methods 0
ciMethodData jdk/internal/util/ArraysSupport newLength (III)I 2 20359 orig 80 0 0 0 0 0 0 0 0 0 0 0 0 187 2 0 0 0 0 0 0 0 0 0 0 0 0 0 0 0 0 0 0 0 0 0 0 0 0 0 0 0 0 0 0 0 0 0 0 0 0 0 0 0 0 0 0 0 0 0 0 0 0 0 0 0 0 0 0 0 0 0 0 0 0 0 0 0 0 0 0 data 23 0x30002 0x4e86 0xa0007 0x0 0x40 0x4e86 0x100007 0x0 0x20 0x4e86 0x170002 0x0 0x0 0x0 0x0 0x0 0x0 0x0 0x9 0x3 0x0 0x0 0x0 oops 0 methods 0
ciMethodData java/lang/StringBuilder append (Ljava/lang/CharSequence;)Ljava/lang/StringBuilder; 2 22472 orig 80 0 0 0 0 0 0 0 0 0 0 0 0 187 2 0 0 0 0 0 0 0 0 0 0 0 0 0 0 0 0 0 0 0 0 0 0 0 0 0 0 0 0 0 0 0 0 0 0 0 0 0 0 0 0 0 0 0 0 0 0 0 0 0 0 0 0 0 0 0 0 0 0 0 0 0 0 0 0 0 0 data 9 0x20002 0x56ed 0x0 0x0 0x0 0x9 0x2 0xffffffffffffffff 0xffffffffffffffff oops 0 methods 0
ciMethodData java/lang/AbstractStringBuilder append (Ljava/lang/CharSequence;)Ljava/lang/AbstractStringBuilder; 2 11496 orig 80 0 0 0 0 0 0 0 0 0 0 0 0 187 2 0 0 0 0 0 0 0 0 0 0 0 0 0 0 0 0 0 0 0 0 0 0 0 0 0 0 0 0 0 0 0 0 0 0 0 0 0 0 0 0 0 0 0 0 0 0 0 0 0 0 0 0 0 0 0 0 0 0 0 0 0 0 0 0 0 0 data 85 0x10007 0x2c0d 0x58 0x0 0x50005 0x0 0x0 0x0 0x0 0x0 0x0 0xa0004 0xffffffffffffdf06 0x0 0x2bb641ca250 0x1b 0x2bb641c77f0 0xb13 0xd0007 0x20fa 0x90 0xb13 0x120004 0x0 0x0 0x2bb641c77f0 0xb13 0x0 0x0 0x150005 0x2d4 0x0 0x2bb641ca250 0x83f 0x0 0x0 0x1a0004 0x0 0x0 0x2bb641ca250 0x20fa 0x0 0x0 0x1d0007 0x0 0x90 0x20fa 0x220004 0x0 0x0 0x2bb641ca250 0x20fa 0x0 0x0 0x250005 0x0 0x0 0x2bb641ca250 0x20fa 0x0 0x0 0x2d0005 0x0 0x0 0x0 0x0 0x0 0x0 0x320005 0x0 0x0 0x0 0x0 0x0 0x0 0x0 0x0 0x0 0x0 0x0 0x0 0x9 0x2 0xffffffffffffffff 0xffffffffffffffff oops 7 14 java/lang/StringBuilder 16 java/lang/String 25 java/lang/String 32 java/lang/StringBuilder 39 java/lang/StringBuilder 50 java/lang/StringBuilder 57 java/lang/StringBuilder methods 0
ciMethod cpw/mods/niofs/union/UnionPath toString ()Ljava/lang/String; 634 0 20789 0 3744
ciMethodData cpw/mods/niofs/union/UnionPath toString ()Ljava/lang/String; 2 20789 orig 80 0 0 0 0 0 0 0 0 0 0 0 0 187 2 0 0 0 0 0 0 0 0 0 0 0 0 0 0 0 0 0 0 0 0 0 0 0 0 0 0 0 0 0 0 0 0 0 0 0 0 0 0 0 0 0 0 0 0 0 0 0 0 0 0 0 0 0 0 0 0 0 0 0 0 0 0 0 0 0 0 data 26 0x40007 0x337f 0x38 0x1c79 0x90003 0x1c79 0x18 0x150002 0x4ff8 0x18000a 0x4ff8 0x5 0x0 0x2bb641c77f0 0x1 0x2bb641c77f0 0x2bb641c77f0 0x0 0x0 0x0 0x0 0x0 0x0 0x9 0x1 0x0 oops 3 13 java/lang/String 15 java/lang/String 16 java/lang/String methods 0
ciMethod com/google/common/base/Preconditions checkArgument (Z)V 516 0 41165 0 0
ciMethod com/google/common/base/Preconditions checkNotNull (Ljava/lang/Object;)Ljava/lang/Object; 348 0 1563323 0 96
ciMethod com/google/common/base/Preconditions checkPositionIndex (II)I 516 0 211358 0 128
ciMethod com/google/common/base/Preconditions checkPositionIndex (IILjava/lang/String;)I 516 0 8498 0 128
ciMethod com/google/common/base/Preconditions checkPositionIndexes (III)V 516 0 9557 0 160
ciMethod com/google/common/collect/ImmutableList iterator ()Lcom/google/common/collect/UnmodifiableIterator; 660 0 63847 0 416
ciMethod com/google/common/collect/ImmutableList listIterator ()Lcom/google/common/collect/UnmodifiableListIterator; 662 0 63847 0 416
ciMethod com/google/common/collect/ImmutableList listIterator (I)Lcom/google/common/collect/UnmodifiableListIterator; 512 0 762 0 -1
ciMethod com/google/common/collect/ImmutableList builder ()Lcom/google/common/collect/ImmutableList$Builder; 524 0 68059 0 -1
ciMethod com/google/common/collect/ImmutableList iterator ()Ljava/util/Iterator; 554 0 8482 0 800
ciMethod com/google/common/collect/UnmodifiableIterator <init> ()V 526 0 70607 0 0
ciMethod com/google/common/collect/UnmodifiableListIterator <init> ()V 764 0 34007 0 0
ciMethod com/google/common/collect/SingletonImmutableList iterator ()Lcom/google/common/collect/UnmodifiableIterator; 534 0 15012 0 0
ciMethod com/google/common/collect/SingletonImmutableList iterator ()Ljava/util/Iterator; 784 0 14749 0 0
ciMethod com/google/common/collect/AbstractIndexedListIterator <init> (II)V 764 0 34007 0 0
ciMethod com/google/common/collect/RegularImmutableList listIterator (I)Lcom/google/common/collect/UnmodifiableListIterator; 832 0 63703 0 416
ciMethod com/google/common/collect/Iterators emptyListIterator ()Lcom/google/common/collect/UnmodifiableListIterator; 98 0 8674 0 0
ciMethod com/google/common/collect/Iterators forArray ([Ljava/lang/Object;III)Lcom/google/common/collect/UnmodifiableListIterator; 794 0 33424 0 544
ciMethod com/google/common/collect/Iterators singletonIterator (Ljava/lang/Object;)Lcom/google/common/collect/UnmodifiableIterator; 512 0 28037 0 0
ciMethod com/google/common/collect/Iterators$9 <init> (Ljava/lang/Object;)V 512 0 28037 0 0
ciMethod com/google/common/collect/Iterators$ArrayItr <init> ([Ljava/lang/Object;III)V 762 0 33245 0 0
ciMethod com/google/common/collect/ImmutableList$Builder add (Ljava/lang/Object;)Lcom/google/common/collect/ImmutableList$Builder; 512 0 31808 0 -1
ciMethod com/google/common/collect/ImmutableList$Builder addAll (Ljava/lang/Iterable;)Lcom/google/common/collect/ImmutableList$Builder; 316 0 14893 0 -1
ciMethod com/google/common/collect/ImmutableList$Builder build ()Lcom/google/common/collect/ImmutableList; 516 0 68074 0 -1
ciMethodData java/lang/StringBuilder append (Ljava/lang/CharSequence;)Ljava/lang/Appendable; 2 5452 orig 80 0 0 0 0 0 0 0 0 0 0 0 0 187 2 0 0 0 0 0 0 0 0 0 0 0 0 0 0 0 0 0 0 0 0 0 0 0 0 0 0 0 0 0 0 0 0 0 0 0 0 0 0 0 0 0 0 0 0 0 0 0 0 0 0 0 0 0 0 0 0 0 0 0 0 0 0 0 0 0 0 data 17 0x20005 0x144b 0x0 0x0 0x0 0x0 0x0 0x0 0x0 0x0 0x0 0x0 0x0 0x9 0x2 0x0 0x0 oops 0 methods 0
ciMethodData com/google/common/base/Preconditions checkNotNull (Ljava/lang/Object;)Ljava/lang/Object; 2 1563323 orig 80 0 0 0 0 0 0 0 0 0 0 0 0 187 2 0 0 0 0 0 0 0 0 0 0 0 0 0 0 0 0 0 0 0 0 0 0 0 0 0 0 0 0 0 0 0 0 0 0 0 0 0 0 0 0 0 0 0 0 0 0 0 0 0 0 0 0 0 0 0 0 0 0 0 0 0 0 0 0 0 0 data 15 0x10007 0x17da0a 0x30 0x0 0x80002 0x0 0x0 0x0 0x0 0x0 0x0 0x0 0x9 0x1 0x0 oops 0 methods 0
ciMethod com/google/common/base/Joiner on (Ljava/lang/String;)Lcom/google/common/base/Joiner; 1024 0 14002 0 0
ciMethod com/google/common/base/Joiner <init> (Ljava/lang/String;)V 952 0 14054 0 0
ciMethod com/google/common/base/Joiner appendTo (Ljava/lang/Appendable;Ljava/util/Iterator;)Ljava/lang/Appendable; 538 396 29780 0 0
ciMethod com/google/common/base/Joiner appendTo (Ljava/lang/StringBuilder;Ljava/lang/Iterable;)Ljava/lang/StringBuilder; 1024 0 13999 0 0
ciMethod com/google/common/base/Joiner appendTo (Ljava/lang/StringBuilder;Ljava/util/Iterator;)Ljava/lang/StringBuilder; 538 0 29779 0 0
ciMethod com/google/common/base/Joiner toString (Ljava/lang/Object;)Ljava/lang/CharSequence; 718 0 71580 0 0
ciMethodData com/google/common/collect/UnmodifiableIterator <init> ()V 2 70607 orig 80 0 0 0 0 0 0 0 0 0 0 0 0 187 2 0 0 0 0 0 0 0 0 0 0 0 0 0 0 0 0 0 0 0 0 0 0 0 0 0 0 0 0 0 0 0 0 0 0 0 0 0 0 0 0 0 0 0 0 0 0 0 0 0 0 0 0 0 0 0 0 0 0 0 0 0 0 0 0 0 0 data 7 0x10002 0x112c8 0x0 0x0 0x9 0x1 0x0 oops 0 methods 0
ciMethodData com/google/common/base/Preconditions checkPositionIndex (II)I 2 211358 orig 80 0 0 0 0 0 0 0 0 0 0 0 0 187 2 0 0 0 0 0 0 0 0 0 0 0 0 0 0 0 0 0 0 0 0 0 0 0 0 0 0 0 0 0 0 0 0 0 0 0 0 0 0 0 0 0 0 0 0 0 0 0 0 0 0 0 0 0 0 0 0 0 0 0 0 0 0 0 0 0 0 data 12 0x40002 0x3388d 0x0 0x0 0x0 0x0 0x0 0x0 0x9 0x2 0x0 0x0 oops 0 methods 0
ciMethodData com/google/common/base/Preconditions checkPositionIndex (IILjava/lang/String;)I 2 8498 orig 80 0 0 0 0 0 0 0 0 0 0 0 0 187 2 0 0 0 0 0 0 0 0 0 0 0 0 0 0 0 0 0 0 0 0 0 0 0 0 0 0 0 0 0 0 0 0 0 0 0 0 0 0 0 0 0 0 0 0 0 0 0 0 0 0 0 0 0 0 0 0 0 0 0 0 0 0 0 0 0 0 data 23 0x10007 0x0 0x40 0x2030 0x60007 0x2030 0x40 0x0 0x100002 0x0 0x130002 0x0 0x0 0x0 0x0 0x0 0x0 0x0 0x9 0x3 0x0 0x0 0x0 oops 0 methods 0
ciMethodData com/google/common/base/Preconditions checkArgument (Z)V 2 41165 orig 80 0 0 0 0 0 0 0 0 0 0 0 0 187 2 0 0 0 0 0 0 0 0 0 0 0 0 0 0 0 0 0 0 0 0 0 0 0 0 0 0 0 0 0 0 0 0 0 0 0 0 0 0 0 0 0 0 0 0 0 0 0 0 0 0 0 0 0 0 0 0 0 0 0 0 0 0 0 0 0 0 data 12 0x10007 0x9fcb 0x30 0x0 0x80002 0x0 0x0 0x0 0x0 0x9 0x1 0x0 oops 0 methods 0
ciMethodData com/google/common/base/Preconditions checkPositionIndexes (III)V 2 9557 orig 80 0 0 0 0 0 0 0 0 0 0 0 0 187 2 0 0 0 0 0 0 0 0 0 0 0 0 0 0 0 0 0 0 0 0 0 0 0 0 0 0 0 0 0 0 0 0 0 0 0 0 0 0 0 0 0 0 0 0 0 0 0 0 0 0 0 0 0 0 0 0 0 0 0 0 0 0 0 0 0 0 data 27 0x10007 0x0 0x60 0x2453 0x60007 0x0 0x40 0x2453 0xb0007 0x2453 0x40 0x0 0x150002 0x0 0x180002 0x0 0x0 0x0 0x0 0x0 0x0 0x0 0x9 0x3 0x0 0x0 0x0 oops 0 methods 0
ciMethodData com/google/common/collect/Iterators forArray ([Ljava/lang/Object;III)Lcom/google/common/collect/UnmodifiableListIterator; 2 33424 orig 80 0 0 0 0 0 0 0 0 0 0 0 0 187 2 0 0 0 0 0 0 0 0 0 0 0 0 0 0 0 0 0 0 0 0 0 0 0 0 0 0 0 0 0 0 0 0 0 0 0 0 0 0 0 0 0 0 0 0 0 0 0 0 0 0 0 0 0 0 0 0 0 0 0 0 0 0 0 0 0 0 data 33 0x10007 0x0 0x38 0x8103 0x50003 0x8103 0x18 0x90002 0x8103 0x160002 0x8103 0x1b0002 0x8103 0x200007 0x8060 0x30 0xa3 0x230002 0xa3 0x2f0002 0x8060 0x0 0x0 0x0 0x0 0x0 0x0 0x9 0x4 0x0 0x0 0x0 0x0 oops 0 methods 0
ciMethodData com/google/common/collect/Iterators emptyListIterator ()Lcom/google/common/collect/UnmodifiableListIterator; 2 8674 orig 80 0 0 0 0 0 0 0 0 0 0 0 0 187 2 0 0 0 0 0 0 0 0 0 0 0 0 0 0 0 0 0 0 0 0 0 0 0 0 0 0 0 0 0 0 0 0 0 0 0 0 0 0 0 0 0 0 0 0 0 0 0 0 0 0 0 0 0 0 0 0 0 0 0 0 0 0 0 0 0 0 data 4 0x0 0x0 0x9 0x0 oops 0 methods 0
ciMethodData com/google/common/collect/Iterators$ArrayItr <init> ([Ljava/lang/Object;III)V 2 33245 orig 80 0 0 0 0 0 0 0 0 0 0 0 0 187 2 0 0 0 0 0 0 0 0 0 0 0 0 0 0 0 0 0 0 0 0 0 0 0 0 0 0 0 0 0 0 0 0 0 0 0 0 0 0 0 0 0 0 0 0 0 0 0 0 0 0 0 0 0 0 0 0 0 0 0 0 0 0 0 0 0 0 data 13 0x40002 0x8060 0x0 0x0 0x0 0x0 0x9 0x5 0xe 0x0 0x0 0x0 0x0 oops 0 methods 0
ciMethodData com/google/common/collect/AbstractIndexedListIterator <init> (II)V 2 34007 orig 80 0 0 0 0 0 0 0 0 0 0 0 0 187 2 0 0 0 0 0 0 0 0 0 0 0 0 0 0 0 0 0 0 0 0 0 0 0 0 0 0 0 0 0 0 0 0 0 0 0 0 0 0 0 0 0 0 0 0 0 0 0 0 0 0 0 0 0 0 0 0 0 0 0 0 0 0 0 0 0 0 data 15 0x10002 0x8359 0x60002 0x8359 0x0 0x0 0x0 0x0 0x0 0x0 0x9 0x3 0x6 0x0 0x0 oops 0 methods 0
ciMethodData com/google/common/collect/UnmodifiableListIterator <init> ()V 2 34007 orig 80 0 0 0 0 0 0 0 0 0 0 0 0 187 2 0 0 0 0 0 0 0 0 0 0 0 0 0 0 0 0 0 0 0 0 0 0 0 0 0 0 0 0 0 0 0 0 0 0 0 0 0 0 0 0 0 0 0 0 0 0 0 0 0 0 0 0 0 0 0 0 0 0 0 0 0 0 0 0 0 0 data 7 0x10002 0x8359 0x0 0x0 0x9 0x1 0x0 oops 0 methods 0
ciMethodData com/google/common/collect/ImmutableList iterator ()Lcom/google/common/collect/UnmodifiableIterator; 2 63847 orig 80 1 0 0 0 0 0 0 0 0 0 0 0 187 2 0 0 0 0 0 0 0 0 0 0 0 0 0 0 0 0 0 0 0 0 0 0 0 0 0 0 0 0 0 0 0 0 0 0 0 0 0 0 0 0 0 0 0 0 0 0 0 0 0 0 0 0 0 0 0 0 0 0 0 0 0 0 0 0 0 0 data 16 0x10005 0x1 0x0 0x2bbab7571c0 0xf7b8 0x2bbafde8a90 0x64 0x0 0x0 0x0 0x0 0x0 0x0 0x9 0x1 0x0 oops 2 3 com/google/common/collect/RegularImmutableList 5 com/google/common/collect/ImmutableSortedMap$1EntrySet$1 methods 0
ciMethodData com/google/common/collect/ImmutableList listIterator ()Lcom/google/common/collect/UnmodifiableListIterator; 2 63847 orig 80 0 0 0 0 0 0 0 0 0 0 0 0 187 2 0 0 0 0 0 0 0 0 0 4 0 0 0 0 0 0 0 0 0 0 0 0 0 0 0 0 0 0 0 0 0 0 0 0 0 0 0 0 0 0 0 0 0 0 0 0 0 0 0 0 0 0 0 0 0 0 0 0 0 0 0 0 0 0 0 0 data 16 0x8000000700020005 0x5 0x0 0x2bbab7571c0 0xf7b7 0x2bbafde8a90 0x64 0x0 0x0 0x0 0x0 0x0 0x0 0x9 0x1 0x0 oops 2 3 com/google/common/collect/RegularImmutableList 5 com/google/common/collect/ImmutableSortedMap$1EntrySet$1 methods 0
ciMethodData com/google/common/collect/RegularImmutableList listIterator (I)Lcom/google/common/collect/UnmodifiableListIterator; 2 63703 orig 80 0 0 0 0 0 0 0 0 0 0 0 0 187 2 0 0 0 0 0 0 0 0 0 0 0 0 0 0 0 0 0 0 0 0 0 0 0 0 0 0 0 0 0 0 0 0 0 0 0 0 0 0 0 0 0 0 0 0 0 0 0 0 0 0 0 0 0 0 0 0 0 0 0 0 0 0 0 0 0 0 data 12 0xb0002 0xf737 0x0 0x0 0x0 0x0 0x0 0x0 0x9 0x2 0x0 0x0 oops 0 methods 0
ciMethodData com/google/common/collect/Iterators singletonIterator (Ljava/lang/Object;)Lcom/google/common/collect/UnmodifiableIterator; 2 28037 orig 80 0 0 0 0 0 0 0 0 0 0 0 0 187 2 0 0 0 0 0 0 0 0 0 0 0 0 0 0 0 0 0 0 0 0 0 0 0 0 0 0 0 0 0 0 0 0 0 0 0 0 0 0 0 0 0 0 0 0 0 0 0 0 0 0 0 0 0 0 0 0 0 0 0 0 0 0 0 0 0 0 data 8 0x50002 0x6c86 0x0 0x0 0x0 0x9 0x1 0x0 oops 0 methods 0
ciMethodData com/google/common/collect/Iterators$9 <init> (Ljava/lang/Object;)V 2 28037 orig 80 0 0 0 0 0 0 0 0 0 0 0 0 187 2 0 0 0 0 0 0 0 0 0 0 0 0 0 0 0 0 0 0 0 0 0 0 0 0 0 0 0 0 0 0 0 0 0 0 0 0 0 0 0 0 0 0 0 0 0 0 0 0 0 0 0 0 0 0 0 0 0 0 0 0 0 0 0 0 0 0 data 10 0x60002 0x6c87 0x0 0x0 0x0 0x0 0x9 0x2 0x4 0x0 oops 0 methods 0
ciMethodData com/google/common/collect/SingletonImmutableList iterator ()Lcom/google/common/collect/UnmodifiableIterator; 2 15012 orig 80 0 0 0 0 0 0 0 0 0 0 0 0 187 2 0 0 0 0 0 0 0 0 0 0 0 0 0 0 0 0 0 0 0 0 0 0 0 0 0 0 0 0 0 0 0 0 0 0 0 0 0 0 0 0 0 0 0 0 0 0 0 0 0 0 0 0 0 0 0 0 0 0 0 0 0 0 0 0 0 0 data 11 0x40002 0x3999 0x0 0x0 0x0 0x0 0x0 0x0 0x9 0x1 0x0 oops 0 methods 0
ciMethodData com/google/common/collect/SingletonImmutableList iterator ()Ljava/util/Iterator; 2 14749 orig 80 0 0 0 0 0 0 0 0 0 0 0 0 187 2 0 0 0 0 0 0 0 0 0 0 0 0 0 0 0 0 0 0 0 0 0 0 0 0 0 0 0 0 0 0 0 0 0 0 0 0 0 0 0 0 0 0 0 0 0 0 0 0 0 0 0 0 0 0 0 0 0 0 0 0 0 0 0 0 0 0 data 16 0x10005 0x3815 0x0 0x0 0x0 0x0 0x0 0x0 0x0 0x0 0x0 0x0 0x0 0x9 0x1 0x0 oops 0 methods 0
ciMethodData com/google/common/collect/ImmutableList iterator ()Ljava/util/Iterator; 2 8482 orig 80 0 0 0 0 0 0 0 0 0 0 0 0 187 2 0 0 0 0 0 0 0 0 0 0 0 0 0 0 0 0 0 0 0 0 0 0 0 0 0 0 0 0 0 0 0 0 0 0 0 0 0 0 0 0 0 0 0 0 0 0 0 0 0 0 0 0 0 0 0 0 0 0 0 0 0 0 0 0 0 0 data 16 0x10005 0x0 0x0 0x2bbab7571c0 0x200b 0x2bbafde7db0 0x2 0x0 0x0 0x0 0x0 0x0 0x0 0x9 0x1 0x0 oops 2 3 com/google/common/collect/RegularImmutableList 5 com/google/common/collect/RegularImmutableMap$Values methods 0
ciMethod net/minecraft/server/packs/linkfs/LinkFSPath isAbsolute ()Z 796 0 25320 0 96
ciMethod net/minecraft/server/packs/linkfs/LinkFSPath pathToRoot ()Ljava/util/List; 518 0 84219 0 11552
ciMethod net/minecraft/server/packs/linkfs/LinkFSPath toString ()Ljava/lang/String; 1024 0 13953 0 0
ciMethod net/minecraft/server/packs/linkfs/LinkFSPath pathToString ()Ljava/lang/String; 1024 0 13998 0 0
ciMethodData com/google/common/base/Joiner toString (Ljava/lang/Object;)Ljava/lang/CharSequence; 2 71580 orig 80 0 0 0 0 0 0 0 0 0 0 0 0 187 2 0 0 0 0 0 0 0 0 0 0 0 0 0 0 0 0 0 0 0 0 0 0 0 0 0 0 0 0 0 0 0 0 0 0 0 0 0 0 0 0 0 0 0 0 0 0 0 0 0 0 0 0 0 0 0 0 0 0 0 0 0 0 0 0 0 0 data 40 0x10002 0x11639 0x60004 0xffffffffffff2393 0x0 0x2bb641c77f0 0x39e1 0x0 0x0 0x90007 0xdc67 0x70 0x39e1 0xd0004 0x0 0x0 0x2bb641c77f0 0x39e0 0x0 0x0 0x100003 0x39e0 0x50 0x140005 0x0 0x0 0x2bbaf7b91f0 0x35e0 0x2bbac699e80 0xa685 0x0 0x0 0x0 0x0 0x0 0x0 0x9 0x2 0x0 0x0 oops 4 5 java/lang/String 16 java/lang/String 26 net/minecraft/server/packs/linkfs/LinkFSPath 28 cpw/mods/niofs/union/UnionPath methods 0
ciMethodData com/google/common/base/Joiner appendTo (Ljava/lang/StringBuilder;Ljava/util/Iterator;)Ljava/lang/StringBuilder; 2 29779 orig 80 0 0 0 0 0 0 0 0 0 0 0 0 187 2 0 0 0 0 0 0 0 0 0 0 0 0 0 0 0 0 0 0 0 0 0 0 0 0 0 0 0 0 0 0 0 0 0 0 0 0 0 0 0 0 0 0 0 0 0 0 0 0 0 0 0 0 0 0 0 0 0 0 0 0 0 0 0 0 0 0 data 23 0x30005 0x0 0x0 0x2bbaf7bbcf0 0x7347 0x0 0x0 0x70003 0x737a 0x28 0x100002 0x0 0x0 0x0 0x0 0x0 0x0 0x0 0x9 0x3 0x0 0x0 0x0 oops 1 3 com/google/common/base/Joiner methods 0
ciMethodData com/google/common/base/Joiner appendTo (Ljava/lang/Appendable;Ljava/util/Iterator;)Ljava/lang/Appendable; 2 41866 orig 80 1 0 0 0 0 0 0 0 0 0 0 0 187 2 0 0 0 0 0 0 0 0 0 0 0 0 0 0 0 0 0 0 0 0 0 0 0 0 0 0 0 0 0 0 0 0 0 0 0 0 0 0 0 0 0 0 0 0 0 0 0 0 0 0 0 0 0 0 0 0 0 0 0 0 0 0 0 0 0 0 data 87 0x10002 0x734b 0x60005 0x3d51 0x0 0x2bbac698130 0x14 0x2bbac693080 0x35e4 0xb0007 0x0 0x218 0x7346 0x110005 0x3d51 0x0 0x2bbac698130 0x14 0x2bbac693080 0x35e4 0x160005 0x0 0x0 0x2bbaf7bbcf0 0x734c 0x0 0x0 0x190005 0x0 0x0 0x2bb641ca250 0x7358 0x0 0x0 0x200005 0xe041 0x0 0x2bbac698130 0x18 0x2bbac693080 0x35e4 0x250007 0x737a 0x118 0xa2c2 0x2d0005 0x0 0x0 0x2bb641ca250 0xa2c2 0x0 0x0 0x360005 0xa001 0x0 0x2bbac698130 0x4 0x2bbafdec180 0x2ac 0x3b0005 0x0 0x0 0x2bbaf7bbcf0 0xa2b4 0x0 0x0 0x3e0005 0x0 0x0 0x2bb641ca250 0xa2bc 0x0 0x0 0x440003 0xa2c7 0xfffffffffffffec8 0x0 0x0 0x0 0x0 0x0 0x0 0x9 0x3 0x0 0x0 0x0 oops 13 5 java/util/LinkedList$ListItr 7 com/google/common/collect/Iterators$9 16 java/util/LinkedList$ListItr 18 com/google/common/collect/Iterators$9 23 com/google/common/base/Joiner 30 java/lang/StringBuilder 37 java/util/LinkedList$ListItr 39 com/google/common/collect/Iterators$9 48 java/lang/StringBuilder 55 java/util/LinkedList$ListItr 57 com/google/common/collect/Iterators$ArrayItr 62 com/google/common/base/Joiner 69 java/lang/StringBuilder methods 0
ciMethodData net/minecraft/server/packs/linkfs/LinkFSPath pathToRoot ()Ljava/util/List; 2 84219 orig 80 0 0 0 0 0 0 0 0 0 0 0 0 187 2 0 0 0 0 0 0 0 0 0 0 0 0 0 0 0 0 0 0 0 0 0 0 0 0 0 0 0 0 0 0 0 0 0 0 0 0 0 0 0 0 0 0 0 0 0 0 0 0 0 0 0 0 0 0 0 0 0 0 0 0 0 0 0 0 0 0 data 60 0x40005 0x147f7 0x0 0x0 0x0 0x0 0x0 0x70007 0x147fc 0x30 0x1 0xa0002 0x1 0x120007 0xca32 0x130 0x7dd2 0x150002 0x7dd2 0x1d0007 0x4453 0x90 0x397c 0x250005 0x397d 0x0 0x0 0x0 0x0 0x0 0x280005 0x3983 0x0 0x0 0x0 0x0 0x0 0x310005 0x7dd7 0x0 0x0 0x0 0x0 0x0 0x370005 0x7dd5 0x0 0x0 0x0 0x0 0x0 0x0 0x0 0x0 0x0 0x0 0x0 0x9 0x1 0x8 oops 0 methods 0
ciMethodData net/minecraft/server/packs/linkfs/LinkFSPath isAbsolute ()Z 2 25320 orig 80 0 0 0 0 0 0 0 0 0 0 0 0 187 2 0 0 0 0 0 0 0 0 0 0 0 0 0 0 0 0 0 0 0 0 0 0 0 0 0 0 0 0 0 0 0 0 0 0 0 0 0 0 0 0 0 0 0 0 0 0 0 0 0 0 0 0 0 0 0 0 0 0 0 0 0 0 0 0 0 0 data 16 0x70007 0x36b1 0x38 0x2aa9 0xb0003 0x2aa9 0x18 0x0 0x0 0x0 0x0 0x0 0x0 0x9 0x1 0x0 oops 0 methods 0
ciMethodData net/minecraft/server/packs/linkfs/LinkFSPath toString ()Ljava/lang/String; 2 13953 orig 80 0 0 0 0 0 0 0 0 0 0 0 0 0 0 0 0 0 0 0 0 0 0 0 0 0 0 0 0 0 0 0 0 0 0 0 0 0 0 0 0 0 0 0 0 0 0 0 0 0 0 0 0 0 0 0 0 0 0 0 0 0 0 0 0 0 0 0 0 0 0 0 0 0 0 0 0 0 0 0 0 data 16 0x10005 0x3482 0x0 0x0 0x0 0x0 0x0 0x0 0x0 0x0 0x0 0x0 0x0 0x9 0x1 0x0 oops 0 methods 0
ciMethodData net/minecraft/server/packs/linkfs/LinkFSPath pathToString ()Ljava/lang/String; 2 13998 orig 80 0 0 0 0 0 0 0 0 0 0 0 0 0 0 0 0 0 0 0 0 0 0 0 0 0 0 0 0 0 0 0 0 0 0 0 0 0 0 0 0 0 0 0 0 0 0 0 0 0 0 0 0 0 0 0 0 0 0 0 0 0 0 0 0 0 0 0 0 0 0 0 0 0 0 0 0 0 0 0 0 data 56 0x40007 0x0 0x178 0x34ae 0xb0002 0x34ad 0x100005 0x0 0x0 0x2bbaf7b91f0 0x34af 0x0 0x0 0x130007 0x340e 0x58 0xa0 0x1a0005 0xa0 0x0 0x0 0x0 0x0 0x0 0x210002 0x34ae 0x260005 0x34b0 0x0 0x0 0x0 0x0 0x0 0x290005 0x34b1 0x0 0x0 0x0 0x0 0x0 0x2f0005 0x34b0 0x0 0x0 0x0 0x0 0x0 0x0 0x0 0x0 0x0 0x0 0x0 0x9 0x1 0x0 oops 1 9 net/minecraft/server/packs/linkfs/LinkFSPath methods 0
ciMethodData com/google/common/base/Joiner <init> (Ljava/lang/String;)V 2 14054 orig 80 0 0 0 0 0 0 0 0 0 0 0 0 187 2 0 0 0 0 0 0 0 0 0 0 0 0 0 0 0 0 0 0 0 0 0 0 0 0 0 0 0 0 0 0 0 0 0 0 0 0 0 0 0 0 0 0 0 0 0 0 0 0 0 0 0 0 0 0 0 0 0 0 0 0 0 0 0 0 0 0 data 21 0x10002 0x350a 0x60002 0x3509 0x90004 0x0 0x0 0x2bb641c77f0 0x78 0x0 0x0 0x0 0x0 0x0 0x0 0x0 0x0 0x9 0x2 0x6 0x0 oops 1 7 java/lang/String methods 0
ciMethodData com/google/common/base/Joiner on (Ljava/lang/String;)Lcom/google/common/base/Joiner; 2 14002 orig 80 0 0 0 0 0 0 0 0 0 0 0 0 0 0 0 0 0 0 0 0 0 0 0 0 0 0 0 0 0 0 0 0 0 0 0 0 0 0 0 0 0 0 0 0 0 0 0 0 0 0 0 0 0 0 0 0 0 0 0 0 0 0 0 0 0 0 0 0 0 0 0 0 0 0 0 0 0 0 0 0 data 8 0x50002 0x34b3 0x0 0x0 0x0 0x9 0x1 0x0 oops 0 methods 0
ciMethodData com/google/common/base/Joiner appendTo (Ljava/lang/StringBuilder;Ljava/lang/Iterable;)Ljava/lang/StringBuilder; 2 13999 orig 80 0 0 0 0 0 0 0 0 0 0 0 0 0 0 0 0 0 0 0 0 0 0 0 0 0 0 0 0 0 0 0 0 0 0 0 0 0 0 0 0 0 0 0 0 0 0 0 0 0 0 0 0 0 0 0 0 0 0 0 0 0 0 0 0 0 0 0 0 0 0 0 0 0 0 0 0 0 0 0 0 data 25 0x30005 0x0 0x0 0x2bbab757110 0x340d 0x2bbab7571c0 0xa2 0x80005 0x34b0 0x0 0x0 0x0 0x0 0x0 0x0 0x0 0x0 0x0 0x0 0x0 0x9 0x3 0xffffffffffffffff 0xffffffffffffffff 0xffffffffffffffff oops 2 3 com/google/common/collect/SingletonImmutableList 5 com/google/common/collect/RegularImmutableList methods 0
compile net/minecraft/server/packs/linkfs/LinkFSPath pathToString ()Ljava/lang/String; -1 4 inline 208 0 -1 net/minecraft/server/packs/linkfs/LinkFSPath pathToString ()Ljava/lang/String; 1 11 java/lang/StringBuilder <init> ()V 2 3 java/lang/AbstractStringBuilder <init> (I)V 3 1 java/lang/Object <init> ()V 1 16 net/minecraft/server/packs/linkfs/LinkFSPath isAbsolute ()Z 1 26 java/lang/StringBuilder append (Ljava/lang/String;)Ljava/lang/StringBuilder; 2 2 java/lang/AbstractStringBuilder append (Ljava/lang/String;)Ljava/lang/AbstractStringBuilder; 3 10 java/lang/String length ()I 4 6 java/lang/String coder ()B 3 21 java/lang/AbstractStringBuilder ensureCapacityInternal (I)V 4 24 java/lang/AbstractStringBuilder newCapacity (I)I 5 29 jdk/internal/util/ArraysSupport newLength (III)I 4 32 java/util/Arrays copyOf ([BI)[B 3 30 java/lang/AbstractStringBuilder putStringAt (ILjava/lang/String;)V 4 5 java/lang/String length ()I 5 6 java/lang/String coder ()B 4 8 java/lang/AbstractStringBuilder putStringAt (ILjava/lang/String;II)V 5 1 java/lang/AbstractStringBuilder getCoder ()B 5 5 java/lang/String coder ()B 5 30 java/lang/String getBytes ([BIIBI)V 6 1 java/lang/String coder ()B 1 33 com/google/common/base/Joiner on (Ljava/lang/String;)Lcom/google/common/base/Joiner; 2 5 com/google/common/base/Joiner <init> (Ljava/lang/String;)V 3 1 java/lang/Object <init> ()V 3 6 com/google/common/base/Preconditions checkNotNull (Ljava/lang/Object;)Ljava/lang/Object; 1 41 com/google/common/base/Joiner appendTo (Ljava/lang/StringBuilder;Ljava/lang/Iterable;)Ljava/lang/StringBuilder; 2 3 com/google/common/collect/SingletonImmutableList iterator ()Ljava/util/Iterator; 3 1 com/google/common/collect/SingletonImmutableList iterator ()Lcom/google/common/collect/UnmodifiableIterator; 4 4 com/google/common/collect/Iterators singletonIterator (Ljava/lang/Object;)Lcom/google/common/collect/UnmodifiableIterator; 5 5 com/google/common/collect/Iterators$9 <init> (Ljava/lang/Object;)V 6 6 com/google/common/collect/UnmodifiableIterator <init> ()V 7 1 java/lang/Object <init> ()V 2 3 com/google/common/collect/ImmutableList iterator ()Ljava/util/Iterator; 3 1 com/google/common/collect/ImmutableList iterator ()Lcom/google/common/collect/UnmodifiableIterator; 4 1 com/google/common/collect/ImmutableList listIterator ()Lcom/google/common/collect/UnmodifiableListIterator; 5 2 com/google/common/collect/RegularImmutableList listIterator (I)Lcom/google/common/collect/UnmodifiableListIterator; 6 11 com/google/common/collect/Iterators forArray ([Ljava/lang/Object;III)Lcom/google/common/collect/UnmodifiableListIterator; 7 9 com/google/common/base/Preconditions checkArgument (Z)V 7 22 com/google/common/base/Preconditions checkPositionIndexes (III)V 7 27 com/google/common/base/Preconditions checkPositionIndex (II)I 8 4 com/google/common/base/Preconditions checkPositionIndex (IILjava/lang/String;)I 7 35 com/google/common/collect/Iterators emptyListIterator ()Lcom/google/common/collect/UnmodifiableListIterator; 7 47 com/google/common/collect/Iterators$ArrayItr <init> ([Ljava/lang/Object;III)V 8 4 com/google/common/collect/AbstractIndexedListIterator <init> (II)V 9 1 com/google/common/collect/UnmodifiableListIterator <init> ()V 10 1 com/google/common/collect/UnmodifiableIterator <init> ()V 11 1 java/lang/Object <init> ()V 9 6 com/google/common/base/Preconditions checkPositionIndex (II)I 10 4 com/google/common/base/Preconditions checkPositionIndex (IILjava/lang/String;)I 2 8 com/google/common/base/Joiner appendTo (Ljava/lang/StringBuilder;Ljava/util/Iterator;)Ljava/lang/StringBuilder; 3 3 com/google/common/base/Joiner appendTo (Ljava/lang/Appendable;Ljava/util/Iterator;)Ljava/lang/Appendable; 4 1 com/google/common/base/Preconditions checkNotNull (Ljava/lang/Object;)Ljava/lang/Object; 4 22 com/google/common/base/Joiner toString (Ljava/lang/Object;)Ljava/lang/CharSequence; 5 1 java/util/Objects requireNonNull (Ljava/lang/Object;)Ljava/lang/Object; 5 20 net/minecraft/server/packs/linkfs/LinkFSPath toString ()Ljava/lang/String; 6 1 net/minecraft/server/packs/linkfs/LinkFSPath pathToString ()Ljava/lang/String; 7 11 java/lang/StringBuilder <init> ()V 8 3 java/lang/AbstractStringBuilder <init> (I)V 9 1 java/lang/Object <init> ()V 7 16 net/minecraft/server/packs/linkfs/LinkFSPath isAbsolute ()Z 7 26 java/lang/StringBuilder append (Ljava/lang/String;)Ljava/lang/StringBuilder; 8 2 java/lang/AbstractStringBuilder append (Ljava/lang/String;)Ljava/lang/AbstractStringBuilder; 9 10 java/lang/String length ()I 10 6 java/lang/String coder ()B 9 21 java/lang/AbstractStringBuilder ensureCapacityInternal (I)V 10 24 java/lang/AbstractStringBuilder newCapacity (I)I 11 29 jdk/internal/util/ArraysSupport newLength (III)I 10 32 java/util/Arrays copyOf ([BI)[B 9 30 java/lang/AbstractStringBuilder putStringAt (ILjava/lang/String;)V 10 5 java/lang/String length ()I 11 6 java/lang/String coder ()B 10 8 java/lang/AbstractStringBuilder putStringAt (ILjava/lang/String;II)V 11 1 java/lang/AbstractStringBuilder getCoder ()B 11 5 java/lang/String coder ()B 11 30 java/lang/String getBytes ([BIIBI)V 12 1 java/lang/String coder ()B 7 33 com/google/common/base/Joiner on (Ljava/lang/String;)Lcom/google/common/base/Joiner; 8 5 com/google/common/base/Joiner <init> (Ljava/lang/String;)V 9 1 java/lang/Object <init> ()V 9 6 com/google/common/base/Preconditions checkNotNull (Ljava/lang/Object;)Ljava/lang/Object; 7 41 com/google/common/base/Joiner appendTo (Ljava/lang/StringBuilder;Ljava/lang/Iterable;)Ljava/lang/StringBuilder; 8 3 com/google/common/collect/SingletonImmutableList iterator ()Ljava/util/Iterator; 9 1 com/google/common/collect/SingletonImmutableList iterator ()Lcom/google/common/collect/UnmodifiableIterator; 10 4 com/google/common/collect/Iterators singletonIterator (Ljava/lang/Object;)Lcom/google/common/collect/UnmodifiableIterator; 11 5 com/google/common/collect/Iterators$9 <init> (Ljava/lang/Object;)V 12 6 com/google/common/collect/UnmodifiableIterator <init> ()V 13 1 java/lang/Object <init> ()V 8 3 com/google/common/collect/ImmutableList iterator ()Ljava/util/Iterator; 9 1 com/google/common/collect/ImmutableList iterator ()Lcom/google/common/collect/UnmodifiableIterator; 10 1 com/google/common/collect/ImmutableList listIterator ()Lcom/google/common/collect/UnmodifiableListIterator; 11 2 com/google/common/collect/RegularImmutableList listIterator (I)Lcom/google/common/collect/UnmodifiableListIterator; 12 11 com/google/common/collect/Iterators forArray ([Ljava/lang/Object;III)Lcom/google/common/collect/UnmodifiableListIterator; 13 9 com/google/common/base/Preconditions checkArgument (Z)V 13 22 com/google/common/base/Preconditions checkPositionIndexes (III)V 13 27 com/google/common/base/Preconditions checkPositionIndex (II)I 14 4 com/google/common/base/Preconditions checkPositionIndex (IILjava/lang/String;)I 13 35 com/google/common/collect/Iterators emptyListIterator ()Lcom/google/common/collect/UnmodifiableListIterator; 13 47 com/google/common/collect/Iterators$ArrayItr <init> ([Ljava/lang/Object;III)V 14 4 com/google/common/collect/AbstractIndexedListIterator <init> (II)V 15 1 com/google/common/collect/UnmodifiableListIterator <init> ()V 16 1 com/google/common/collect/UnmodifiableIterator <init> ()V 15 6 com/google/common/base/Preconditions checkPositionIndex (II)I 16 4 com/google/common/base/Preconditions checkPositionIndex (IILjava/lang/String;)I 8 8 com/google/common/base/Joiner appendTo (Ljava/lang/StringBuilder;Ljava/util/Iterator;)Ljava/lang/StringBuilder; 9 3 com/google/common/base/Joiner appendTo (Ljava/lang/Appendable;Ljava/util/Iterator;)Ljava/lang/Appendable; 10 1 com/google/common/base/Preconditions checkNotNull (Ljava/lang/Object;)Ljava/lang/Object; 10 22 com/google/common/base/Joiner toString (Ljava/lang/Object;)Ljava/lang/CharSequence; 11 1 java/util/Objects requireNonNull (Ljava/lang/Object;)Ljava/lang/Object; 11 20 net/minecraft/server/packs/linkfs/LinkFSPath toString ()Ljava/lang/String; 10 25 java/lang/StringBuilder append (Ljava/lang/CharSequence;)Ljava/lang/Appendable; 11 2 java/lang/StringBuilder append (Ljava/lang/CharSequence;)Ljava/lang/StringBuilder; 10 45 java/lang/StringBuilder append (Ljava/lang/CharSequence;)Ljava/lang/Appendable; 11 2 java/lang/StringBuilder append (Ljava/lang/CharSequence;)Ljava/lang/StringBuilder; 10 59 com/google/common/base/Joiner toString (Ljava/lang/Object;)Ljava/lang/CharSequence; 11 1 java/util/Objects requireNonNull (Ljava/lang/Object;)Ljava/lang/Object; 11 20 net/minecraft/server/packs/linkfs/LinkFSPath toString ()Ljava/lang/String; 10 62 java/lang/StringBuilder append (Ljava/lang/CharSequence;)Ljava/lang/Appendable; 11 2 java/lang/StringBuilder append (Ljava/lang/CharSequence;)Ljava/lang/StringBuilder; 7 47 java/lang/StringBuilder toString ()Ljava/lang/String; 8 1 java/lang/AbstractStringBuilder isLatin1 ()Z 8 16 java/lang/StringLatin1 newString ([BII)Ljava/lang/String; 9 16 java/util/Arrays copyOfRange ([BII)[B 9 20 java/lang/String <init> ([BB)V 10 1 java/lang/Object <init> ()V 4 25 java/lang/StringBuilder append (Ljava/lang/CharSequence;)Ljava/lang/Appendable; 5 2 java/lang/StringBuilder append (Ljava/lang/CharSequence;)Ljava/lang/StringBuilder; 4 45 java/lang/StringBuilder append (Ljava/lang/CharSequence;)Ljava/lang/Appendable; 5 2 java/lang/StringBuilder append (Ljava/lang/CharSequence;)Ljava/lang/StringBuilder; 4 59 com/google/common/base/Joiner toString (Ljava/lang/Object;)Ljava/lang/CharSequence; 5 1 java/util/Objects requireNonNull (Ljava/lang/Object;)Ljava/lang/Object; 5 20 net/minecraft/server/packs/linkfs/LinkFSPath toString ()Ljava/lang/String; 6 1 net/minecraft/server/packs/linkfs/LinkFSPath pathToString ()Ljava/lang/String; 7 11 java/lang/StringBuilder <init> ()V 8 3 java/lang/AbstractStringBuilder <init> (I)V 9 1 java/lang/Object <init> ()V 7 16 net/minecraft/server/packs/linkfs/LinkFSPath isAbsolute ()Z 7 26 java/lang/StringBuilder append (Ljava/lang/String;)Ljava/lang/StringBuilder; 8 2 java/lang/AbstractStringBuilder append (Ljava/lang/String;)Ljava/lang/AbstractStringBuilder; 9 10 java/lang/String length ()I 10 6 java/lang/String coder ()B 9 21 java/lang/AbstractStringBuilder ensureCapacityInternal (I)V 10 24 java/lang/AbstractStringBuilder newCapacity (I)I 11 29 jdk/internal/util/ArraysSupport newLength (III)I 10 32 java/util/Arrays copyOf ([BI)[B 9 30 java/lang/AbstractStringBuilder putStringAt (ILjava/lang/String;)V 10 5 java/lang/String length ()I 11 6 java/lang/String coder ()B 10 8 java/lang/AbstractStringBuilder putStringAt (ILjava/lang/String;II)V 11 1 java/lang/AbstractStringBuilder getCoder ()B 11 5 java/lang/String coder ()B 11 30 java/lang/String getBytes ([BIIBI)V 12 1 java/lang/String coder ()B 7 33 com/google/common/base/Joiner on (Ljava/lang/String;)Lcom/google/common/base/Joiner; 8 5 com/google/common/base/Joiner <init> (Ljava/lang/String;)V 9 1 java/lang/Object <init> ()V 9 6 com/google/common/base/Preconditions checkNotNull (Ljava/lang/Object;)Ljava/lang/Object; 7 41 com/google/common/base/Joiner appendTo (Ljava/lang/StringBuilder;Ljava/lang/Iterable;)Ljava/lang/StringBuilder; 8 3 com/google/common/collect/SingletonImmutableList iterator ()Ljava/util/Iterator; 9 1 com/google/common/collect/SingletonImmutableList iterator ()Lcom/google/common/collect/UnmodifiableIterator; 10 4 com/google/common/collect/Iterators singletonIterator (Ljava/lang/Object;)Lcom/google/common/collect/UnmodifiableIterator; 11 5 com/google/common/collect/Iterators$9 <init> (Ljava/lang/Object;)V 12 6 com/google/common/collect/UnmodifiableIterator <init> ()V 13 1 java/lang/Object <init> ()V 8 3 com/google/common/collect/ImmutableList iterator ()Ljava/util/Iterator; 9 1 com/google/common/collect/ImmutableList iterator ()Lcom/google/common/collect/UnmodifiableIterator; 10 1 com/google/common/collect/ImmutableList listIterator ()Lcom/google/common/collect/UnmodifiableListIterator; 11 2 com/google/common/collect/RegularImmutableList listIterator (I)Lcom/google/common/collect/UnmodifiableListIterator; 12 11 com/google/common/collect/Iterators forArray ([Ljava/lang/Object;III)Lcom/google/common/collect/UnmodifiableListIterator; 13 9 com/google/common/base/Preconditions checkArgument (Z)V 13 22 com/google/common/base/Preconditions checkPositionIndexes (III)V 13 27 com/google/common/base/Preconditions checkPositionIndex (II)I 14 4 com/google/common/base/Preconditions checkPositionIndex (IILjava/lang/String;)I 13 35 com/google/common/collect/Iterators emptyListIterator ()Lcom/google/common/collect/UnmodifiableListIterator; 13 47 com/google/common/collect/Iterators$ArrayItr <init> ([Ljava/lang/Object;III)V 14 4 com/google/common/collect/AbstractIndexedListIterator <init> (II)V 15 1 com/google/common/collect/UnmodifiableListIterator <init> ()V 16 1 com/google/common/collect/UnmodifiableIterator <init> ()V 15 6 com/google/common/base/Preconditions checkPositionIndex (II)I 16 4 com/google/common/base/Preconditions checkPositionIndex (IILjava/lang/String;)I 8 8 com/google/common/base/Joiner appendTo (Ljava/lang/StringBuilder;Ljava/util/Iterator;)Ljava/lang/StringBuilder; 9 3 com/google/common/base/Joiner appendTo (Ljava/lang/Appendable;Ljava/util/Iterator;)Ljava/lang/Appendable; 10 1 com/google/common/base/Preconditions checkNotNull (Ljava/lang/Object;)Ljava/lang/Object; 10 22 com/google/common/base/Joiner toString (Ljava/lang/Object;)Ljava/lang/CharSequence; 11 1 java/util/Objects requireNonNull (Ljava/lang/Object;)Ljava/lang/Object; 11 20 net/minecraft/server/packs/linkfs/LinkFSPath toString ()Ljava/lang/String; 10 25 java/lang/StringBuilder append (Ljava/lang/CharSequence;)Ljava/lang/Appendable; 11 2 java/lang/StringBuilder append (Ljava/lang/CharSequence;)Ljava/lang/StringBuilder; 10 45 java/lang/StringBuilder append (Ljava/lang/CharSequence;)Ljava/lang/Appendable; 11 2 java/lang/StringBuilder append (Ljava/lang/CharSequence;)Ljava/lang/StringBuilder; 10 59 com/google/common/base/Joiner toString (Ljava/lang/Object;)Ljava/lang/CharSequence; 11 1 java/util/Objects requireNonNull (Ljava/lang/Object;)Ljava/lang/Object; 11 20 net/minecraft/server/packs/linkfs/LinkFSPath toString ()Ljava/lang/String; 10 62 java/lang/StringBuilder append (Ljava/lang/CharSequence;)Ljava/lang/Appendable; 11 2 java/lang/StringBuilder append (Ljava/lang/CharSequence;)Ljava/lang/StringBuilder; 7 47 java/lang/StringBuilder toString ()Ljava/lang/String; 8 1 java/lang/AbstractStringBuilder isLatin1 ()Z 8 16 java/lang/StringLatin1 newString ([BII)Ljava/lang/String; 9 16 java/util/Arrays copyOfRange ([BII)[B 9 20 java/lang/String <init> ([BB)V 10 1 java/lang/Object <init> ()V 4 62 java/lang/StringBuilder append (Ljava/lang/CharSequence;)Ljava/lang/Appendable; 5 2 java/lang/StringBuilder append (Ljava/lang/CharSequence;)Ljava/lang/StringBuilder; 1 47 java/lang/StringBuilder toString ()Ljava/lang/String; 2 1 java/lang/AbstractStringBuilder isLatin1 ()Z 2 16 java/lang/StringLatin1 newString ([BII)Ljava/lang/String; 3 16 java/util/Arrays copyOfRange ([BII)[B 3 20 java/lang/String <init> ([BB)V 4 1 java/lang/Object <init> ()V
